{"poles": {"dims": ["k"], "edges": [{"__dtype__": "<f8", "__shape__": [94], "__data__": [0.0, 0.005, 0.01, 0.015, 0.02, 0.025, 0.03, 0.035, 0.04, 0.045, 0.05, 0.055, 0.06, 0.065, 0.07, 0.075, 0.08, 0.085, 0.09, 0.095, 0.1, 0.105, 0.11, 0.115, 0.12, 0.125, 0.13, 0.135, 0.14, 0.145, 0.15, 0.155, 0.16, 0.165, 0.17, 0.17500000000000002, 0.18, 0.185, 0.19, 0.195, 0.2, 0.20500000000000002, 0.21, 0.215, 0.22, 0.225, 0.23, 0.23500000000000001, 0.24, 0.245, 0.25, 0.255, 0.26, 0.265, 0.27, 0.275, 0.28, 0.28500000000000003, 0.29, 0.295, 0.3, 0.305, 0.31, 0.315, 0.32, 0.325, 0.33, 0.335, 0.34, 0.34500000000000003, 0.35000000000000003, 0.355, 0.36, 0.365, 0.37, 0.375, 0.38, 0.385, 0.39, 0.395, 0.4, 0.405, 0.41000000000000003, 0.41500000000000004, 0.42, 0.425, 0.43, 0.435, 0.44, 0.445, 0.45, 0.455, 0.46, 0.465]}], "coords": [{"__dtype__": "<f8", "__shape__": [93], "__data__": [0.0025, 0.0075, 0.0125, 0.0175, 0.0225, 0.0275, 0.0325, 0.037500000000000006, 0.042499999999999996, 0.0475, 0.052500000000000005, 0.057499999999999996, 0.0625, 0.0675, 0.07250000000000001, 0.0775, 0.0825, 0.0875, 0.0925, 0.0975, 0.10250000000000001, 0.1075, 0.1125, 0.1175, 0.1225, 0.1275, 0.1325, 0.1375, 0.14250000000000002, 0.1475, 0.1525, 0.1575, 0.1625, 0.1675, 0.17250000000000001, 0.1775, 0.1825, 0.1875, 0.1925, 0.1975, 0.2025, 0.20750000000000002, 0.2125, 0.2175, 0.2225, 0.2275, 0.2325, 0.2375, 0.2425, 0.2475, 0.2525, 0.2575, 0.2625, 0.2675, 0.2725, 0.2775, 0.28250000000000003, 0.2875, 0.2925, 0.2975, 0.3025, 0.3075, 0.3125, 0.3175, 0.3225, 0.3275, 0.3325, 0.3375, 0.3425, 0.34750000000000003, 0.35250000000000004, 0.3575, 0.3625, 0.3675, 0.3725, 0.3775, 0.3825, 0.3875, 0.3925, 0.3975, 0.4025, 0.40750000000000003, 0.41250000000000003, 0.4175, 0.4225, 0.4275, 0.4325, 0.4375, 0.4425, 0.4475, 0.4525, 0.4575, 0.4625]}], "data": {"__dtype__": [["k", "<f8"], ["power_2", "<c8"], ["modes", "<i8"]], "__shape__": [93], "__data__": [[0.0037081367915242675, {"__complex__": [-224.4103546142578, -1.8285128185885346e-12]}, 191], [0.008018577791264523, {"__complex__": [24772.4921875, 4.2179465215702594e-13]}, 1380], [0.012844085612331841, {"__complex__": [7814.38818359375, 0.0]}, 3770], [0.01775141230162106, {"__complex__": [10158.2041015625, 0.0]}, 7256], [0.022691010615224643, {"__complex__": [2739.37451171875, 1.1631838612961853e-13]}, 12010], [0.027661296094027222, {"__complex__": [7231.728515625, -7.79392894082083e-14]}, 17924], [0.03263163473973046, {"__complex__": [21120.1328125, -9.346874741745538e-15]}, 24910], [0.03760885918999335, {"__complex__": [3081.620849609375, -6.128965743127171e-14]}, 33240], [0.04258994605322728, {"__complex__": [4269.1142578125, 7.076649243811448e-14]}, 42566], [0.047583805693835864, {"__complex__": [-4903.5380859375, -8.707530037993256e-15]}, 53478], [0.052589415944125126, {"__complex__": [2582.879638671875, -9.811582427597665e-15]}, 65258], [0.057576993125266096, {"__complex__": [2752.712890625, -8.605287232029031e-15]}, 77788], [0.0625679362273907, {"__complex__": [6388.6787109375, -2.0150210777833584e-14]}, 92438], [0.06756372941029527, {"__complex__": [6101.8349609375, 8.670563826109184e-15]}, 107412], [0.07255867544245412, {"__complex__": [4098.18994140625, 1.874009065603536e-14]}, 124242], [0.07755343255815964, {"__complex__": [962.0267944335938, -2.0558197749405774e-14]}, 141568], [0.08254944316463679, {"__complex__": [5773.53759765625, 0.0]}, 160886], [0.0875469705282893, {"__complex__": [4438.02734375, 2.83713346869649e-14]}, 180544], [0.09254207143002044, {"__complex__": [5059.29541015625, -9.220832851062309e-15]}, 202004], [0.09754200795670145, {"__complex__": [3213.49853515625, -2.0220174005210895e-14]}, 224538], [0.10254171329034444, {"__complex__": [370.9328918457031, 1.8773789014808924e-14]}, 248038], [0.10754099109209159, {"__complex__": [-1361.3035888671875, 1.482516705426408e-14]}, 272876], [0.11253870054955198, {"__complex__": [2527.2265625, 1.2476105828236779e-14]}, 298594], [0.11753608765430268, {"__complex__": [3276.47216796875, 5.715107901494267e-15]}, 325916], [0.12253572907412832, {"__complex__": [1704.299072265625, -5.913843430260281e-15]}, 354334], [0.1275331697481456, {"__complex__": [2278.7099609375, -1.5788257067819375e-14]}, 383424], [0.13252928315027618, {"__complex__": [1542.68212890625, 7.0260074308840705e-15]}, 414230], [0.13752809598823948, {"__complex__": [682.197021484375, 1.1475399928526867e-14]}, 446370], [0.1425292748907053, {"__complex__": [569.7826538085938, -2.913065525494865e-15]}, 479558], [0.14752984329410787, {"__complex__": [604.5314331054688, 8.161032850754254e-15]}, 513532], [0.15252898535896237, {"__complex__": [435.1246643066406, -2.9690753673738187e-15]}, 548930], [0.15752847498756622, {"__complex__": [-1435.1280517578125, -3.976286321299966e-16]}, 585548], [0.16252705956276423, {"__complex__": [-297.4570007324219, -1.0836388108722856e-14]}, 623094], [0.16752723347134682, {"__complex__": [-685.8176879882812, -1.0541365262644762e-15]}, 662620], [0.17252557298757182, {"__complex__": [-409.1817932128906, -7.963719913823154e-15]}, 701674], [0.1775232051718564, {"__complex__": [1124.4163818359375, 8.765223993129588e-15]}, 743764], [0.1825215844754662, {"__complex__": [934.0751342773438, 2.3709237816706445e-15]}, 785620], [0.18752064712987349, {"__complex__": [-186.88002014160156, 0.0]}, 830100], [0.19252067437217257, {"__complex__": [-1930.8040771484375, 1.3313463753409304e-15]}, 874418], [0.19751987908784707, {"__complex__": [687.6099243164062, 3.2875612378490933e-15]}, 920682], [0.20251936794243589, {"__complex__": [604.4371948242188, 3.849561880879928e-15]}, 967718], [0.20751955964231095, {"__complex__": [288.4349365234375, 2.748431754943546e-15]}, 1016568], [0.2125192859071403, {"__complex__": [1644.0142822265625, 3.4963559181384624e-15]}, 1065478], [0.21751870204394746, {"__complex__": [248.65573120117188, -2.0849883285671686e-15]}, 1116700], [0.22251763655620238, {"__complex__": [1074.5035400390625, 3.189662863871336e-15]}, 1167926], [0.2275173612096972, {"__complex__": [1093.9520263671875, 3.0484343077185477e-15]}, 1222034], [0.23251753944930767, {"__complex__": [-799.5881958007812, 7.301203776765783e-16]}, 1275574], [0.237518608068736, {"__complex__": [150.23460388183594, 2.7962859400898618e-15]}, 1332228], [0.24251933382685822, {"__complex__": [-64.71441650390625, 4.027126244645794e-15]}, 1387574], [0.2475188275283454, {"__complex__": [527.8651733398438, 1.932199254992017e-15]}, 1446004], [0.2525176353551358, {"__complex__": [67.3172836303711, 1.2384592600373661e-15]}, 1504002], [0.25751592740199597, {"__complex__": [-893.7064208984375, -5.802955382519905e-15]}, 1564788], [0.2625152321376914, {"__complex__": [-412.4070129394531, 5.727289505825205e-16]}, 1626114], [0.2675142035428968, {"__complex__": [-302.6320495605469, 1.1031464878673205e-15]}, 1688484], [0.27251407722071946, {"__complex__": [-736.6377563476562, 0.0]}, 1752920], [0.277514999580621, {"__complex__": [259.2130126953125, 1.0246181692064927e-15]}, 1817892], [0.28251513318998955, {"__complex__": [227.55320739746094, -4.945042402937241e-16]}, 1883346], [0.2875150555774266, {"__complex__": [392.78924560546875, 7.159980620448033e-16]}, 1951100], [0.2925143032383768, {"__complex__": [638.2647094726562, -4.61392028319659e-16]}, 2018506], [0.2975129983065177, {"__complex__": [-379.449951171875, 0.0]}, 2088638], [0.30251265006104155, {"__complex__": [-15.655062675476074, 1.9404781550184805e-15]}, 2159752], [0.3075131135075962, {"__complex__": [-871.1378173828125, 4.1724985918556684e-16]}, 2232050], [0.31251255553945134, {"__complex__": [612.567626953125, -1.313687220698336e-15]}, 2304048], [0.3175120364779517, {"__complex__": [-366.8240966796875, -5.870785357419556e-16]}, 2379552], [0.3225126598898453, {"__complex__": [336.7580871582031, -1.8968057715327592e-15]}, 2454976], [0.3275133985704822, {"__complex__": [995.0574951171875, -7.356458912288733e-16]}, 2531986], [0.33251410375899365, {"__complex__": [399.4578857421875, -7.137895295139562e-16]}, 