{"poles": {"dims": ["k"], "edges": [{"__dtype__": "<f8", "__shape__": [94], "__data__": [0.0, 0.005, 0.01, 0.015, 0.02, 0.025, 0.03, 0.035, 0.04, 0.045, 0.05, 0.055, 0.06, 0.065, 0.07, 0.075, 0.08, 0.085, 0.09, 0.095, 0.1, 0.105, 0.11, 0.115, 0.12, 0.125, 0.13, 0.135, 0.14, 0.145, 0.15, 0.155, 0.16, 0.165, 0.17, 0.17500000000000002, 0.18, 0.185, 0.19, 0.195, 0.2, 0.20500000000000002, 0.21, 0.215, 0.22, 0.225, 0.23, 0.23500000000000001, 0.24, 0.245, 0.25, 0.255, 0.26, 0.265, 0.27, 0.275, 0.28, 0.28500000000000003, 0.29, 0.295, 0.3, 0.305, 0.31, 0.315, 0.32, 0.325, 0.33, 0.335, 0.34, 0.34500000000000003, 0.35000000000000003, 0.355, 0.36, 0.365, 0.37, 0.375, 0.38, 0.385, 0.39, 0.395, 0.4, 0.405, 0.41000000000000003, 0.41500000000000004, 0.42, 0.425, 0.43, 0.435, 0.44, 0.445, 0.45, 0.455, 0.46, 0.465]}], "coords": [{"__dtype__": "<f8", "__shape__": [93], "__data__": [0.0025, 0.0075, 0.0125, 0.0175, 0.0225, 0.0275, 0.0325, 0.037500000000000006, 0.042499999999999996, 0.0475, 0.052500000000000005, 0.057499999999999996, 0.0625, 0.0675, 0.07250000000000001, 0.0775, 0.0825, 0.0875, 0.0925, 0.0975, 0.10250000000000001, 0.1075, 0.1125, 0.1175, 0.1225, 0.1275, 0.1325, 0.1375, 0.14250000000000002, 0.1475, 0.1525, 0.1575, 0.1625, 0.1675, 0.17250000000000001, 0.1775, 0.1825, 0.1875, 0.1925, 0.1975, 0.2025, 0.20750000000000002, 0.2125, 0.2175, 0.2225, 0.2275, 0.2325, 0.2375, 0.2425, 0.2475, 0.2525, 0.2575, 0.2625, 0.2675, 0.2725, 0.2775, 0.28250000000000003, 0.2875, 0.2925, 0.2975, 0.3025, 0.3075, 0.3125, 0.3175, 0.3225, 0.3275, 0.3325, 0.3375, 0.3425, 0.34750000000000003, 0.35250000000000004, 0.3575, 0.3625, 0.3675, 0.3725, 0.3775, 0.3825, 0.3875, 0.3925, 0.3975, 0.4025, 0.40750000000000003, 0.41250000000000003, 0.4175, 0.4225, 0.4275, 0.4325, 0.4375, 0.4425, 0.4475, 0.4525, 0.4575, 0.4625]}], "data": {"__dtype__": [["k", "<f8"], ["power_2", "<c8"], ["modes", "<i8"]], "__shape__": [93], "__data__": [[0.0037081367915242675, {"__complex__": [54317.8984375, 0.0]}, 191], [0.008018577791264523, {"__complex__": [3627.98681640625, 8.435893043140519e-13]}, 1380], [0.012844085612331841, {"__complex__": [26858.57421875, 9.263818417882749e-14]}, 3770], [0.01775141230162106, {"__complex__": [24561.654296875, 2.567041360295591e-13]}, 7256], [0.022691010615224643, {"__complex__": [10648.939453125, -1.5509119054117615e-13]}, 12010], [0.027661296094027222, {"__complex__": [18672.228515625, 7.144434918887957e-14]}, 17924], [0.03263163473973046, {"__complex__": [5096.51708984375, -1.8693748805864718e-13]}, 24910], [0.03760885918999335, {"__complex__": [6173.17529296875, 4.5529457482797187e-14]}, 33240], [0.04258994605322728, {"__complex__": [10721.828125, 7.657822943471504e-14]}, 42566], [0.047583805693835864, {"__complex__": [10877.3369140625, -4.353765018996628e-15]}, 53478], [0.052589415944125126, {"__complex__": [8037.2109375, 1.4271393854008163e-14]}, 65258], [0.057576993125266096, {"__complex__": [3517.744873046875, -1.1972573540214304e-14]}, 77788], [0.0625679362273907, {"__complex__": [3354.890625, 1.5112658506891662e-14]}, 92438], [0.06756372941029527, {"__complex__": [5453.4921875, -8.128653322279564e-15]}, 107412], [0.07255867544245412, {"__complex__": [10648.509765625, -1.1244054901840984e-14]}, 124242], [0.07755343255815964, {"__complex__": [-1244.545654296875, -2.631449474554265e-14]}, 141568], [0.08254944316463679, {"__complex__": [1424.588134765625, 1.1577422505924806e-14]}, 160886], [0.0875469705282893, {"__complex__": [2324.041015625, 5.158424296031585e-15]}, 180544], [0.09254207143002044, {"__complex__": [3962.514404296875, -4.6104164255311546e-15]}, 202004], [0.09754200795670145, {"__complex__": [3146.379150390625, 4.147728066225282e-15]}, 224538], [0.10254171329034444, {"__complex__": [3276.8037109375, -9.386894295646225e-16]}, 248038], [0.10754099109209159, {"__complex__": [4263.55810546875, -7.679223569697063e-15]}, 272876], [0.11253870054955198, {"__complex__": [1760.1983642578125, -6.2380529141183895e-15]}, 298594], [0.11753608765430268, {"__complex__": [-64.79684448242188, 2.8575539507471335e-15]}, 325916], [0.12253572907412832, {"__complex__": [3313.342041015625, -1.5113154868198753e-14]}, 354334], [0.1275331697481456, {"__complex__": [3250.85009765625, -1.214481345487373e-15]}, 383424], [0.13252928315027618, {"__complex__": [351.8623352050781, 1.2365773010593328e-14]}, 414230], [0.13752809598823948, {"__complex__": [1592.9818115234375, -4.1728726627809996e-15]}, 446370], [0.1425292748907053, {"__complex__": [83.58625030517578, -3.8840873673264865e-15]}, 479558], [0.14752984329410787, {"__complex__": [491.6995849609375, 4.533907433416581e-16]}, 513532], [0.15252898535896237, {"__complex__": [714.1959838867188, 3.393229021535541e-15]}, 548930], [0.15752847498756622, {"__complex__": [-359.3605041503906, -3.97628605660217e-15]}, 585548], [0.16252705956276423, {"__complex__": [-140.01791381835938, -3.736685846812346e-15]}, 623094], [0.16752723347134682, {"__complex__": [1224.9598388671875, 5.622061332238382e-15]}, 662620], [0.17252557298757182, {"__complex__": [-728.099365234375, -2.6545735163659547e-15]}, 701674], [0.1775232051718564, {"__complex__": [-707.0558471679688, -1.2521748410357814e-15]}, 743764], [0.1825215844754662, {"__complex__": [564.6917724609375, 3.556385566626848e-15]}, 785620], [0.18752064712987349, {"__complex__": [797.9313354492188, 4.487760972571048e-15]}, 830100], [0.19252067437217257, {"__complex__": [156.78993225097656, 2.6626927506818608e-15]}, 874418], [0.19751987908784707, {"__complex__": [1339.13671875, 7.08090109509678e-15]}, 920682], [0.20251936794243589, {"__complex__": [755.3526000976562, -4.811952245220791e-15]}, 967718], [0.20751955964231095, {"__complex__": [1634.11767578125, 4.580719768037774e-16]}, 1016568], [0.2125192859071403, {"__complex__": [1646.209716796875, -1.7481779590692312e-15]}, 1065478], [0.21751870204394746, {"__complex__": [-1364.7197265625, -5.003972073264499e-15]}, 1116700], [0.22251763655620238, {"__complex__": [-18.98710060119629, -7.974157053799221e-15]}, 1167926], [0.2275173612096972, {"__complex__": [1204.625, 1.524217153859274e-14]}, 1222034], [0.23251753944930767, {"__complex__": [2072.6298828125, -1.4602407553531566e-15]}, 1275574], [0.237518608068736, {"__complex__": [937.237548828125, 4.893500342217699e-15]}, 1332228], [0.24251933382685822, {"__complex__": [361.0572204589844, -4.027126244645794e-15]}, 1387574], [0.2475188275283454, {"__complex__": [1125.05029296875, 1.2881327660752657e-15]}, 1446004], [0.2525176353551358, {"__complex__": [310.6468811035156, 6.192296300186831e-16]}, 1504002], [0.25751592740199597, {"__complex__": [572.1381225585938, -1.1903498003365716e-15]}, 1564788], [0.2625152321376914, {"__complex__": [160.29417419433594, -2.8636447529126023e-15]}, 1626114], [0.2675142035428968, {"__complex__": [85.27704620361328, 8.273598659004904e-16]}, 1688484], [0.27251407722071946, {"__complex__": [-7.930872917175293, -3.1877868976514043e-15]}, 1752920], [0.277514999580621, {"__complex__": [44.07557678222656, 1.0246181692064927e-15]}, 1817892], [0.28251513318998955, {"__complex__": [-407.0885009765625, -5.563172637129948e-16]}, 1883346], [0.2875150555774266, {"__complex__": [-358.8199462890625, -1.909328306624967e-15]}, 1951100], [0.2925143032383768, {"__complex__": [184.68280029296875, 0.0]}, 2018506], [0.2975129983065177, {"__complex__": [234.6103515625, 4.458994886649345e-15]}, 2088638], [0.30251265006104155, {"__complex__": [-183.09251403808594, 3.018521550944499e-15]}, 2159752], [0.3075131135075962, {"__complex__": [-595.90625, 1.6689994367422674e-15]}, 2232050], [0.31251255553945134, {"__complex__": [358.8116149902344, -8.084229091174036e-16]}, 2304048], [0.3175120364779517, {"__complex__": [-26.100921630859375, 3.1310854533710174e-15]}, 2379552], [0.3225126598898453, {"__complex__": [425.9313659667969, -4.552334105788506e-15]}, 2454976], [0.3275133985704822, {"__complex__": [455.6780090332031, 4.046052348819244e-15]}, 2531986], [0.33251410375899365, {"__complex__": [-816.140625, 