{"edges": {"__dtype__": "<f8", "__shape__": [128], "__data__": [0.0, 0.005, 0.01, 0.015, 0.02, 0.025, 0.03, 0.035, 0.04, 0.045, 0.05, 0.055, 0.06, 0.065, 0.07, 0.075, 0.08, 0.085, 0.09, 0.095, 0.1, 0.105, 0.11, 0.115, 0.12, 0.125, 0.13, 0.135, 0.14, 0.145, 0.15, 0.155, 0.16, 0.165, 0.17, 0.17500000000000002, 0.18, 0.185, 0.19, 0.195, 0.2, 0.20500000000000002, 0.21, 0.215, 0.22, 0.225, 0.23, 0.23500000000000001, 0.24, 0.245, 0.25, 0.255, 0.26, 0.265, 0.27, 0.275, 0.28, 0.28500000000000003, 0.29, 0.295, 0.3, 0.305, 0.31, 0.315, 0.32, 0.325, 0.33, 0.335, 0.34, 0.34500000000000003, 0.35000000000000003, 0.355, 0.36, 0.365, 0.37, 0.375, 0.38, 0.385, 0.39, 0.395, 0.4, 0.405, 0.41000000000000003, 0.41500000000000004, 0.42, 0.425, 0.43, 0.435, 0.44, 0.445, 0.45, 0.455, 0.46, 0.465, 0.47000000000000003, 0.47500000000000003, 0.48, 0.485, 0.49, 0.495, 0.5, 0.505, 0.51, 0.515, 0.52, 0.525, 0.53, 0.535, 0.54, 0.545, 0.55, 0.555, 0.56, 0.5650000000000001, 0.5700000000000001, 0.5750000000000001, 0.58, 0.585, 0.59, 0.595, 0.6, 0.605, 0.61, 0.615, 0.62, 0.625, 0.63, 0.635]}, "poles": {"__dtype__": [["k", "<f8"], ["power_2", "<c8"], ["modes", "<i8"]], "__shape__": [127], "__data__": [[0.0037537781648676505, {"__complex__": [-54509.65625, -4.535661776716715e-12]}, 77], [0.008050398333474014, {"__complex__": [52971.515625, 8.497468679223574e-13]}, 548], [0.012848609532355457, {"__complex__": [13058.9443359375, -1.356867743163015e-12]}, 1480], [0.017751579213119567, {"__complex__": [8198.0634765625, 1.621383284794789e-13]}, 2872], [0.022691827324042853, {"__complex__": [874.728759765625, 1.4748562072140758e-13]}, 4736], [0.027648005536595924, {"__complex__": [3890.361083984375, -1.8200234884729188e-13]}, 7036], [0.032612636555868525, {"__complex__": [11287.900390625, 4.7332922764641364e-14]}, 9838], [0.03761114292794433, {"__complex__": [2873.5498046875, 5.2884004006449256e-14]}, 13208], [0.04261303922036164, {"__complex__": [4446.51123046875, -2.0716926980336725e-13]}, 16858], [0.04760505554480107, {"__complex__": [4318.8076171875, -1.1045097026926316e-14]}, 21080], [0.05259133615803475, {"__complex__": [3213.761474609375, -5.4518570918610926e-14]}, 25624], [0.05756841184374016, {"__complex__": [12371.4296875, -3.0308597293157366e-14]}, 30728], [0.06256248327880025, {"__complex__": [5191.36962890625, -1.913781328235272e-14]}, 36498], [0.06756661487904435, {"__complex__": [7817.75244140625, -1.0949522064322877e-14]}, 42528], [0.07257304507008182, {"__complex__": [3236.353759765625, 8.526512829121202e-14]}, 49152], [0.07756473030387098, {"__complex__": [1004.971435546875, 8.353567674829893e-15]}, 55744], [0.08254764044823601, {"__complex__": [887.05517578125, -4.410645907206891e-14]}, 63346], [0.08754405971893497, {"__complex__": [3567.14697265625, -3.261481389864665e-14]}, 71388], [0.09254365223263855, {"__complex__": [5766.81396484375, -1.4595336522487887e-14]}, 79762], [0.09754150838846357, {"__complex__": [1527.232666015625, 5.257907045137181e-15]}, 88564], [0.10254123052801507, {"__complex__": [3819.521728515625, 2.3761137642967084e-14]}, 97988], [0.10754181638082774, {"__complex__": [2287.68798828125, -2.1616837738092564e-15]}, 107708], [0.11254085353408888, {"__complex__": [2149.32080078125, -1.9739440455996717e-14]}, 117952], [0.11753281793039293, {"__complex__": [2944.8349609375, 3.629811634099124e-14]}, 128288], [0.12252442444514552, {"__complex__": [1951.1766357421875, 5.830344616385846e-15]}, 139770], [0.12753052839909865, {"__complex__": [329.1115417480469, -6.129299812921568e-15]}, 151946], [0.13253665927256145, {"__complex__": [2996.438720703125, 2.846653483748918e-15]}, 163582], [0.13753197887556465, {"__complex__": [1999.1864013671875, -1.0586820015209743e-14]}, 175940], [0.1425260716253757, {"__complex__": [1469.8780517578125, 5.5417100927959446e-15]}, 189064], [0.14752506711896965, {"__complex__": [1362.3468017578125, -1.83671081680414e-14]}, 202824], [0.1525272624752809, {"__complex__": [0.9457332491874695, 1.1276079523510774e-14]}, 216806], [0.15752484634575162, {"__complex__": [-1519.6697998046875, 4.0338648152576755e-15]}, 230876], [0.16252366735405163, {"__complex__": [1345.468994140625, -1.1346891477901234e-14]}, 246232], [0.1675242007800524, {"__complex__": [48.54396057128906, -1.425511896295962e-14]}, 261330], [0.17252326579974073, {"__complex__": [2004.5828857421875, 2.0152680725907778e-14]}, 277280], [0.17752110470595878, {"__complex__": [1421.998291015625, -1.7859981072190778e-14]}, 293320], [0.1825207522633753, {"__complex__": [1370.3663330078125, 9.370981299424395e-15]}, 310574], [0.18752231962759572, {"__complex__": [447.7392883300781, -4.264818089205454e-15]}, 327560], [0.19252167162300435, {"__complex__": [-1064.576904296875, 9.440866599770559e-15]}, 345268], [0.19752225984779248, {"__complex__": [-236.3267059326172, 0.0]}, 363544], [0.20251992290984697, {"__complex__": [108.87248229980469, 2.4401890538994176e-15]}, 381660], [0.20751551078768798, {"__complex__": [-179.54571533203125, -2.3233461527816072e-15]}, 400854], [0.21251512379553542, {"__complex__": [969.8585205078125, 8.295431568495094e-15]}, 421010], [0.21751870975885984, {"__complex__": [637.169677734375, -4.222153463168728e-15]}, 441160], [0.2225209082741387, {"__complex__": [40.92361068725586, -1.0094631192416898e-14]}, 461296], [0.22752039891934017, {"__complex__": [-637.8812866210938, -1.9314352312735936e-15]}, 482192], [0.23252118259031918, {"__complex__": [-294.851318359375, 3.696751207964621e-15]}, 503860], [0.23751936566507853, {"__complex__": [-368.9690856933594, -5.321600111122442e-15]}, 525024], [0.24251707186595864, {"__complex__": [-131.68421936035156, -8.498182456947567e-15]}, 547954], [0.24751627666670906, {"__complex__": [236.89088439941406, 4.0808533327318973e-16]}, 570544], [0.2525167544702008, {"__complex__": [188.59835815429688, 7.834483014862881e-16]}, 594374], [0.25751857595461863, {"__complex__": [582.3167114257812, 1.8840479730394518e-15]}, 617900], [0.2625190906945416, {"__complex__": [687.3978271484375, -3.626046826758463e-15]}, 642106], [0.2675172479110602, {"__complex__": [471.5503234863281, 1.3981470993305488e-15]}, 666112], [0.272514629608296, {"__complex__": [508.8798828125, -2.0193873208682175e-15]}, 691786], [0.27751615229387816, {"__complex__": [-174.99205017089844, 2.594227712830006e-15]}, 717996], [0.28251644607381426, {"__complex__": [-178.01199340820312, 1.002564798215956e-14]}, 743152], [0.2875152531419474, {"__complex__": [-286.75799560546875, -1.0278270476480472e-14]}, 770192], [0.2925134012698469, {"__complex__": [-48.10203170776367, -2.3387430941803223e-15]}, 796430], [0.2975118362281548, {"__complex__": [582.862548828125, 2.82280548287721e-15]}, 824820], [0.3025125080826814, {"__complex__": [1003.9912109375, 1.6385715780571695e-15]}, 852562], [0.30751063191170563, {"__complex__": [703.2491455078125, -8.46299162612094e-15]}, 880372], [0.3125111278203564, {"__complex__": [-61.73097229003906, 2.55674671667224e-16]}, 910652], [0.31751269361539736, {"__complex__": [402.1572570800781, -9.91828041510621e-16]}, 938996], [0.3225130904459611, {"__complex__": [-711.7694091796875, -3.8430727614710124e-15]}, 969352], [0.32751158760760724, {"__complex__": [-412.3312072753906, -1.1660842122218672e-15]}, 998344], [0.3325089848249692, {"__complex__": [292.3202209472656, -1.3563976923933315e-15]}, 1029922], [0.33751027924368393, {"__complex__": [137.49017333984375, 8.770192900156419e-16]}, 1061918], [0.34251253316973607, {"__complex__": [206.808837890625, -3.4074689159283066e-15]}, 1093272], [0.34751415893089227, {"__complex__": [-311.8701477050781, -6.620008022122613e-15]}, 1125464], [0.352514235068077, {"__complex__": [-20.8103084564209, 3.8222382920673984e-15]}, 1157380], [0.357512374484406, {"__complex__": [1056.146240234375, -3.3256713677284324e-15]}, 1190172], [0.3625118834929162, {"__complex__": [710.01416015625, -9.506007245062677e-16]}, 1224650], [0.3675116774700016, {"__complex__": [543.9442138671875, 2.9616003016142995e-15]}, 1257864], 