{"poles": {"dims": ["k"], "edges": [{"__dtype__": "<f8", "__shape__": [86], "__data__": [0.0, 0.005, 0.01, 0.015, 0.02, 0.025, 0.03, 0.035, 0.04, 0.045, 0.05, 0.055, 0.06, 0.065, 0.07, 0.075, 0.08, 0.085, 0.09, 0.095, 0.1, 0.105, 0.11, 0.115, 0.12, 0.125, 0.13, 0.135, 0.14, 0.145, 0.15, 0.155, 0.16, 0.165, 0.17, 0.17500000000000002, 0.18, 0.185, 0.19, 0.195, 0.2, 0.20500000000000002, 0.21, 0.215, 0.22, 0.225, 0.23, 0.23500000000000001, 0.24, 0.245, 0.25, 0.255, 0.26, 0.265, 0.27, 0.275, 0.28, 0.28500000000000003, 0.29, 0.295, 0.3, 0.305, 0.31, 0.315, 0.32, 0.325, 0.33, 0.335, 0.34, 0.34500000000000003, 0.35000000000000003, 0.355, 0.36, 0.365, 0.37, 0.375, 0.38, 0.385, 0.39, 0.395, 0.4, 0.405, 0.41000000000000003, 0.41500000000000004, 0.42, 0.425]}], "coords": [{"__dtype__": "<f8", "__shape__": [85], "__data__": [0.0025, 0.0075, 0.0125, 0.0175, 0.0225, 0.0275, 0.0325, 0.037500000000000006, 0.042499999999999996, 0.0475, 0.052500000000000005, 0.057499999999999996, 0.0625, 0.0675, 0.07250000000000001, 0.0775, 0.0825, 0.0875, 0.0925, 0.0975, 0.10250000000000001, 0.1075, 0.1125, 0.1175, 0.1225, 0.1275, 0.1325, 0.1375, 0.14250000000000002, 0.1475, 0.1525, 0.1575, 0.1625, 0.1675, 0.17250000000000001, 0.1775, 0.1825, 0.1875, 0.1925, 0.1975, 0.2025, 0.20750000000000002, 0.2125, 0.2175, 0.2225, 0.2275, 0.2325, 0.2375, 0.2425, 0.2475, 0.2525, 0.2575, 0.2625, 0.2675, 0.2725, 0.2775, 0.28250000000000003, 0.2875, 0.2925, 0.2975, 0.3025, 0.3075, 0.3125, 0.3175, 0.3225, 0.3275, 0.3325, 0.3375, 0.3425, 0.34750000000000003, 0.35250000000000004, 0.3575, 0.3625, 0.3675, 0.3725, 0.3775, 0.3825, 0.3875, 0.3925, 0.3975, 0.4025, 0.40750000000000003, 0.41250000000000003, 0.4175, 0.4225]}], "data": {"__dtype__": [["k", "<f8"], ["power_2", "<c8"], ["modes", "<i8"]], "__shape__": [85], "__data__": [[0.003785962175218714, {"__complex__": [86409.484375, -1.5661253760859695e-12]}, 223], [0.008055650047333739, {"__complex__": [-1680.9940185546875, 9.214933503753908e-13]}, 1516], [0.012838659412058445, {"__complex__": [-9112.919921875, 1.9731410244843567e-13]}, 4130], [0.017758445021159877, {"__complex__": [-2647.028564453125, 5.778869407741666e-14]}, 8058], [0.022686221993372543, {"__complex__": [14293.6611328125, 0.0]}, 13118], [0.02764503576190599, {"__complex__": [19690.830078125, 5.884316878158533e-14]}, 19784], [0.032626124011193657, {"__complex__": [9727.2900390625, 1.5249804999513394e-13]}, 27482], [0.03761517664423396, {"__complex__": [24563.96875, 1.5819878501806273e-14]}, 36794], [0.042612076216348424, {"__complex__": [13206.7470703125, 9.895054983450734e-15]}, 47060], [0.04758810749327745, {"__complex__": [6421.140625, -2.0907209204992436e-14]}, 58466], [0.05257639262811682, {"__complex__": [8301.4072265625, 1.9420356368502444e-14]}, 71934], [0.057576644294676294, {"__complex__": [6315.32568359375, 3.2451770220695564e-14]}, 86096], [0.06257060468948772, {"__complex__": [8629.96484375, 9.160609655545476e-15]}, 101666], [0.06756431050677218, {"__complex__": [6978.6103515625, 3.929830111093534e-15]}, 118494], [0.07255460479533274, {"__complex__": [2212.7490234375, -1.2784463090487024e-14]}, 136590], [0.07755203808236072, {"__complex__": [4175.44677734375, -3.718483955808798e-15]}, 156536], [0.08254994891496988, {"__complex__": [7123.96875, -1.3162006850901947e-14]}, 176896], [0.0875465852208996, {"__complex__": [5513.77001953125, 0.0]}, 199400], [0.09254606261661012, {"__complex__": [6185.8935546875, 2.0921262752136805e-15]}, 222578], [0.09754095165434574, {"__complex__": [4215.31298828125, 3.203529428492599e-14]}, 247110], [0.10253878096196406, {"__complex__": [5382.2744140625, -6.80985478714014e-15]}, 273522], [0.1075376536617221, {"__complex__": [1225.5592041015625, 1.8593726750881605e-14]}, 300528], [0.11253874421958751, {"__complex__": [468.28521728515625, 1.1294714248350369e-14]}, 329826], [0.11753930483919833, {"__complex__": [1945.8853759765625, 0.0]}, 358884], [0.12253435939470513, {"__complex__": [-1349.7373046875, 7.160127898301737e-15]}, 390212], [0.1275324928771181, {"__complex__": [334.06402587890625, -2.201666481776738e-15]}, 423008], [0.13253098558293935, {"__complex__": [938.3740844726562, 0.0]}, 456548], [0.1375294182229233, {"__complex__": [1221.1553955078125, -7.572035785386767e-15]}, 491980], [0.14252928720123362, {"__complex__": [1626.7379150390625, -5.289001201114413e-15]}, 528260], [0.14752710781464048, {"__complex__": [532.2110595703125, -4.938520143364265e-15]}, 565750], [0.15252590457329984, {"__complex__": [243.81834411621094, -7.695405498879646e-16]}, 605116], [0.15752627544450365, {"__complex__": [1507.5330810546875, -7.936170167213707e-15]}, 645434], [0.1625268432433497, {"__complex__": [-2021.09033203125, -5.4204175158479705e-15]}, 687270], [0.16752762298865234, {"__complex__": [-1148.542236328125, -8.931322071888473e-15]}, 729932], [0.17252411279445126, {"__complex__": [-628.529541015625, -1.2045227791265042e-15]}, 773188], [0.17752203527930777, {"__complex__": [428.5872802734375, 4.542904087986724e-15]}, 820024], [0.18252363779831107, {"__complex__": [344.1082458496094, -1.0745591258974879e-15]}, 866702], [0.18752234050808908, {"__complex__": [-137.43724060058594, 3.056596528956527e-15]}, 914078], [0.19252201016210274, {"__complex__": [283.14825439453125, 1.448525336780564e-15]}, 964418], [0.19752271477956754, {"__complex__": [549.35986328125, 2.2943274392833854e-15]}, 1014810], [0.20252178570627094, {"__complex__": [-78.56381225585938, 8.733070622451815e-16]}, 1066432], [0.20751974798690762, {"__complex__": [248.1174774169922, -4.26339083868933e-15]}, 1119538], [0.2125197454352182, {"__complex__": [88.27984619140625, -2.773005451292814e-15]}, 1175486], [0.2175192296548309, {"__complex__": [273.1460266113281, -3.408230822064362e-15]}, 1229656], [0.22251681667262319, {"__complex__": [-50.081214904785156, -7.232214002003104e-16]}, 1287742], [0.22751746426403283, {"__complex__": [-313.7257995605469, 1.3829024121041027e-15]}, 1346910], [0.23251730364615478, {"__complex__": [-647.4344482421875, -6.625630944463842e-16]}, 1405636], [0.23751678657474465, {"__complex__": [-624.7957763671875, -1.2689856921817007e-15]}, 1467822], [0.2425174971485461, {"__complex__": [-782.0948486328125, 7.610187631638759e-16]}, 1529730], [0.24751707342858845, {"__complex__": [-33.27429962158203, 1.4611805384081352e-15]}, 1593442], [0.2525171832510974, {"__complex__": [-229.50357055664062, -1.6843144277033355e-15]}, 1658816], [0.2575157181508458, {"__complex__": [-209.1417694091797, -3.2420366050659637e-15]}, 1723588], [0.2625146768272274, {"__complex__": [-317.86444091796875, -2.5968579618894675e-16]}, 1793172], [0.2675153728644548, {"__complex__": [-291.8519592285156, 5.003537968879031e-16]}, 1861328], [0.2725140790996068, {"__complex__": [47.966651916503906, 3.858605228141288e-15]}, 1930900], [0.2775148647609448, {"__complex__": [-1480.41748046875, 2.3229287772968477e-15]}, 2004630], [0.28251520974118804, {"__complex__": [-5.967705726623535, -2.0198290485502106e-15]}, 2074904], [0.28751406015515885, {"__complex__": [-460.1340026855469, 2.1653285565812917e-15]}, 2150534], [0.29251361364437867, {"__complex__": [589.9403686523438, 1.2558467288621288e-15]}, 2224768], [0.2975131524186939, {"__complex__": [-688.6156005859375, 4.0441225430676026e-16]}, 2302904], [0.3025147259314174, {"__complex__": [-924.2117309570312, -3.1286714094713427e-15]}, 2381388], [0.3075149652713783, {"__complex__": [-1419.203857421875, -4.923705113600314e-15]}, 2458960], [0.31251335064096714, {"__complex__": [-607.042724609375, 0.0]}, 2539672], [0.31751349612987984, {"__complex__": [-330.00213623046875, 7.100909072102111e-16]}, 2623108], [0.32251268944270295, {"__complex__": [-502.103515625, 2.066518139877578e-15]}, 2704034], [0.32751171630842707, {"__complex__": [-239.81541442871094, -1.334984487728506e-15]}, 2790512], [0.33251237563902225, {"__complex__": [-226.96177673339844, 3.885705200255742e-15]}, 2876150], [0.3375123279265873, {"__complex__": [43.521156311035156, 