{"edges": {"__dtype__": "<f8", "__shape__": [128], "__data__": [0.0, 0.005, 0.01, 0.015, 0.02, 0.025, 0.03, 0.035, 0.04, 0.045, 0.05, 0.055, 0.06, 0.065, 0.07, 0.075, 0.08, 0.085, 0.09, 0.095, 0.1, 0.105, 0.11, 0.115, 0.12, 0.125, 0.13, 0.135, 0.14, 0.145, 0.15, 0.155, 0.16, 0.165, 0.17, 0.17500000000000002, 0.18, 0.185, 0.19, 0.195, 0.2, 0.20500000000000002, 0.21, 0.215, 0.22, 0.225, 0.23, 0.23500000000000001, 0.24, 0.245, 0.25, 0.255, 0.26, 0.265, 0.27, 0.275, 0.28, 0.28500000000000003, 0.29, 0.295, 0.3, 0.305, 0.31, 0.315, 0.32, 0.325, 0.33, 0.335, 0.34, 0.34500000000000003, 0.35000000000000003, 0.355, 0.36, 0.365, 0.37, 0.375, 0.38, 0.385, 0.39, 0.395, 0.4, 0.405, 0.41000000000000003, 0.41500000000000004, 0.42, 0.425, 0.43, 0.435, 0.44, 0.445, 0.45, 0.455, 0.46, 0.465, 0.47000000000000003, 0.47500000000000003, 0.48, 0.485, 0.49, 0.495, 0.5, 0.505, 0.51, 0.515, 0.52, 0.525, 0.53, 0.535, 0.54, 0.545, 0.55, 0.555, 0.56, 0.5650000000000001, 0.5700000000000001, 0.5750000000000001, 0.58, 0.585, 0.59, 0.595, 0.6, 0.605, 0.61, 0.615, 0.62, 0.625, 0.63, 0.635]}, "poles": {"__dtype__": [["k", "<f8"], ["power_2", "<c8"], ["modes", "<i8"]], "__shape__": [127], "__data__": [[0.0037537781648676505, {"__complex__": [-94753.34375, 1.5118872950456441e-12]}, 77], [0.008050398333474014, {"__complex__": [-21551.783203125, -2.0181488858544983e-12]}, 548], [0.012848609532355457, {"__complex__": [13407.0029296875, -3.1463601255637963e-13]}, 1480], [0.017751579213119567, {"__complex__": [12443.73046875, -1.621383284794789e-13]}, 2872], [0.022691827324042853, {"__complex__": [5534.0263671875, -2.4580936786901264e-13]}, 4736], [0.027648005536595924, {"__complex__": [12308.236328125, -1.8200234884729188e-13]}, 7036], [0.032612636555868525, {"__complex__": [22926.4375, -1.8933169105856545e-13]}, 9838], [0.03761114292794433, {"__complex__": [6902.5, -1.0576800801289851e-13]}, 13208], [0.04261303922036164, {"__complex__": [6192.771484375, 0.0]}, 16858], [0.04760505554480107, {"__complex__": [6178.27001953125, 4.418038810770526e-14]}, 21080], [0.05259133615803475, {"__complex__": [9166.2783203125, 4.5432143561553034e-14]}, 25624], [0.05756841184374016, {"__complex__": [8403.7763671875, 9.092578849134031e-14]}, 30728], [0.06256248327880025, {"__complex__": [5803.45458984375, 5.741344492925585e-14]}, 36498], [0.06756661487904435, {"__complex__": [173.44650268554688, 8.212141632945452e-14]}, 42528], [0.07257304507008182, {"__complex__": [8070.4150390625, -6.158037269129654e-14]}, 49152], [0.07756473030387098, {"__complex__": [3149.76025390625, -4.176783837414946e-15]}, 55744], [0.08254764044823601, {"__complex__": [9128.0869140625, -3.675538199536879e-14]}, 63346], [0.08754405971893497, {"__complex__": [4641.57470703125, -2.2014999550993078e-14]}, 71388], [0.09254365223263855, {"__complex__": [2032.958251953125, -2.7731138715100627e-14]}, 79762], [0.09754150838846357, {"__complex__": [1923.1849365234375, -2.8918490865836866e-14]}, 88564], [0.10254123052801507, {"__complex__": [3976.611328125, -1.1880568821483542e-14]}, 97988], [0.10754181638082774, {"__complex__": [800.5741577148438, -4.323367547618513e-15]}, 107708], [0.11254085353408888, {"__complex__": [2018.4796142578125, 0.0]}, 117952], [0.11753281793039293, {"__complex__": [597.9624633789062, 0.0]}, 128288], [0.12252442444514552, {"__complex__": [2360.558349609375, -4.1645319293493865e-15]}, 139770], [0.12753052839909865, {"__complex__": [2823.951416015625, 0.0]}, 151946], [0.13253665927256145, {"__complex__": [904.7116088867188, -7.828297133249083e-15]}, 163582], [0.13753197887556465, {"__complex__": [2402.909423828125, 7.94011479964907e-15]}, 175940], [0.1425260716253757, {"__complex__": [2851.559326171875, -1.293065674201838e-14]}, 189064], [0.14752506711896965, {"__complex__": [1245.690185546875, -8.035610141155468e-15]}, 202824], [0.1525272624752809, {"__complex__": [2353.450927734375, 8.591298482905126e-15]}, 216806], [0.15752484634575162, {"__complex__": [1256.0838623046875, 1.5126993692490993e-14]}, 230876], [0.16252366735405163, {"__complex__": [1422.98583984375, -7.564593753912191e-15]}, 246232], [0.1675242007800524, {"__complex__": [1451.44970703125, 8.909449140091525e-15]}, 261330], [0.17252326579974073, {"__complex__": [1150.6455078125, -2.519085090738472e-15]}, 277280], [0.17752110470595878, {"__complex__": [316.3235168457031, 9.52532256087539e-15]}, 293320], [0.1825207522633753, {"__complex__": [-728.120361328125, 1.7242604167925536e-14]}, 310574], [0.18752231962759572, {"__complex__": [109.69730377197266, 2.4167303493702677e-14]}, 327560], [0.19252167162300435, {"__complex__": [-187.49717712402344, 0.0]}, 345268], [0.19752225984779248, {"__complex__": [-873.13134765625, 1.1528044720264616e-14]}, 363544], [0.20251992290984697, {"__complex__": [579.4190673828125, -1.0980851271942971e-14]}, 381660], [0.20751551078768798, {"__complex__": [167.19827270507812, 2.3233461527816072e-15]}, 400854], [0.21251512379553542, {"__complex__": [1300.33837890625, -1.659086292523195e-15]}, 421010], [0.21751870975885984, {"__complex__": [-140.55332946777344, -4.749922328427464e-15]}, 441160], [0.2225209082741387, {"__complex__": [367.072265625, -3.0283892730217747e-15]}, 461296], [0.22752039891934017, {"__complex__": [594.8507690429688, 8.691458434852053e-15]}, 482192], [0.23252118259031918, {"__complex__": [-80.48847198486328, 1.8483756039823105e-15]}, 503860], [0.23751936566507853, {"__complex__": [-123.53919219970703, 6.2085333923901035e-15]}, 525024], [0.24251707186595864, {"__complex__": [-665.8809204101562, 1.6996364066862186e-15]}, 547954], [0.24751627666670906, {"__complex__": [458.75299072265625, -3.264682666185518e-15]}, 570544], [0.2525167544702008, {"__complex__": [826.6207275390625, 4.0151724921776676e-15]}, 594374], [0.25751857595461863, {"__complex__": [1140.685791015625, -7.536191892157807e-15]}, 617900], [0.2625190906945416, {"__complex__": [-638.6406860351562, -2.900837546110065e-15]}, 642106], [0.2675172479110602, {"__complex__": [622.4110107421875, -3.3205993344402737e-15]}, 666112], [0.272514629608296, {"__complex__": [410.96942138671875, -2.692516357238211e-15]}, 691786], [0.27751615229387816, {"__complex__": [471.039794921875, -1.0376910851320024e-14]}, 717996], [0.28251644607381426, {"__complex__": [316.6761474609375, -3.759617993309835e-15]}, 743152], [0.2875152531419474, {"__complex__": [534.2943725585938, -1.5115104420405977e-16]}, 770192], [0.2925134012698469, {"__complex__": [106.46136474609375, 3.5081146412704834e-15]}, 796430], [0.2975118362281548, {"__complex__": [-190.8324737548828, -5.645611177512657e-16]}, 824820], [0.3025125080826814, {"__complex__": [-826.4257202148438, 4.369524066980294e-15]}, 852562], [0.30751063191170563, {"__complex__": [-581.9378662109375, -3.70255888936747e-15]}, 880372], [0.3125111278203564, {"__complex__": [-583.0424194335938, 2.045397373337792e-15]}, 910652], [0.31751269361539736, {"__complex__": [97.20687866210938, -2.9754842304109816e-15]}, 938996], [0.3225130904459611, {"__complex__": [-585.1480712890625, -3.602880899167531e-15]}, 969352], [0.32751158760760724, {"__complex__": [-1526.6505126953125, 5.1307707878861e-15]}, 998344], [0.3325089848249692, {"__complex__": [-318.2200927734375, -1.808530327110521e-15]}, 1029922], [0.33751027924368393, {"__complex__": [-536.6490478515625, 3.5080771600625674e-15]}, 1061918], [0.34251253316973607, {"__complex__": [322.9362487792969, -5.963070444055859e-15]}, 1093272], [0.34751415893089227, {"__complex__": [-598.3858642578125, 3.930629710195742e-15]}, 1125464], [0.352514235068077, {"__complex__": [-264.9583435058594, 1.0058521542600737e-15]}, 1157380], [0.357512374484406, {"__complex__": [-808.0650024414062, 1.17376637753699e-15]}, 1190172], [0.3625118834929162, {"__complex__": [-1384.4150390625, -3.802403162722867e-16]}, 1224650], [0.3675116774700016, {"__complex__": [-388.64935302734375, 7.404000542277512e-15]}, 1257864], [0.3725098709245497, {"__complex__": [-191.412353515625, -1.441327780190389e-15]}, 1292312], 