{"edges": {"__dtype__": "<f8", "__shape__": [128], "__data__": [0.0, 0.005, 0.01, 0.015, 0.02, 0.025, 0.03, 0.035, 0.04, 0.045, 0.05, 0.055, 0.06, 0.065, 0.07, 0.075, 0.08, 0.085, 0.09, 0.095, 0.1, 0.105, 0.11, 0.115, 0.12, 0.125, 0.13, 0.135, 0.14, 0.145, 0.15, 0.155, 0.16, 0.165, 0.17, 0.17500000000000002, 0.18, 0.185, 0.19, 0.195, 0.2, 0.20500000000000002, 0.21, 0.215, 0.22, 0.225, 0.23, 0.23500000000000001, 0.24, 0.245, 0.25, 0.255, 0.26, 0.265, 0.27, 0.275, 0.28, 0.28500000000000003, 0.29, 0.295, 0.3, 0.305, 0.31, 0.315, 0.32, 0.325, 0.33, 0.335, 0.34, 0.34500000000000003, 0.35000000000000003, 0.355, 0.36, 0.365, 0.37, 0.375, 0.38, 0.385, 0.39, 0.395, 0.4, 0.405, 0.41000000000000003, 0.41500000000000004, 0.42, 0.425, 0.43, 0.435, 0.44, 0.445, 0.45, 0.455, 0.46, 0.465, 0.47000000000000003, 0.47500000000000003, 0.48, 0.485, 0.49, 0.495, 0.5, 0.505, 0.51, 0.515, 0.52, 0.525, 0.53, 0.535, 0.54, 0.545, 0.55, 0.555, 0.56, 0.5650000000000001, 0.5700000000000001, 0.5750000000000001, 0.58, 0.585, 0.59, 0.595, 0.6, 0.605, 0.61, 0.615, 0.62, 0.625, 0.63, 0.635]}, "poles": {"__dtype__": [["k", "<f8"], ["power_0", "<c8"], ["modes", "<i8"]], "__shape__": [127], "__data__": [[0.0037537781648676505, {"__complex__": [133561.28125, 4.724647864780274e-13]}, 77], [0.008050398333474014, {"__complex__": [122123.2421875, -2.1243671698058936e-13]}, 548], [0.012848609532355457, {"__complex__": [109119.8671875, 9.832375392386863e-14]}, 1480], [0.017751579213119567, {"__complex__": [125081.5078125, -1.01336460381872e-13]}, 2872], [0.022691827324042853, {"__complex__": [115394.8203125, -6.145234196725316e-14]}, 4736], [0.027648005536595924, {"__complex__": [115961.6875, -8.272833915308475e-14]}, 7036], [0.032612636555868525, {"__complex__": [108770.625, -2.3666461382320682e-14]}, 9838], [0.03761114292794433, {"__complex__": [101011.265625, 7.712250231343455e-15]}, 13208], [0.04261303922036164, {"__complex__": [99789.265625, -3.45282117750667e-15]}, 16858], [0.04760505554480107, {"__complex__": [98278.9453125, -2.347083065282283e-14]}, 21080], [0.05259133615803475, {"__complex__": [98003.46875, 1.2493839310020495e-14]}, 25624], [0.05756841184374016, {"__complex__": [95545.0703125, 1.4207154875288397e-14]}, 30728], [0.06256248327880025, {"__complex__": [96933.1953125, -1.2758542188235147e-14]}, 36498], [0.06756661487904435, {"__complex__": [96850.9765625, -4.6193297532351116e-15]}, 42528], [0.07257304507008182, {"__complex__": [91404.109375, -1.480297330873836e-15]}, 49152], [0.07756473030387098, {"__complex__": [91300.28125, 6.2651757561224194e-15]}, 55744], [0.08254764044823601, {"__complex__": [91761.9609375, 0.0]}, 63346], [0.08754405971893497, {"__complex__": [89662.6796875, 3.873009446925821e-15]}, 71388], [0.09254365223263855, {"__complex__": [89392.5625, 6.567901519822844e-15]}, 79762], [0.09754150838846357, {"__complex__": [89087.1953125, -3.2861920090898568e-15]}, 88564], [0.10254123052801507, {"__complex__": [87803.875, -5.940284410741771e-16]}, 97988], [0.10754181638082774, {"__complex__": [86521.390625, -4.323367547618513e-15]}, 107708], [0.11254085353408888, {"__complex__": [86398.6640625, 3.577773572061493e-15]}, 117952], [0.11753281793039293, {"__complex__": [85264.875, 0.0]}, 128288], [0.12252442444514552, {"__complex__": [85687.7890625, 3.435738640542919e-15]}, 139770], [0.12753052839909865, {"__complex__": [85285.578125, 2.490028048999387e-15]}, 151946], [0.13253665927256145, {"__complex__": [82576.0390625, -1.6012426243134357e-15]}, 163582], [0.13753197887556465, {"__complex__": [82867.8203125, 2.97754315574752e-15]}, 175940], [0.1425260716253757, {"__complex__": [84236.1171875, 5.5417100927959446e-15]}, 189064], [0.14752506711896965, {"__complex__": [83723.890625, -1.721916337814322e-15]}, 202824], [0.1525272624752809, {"__complex__": [83216.34375, -3.2217370369685408e-15]}, 216806], [0.15752484634575162, {"__complex__": [83148.3515625, -2.5211656154151656e-15]}, 230876], [0.16252366735405163, {"__complex__": [82160.1484375, 0.0]}, 246232], [0.1675242007800524, {"__complex__": [82563.234375, 3.4524116370766725e-15]}, 261330], [0.17252326579974073, {"__complex__": [81825.9765625, -1.259542545369236e-15]}, 277280], [0.17752110470595878, {"__complex__": [81893.203125, 1.1906653201094238e-15]}, 293320], [0.1825207522633753, {"__complex__": [82131.6640625, -2.998713897231194e-15]}, 310574], [0.18752231962759572, {"__complex__": [81731.0234375, 2.8432122006424605e-15]}, 327560], [0.19252167162300435, {"__complex__": [81107.34375, -1.3486951982874746e-15]}, 345268], [0.19752225984779248, {"__complex__": [81287.65625, -3.202234738632721e-15]}, 363544], [0.20251992290984697, {"__complex__": [80986.1328125, 3.050236317374272e-16]}, 381660], [0.20751551078768798, {"__complex__": [81420.109375, 0.0]}, 400854], [0.21251512379553542, {"__complex__": [80982.90625, -6.912859816877775e-16]}, 421010], [0.21751870975885984, {"__complex__": [80747.921875, 5.805460905977883e-15]}, 441160], [0.2225209082741387, {"__complex__": [80929.4765625, 1.2618288990521123e-15]}, 461296], [0.22752039891934017, {"__complex__": [80562.90625, 3.862870462547187e-15]}, 482192], [0.23252118259031918, {"__complex__": [80093.2421875, -2.5415166407641342e-15]}, 503860], [0.23751936566507853, {"__complex__": [79755.6171875, -4.434666671036103e-16]}, 525024], [0.24251707186595864, {"__complex__": [79986.0546875, 0.0]}, 547954], [0.24751627666670906, {"__complex__": [80374.6640625, 0.0]}, 570544], [0.2525167544702008, {"__complex__": [80130.7578125, -1.9586207537157204e-15]}, 594374], [0.25751857595461863, {"__complex__": [79892.875, 3.2028814482879496e-15]}, 617900], [0.2625190906945416, {"__complex__": [79405.359375, -1.1331396333620196e-16]}, 642106], [0.2675172479110602, {"__complex__": [80151.375, 2.6215258906541177e-15]}, 666112], [0.272514629608296, {"__complex__": [79688.7578125, 8.414113484020512e-16]}, 691786], [0.27751615229387816, {"__complex__": [79372.796875, 1.297113856415003e-15]}, 717996], [0.28251644607381426, {"__complex__": [78857.59375, 4.895335862614399e-16]}, 743152], [0.2875152531419474, {"__complex__": [79379.2734375, -1.2092083536324781e-15]}, 770192], [0.2925134012698469, {"__complex__": [79535.6171875, -1.4617143809231422e-15]}, 796430], [0.2975118362281548, {"__complex__": [79743.125, -1.693683353253797e-15]}, 824820], [0.3025125080826814, {"__complex__": [79789.578125, -1.3654762974011215e-15]}, 852562], [0.30751063191170563, {"__complex__": [79711.0859375, 2.1818649690523006e-15]}, 880372], [0.3125111278203564, {"__complex__": [79367.9765625, -1.7258040072839825e-15]}, 910652], [0.31751269361539736, {"__complex__": [79170.1015625, 6.19892539179028e-16]}, 938996], [0.3225130904459611, {"__complex__": [79319.25, -1.8014404495837657e-15]}, 969352], [0.32751158760760724, {"__complex__": [79673.5078125, -1.1660842122218672e-15]}, 998344], [0.3325089848249692, {"__complex__": [78541.9375, 0.0]}, 1029922], [0.33751027924368393, {"__complex__": [78809.046875, -4.3850964500782093e-16]}, 1061918], [0.34251253316973607, {"__complex__": [79234.5703125, 1.2778008699428946e-15]}, 1093272], [0.34751415893089227, {"__complex__": [79472.875, -8.275010027653266e-16]}, 1125464], [0.352514235068077, {"__complex__": [79068.859375, -2.0117044408690454e-16]}, 1157380], [0.357512374484406, {"__complex__": [79401.6015625, 5.86883188768495e-16]}, 1190172], [0.3625118834929162, {"__complex__": [78972.8046875, 5.941254792861969e-16]}, 1224650], [0.3675116774700016, {"__complex__": [79043.859375, -7.866750734988534e-16]}, 1257864], [0.3725098709245497, {"__complex__": [79154.8125, -2.342157695748941e-15]}, 1292312], [0.37751067052804127, {"__complex__": [79029.546875, -2.6288072505665117e-16]}, 1328534], [0.3825116981355865, {"__complex__": [79172.0625, -3.416824765407645e-16]}, 1362848], [0.3875116125361288, {"__complex__": [79233.953125, -1.4976198957990152e-15]}, 1399204], [0.3925104655048909, {"__complex__": [78998.796875, 1.1362137012160627e-15]}, 1434426], [0.3975103524535893, 