{"poles": {"dims": ["k"], "edges": [{"__dtype__": "<f8", "__shape__": [94], "__data__": [0.0, 0.005, 0.01, 0.015, 0.02, 0.025, 0.03, 0.035, 0.04, 0.045, 0.05, 0.055, 0.06, 0.065, 0.07, 0.075, 0.08, 0.085, 0.09, 0.095, 0.1, 0.105, 0.11, 0.115, 0.12, 0.125, 0.13, 0.135, 0.14, 0.145, 0.15, 0.155, 0.16, 0.165, 0.17, 0.17500000000000002, 0.18, 0.185, 0.19, 0.195, 0.2, 0.20500000000000002, 0.21, 0.215, 0.22, 0.225, 0.23, 0.23500000000000001, 0.24, 0.245, 0.25, 0.255, 0.26, 0.265, 0.27, 0.275, 0.28, 0.28500000000000003, 0.29, 0.295, 0.3, 0.305, 0.31, 0.315, 0.32, 0.325, 0.33, 0.335, 0.34, 0.34500000000000003, 0.35000000000000003, 0.355, 0.36, 0.365, 0.37, 0.375, 0.38, 0.385, 0.39, 0.395, 0.4, 0.405, 0.41000000000000003, 0.41500000000000004, 0.42, 0.425, 0.43, 0.435, 0.44, 0.445, 0.45, 0.455, 0.46, 0.465]}], "coords": [{"__dtype__": "<f8", "__shape__": [93], "__data__": [0.0025, 0.0075, 0.0125, 0.0175, 0.0225, 0.0275, 0.0325, 0.037500000000000006, 0.042499999999999996, 0.0475, 0.052500000000000005, 0.057499999999999996, 0.0625, 0.0675, 0.07250000000000001, 0.0775, 0.0825, 0.0875, 0.0925, 0.0975, 0.10250000000000001, 0.1075, 0.1125, 0.1175, 0.1225, 0.1275, 0.1325, 0.1375, 0.14250000000000002, 0.1475, 0.1525, 0.1575, 0.1625, 0.1675, 0.17250000000000001, 0.1775, 0.1825, 0.1875, 0.1925, 0.1975, 0.2025, 0.20750000000000002, 0.2125, 0.2175, 0.2225, 0.2275, 0.2325, 0.2375, 0.2425, 0.2475, 0.2525, 0.2575, 0.2625, 0.2675, 0.2725, 0.2775, 0.28250000000000003, 0.2875, 0.2925, 0.2975, 0.3025, 0.3075, 0.3125, 0.3175, 0.3225, 0.3275, 0.3325, 0.3375, 0.3425, 0.34750000000000003, 0.35250000000000004, 0.3575, 0.3625, 0.3675, 0.3725, 0.3775, 0.3825, 0.3875, 0.3925, 0.3975, 0.4025, 0.40750000000000003, 0.41250000000000003, 0.4175, 0.4225, 0.4275, 0.4325, 0.4375, 0.4425, 0.4475, 0.4525, 0.4575, 0.4625]}], "data": {"__dtype__": [["k", "<f8"], ["power_2", "<c8"], ["modes", "<i8"]], "__shape__": [93], "__data__": [[0.0037081367915242675, {"__complex__": [24645.689453125, -3.657025637177069e-12]}, 191], [0.008018577791264523, {"__complex__": [60214.265625, -1.687178635733158e-13]}, 1380], [0.012844085612331841, {"__complex__": [19311.521484375, -6.175879171130619e-14]}, 3770], [0.01775141230162106, {"__complex__": [1018.9949951171875, 8.022003742703954e-14]}, 7256], [0.022691010615224643, {"__complex__": [25978.80078125, -2.4232997336212647e-13]}, 12010], [0.027661296094027222, {"__complex__": [16564.85546875, 2.5979764265446695e-14]}, 17924], [0.03263163473973046, {"__complex__": [1336.70361328125, 1.215093699486261e-13]}, 24910], [0.03760885918999335, {"__complex__": [17175.740234375, 8.40543861726703e-14]}, 33240], [0.04258994605322728, {"__complex__": [18221.12109375, -6.563848721280116e-14]}, 42566], [0.047583805693835864, {"__complex__": [934.9953002929688, -1.7415060075986512e-14]}, 53478], [0.052589415944125126, {"__complex__": [4234.17041015625, -2.140708908694635e-14]}, 65258], [0.057576993125266096, {"__complex__": [5588.60205078125, -5.986286770107152e-15]}, 77788], [0.0625679362273907, {"__complex__": [3943.128662109375, -2.2668986913304545e-14]}, 92438], [0.06756372941029527, {"__complex__": [9095.8623046875, -8.670563826109184e-15]}, 107412], [0.07255867544245412, {"__complex__": [7604.73486328125, -2.342511459059362e-14]}, 124242], [0.07755343255815964, {"__complex__": [4902.7958984375, -2.672565766715057e-15]}, 141568], [0.08254944316463679, {"__complex__": [3621.35498046875, -4.341533439721802e-15]}, 160886], [0.0875469705282893, {"__complex__": [4756.109375, -1.2896061375353672e-14]}, 180544], [0.09254207143002044, {"__complex__": [1653.7655029296875, -1.3831249276593464e-14]}, 202004], [0.09754200795670145, {"__complex__": [5753.251953125, 1.2443184198675846e-14]}, 224538], [0.10254171329034444, {"__complex__": [4601.939453125, 2.816068182814749e-15]}, 248038], [0.10754099109209159, {"__complex__": [2495.74267578125, -3.4129881826126156e-15]}, 272876], [0.11253870054955198, {"__complex__": [2640.90478515625, 6.2380529141183895e-15]}, 298594], [0.11753608765430268, {"__complex__": [2827.718994140625, -5.000719466747043e-15]}, 325916], [0.12253572907412832, {"__complex__": [6398.1259765625, -7.885124573680374e-15]}, 354334], [0.1275331697481456, {"__complex__": [4650.73046875, 8.501368994895137e-15]}, 383424], [0.13252928315027618, {"__complex__": [2298.818603515625, 1.6862417452956943e-15]}, 414230], [0.13752809598823948, {"__complex__": [3351.8818359375, 2.0864363313904998e-15]}, 446370], [0.1425292748907053, {"__complex__": [2875.59130859375, -1.9420436836632433e-15]}, 479558], [0.14752984329410787, {"__complex__": [965.499755859375, -2.7203443541708302e-15]}, 513532], [0.15252898535896237, {"__complex__": [2173.1220703125, -5.089843426424193e-15]}, 548930], [0.15752847498756622, {"__complex__": [1502.39208984375, -1.1133601805519023e-14]}, 585548], [0.16252705956276423, {"__complex__": [-529.9973754882812, 0.0]}, 623094], [0.16752723347134682, {"__complex__": [-697.8642578125, -9.135850035464285e-15]}, 662620], [0.17252557298757182, {"__complex__": [1508.0677490234375, -6.636433685035768e-15]}, 701674], [0.1775232051718564, {"__complex__": [-500.8289489746094, 0.0]}, 743764], [0.1825215844754662, {"__complex__": [374.48388671875, -3.556385566626848e-15]}, 785620], [0.18752064712987349, {"__complex__": [1745.2291259765625, 0.0]}, 830100], [0.19252067437217257, {"__complex__": [270.478271484375, -1.065077121448568e-15]}, 874418], [0.19751987908784707, {"__complex__": [403.0118713378906, 6.069343856299593e-15]}, 920682], [0.20251936794243589, {"__complex__": [-448.1991271972656, -1.2029880613051978e-15]}, 967718], [0.20751955964231095, {"__complex__": [565.3453369140625, -4.580719450400419e-15]}, 1016568], [0.2125192859071403, {"__complex__": [-1674.6588134765625, 0.0]}, 1065478], [0.21751870204394746, {"__complex__": [-152.7422332763672, 3.335981241004175e-15]}, 1116700], [0.22251763655620238, {"__complex__": [494.46380615234375, 0.0]}, 1167926], [0.2275173612096972, {"__complex__": [243.72288513183594, -3.810542884648185e-15]}, 1222034], [0.23251753944930767, {"__complex__": [-434.4206237792969, 5.840963021412626e-15]}, 1275574], [0.237518608068736, {"__complex__": [-315.2499694824219, -4.893500342217699e-15]}, 1332228], [0.24251933382685822, {"__complex__": [431.77325439453125, 1.6779691980163352e-15]}, 1387574], [0.2475188275283454, {"__complex__": [-324.1452941894531, -6.440663830376329e-16]}, 1446004], [0.2525176353551358, {"__complex__": [307.8916931152344, 6.192296300186831e-16]}, 1504002], [0.25751592740199597, {"__complex__": [523.1577758789062, -1.339143525378643e-15]}, 1564788], [0.2625152321376914, {"__complex__": [-71.93544006347656, -1.7181868517475614e-15]}, 1626114], [0.2675142035428968, {"__complex__": [-589.9820556640625, 2.0683996118116667e-15]}, 1688484], [0.27251407722071946, {"__complex__": [-1730.7769775390625, -3.320611404659772e-15]}, 1752920], [0.277514999580621, {"__complex__": [-1564.2100830078125, -1.5369272008701799e-15]}, 1817892], [0.28251513318998955, {"__complex__": [-988.759521484375, -9.890084805874483e-16]}, 1883346], [0.2875150555774266, {"__complex__": [-831.676025390625, -9.546641533124834e-16]}, 1951100], [0.2925143032383768, {"__complex__": [-613.799560546875, -1.384176032019418e-15]}, 2018506], [0.2975129983065177, {"__complex__": [-884.646240234375, -1.0032737859686316e-15]}, 2088638], [0.30251265006104155, {"__complex__": [174.8914031982422, 1.7248695181849242e-15]}, 2159752], [0.3075131135075962, {"__complex__": [1118.607666015625, 1.356062055587982e-15]}, 2232050], [0.31251255553945134, {"__complex__": [-340.0704650878906, 0.0]}, 2304048], [0.3175120364779517, {"__complex__": [530.6990356445312, 7.827713633427544e-16]}, 2379552], [0.3225126598898453, {"__complex__": [-465.4356689453125, 3.7936117548237553e-16]}, 2454976], [0.3275133985704822, {"__complex__": [146.35940551757812, 1.287380389059867e-15]}, 2531986], [0.33251410375899365, {"__complex__": [-347.8251953125, -2.498263326829067e-15]}, 2609516], 