{"poles": {"dims": ["k"], "edges": [{"__dtype__": "<f8", "__shape__": [94], "__data__": [0.0, 0.005, 0.01, 0.015, 0.02, 0.025, 0.03, 0.035, 0.04, 0.045, 0.05, 0.055, 0.06, 0.065, 0.07, 0.075, 0.08, 0.085, 0.09, 0.095, 0.1, 0.105, 0.11, 0.115, 0.12, 0.125, 0.13, 0.135, 0.14, 0.145, 0.15, 0.155, 0.16, 0.165, 0.17, 0.17500000000000002, 0.18, 0.185, 0.19, 0.195, 0.2, 0.20500000000000002, 0.21, 0.215, 0.22, 0.225, 0.23, 0.23500000000000001, 0.24, 0.245, 0.25, 0.255, 0.26, 0.265, 0.27, 0.275, 0.28, 0.28500000000000003, 0.29, 0.295, 0.3, 0.305, 0.31, 0.315, 0.32, 0.325, 0.33, 0.335, 0.34, 0.34500000000000003, 0.35000000000000003, 0.355, 0.36, 0.365, 0.37, 0.375, 0.38, 0.385, 0.39, 0.395, 0.4, 0.405, 0.41000000000000003, 0.41500000000000004, 0.42, 0.425, 0.43, 0.435, 0.44, 0.445, 0.45, 0.455, 0.46, 0.465]}], "coords": [{"__dtype__": "<f8", "__shape__": [93], "__data__": [0.0025, 0.0075, 0.0125, 0.0175, 0.0225, 0.0275, 0.0325, 0.037500000000000006, 0.042499999999999996, 0.0475, 0.052500000000000005, 0.057499999999999996, 0.0625, 0.0675, 0.07250000000000001, 0.0775, 0.0825, 0.0875, 0.0925, 0.0975, 0.10250000000000001, 0.1075, 0.1125, 0.1175, 0.1225, 0.1275, 0.1325, 0.1375, 0.14250000000000002, 0.1475, 0.1525, 0.1575, 0.1625, 0.1675, 0.17250000000000001, 0.1775, 0.1825, 0.1875, 0.1925, 0.1975, 0.2025, 0.20750000000000002, 0.2125, 0.2175, 0.2225, 0.2275, 0.2325, 0.2375, 0.2425, 0.2475, 0.2525, 0.2575, 0.2625, 0.2675, 0.2725, 0.2775, 0.28250000000000003, 0.2875, 0.2925, 0.2975, 0.3025, 0.3075, 0.3125, 0.3175, 0.3225, 0.3275, 0.3325, 0.3375, 0.3425, 0.34750000000000003, 0.35250000000000004, 0.3575, 0.3625, 0.3675, 0.3725, 0.3775, 0.3825, 0.3875, 0.3925, 0.3975, 0.4025, 0.40750000000000003, 0.41250000000000003, 0.4175, 0.4225, 0.4275, 0.4325, 0.4375, 0.4425, 0.4475, 0.4525, 0.4575, 0.4625]}], "data": {"__dtype__": [["k", "<f8"], ["power_2", "<c8"], ["modes", "<i8"]], "__shape__": [93], "__data__": [[0.0037081367915242675, {"__complex__": [58201.765625, 3.0475214365943692e-12]}, 191], [0.008018577791264523, {"__complex__": [12360.1552734375, 6.748714542932632e-13]}, 1380], [0.012844085612331841, {"__complex__": [58367.32421875, 3.8599245327786136e-13]}, 3770], [0.01775141230162106, {"__complex__": [25261.71484375, 4.813202245622372e-13]}, 7256], [0.022691010615224643, {"__complex__": [1503.793701171875, 1.1147179235443741e-13]}, 12010], [0.027661296094027222, {"__complex__": [10380.19921875, -2.0296689879468165e-14]}, 17924], [0.03263163473973046, {"__complex__": [3271.395751953125, 1.44876555955957e-13]}, 24910], [0.03760885918999335, {"__complex__": [10403.7021484375, 1.1207251489689374e-13]}, 33240], [0.04258994605322728, {"__complex__": [8877.4189453125, -6.563848721280116e-14]}, 42566], [0.047583805693835864, {"__complex__": [7487.08447265625, -8.707530037993256e-15]}, 53478], [0.052589415944125126, {"__complex__": [5505.576171875, -1.4271393854008163e-14]}, 65258], [0.057576993125266096, {"__complex__": [3636.01708984375, 2.993143385053576e-14]}, 77788], [0.0625679362273907, {"__complex__": [4366.1015625, 3.5262869284725246e-14]}, 92438], [0.06756372941029527, {"__complex__": [3076.656982421875, 0.0]}, 107412], [0.07255867544245412, {"__complex__": [9028.3056640625, -1.311806362863134e-14]}, 124242], [0.07755343255815964, {"__complex__": [3170.72509765625, 1.9735871059156987e-14]}, 141568], [0.08254944316463679, {"__complex__": [2198.8125, 1.736613375888721e-14]}, 160886], [0.0875469705282893, {"__complex__": [2713.932861328125, 2.063369718412634e-14]}, 180544], [0.09254207143002044, {"__complex__": [1733.932373046875, 1.3831249276593464e-14]}, 202004], [0.09754200795670145, {"__complex__": [2043.3973388671875, -1.9442475786887042e-14]}, 224538], [0.10254171329034444, {"__complex__": [1844.6256103515625, -1.501903087303396e-14]}, 248038], [0.10754099109209159, {"__complex__": [1086.9376220703125, 1.0238964759596084e-14]}, 272876], [0.11253870054955198, {"__complex__": [2527.37548828125, 0.0]}, 298594], [0.11753608765430268, {"__complex__": [2563.2783203125, 5.715107901494267e-15]}, 325916], [0.12253572907412832, {"__complex__": [-849.431396484375, -5.256749574614758e-15]}, 354334], [0.1275331697481456, {"__complex__": [-150.42861938476562, -6.9832674189150394e-15]}, 383424], [0.13252928315027618, {"__complex__": [1783.7642822265625, 9.55537020764629e-15]}, 414230], [0.13752809598823948, {"__complex__": [2374.096435546875, 3.1296543912066313e-15]}, 446370], [0.1425292748907053, {"__complex__": [2117.11669921875, -9.22470717976305e-15]}, 479558], [0.14752984329410787, {"__complex__": [1937.490966796875, 9.067814655074925e-15]}, 513532], [0.15252898535896237, {"__complex__": [1604.405517578125, 3.393229021535541e-15]}, 548930], [0.15752847498756622, {"__complex__": [1277.6038818359375, 1.988143028301085e-15]}, 585548], [0.16252705956276423, {"__complex__": [1688.831298828125, 2.98934846569164e-15]}, 623094], [0.16752723347134682, {"__complex__": [1714.141845703125, -2.811030666119191e-15]}, 662620], [0.17252557298757182, {"__complex__": [2052.381103515625, -1.0618294065463819e-14]}, 701674], [0.1775232051718564, {"__complex__": [-157.21829223632812, 5.634786731721457e-15]}, 743764], [0.1825215844754662, {"__complex__": [79.31846618652344, 2.3709237816706445e-15]}, 785620], [0.18752064712987349, {"__complex__": [2094.7412109375, 8.975521945142097e-15]}, 830100], [0.19252067437217257, {"__complex__": [-56.0392951965332, 5.32538560724284e-16]}, 874418], [0.19751987908784707, {"__complex__": [-785.0543823242188, -5.31067550368523e-15]}, 920682], [0.20251936794243589, {"__complex__": [-597.5191650390625, 5.774342609561655e-15]}, 967718], [0.20751955964231095, {"__complex__": [-1244.2965087890625, -9.161438900800838e-15]}, 1016568], [0.2125192859071403, {"__complex__": [-1096.1009521484375, 1.7481779590692312e-15]}, 1065478], [0.21751870204394746, {"__complex__": [-114.52603912353516, 4.795473219231959e-15]}, 1116700], [0.22251763655620238, {"__complex__": [-1189.6597900390625, -2.392247200843061e-15]}, 1167926], [0.2275173612096972, {"__complex__": [-541.3843994140625, 6.0968686154370955e-15]}, 1222034], [0.23251753944930767, {"__complex__": [381.2898864746094, -8.031324154442361e-15]}, 1275574], [0.237518608068736, {"__complex__": [1680.209716796875, -1.3981429700449309e-15]}, 1332228], [0.24251933382685822, {"__complex__": [321.7470397949219, 1.3423753795888918e-15]}, 1387574], [0.2475188275283454, {"__complex__": [558.9530029296875, -2.5762655321505314e-15]}, 1446004], [0.2525176353551358, {"__complex__": [652.0323486328125, 1.8963907253886046e-15]}, 1504002], [0.25751592740199597, {"__complex__": [214.49038696289062, 0.0]}, 1564788], [0.2625152321376914, {"__complex__": [-289.7766418457031, 2.0045513270388216e-15]}, 1626114], [0.2675142035428968, {"__complex__": [1023.6231689453125, 2.206292975734641e-15]}, 1688484], [0.27251407722071946, {"__complex__": [-183.19088745117188, -1.0625956325504681e-15]}, 1752920], [0.277514999580621, {"__complex__": [398.1878967285156, -4.098472676825971e-15]}, 1817892], [0.28251513318998955, {"__complex__": [803.0223999023438, -9.890084805874483e-16]}, 1883346], [0.2875150555774266, {"__complex__": [-676.1749877929688, -1.909328306624967e-15]}, 1951100], [0.2925143032383768, {"__complex__": [-1201.2447509765625, -8.305056403874744e-15]}, 2018506], [0.2975129983065177, {"__complex__": [-830.5034790039062, -3.1212962935995995e-15]}, 2088638], [0.30251265006104155, {"__complex__": [504.529541015625, 4.3121737954623105e-16]}, 2159752], [0.3075131135075962, {"__complex__": [102.37385559082031, -3.0250614923302494e-15]}, 2232050], [0.31251255553945134, {"__complex__": [383.4548645019531, 6.063171950729425e-16]}, 2304048], [0.3175120364779517, {"__complex__": [-556.4354858398438, -4.6966282859356445e-15]}, 2379552], [0.3225126598898453, {"__complex__": [743.8788452148438, -1.5174447019295021e-15]}, 2454976], [0.3275133985704822, {"__complex__": [670.9838256835938, 0.0]}, 2531986], [0.33251410375899365, {"__complex__": 