{"poles": {"dims": ["k"], "edges": [{"__dtype__": "<f8", "__shape__": [94], "__data__": [0.0, 0.005, 0.01, 0.015, 0.02, 0.025, 0.03, 0.035, 0.04, 0.045, 0.05, 0.055, 0.06, 0.065, 0.07, 0.075, 0.08, 0.085, 0.09, 0.095, 0.1, 0.105, 0.11, 0.115, 0.12, 0.125, 0.13, 0.135, 0.14, 0.145, 0.15, 0.155, 0.16, 0.165, 0.17, 0.17500000000000002, 0.18, 0.185, 0.19, 0.195, 0.2, 0.20500000000000002, 0.21, 0.215, 0.22, 0.225, 0.23, 0.23500000000000001, 0.24, 0.245, 0.25, 0.255, 0.26, 0.265, 0.27, 0.275, 0.28, 0.28500000000000003, 0.29, 0.295, 0.3, 0.305, 0.31, 0.315, 0.32, 0.325, 0.33, 0.335, 0.34, 0.34500000000000003, 0.35000000000000003, 0.355, 0.36, 0.365, 0.37, 0.375, 0.38, 0.385, 0.39, 0.395, 0.4, 0.405, 0.41000000000000003, 0.41500000000000004, 0.42, 0.425, 0.43, 0.435, 0.44, 0.445, 0.45, 0.455, 0.46, 0.465]}], "coords": [{"__dtype__": "<f8", "__shape__": [93], "__data__": [0.0025, 0.0075, 0.0125, 0.0175, 0.0225, 0.0275, 0.0325, 0.037500000000000006, 0.042499999999999996, 0.0475, 0.052500000000000005, 0.057499999999999996, 0.0625, 0.0675, 0.07250000000000001, 0.0775, 0.0825, 0.0875, 0.0925, 0.0975, 0.10250000000000001, 0.1075, 0.1125, 0.1175, 0.1225, 0.1275, 0.1325, 0.1375, 0.14250000000000002, 0.1475, 0.1525, 0.1575, 0.1625, 0.1675, 0.17250000000000001, 0.1775, 0.1825, 0.1875, 0.1925, 0.1975, 0.2025, 0.20750000000000002, 0.2125, 0.2175, 0.2225, 0.2275, 0.2325, 0.2375, 0.2425, 0.2475, 0.2525, 0.2575, 0.2625, 0.2675, 0.2725, 0.2775, 0.28250000000000003, 0.2875, 0.2925, 0.2975, 0.3025, 0.3075, 0.3125, 0.3175, 0.3225, 0.3275, 0.3325, 0.3375, 0.3425, 0.34750000000000003, 0.35250000000000004, 0.3575, 0.3625, 0.3675, 0.3725, 0.3775, 0.3825, 0.3875, 0.3925, 0.3975, 0.4025, 0.40750000000000003, 0.41250000000000003, 0.4175, 0.4225, 0.4275, 0.4325, 0.4375, 0.4425, 0.4475, 0.4525, 0.4575, 0.4625]}], "data": {"__dtype__": [["k", "<f8"], ["power_0", "<c8"], ["modes", "<i8"]], "__shape__": [93], "__data__": [[0.0037081367915242675, {"__complex__": [117074.40625, -1.5237607725072932e-13]}, 191], [0.008018577791264523, {"__complex__": [92039.2109375, 1.687178635733158e-13]}, 1380], [0.012844085612331841, {"__complex__": [106336.6875, -7.719848794506684e-14]}, 3770], [0.01775141230162106, {"__complex__": [104714.8203125, -7.520628678191546e-14]}, 7256], [0.022691010615224643, {"__complex__": [107175.0234375, -9.69319940882351e-15]}, 12010], [0.027661296094027222, {"__complex__": [112793.390625, 6.494941066361674e-15]}, 17924], [0.03263163473973046, {"__complex__": [107347.359375, 7.0101560563091535e-15]}, 24910], [0.03760885918999335, {"__complex__": [101104.96875, -5.253399135791894e-15]}, 33240], [0.04258994605322728, {"__complex__": [97926.96875, 3.4186711384139815e-15]}, 42566], [0.047583805693835864, {"__complex__": [94257.84375, -1.2517074270796628e-14]}, 53478], [0.052589415944125126, {"__complex__": [93695.8046875, 1.0703544543473175e-14]}, 65258], [0.057576993125266096, {"__complex__": [92084.4921875, 1.496571692526788e-14]}, 77788], [0.0625679362273907, {"__complex__": [90763.8515625, 2.203929330295328e-15]}, 92438], [0.06756372941029527, {"__complex__": [89485.3046875, 3.2514613289118255e-15]}, 107412], [0.07255867544245412, {"__complex__": [88843.953125, 5.622027450920492e-15]}, 124242], [0.07755343255815964, {"__complex__": [87594.9375, 2.9809386990748256e-15]}, 141568], [0.08254944316463679, {"__complex__": [87974.078125, -7.235889066203004e-16]}, 160886], [0.0875469705282893, {"__complex__": [86315.1328125, -3.224015343838418e-15]}, 180544], [0.09254207143002044, {"__complex__": [83801.3125, -4.322265557754135e-15]}, 202004], [0.09754200795670145, {"__complex__": [84572.7109375, 2.9163712833297616e-15]}, 224538], [0.10254171329034444, {"__complex__": [84071.4765625, 0.0]}, 248038], [0.10754099109209159, {"__complex__": [81881.28125, -4.906170684559202e-15]}, 272876], [0.11253870054955198, {"__complex__": [81784.8203125, -4.386130994944162e-15]}, 298594], [0.11753608765430268, {"__complex__": [81330.5625, 2.1431655159999093e-15]}, 325916], [0.12253572907412832, {"__complex__": [81674.0390625, 3.942562286840187e-15]}, 354334], [0.1275331697481456, {"__complex__": [82371.9765625, -6.072406727436865e-16]}, 383424], [0.13252928315027618, {"__complex__": [80776.09375, 4.2156043632392357e-16]}, 414230], [0.13752809598823948, {"__complex__": [80430.375, -1.3040226806492828e-15]}, 446370], [0.1425292748907053, {"__complex__": [80001.046875, -1.9420436836632433e-15]}, 479558], [0.14752984329410787, {"__complex__": [79667.8359375, -4.42055949611826e-15]}, 513532], [0.15252898535896237, {"__complex__": [79853.546875, -3.1811521415151206e-16]}, 548930], [0.15752847498756622, {"__complex__": [79120.1796875, 0.0]}, 585548], [0.16252705956276423, {"__complex__": [78481.21875, 3.73668558211455e-16]}, 623094], [0.16752723347134682, {"__complex__": [78468.3046875, 2.4596517534449533e-15]}, 662620], [0.17252557298757182, {"__complex__": [78112.4765625, 1.659108421258942e-15]}, 701674], [0.1775232051718564, {"__complex__": [78919.078125, -1.72174036671953e-15]}, 743764], [0.1825215844754662, {"__complex__": [78440.0546875, -6.668222937425341e-16]}, 785620], [0.18752064712987349, {"__complex__": [78423.984375, -5.60970121571381e-16]}, 830100], [0.19252067437217257, {"__complex__": [78073.78125, -8.65375128089737e-16]}, 874418], [0.19751987908784707, {"__complex__": [77747.4609375, 5.057786193985933e-16]}, 920682], [0.20251936794243589, {"__complex__": [77932.1171875, 1.924780940439964e-15]}, 967718], [0.20751955964231095, {"__complex__": [77093.765625, 1.1451798626001047e-15]}, 1016568], [0.2125192859071403, {"__complex__": [77268.3671875, 4.370444897673078e-16]}, 1065478], [0.21751870204394746, {"__complex__": [77414.0078125, 2.6062353445345117e-17]}, 1116700], [0.22251763655620238, {"__complex__": [77862.6640625, -9.967696449597924e-17]}, 1167926], [0.2275173612096972, {"__complex__": [77402.328125, -5.239496466391254e-16]}, 1222034], [0.23251753944930767, {"__complex__": [77358.109375, -4.905496552212306e-16]}, 1275574], [0.237518608068736, {"__complex__": [76575.796875, -6.116875427772124e-16]}, 1332228], [0.24251933382685822, {"__complex__": [76767.859375, -5.033907805807242e-16]}, 1387574], [0.2475188275283454, {"__complex__": [76869.6171875, 3.2203319151881643e-16]}, 1446004], [0.2525176353551358, {"__complex__": [77015.0078125, 6.966333006837939e-16]}, 1504002], [0.25751592740199597, {"__complex__": [76828.796875, 1.1159529378155359e-16]}, 1564788], [0.2625152321376914, {"__complex__": [77004.796875, 6.443200694053355e-16]}, 1626114], [0.2675142035428968, {"__complex__": [76942.109375, -1.1031464878673205e-15]}, 1688484], [0.27251407722071946, {"__complex__": [76627.6171875, 7.969467244128511e-16]}, 1752920], [0.277514999580621, {"__complex__": [76689.4375, 4.482704291755059e-16]}, 1817892], [0.28251513318998955, {"__complex__": [76412.515625, -1.2362606007343104e-16]}, 1883346], [0.2875150555774266, {"__complex__": [76360.125, 7.159980620448033e-16]}, 1951100], [0.2925143032383768, {"__complex__": [76503.0625, -1.2255726066569576e-15]}, 2018506], [0.2975129983065177, {"__complex__": [76909.3515625, -1.393435796198802e-15]}, 2088638], [0.30251265006104155, {"__complex__": [76353.53125, 1.0780434488655776e-16]}, 2159752], [0.3075131135075962, {"__complex__": [76383.140625, -7.301872932794114e-16]}, 2232050], [0.31251255553945134, {"__complex__": [76143.1796875, 3.0315859753647124e-16]}, 2304048], [0.3175120364779517, {"__complex__": [76202.9375, -4.892320954717766e-16]}, 2379552], [0.3225126598898453, {"__complex__": [76206.796875, 9.484029387059388e-17]}, 2454976], [0.3275133985704822, {"__complex__": [76194.0625, 3.2184509726496677e-16]}, 2531986], [0.33251410375899365, {"__complex__": [76078.078125, -6.245658317072667e-16]}, 2609516], [0.3375135412275565, {"__complex__": [75575.484375, -8.663033703208093e-16]}, 2687634], [0.34251245849241974, {"__complex__": [75573.953125, 3.3643762206158625e-16]}, 2768188], [0.3475114266102975, {"__complex__": [76056.0234375, 