{"edges": {"__dtype__": "<f8", "__shape__": [128], "__data__": [0.0, 0.005, 0.01, 0.015, 0.02, 0.025, 0.03, 0.035, 0.04, 0.045, 0.05, 0.055, 0.06, 0.065, 0.07, 0.075, 0.08, 0.085, 0.09, 0.095, 0.1, 0.105, 0.11, 0.115, 0.12, 0.125, 0.13, 0.135, 0.14, 0.145, 0.15, 0.155, 0.16, 0.165, 0.17, 0.17500000000000002, 0.18, 0.185, 0.19, 0.195, 0.2, 0.20500000000000002, 0.21, 0.215, 0.22, 0.225, 0.23, 0.23500000000000001, 0.24, 0.245, 0.25, 0.255, 0.26, 0.265, 0.27, 0.275, 0.28, 0.28500000000000003, 0.29, 0.295, 0.3, 0.305, 0.31, 0.315, 0.32, 0.325, 0.33, 0.335, 0.34, 0.34500000000000003, 0.35000000000000003, 0.355, 0.36, 0.365, 0.37, 0.375, 0.38, 0.385, 0.39, 0.395, 0.4, 0.405, 0.41000000000000003, 0.41500000000000004, 0.42, 0.425, 0.43, 0.435, 0.44, 0.445, 0.45, 0.455, 0.46, 0.465, 0.47000000000000003, 0.47500000000000003, 0.48, 0.485, 0.49, 0.495, 0.5, 0.505, 0.51, 0.515, 0.52, 0.525, 0.53, 0.535, 0.54, 0.545, 0.55, 0.555, 0.56, 0.5650000000000001, 0.5700000000000001, 0.5750000000000001, 0.58, 0.585, 0.59, 0.595, 0.6, 0.605, 0.61, 0.615, 0.62, 0.625, 0.63, 0.635]}, "poles": {"__dtype__": [["k", "<f8"], ["power_0", "<c8"], ["modes", "<i8"]], "__shape__": [127], "__data__": [[0.0037537781648676505, {"__complex__": [141307.625, -3.7797182376141103e-13]}, 77], [0.008050398333474014, {"__complex__": [104110.5625, 4.4478938761305375e-13]}, 548], [0.012848609532355457, {"__complex__": [119302.421875, -3.1463601255637963e-13]}, 1480], [0.017751579213119567, {"__complex__": [99856.71875, 5.573505253240324e-14]}, 2872], [0.022691827324042853, {"__complex__": [105581.046875, 1.229046924048358e-14]}, 4736], [0.027648005536595924, {"__complex__": [108140.9609375, -6.204625436481356e-14]}, 7036], [0.032612636555868525, {"__complex__": [100478.25, -2.3666461382320682e-14]}, 9838], [0.03761114292794433, {"__complex__": [99691.859375, -2.4238501695117085e-14]}, 13208], [0.04261303922036164, {"__complex__": [94970.203125, 1.2084874015394226e-14]}, 16858], [0.04760505554480107, {"__complex__": [94352.0625, -1.6567645963905947e-14]}, 21080], [0.05259133615803475, {"__complex__": [94660.1484375, -4.543214102045419e-15]}, 25624], [0.05756841184374016, {"__complex__": [94037.4765625, -2.131073273644907e-15]}, 30728], [0.06256248327880025, {"__complex__": [90880.8984375, -7.97408929116344e-15]}, 36498], [0.06756661487904435, {"__complex__": [92566.4765625, -8.896486994899692e-15]}, 42528], [0.07257304507008182, {"__complex__": [89895.890625, -1.5395093172824136e-14]}, 49152], [0.07756473030387098, {"__complex__": [87703.6640625, 1.5662939390306049e-15]}, 55744], [0.08254764044823601, {"__complex__": [87153.984375, 7.351076229667169e-15]}, 63346], [0.08754405971893497, {"__complex__": [85680.8515625, 8.714270726187506e-15]}, 71388], [0.09254365223263855, {"__complex__": [87002.203125, -2.1893004360215356e-15]}, 79762], [0.09754150838846357, {"__complex__": [83450.5234375, -5.257907045137181e-15]}, 88564], [0.10254123052801507, {"__complex__": [82818.5703125, -3.5641706464450626e-15]}, 97988], [0.10754181638082774, {"__complex__": [82746.5703125, -2.9723152683970664e-15]}, 107708], [0.11254085353408888, {"__complex__": [82513.578125, -9.869720016240121e-16]}, 117952], [0.11753281793039293, {"__complex__": [81360.1640625, -1.0208845538541142e-15]}, 128288], [0.12252442444514552, {"__complex__": [82521.796875, 2.4987190305546898e-15]}, 139770], [0.12753052839909865, {"__complex__": [81440.5078125, -6.225070122498468e-16]}, 151946], [0.13253665927256145, {"__complex__": [80758.0703125, 7.116633709372295e-16]}, 163582], [0.13753197887556465, {"__complex__": [80616.765625, -7.94011479964907e-15]}, 175940], [0.1425260716253757, {"__complex__": [80639.2578125, -2.7708550463979723e-15]}, 189064], [0.14752506711896965, {"__complex__": [79633.2265625, -1.0761977111339513e-15]}, 202824], [0.1525272624752809, {"__complex__": [80644.6328125, -2.013585780454236e-15]}, 216806], [0.15752484634575162, {"__complex__": [80346.28125, -1.4811847037652032e-15]}, 230876], [0.16252366735405163, {"__complex__": [79124.6171875, 1.8911484384780478e-15]}, 246232], [0.1675242007800524, {"__complex__": [79635.7734375, -1.1136811425114406e-15]}, 261330], [0.17252326579974073, {"__complex__": [79152.2265625, 1.889313765114295e-15]}, 277280], [0.17752110470595878, {"__complex__": [78811.65625, 2.579775001409243e-15]}, 293320], [0.1825207522633753, {"__complex__": [78401.1171875, 1.311937356508427e-15]}, 310574], [0.18752231962759572, {"__complex__": [78906.296875, 5.331022611506817e-16]}, 327560], [0.19252167162300435, {"__complex__": [78990.0234375, 2.528803364440117e-16]}, 345268], [0.19752225984779248, {"__complex__": [78657.3203125, 3.20223479157228e-16]}, 363544], [0.20251992290984697, {"__complex__": [78617.4765625, 2.745212817985743e-15]}, 381660], [0.20751551078768798, {"__complex__": [77979.359375, -2.032927777804788e-15]}, 400854], [0.21251512379553542, {"__complex__": [77832.8203125, -2.765143820871992e-16]}, 421010], [0.21751870975885984, {"__complex__": [78365.515625, 3.958268607022887e-16]}, 441160], [0.2225209082741387, {"__complex__": [77519.2890625, 1.3249203598865856e-15]}, 461296], [0.22752039891934017, {"__complex__": [77347.6328125, 1.8710777810346203e-15]}, 482192], [0.23252118259031918, {"__complex__": [77883.7578125, -1.3862817559262921e-15]}, 503860], [0.23751936566507853, {"__complex__": [77619.1640625, -2.4390667352443057e-15]}, 525024], [0.24251707186595864, {"__complex__": [77534.34375, 0.0]}, 547954], [0.24751627666670906, {"__complex__": [77337.5625, 1.4538040461078527e-15]}, 570544], [0.2525167544702008, {"__complex__": [77227.1015625, -1.9586207537157204e-15]}, 594374], [0.25751857595461863, {"__complex__": [77198.9765625, 1.130428783823671e-15]}, 617900], [0.2625190906945416, {"__complex__": [76796.1015625, -5.6656980344612e-16]}, 642106], [0.2675172479110602, {"__complex__": [77152.0859375, 6.990735496652744e-16]}, 666112], [0.272514629608296, {"__complex__": [76996.6015625, 1.1779759195266071e-15]}, 691786], [0.27751615229387816, {"__complex__": [76763.9765625, -1.459253114936658e-15]}, 717996], [0.28251644607381426, {"__complex__": [76781.203125, -1.7231582998732337e-15]}, 743152], [0.2875152531419474, {"__complex__": [76942.59375, -3.400898428416896e-16]}, 770192], [0.2925134012698469, {"__complex__": [76679.4296875, -5.846857735450806e-16]}, 796430], [0.2975118362281548, {"__complex__": [76907.9296875, 4.2342083831344924e-16]}, 824820], [0.3025125080826814, {"__complex__": [76780.9296875, 1.7751192183851935e-15]}, 852562], [0.30751063191170563, {"__complex__": [76853.375, -1.9835135961976462e-16]}, 880372], [0.3125111278203564, {"__complex__": [76358.2421875, 9.268206980285769e-16]}, 910652], [0.31751269361539736, {"__complex__": [76298.734375, 2.4795701037765526e-16]}, 938996], [0.3225130904459611, {"__complex__": [76747.390625, -2.3118485275555774e-15]}, 969352], [0.32751158760760724, {"__complex__": [76850.421875, 3.498252689605161e-16]}, 998344], [0.3325089848249692, {"__complex__": [76747.3046875, 8.477485577458322e-17]}, 1029922], [0.33751027924368393, {"__complex__": [76695.46875, -5.4813705625977616e-17]}, 1061918], [0.34251253316973607, {"__complex__": [76298.9765625, 2.662085057481765e-16]}, 1093272], [0.34751415893089227, {"__complex__": [76355.7734375, -1.5515643801849874e-16]}, 1125464], [0.352514235068077, {"__complex__": [76738.484375, -2.0117044408690454e-16]}, 1157380], [0.357512374484406, {"__complex__": [76701.1953125, -1.5894753249728237e-16]}, 1190172], [0.3625118834929162, {"__complex__": [76775.96875, -2.3765019171447877e-15]}, 1224650], [0.3675116774700016, {"__complex__": [76668.734375, 6.941250773082963e-16]}, 1257864], [0.3725098709245497, {"__complex__": [76579.40625, 6.305808773635155e-16]}, 1292312], [0.37751067052804127, {"__complex__": [76701.2890625, 1.4020304277563545e-15]}, 1328534], [0.3825116981355865, {"__complex__": [76697.8359375, -1.2813092539406423e-16]}, 1362848], [0.3875116125361288, {"__complex__": [76315.4296875, 