{"poles": {"dims": ["k"], "edges": [{"__dtype__": "<f8", "__shape__": [94], "__data__": [0.0, 0.005, 0.01, 0.015, 0.02, 0.025, 0.03, 0.035, 0.04, 0.045, 0.05, 0.055, 0.06, 0.065, 0.07, 0.075, 0.08, 0.085, 0.09, 0.095, 0.1, 0.105, 0.11, 0.115, 0.12, 0.125, 0.13, 0.135, 0.14, 0.145, 0.15, 0.155, 0.16, 0.165, 0.17, 0.17500000000000002, 0.18, 0.185, 0.19, 0.195, 0.2, 0.20500000000000002, 0.21, 0.215, 0.22, 0.225, 0.23, 0.23500000000000001, 0.24, 0.245, 0.25, 0.255, 0.26, 0.265, 0.27, 0.275, 0.28, 0.28500000000000003, 0.29, 0.295, 0.3, 0.305, 0.31, 0.315, 0.32, 0.325, 0.33, 0.335, 0.34, 0.34500000000000003, 0.35000000000000003, 0.355, 0.36, 0.365, 0.37, 0.375, 0.38, 0.385, 0.39, 0.395, 0.4, 0.405, 0.41000000000000003, 0.41500000000000004, 0.42, 0.425, 0.43, 0.435, 0.44, 0.445, 0.45, 0.455, 0.46, 0.465]}], "coords": [{"__dtype__": "<f8", "__shape__": [93], "__data__": [0.0025, 0.0075, 0.0125, 0.0175, 0.0225, 0.0275, 0.0325, 0.037500000000000006, 0.042499999999999996, 0.0475, 0.052500000000000005, 0.057499999999999996, 0.0625, 0.0675, 0.07250000000000001, 0.0775, 0.0825, 0.0875, 0.0925, 0.0975, 0.10250000000000001, 0.1075, 0.1125, 0.1175, 0.1225, 0.1275, 0.1325, 0.1375, 0.14250000000000002, 0.1475, 0.1525, 0.1575, 0.1625, 0.1675, 0.17250000000000001, 0.1775, 0.1825, 0.1875, 0.1925, 0.1975, 0.2025, 0.20750000000000002, 0.2125, 0.2175, 0.2225, 0.2275, 0.2325, 0.2375, 0.2425, 0.2475, 0.2525, 0.2575, 0.2625, 0.2675, 0.2725, 0.2775, 0.28250000000000003, 0.2875, 0.2925, 0.2975, 0.3025, 0.3075, 0.3125, 0.3175, 0.3225, 0.3275, 0.3325, 0.3375, 0.3425, 0.34750000000000003, 0.35250000000000004, 0.3575, 0.3625, 0.3675, 0.3725, 0.3775, 0.3825, 0.3875, 0.3925, 0.3975, 0.4025, 0.40750000000000003, 0.41250000000000003, 0.4175, 0.4225, 0.4275, 0.4325, 0.4375, 0.4425, 0.4475, 0.4525, 0.4575, 0.4625]}], "data": {"__dtype__": [["k", "<f8"], ["power_2", "<c8"], ["modes", "<i8"]], "__shape__": [93], "__data__": [[0.0037081367915242675, {"__complex__": [-7622.29443359375, -6.095043090029173e-13]}, 191], [0.008018577791264523, {"__complex__": [502.7908020019531, -1.0544866303925648e-13]}, 1380], [0.012844085612331841, {"__complex__": [25866.283203125, 1.1579773869386384e-13]}, 3770], [0.01775141230162106, {"__complex__": [27560.3515625, -1.2835206801477955e-13]}, 7256], [0.022691010615224643, {"__complex__": [29111.7890625, 1.1631838612961853e-13]}, 12010], [0.027661296094027222, {"__complex__": [15318.693359375, 1.8185835324625865e-13]}, 17924], [0.03263163473973046, {"__complex__": [10351.029296875, -5.608124845047323e-14]}, 24910], [0.03760885918999335, {"__complex__": [2871.796875, 0.0]}, 33240], [0.04258994605322728, {"__complex__": [10879.7578125, 7.657822943471504e-14]}, 42566], [0.047583805693835864, {"__complex__": [12904.6611328125, 7.510244731884566e-14]}, 53478], [0.052589415944125126, {"__complex__": [9156.9765625, 3.567848124688862e-14]}, 65258], [0.057576993125266096, {"__complex__": [10168.4931640625, -4.7890294160857216e-14]}, 77788], [0.0625679362273907, {"__complex__": [5174.76171875, 6.045063402756665e-14]}, 92438], [0.06756372941029527, {"__complex__": [7731.75537109375, -3.4682255304436735e-14]}, 107412], [0.07255867544245412, {"__complex__": [3739.9541015625, -3.748018300613661e-15]}, 124242], [0.07755343255815964, {"__complex__": [263.84783935546875, -6.578623686385662e-15]}, 141568], [0.08254944316463679, {"__complex__": [3366.324462890625, -4.052097877073682e-14]}, 160886], [0.0875469705282893, {"__complex__": [7624.45068359375, -2.7081728718836122e-14]}, 180544], [0.09254207143002044, {"__complex__": [4290.8623046875, 1.6136457065842567e-14]}, 202004], [0.09754200795670145, {"__complex__": [784.7578735351562, 4.147728066225282e-15]}, 224538], [0.10254171329034444, {"__complex__": [-1200.329345703125, -1.8773789014808924e-14]}, 248038], [0.10754099109209159, {"__complex__": [-608.896484375, -1.0238964759596084e-14]}, 272876], [0.11253870054955198, {"__complex__": [6.897053241729736, 1.55951318617795e-14]}, 298594], [0.11753608765430268, {"__complex__": [-1232.1455078125, 2.000287786698817e-14]}, 325916], [0.12253572907412832, {"__complex__": [-1999.5570068359375, 2.628374787307379e-15]}, 354334], [0.1275331697481456, {"__complex__": [591.6812744140625, 2.428962690974746e-15]}, 383424], [0.13252928315027618, {"__complex__": [1710.4371337890625, -4.4966446541218515e-15]}, 414230], [0.13752809598823948, {"__complex__": [3076.98486328125, 6.2593087824132625e-15]}, 446370], [0.1425292748907053, {"__complex__": [2973.98583984375, 1.165226210197946e-14]}, 479558], [0.14752984329410787, {"__complex__": [694.35498046875, -9.067814866833162e-16]}, 513532], [0.15252898535896237, {"__complex__": [1375.16015625, 3.393229021535541e-15]}, 548930], [0.15752847498756622, {"__complex__": [-160.59149169921875, -9.543086535845208e-15]}, 585548], [0.16252705956276423, {"__complex__": [-56.49613571166992, 2.2420115080874076e-15]}, 623094], [0.16752723347134682, {"__complex__": [1510.3507080078125, 2.811030666119191e-15]}, 662620], [0.17252557298757182, {"__complex__": [1555.9630126953125, 0.0]}, 701674], [0.1775232051718564, {"__complex__": [1160.8529052734375, 8.765223993129588e-15]}, 743764], [0.1825215844754662, {"__complex__": [1509.511962890625, 9.483695126682578e-15]}, 785620], [0.18752064712987349, {"__complex__": [-275.5388488769531, 1.121940243142762e-15]}, 830100], [0.19252067437217257, {"__complex__": [201.49317932128906, 1.065077121448568e-15]}, 874418], [0.19751987908784707, {"__complex__": [-294.3923034667969, 1.0115572387971866e-14]}, 920682], [0.20251936794243589, {"__complex__": [-264.9669189453125, -9.623904490441582e-15]}, 967718], [0.20751955964231095, {"__complex__": [-1459.5400390625, -9.161439536075548e-16]}, 1016568], [0.2125192859071403, {"__complex__": [-927.3998413085938, 0.0]}, 1065478], [0.21751870204394746, {"__complex__": [-1200.2227783203125, 1.2509930183161248e-15]}, 1116700], [0.22251763655620238, {"__complex__": [-774.8953247070312, 2.790955138236317e-15]}, 1167926], [0.2275173612096972, {"__complex__": [21.037607192993164, -7.240031057315077e-15]}, 1222034], [0.23251753944930767, {"__complex__": [-730.7963256835938, 2.555421321868024e-15]}, 1275574], [0.237518608068736, {"__complex__": [251.7022247314453, 5.5925718801797236e-15]}, 1332228], [0.24251933382685822, {"__complex__": [-602.6243286132812, 2.6847507591777836e-15]}, 1387574], [0.2475188275283454, {"__complex__": [336.34771728515625, -2.5762655321505314e-15]}, 1446004], [0.2525176353551358, {"__complex__": [114.81502532958984, 3.715377462474743e-15]}, 1504002], [0.25751592740199597, {"__complex__": [332.39068603515625, -1.1903498003365716e-15]}, 1564788], [0.2625152321376914, {"__complex__": [429.91693115234375, -3.4363737034951228e-15]}, 1626114], [0.2675142035428968, {"__complex__": [3.7757222652435303, 4.412585951469282e-15]}, 1688484], [0.27251407722071946, {"__complex__": [-129.3346405029297, -1.0625956325504681e-15]}, 1752920], [0.277514999580621, {"__complex__": [-563.8771362304688, 2.0492363384129854e-15]}, 1817892], [0.28251513318998955, {"__complex__": [-836.4794921875, -5.439546484412288e-15]}, 1883346], [0.2875150555774266, {"__complex__": [33.67528533935547, 1.4319961240896067e-15]}, 1951100], [0.2925143032383768, {"__complex__": [217.29293823242188, -3.921832426005559e-15]}, 2018506], [0.2975129983065177, {"__complex__": [-1362.79150390625, 1.5606481467997997e-15]}, 2088638], [0.30251265006104155, {"__complex__": [-1112.5289306640625, 4.3121737954623105e-16]}, 2159752], [0.3075131135075962, {"__complex__": [131.73922729492188, -1.6689994367422674e-15]}, 2232050], [0.31251255553945134, {"__complex__": [360.0491943359375, 0.0]}, 2304048], [0.3175120364779517, {"__complex__": [225.68357849121094, -6.360017294072655e-16]}, 2379552], [0.3225126598898453, {"__complex__": [-1092.7410888671875, -2.276167052894253e-15]}, 2454976], [0.3275133985704822, {"__complex__": [-779.3972778320312, 5.517344448914346e-16]}, 2531986], [0.33251410375899365, {"__complex__": 