{"poles": {"dims": ["k"], "edges": [{"__dtype__": "<f8", "__shape__": [94], "__data__": [0.0, 0.005, 0.01, 0.015, 0.02, 0.025, 0.03, 0.035, 0.04, 0.045, 0.05, 0.055, 0.06, 0.065, 0.07, 0.075, 0.08, 0.085, 0.09, 0.095, 0.1, 0.105, 0.11, 0.115, 0.12, 0.125, 0.13, 0.135, 0.14, 0.145, 0.15, 0.155, 0.16, 0.165, 0.17, 0.17500000000000002, 0.18, 0.185, 0.19, 0.195, 0.2, 0.20500000000000002, 0.21, 0.215, 0.22, 0.225, 0.23, 0.23500000000000001, 0.24, 0.245, 0.25, 0.255, 0.26, 0.265, 0.27, 0.275, 0.28, 0.28500000000000003, 0.29, 0.295, 0.3, 0.305, 0.31, 0.315, 0.32, 0.325, 0.33, 0.335, 0.34, 0.34500000000000003, 0.35000000000000003, 0.355, 0.36, 0.365, 0.37, 0.375, 0.38, 0.385, 0.39, 0.395, 0.4, 0.405, 0.41000000000000003, 0.41500000000000004, 0.42, 0.425, 0.43, 0.435, 0.44, 0.445, 0.45, 0.455, 0.46, 0.465]}], "coords": [{"__dtype__": "<f8", "__shape__": [93], "__data__": [0.0025, 0.0075, 0.0125, 0.0175, 0.0225, 0.0275, 0.0325, 0.037500000000000006, 0.042499999999999996, 0.0475, 0.052500000000000005, 0.057499999999999996, 0.0625, 0.0675, 0.07250000000000001, 0.0775, 0.0825, 0.0875, 0.0925, 0.0975, 0.10250000000000001, 0.1075, 0.1125, 0.1175, 0.1225, 0.1275, 0.1325, 0.1375, 0.14250000000000002, 0.1475, 0.1525, 0.1575, 0.1625, 0.1675, 0.17250000000000001, 0.1775, 0.1825, 0.1875, 0.1925, 0.1975, 0.2025, 0.20750000000000002, 0.2125, 0.2175, 0.2225, 0.2275, 0.2325, 0.2375, 0.2425, 0.2475, 0.2525, 0.2575, 0.2625, 0.2675, 0.2725, 0.2775, 0.28250000000000003, 0.2875, 0.2925, 0.2975, 0.3025, 0.3075, 0.3125, 0.3175, 0.3225, 0.3275, 0.3325, 0.3375, 0.3425, 0.34750000000000003, 0.35250000000000004, 0.3575, 0.3625, 0.3675, 0.3725, 0.3775, 0.3825, 0.3875, 0.3925, 0.3975, 0.4025, 0.40750000000000003, 0.41250000000000003, 0.4175, 0.4225, 0.4275, 0.4325, 0.4375, 0.4425, 0.4475, 0.4525, 0.4575, 0.4625]}], "data": {"__dtype__": [["k", "<f8"], ["power_0", "<c8"], ["modes", "<i8"]], "__shape__": [93], "__data__": [[0.0037081367915242675, {"__complex__": [86712.5625, 6.095043090029173e-13]}, 191], [0.008018577791264523, {"__complex__": [110360.65625, 1.687178635733158e-13]}, 1380], [0.012844085612331841, {"__complex__": [107251.328125, -9.263818417882749e-14]}, 3770], [0.01775141230162106, {"__complex__": [108484.109375, 3.208801700369489e-14]}, 7256], [0.022691010615224643, {"__complex__": [111352.1796875, 4.846599704411755e-15]}, 12010], [0.027661296094027222, {"__complex__": [107728.453125, 1.2989882132723347e-14]}, 17924], [0.03263163473973046, {"__complex__": [109485.515625, -4.673437370872769e-15]}, 24910], [0.03760885918999335, {"__complex__": [102269.2109375, -1.5760196560342735e-14]}, 33240], [0.04258994605322728, {"__complex__": [98154.75, -2.7349368260278905e-15]}, 42566], [0.047583805693835864, {"__complex__": [98132.3359375, -1.7415060075986512e-14]}, 53478], [0.052589415944125126, {"__complex__": [91445.90625, -3.567848463502041e-15]}, 65258], [0.057576993125266096, {"__complex__": [90857.2890625, 1.0476001847687516e-14]}, 77788], [0.0625679362273907, {"__complex__": [90868.3984375, 3.7781646267229154e-15]}, 92438], [0.06756372941029527, {"__complex__": [90298.7109375, -8.670563826109184e-15]}, 107412], [0.07255867544245412, {"__complex__": [89059.546875, 1.0307050114929332e-14]}, 124242], [0.07755343255815964, {"__complex__": [88002.5625, 3.700475611833698e-15]}, 141568], [0.08254944316463679, {"__complex__": [86023.9609375, -8.683066879443604e-15]}, 160886], [0.0875469705282893, {"__complex__": [86293.7578125, -4.110619552806071e-15]}, 180544], [0.09254207143002044, {"__complex__": [84916.7265625, -6.339322479226219e-15]}, 202004], [0.09754200795670145, {"__complex__": [85423.984375, 5.184660082781603e-16]}, 224538], [0.10254171329034444, {"__complex__": [84306.890625, 1.877378859129245e-15]}, 248038], [0.10754099109209159, {"__complex__": [83791.0390625, 5.119482379798042e-15]}, 272876], [0.11253870054955198, {"__complex__": [84002.4765625, 2.3392697369152777e-15]}, 298594], [0.11753608765430268, {"__complex__": [82742.265625, 0.0]}, 325916], [0.12253572907412832, {"__complex__": [82350.3828125, 1.6427343214764508e-15]}, 354334], [0.1275331697481456, {"__complex__": [82709.8203125, 1.214481345487373e-15]}, 383424], [0.13252928315027618, {"__complex__": [81554.8125, 2.8104030147052756e-15]}, 414230], [0.13752809598823948, {"__complex__": [81327.59375, 7.0417224331544796e-15]}, 446370], [0.1425292748907053, {"__complex__": [81895.1015625, 9.710218418316216e-16]}, 479558], [0.14752984329410787, {"__complex__": [81125.4375, 2.9470395934927613e-15]}, 513532], [0.15252898535896237, {"__complex__": [81317.2578125, 0.0]}, 548930], [0.15752847498756622, {"__complex__": [81106.3125, -1.5905145285199864e-15]}, 585548], [0.16252705956276423, {"__complex__": [80323.7734375, 7.4733711642291e-16]}, 623094], [0.16752723347134682, {"__complex__": [79363.875, 1.0541365262644762e-15]}, 662620], [0.17252557298757182, {"__complex__": [80301.8203125, -7.465987683907003e-16]}, 701674], [0.1775232051718564, {"__complex__": [80472.53125, -1.8782623144932313e-15]}, 743764], [0.1825215844754662, {"__complex__": [78900.234375, -2.9636547270883056e-16]}, 785620], [0.18752064712987349, {"__complex__": [78899.453125, 8.414551823570716e-16]}, 830100], [0.19252067437217257, {"__complex__": [79123.109375, 7.988078146166464e-16]}, 874418], [0.19751987908784707, {"__complex__": [79009.4453125, 0.0]}, 920682], [0.20251936794243589, {"__complex__": [78743.6015625, -6.014940306525989e-16]}, 967718], [0.20751955964231095, {"__complex__": [79122.1328125, 3.4355396936794325e-16]}, 1016568], [0.2125192859071403, {"__complex__": [79247.1171875, -1.3111334163623642e-15]}, 1065478], [0.21751870204394746, {"__complex__": [79261.4765625, -1.459491766469547e-15]}, 1116700], [0.22251763655620238, {"__complex__": [78569.3984375, 9.967696317249026e-16]}, 1167926], [0.2275173612096972, {"__complex__": [77949.6953125, -2.2863257307889108e-15]}, 1222034], [0.23251753944930767, {"__complex__": [78846.7578125, -1.3689757081435843e-16]}, 1275574], [0.237518608068736, {"__complex__": [77915.8125, -1.3107590277996778e-15]}, 1332228], [0.24251933382685822, {"__complex__": [78105.109375, -1.6779692244861148e-16]}, 1387574], [0.2475188275283454, {"__complex__": [77825.7890625, 6.440663830376329e-16]}, 1446004], [0.2525176353551358, {"__complex__": [77692.34375, 1.083651812828026e-15]}, 1504002], [0.25751592740199597, {"__complex__": [77648.109375, 1.7855247005048574e-15]}, 1564788], [0.2625152321376914, {"__complex__": [77525.34375, -9.664801570475625e-16]}, 1626114], [0.2675142035428968, {"__complex__": [78130.1328125, 1.3789331098341506e-15]}, 1688484], [0.27251407722071946, {"__complex__": [77645.1875, -5.312978162752341e-16]}, 1752920], [0.277514999580621, {"__complex__": [77971.4765625, -1.4728886513215578e-15]}, 1817892], [0.28251513318998955, {"__complex__": [77603.6875, 0.0]}, 1883346], [0.2875150555774266, {"__complex__": [77560.0390625, 3.8037398865927525e-16]}, 1951100], [0.2925143032383768, {"__complex__": [77878.578125, 2.076264100968686e-15]}, 2018506], [0.2975129983065177, {"__complex__": [77714.0, 0.0]}, 2088638], [0.30251265006104155, {"__complex__": [77715.140625, -2.1560868977311552e-16]}, 2159752], [0.3075131135075962, {"__complex__": [77652.2421875, 0.0]}, 2232050], [0.31251255553945134, {"__complex__": [77995.1875, 4.042114545587018e-16]}, 2304048], [0.3175120364779517, {"__complex__": [78259.8359375, -3.913856816713772e-16]}, 2379552], [0.3225126598898453, {"__complex__": [77769.2578125, 0.0]}, 2454976], [0.3275133985704822, {"__complex__": [77642.9375, -1.6552032817347445e-15]}, 2531986], [0.33251410375899365, {"__complex__": [77618.8671875, 3.568947647569781e-16]}, 2609516], [0.3375135412275565, {"__complex__": [77405.3359375, 2.815485900603071e-16]}, 2687634], [0.34251245849241974, {"__complex__": [77101.375, 1.345750488246345e-15]}, 2768188], [0.3475114266102975, {"__complex__": [77192.359375, 3.268516443183909e-16]}, 2849374], [0.3525113295973211, {"__complex__": [77158.375, 