{"poles": {"dims": ["k"], "edges": [{"__dtype__": "<f8", "__shape__": [86], "__data__": [0.0, 0.005, 0.01, 0.015, 0.02, 0.025, 0.03, 0.035, 0.04, 0.045, 0.05, 0.055, 0.06, 0.065, 0.07, 0.075, 0.08, 0.085, 0.09, 0.095, 0.1, 0.105, 0.11, 0.115, 0.12, 0.125, 0.13, 0.135, 0.14, 0.145, 0.15, 0.155, 0.16, 0.165, 0.17, 0.17500000000000002, 0.18, 0.185, 0.19, 0.195, 0.2, 0.20500000000000002, 0.21, 0.215, 0.22, 0.225, 0.23, 0.23500000000000001, 0.24, 0.245, 0.25, 0.255, 0.26, 0.265, 0.27, 0.275, 0.28, 0.28500000000000003, 0.29, 0.295, 0.3, 0.305, 0.31, 0.315, 0.32, 0.325, 0.33, 0.335, 0.34, 0.34500000000000003, 0.35000000000000003, 0.355, 0.36, 0.365, 0.37, 0.375, 0.38, 0.385, 0.39, 0.395, 0.4, 0.405, 0.41000000000000003, 0.41500000000000004, 0.42, 0.425]}], "coords": [{"__dtype__": "<f8", "__shape__": [85], "__data__": [0.0025, 0.0075, 0.0125, 0.0175, 0.0225, 0.0275, 0.0325, 0.037500000000000006, 0.042499999999999996, 0.0475, 0.052500000000000005, 0.057499999999999996, 0.0625, 0.0675, 0.07250000000000001, 0.0775, 0.0825, 0.0875, 0.0925, 0.0975, 0.10250000000000001, 0.1075, 0.1125, 0.1175, 0.1225, 0.1275, 0.1325, 0.1375, 0.14250000000000002, 0.1475, 0.1525, 0.1575, 0.1625, 0.1675, 0.17250000000000001, 0.1775, 0.1825, 0.1875, 0.1925, 0.1975, 0.2025, 0.20750000000000002, 0.2125, 0.2175, 0.2225, 0.2275, 0.2325, 0.2375, 0.2425, 0.2475, 0.2525, 0.2575, 0.2625, 0.2675, 0.2725, 0.2775, 0.28250000000000003, 0.2875, 0.2925, 0.2975, 0.3025, 0.3075, 0.3125, 0.3175, 0.3225, 0.3275, 0.3325, 0.3375, 0.3425, 0.34750000000000003, 0.35250000000000004, 0.3575, 0.3625, 0.3675, 0.3725, 0.3775, 0.3825, 0.3875, 0.3925, 0.3975, 0.4025, 0.40750000000000003, 0.41250000000000003, 0.4175, 0.4225]}], "data": {"__dtype__": [["k", "<f8"], ["power_2", "<c8"], ["modes", "<i8"]], "__shape__": [85], "__data__": [[0.003785962175218714, {"__complex__": [3906.748046875, 0.0]}, 223], [0.008055650047333739, {"__complex__": [37050.69921875, 4.607466751876954e-13]}, 1516], [0.012838659412058445, {"__complex__": [42112.0234375, 9.1610123350086e-14]}, 4130], [0.017758445021159877, {"__complex__": [17874.84375, 2.1670760279031247e-14]}, 8058], [0.022686221993372543, {"__complex__": [33386.015625, -1.242426029678806e-13]}, 13118], [0.02764503576190599, {"__complex__": [14627.154296875, 4.1190216114230654e-14]}, 19784], [0.032626124011193657, {"__complex__": [20860.787109375, -9.31932550335586e-14]}, 27482], [0.03761517664423396, {"__complex__": [10165.443359375, 6.327951485425804e-15]}, 36794], [0.042612076216348424, {"__complex__": [9303.9873046875, 2.9685164103319256e-14]}, 47060], [0.04758810749327745, {"__complex__": [8877.6142578125, 4.181441840998487e-14]}, 58466], [0.05257639262811682, {"__complex__": [4820.6171875, -1.2946903680979664e-14]}, 71934], [0.057576644294676294, {"__complex__": [5273.77099609375, 5.408628511288085e-15]}, 86096], [0.06257060468948772, {"__complex__": [7017.82958984375, -2.0611372783768504e-14]}, 101666], [0.06756431050677218, {"__complex__": [7409.76904296875, -7.859660222187068e-15]}, 118494], [0.07255460479533274, {"__complex__": [7081.7275390625, -9.375273215368133e-15]}, 136590], [0.07755203808236072, {"__complex__": [2136.32275390625, 5.9495742445907825e-15]}, 156536], [0.08254994891496988, {"__complex__": [5744.18896484375, -1.1845806589328225e-14]}, 176896], [0.0875465852208996, {"__complex__": [7218.75732421875, 1.45957024407211e-14]}, 199400], [0.09254606261661012, {"__complex__": [2799.952392578125, 1.2552758074798557e-14]}, 222578], [0.09754095165434574, {"__complex__": [2475.7626953125, -7.537716551462865e-15]}, 247110], [0.10253878096196406, {"__complex__": [1432.1307373046875, 1.19172461951326e-14]}, 273522], [0.1075376536617221, {"__complex__": [2889.199462890625, 3.0989543173081096e-15]}, 300528], [0.11253874421958751, {"__complex__": [1350.3509521484375, -3.529598149669931e-15]}, 329826], [0.11753930483919833, {"__complex__": [2180.673828125, 7.78515520414658e-15]}, 358884], [0.12253435939470513, {"__complex__": [1665.131591796875, -1.1933546497169562e-15]}, 390212], [0.1275324928771181, {"__complex__": [488.5164489746094, 4.403332963553476e-15]}, 423008], [0.13253098558293935, {"__complex__": [-398.74591064453125, 7.522214154462217e-15]}, 456548], [0.1375294182229233, {"__complex__": [527.3366088867188, 1.2304558786528207e-14]}, 491980], [0.14252928720123362, {"__complex__": [799.0259399414062, 7.933502013429856e-15]}, 528260], [0.14752710781464048, {"__complex__": [-710.7178344726562, 2.263488451981514e-15]}, 565750], [0.15252590457329984, {"__complex__": [1231.858642578125, 3.8477026435607044e-15]}, 605116], [0.15752627544450365, {"__complex__": [-625.5665283203125, -5.77176042962195e-15]}, 645434], [0.1625268432433497, {"__complex__": [1010.9910888671875, 4.0653130310068595e-15]}, 687270], [0.16752762298865234, {"__complex__": [29.32510757446289, 0.0]}, 729932], [0.17252411279445126, {"__complex__": [-159.57040405273438, -1.8067841686897563e-15]}, 773188], [0.17752203527930777, {"__complex__": [-421.60601806640625, -5.110766834287269e-15]}, 820024], [0.18252363779831107, {"__complex__": [-374.6203918457031, 1.0745591258974879e-15]}, 866702], [0.18752234050808908, {"__complex__": [-1374.6053466796875, 1.0188655449452151e-15]}, 914078], [0.19252201016210274, {"__complex__": [-949.91259765625, -3.862734090242679e-15]}, 964418], [0.19752271477956754, {"__complex__": [-797.701416015625, 0.0]}, 1014810], [0.20252178570627094, {"__complex__": [-362.186767578125, 7.641436794645338e-16]}, 1066432], [0.20751974798690762, {"__complex__": [-389.48822021484375, 6.65504935163405e-15]}, 1119538], [0.2125197454352182, {"__complex__": [573.0693969726562, 1.0893950138477653e-15]}, 1175486], [0.2175192296548309, {"__complex__": [-896.1737060546875, -3.7869231062162025e-16]}, 1229656], [0.22251681667262319, {"__complex__": [-81.66090393066406, 7.593824860921937e-15]}, 1287742], [0.22751746426403283, {"__complex__": [-28.464576721191406, -1.3829024121041027e-15]}, 1346910], [0.23251730364615478, {"__complex__": [-605.1954956054688, 2.650252377785537e-15]}, 1405636], [0.23751678657474465, {"__complex__": [-912.1550903320312, 2.5379713843634013e-15]}, 1467822], [0.2425174971485461, {"__complex__": [-1023.448486328125, -1.5220374733881925e-16]}, 1529730], [0.24751707342858845, {"__complex__": [-428.3019714355469, 8.767083230448811e-16]}, 1593442], [0.2525171832510974, {"__complex__": [-848.4010620117188, 2.8071908010714912e-16]}, 1658816], [0.2575157181508458, {"__complex__": [-82.61397552490234, 5.403394165311409e-16]}, 1723588], [0.2625146768272274, {"__complex__": [114.24468994140625, 5.193715923778935e-16]}, 1793172], [0.2675153728644548, {"__complex__": [219.48548889160156, -1.2508845980988763e-15]}, 1861328], [0.2725140790996068, {"__complex__": [28.940065383911133, 1.2058140808545934e-15]}, 1930900], [0.2775148647609448, {"__complex__": [-488.26947021484375, -2.5552218456089456e-15]}, 2004630], [0.28251520974118804, {"__complex__": [-204.37619018554688, -5.610636657724934e-16]}, 2074904], [0.28751406015515885, {"__complex__": [589.435791015625, -1.0826642782906458e-15]}, 2150534], [0.29251361364437867, {"__complex__": [-795.3193359375, -2.09307796966948e-16]}, 2224768], [0.2975131524186939, {"__complex__": [-486.52587890625, 2.1737158768250038e-15]}, 2302904], [0.3025147259314174, {"__complex__": [-749.9224243164062, 1.173251805021533e-15]}, 2381388], [0.3075149652713783, {"__complex__": [-567.4483642578125, 1.8937326036512226e-16]}, 2458960], [0.31251335064096714, {"__complex__": [-710.43310546875, -1.9939843792635874e-15]}, 2539672], [0.31751349612987984, {"__complex__": [-900.9470825195312, -1.7752273209650869e-15]}, 2623108], [0.32251268944270295, {"__complex__": [-627.1822509765625, 0.0]}, 2704034], [0.32751171630842707, {"__complex__": [-81.50711059570312, 3.337461219321265e-15]}, 2790512], [0.33251237563902225, {"__complex__": [145.48146057128906, 1.6190437893235933e-16]}, 2876150], [0.3375123279265873, {"__complex__": [-211.57107543945312, 