{"edges": {"__dtype__": "<f8", "__shape__": [128], "__data__": [0.0, 0.005, 0.01, 0.015, 0.02, 0.025, 0.03, 0.035, 0.04, 0.045, 0.05, 0.055, 0.06, 0.065, 0.07, 0.075, 0.08, 0.085, 0.09, 0.095, 0.1, 0.105, 0.11, 0.115, 0.12, 0.125, 0.13, 0.135, 0.14, 0.145, 0.15, 0.155, 0.16, 0.165, 0.17, 0.17500000000000002, 0.18, 0.185, 0.19, 0.195, 0.2, 0.20500000000000002, 0.21, 0.215, 0.22, 0.225, 0.23, 0.23500000000000001, 0.24, 0.245, 0.25, 0.255, 0.26, 0.265, 0.27, 0.275, 0.28, 0.28500000000000003, 0.29, 0.295, 0.3, 0.305, 0.31, 0.315, 0.32, 0.325, 0.33, 0.335, 0.34, 0.34500000000000003, 0.35000000000000003, 0.355, 0.36, 0.365, 0.37, 0.375, 0.38, 0.385, 0.39, 0.395, 0.4, 0.405, 0.41000000000000003, 0.41500000000000004, 0.42, 0.425, 0.43, 0.435, 0.44, 0.445, 0.45, 0.455, 0.46, 0.465, 0.47000000000000003, 0.47500000000000003, 0.48, 0.485, 0.49, 0.495, 0.5, 0.505, 0.51, 0.515, 0.52, 0.525, 0.53, 0.535, 0.54, 0.545, 0.55, 0.555, 0.56, 0.5650000000000001, 0.5700000000000001, 0.5750000000000001, 0.58, 0.585, 0.59, 0.595, 0.6, 0.605, 0.61, 0.615, 0.62, 0.625, 0.63, 0.635]}, "poles": {"__dtype__": [["k", "<f8"], ["power_0", "<c8"], ["modes", "<i8"]], "__shape__": [127], "__data__": [[0.0037537781648676505, {"__complex__": [106754.8203125, 1.8898591188070551e-13]}, 77], [0.008050398333474014, {"__complex__": [149422.390625, -3.983188561970663e-13]}, 548], [0.012848609532355457, {"__complex__": [112931.6953125, 1.5731800627818981e-13]}, 1480], [0.017751579213119567, {"__complex__": [109484.3984375, -4.0534582119869725e-14]}, 2872], [0.022691827324042853, {"__complex__": [109366.3359375, -1.229046924048358e-14]}, 4736], [0.027648005536595924, {"__complex__": [108460.078125, -1.6545668847056487e-14]}, 7036], [0.032612636555868525, {"__complex__": [105575.5703125, 2.0708153074255886e-14]}, 9838], [0.03761114292794433, {"__complex__": [102630.34375, -4.407000277401908e-14]}, 13208], [0.04261303922036164, {"__complex__": [98452.265625, 2.071692833558944e-14]}, 16858], [0.04760505554480107, {"__complex__": [97245.046875, 8.283822981952974e-15]}, 21080], [0.05259133615803475, {"__complex__": [100063.2109375, -2.0728415796420104e-14]}, 25624], [0.05756841184374016, {"__complex__": [96180.4140625, 6.6300055519990554e-15]}, 30728], [0.06256248327880025, {"__complex__": [92542.2890625, 0.0]}, 36498], [0.06756661487904435, {"__complex__": [92454.6953125, -1.505559389723514e-14]}, 42528], [0.07257304507008182, {"__complex__": [93257.578125, 2.042810365310288e-14]}, 49152], [0.07756473030387098, {"__complex__": [89780.09375, -2.088391918707473e-15]}, 55744], [0.08254764044823601, {"__complex__": [90515.6171875, -5.513307384008613e-15]}, 63346], [0.08754405971893497, {"__complex__": [89302.1953125, 2.8537963008348766e-15]}, 71388], [0.09254365223263855, {"__complex__": [89270.015625, -4.378600872043071e-15]}, 79762], [0.09754150838846357, {"__complex__": [87624.765625, 1.3144767612842953e-15]}, 88564], [0.10254123052801507, {"__complex__": [87109.953125, -3.5641706464450626e-15]}, 97988], [0.10754181638082774, {"__complex__": [87007.3125, -6.485051533186006e-15]}, 107708], [0.11254085353408888, {"__complex__": [86598.453125, 1.3817607810977933e-14]}, 117952], [0.11753281793039293, {"__complex__": [84322.8828125, -2.26863243013063e-16]}, 128288], [0.12252442444514552, {"__complex__": [84079.140625, 9.161969990458766e-15]}, 139770], [0.12753052839909865, {"__complex__": [83835.4375, 4.788515267086738e-15]}, 151946], [0.13253665927256145, {"__complex__": [83450.8984375, -7.650381250810107e-15]}, 163582], [0.13753197887556465, {"__complex__": [83385.921875, 4.6317337037147036e-15]}, 175940], [0.1425260716253757, {"__complex__": [82155.3828125, -4.9259645739871145e-15]}, 189064], [0.14752506711896965, {"__complex__": [81804.046875, 0.0]}, 202824], [0.1525272624752809, {"__complex__": [80987.0625, 7.517386913695814e-15]}, 216806], [0.15752484634575162, {"__complex__": [81336.140625, 3.2775152153364205e-15]}, 230876], [0.16252366735405163, {"__complex__": [82270.140625, 1.8911484384780478e-15]}, 246232], [0.1675242007800524, {"__complex__": [81612.03125, 2.4500987041075825e-15]}, 261330], [0.17252326579974073, {"__complex__": [80048.140625, -8.816798135222008e-15]}, 277280], [0.17752110470595878, {"__complex__": [80830.0390625, 2.1332753475495313e-15]}, 293320], [0.1825207522633753, {"__complex__": [81102.5703125, -1.124517764401257e-15]}, 310574], [0.18752231962759572, {"__complex__": [80741.0546875, -1.0662045223013635e-15]}, 327560], [0.19252167162300435, {"__complex__": [80229.4765625, -1.1801083249713198e-15]}, 345268], [0.19752225984779248, {"__complex__": [80085.6875, -2.401676159853659e-16]}, 363544], [0.20251992290984697, {"__complex__": [80109.1796875, -7.625590925784578e-16]}, 381660], [0.20751551078768798, {"__complex__": [80003.203125, 2.904182690977009e-16]}, 400854], [0.21251512379553542, {"__complex__": [79923.921875, -5.530287641743984e-16]}, 421010], [0.21751870975885984, {"__complex__": [79654.546875, -5.27769182896091e-16]}, 441160], [0.2225209082741387, {"__complex__": [79637.1015625, -4.164035144525822e-15]}, 461296], [0.22752039891934017, {"__complex__": [79594.53125, -1.9314352312735936e-15]}, 482192], [0.23252118259031918, {"__complex__": [79781.3359375, -2.3104695579174474e-15]}, 503860], [0.23751936566507853, {"__complex__": [78792.9765625, 0.0]}, 525024], [0.24251707186595864, {"__complex__": [79223.1953125, 1.274727305014664e-15]}, 547954], [0.24751627666670906, {"__complex__": [79685.8515625, -4.0808533327318973e-16]}, 570544], [0.2525167544702008, {"__complex__": [79484.046875, 9.793103768578602e-17]}, 594374], [0.25751857595461863, {"__complex__": [79353.5703125, -2.449262259072169e-15]}, 617900], [0.2625190906945416, {"__complex__": [79458.84375, -1.0878140268517152e-15]}, 642106], [0.2675172479110602, {"__complex__": [78892.2890625, -1.572915513216647e-15]}, 666112], [0.272514629608296, {"__complex__": [78794.609375, -2.524234151085272e-16]}, 691786], [0.27751615229387816, {"__complex__": [78996.0078125, -2.107810149023278e-15]}, 717996], [0.28251644607381426, {"__complex__": [78725.921875, 9.399044983274588e-16]}, 743152], [0.2875152531419474, {"__complex__": [79024.4296875, -1.813812424569599e-15]}, 770192], [0.2925134012698469, {"__complex__": [78393.234375, -3.654286058186974e-15]}, 796430], [0.2975118362281548, {"__complex__": [78515.9140625, 7.057013707193025e-16]}, 824820], [0.3025125080826814, {"__complex__": [78581.5, -1.2459971121141005e-15]}, 852562], [0.30751063191170563, {"__complex__": [78240.7265625, -1.3223424151116172e-15]}, 880372], [0.3125111278203564, {"__complex__": [78411.421875, -6.3918667916806e-16]}, 910652], [0.31751269361539736, {"__complex__": [78606.03125, -1.7356990461738072e-15]}, 938996], [0.3225130904459611, {"__complex__": [78701.7890625, 3.602880846227972e-16]}, 969352], [0.32751158760760724, {"__complex__": [78608.9921875, 1.0494758333513278e-15]}, 998344], [0.3325089848249692, {"__complex__": [78668.4375, 0.0]}, 1029922], [0.33751027924368393, {"__complex__": [78243.9453125, -4.3850964500782093e-16]}, 1061918], [0.34251253316973607, {"__complex__": [78305.0, -2.1296680724551916e-16]}, 1093272], [0.34751415893089227, {"__complex__": [78516.46875, -2.48250300829598e-15]}, 1125464], [0.352514235068077, {"__complex__": [78336.1875, -5.029260771300368e-16]}, 1157380], [0.357512374484406, {"__complex__": [78198.828125, -1.7606495663054851e-15]}, 1190172], [0.3625118834929162, {"__complex__": [78470.0546875, -9.506007906807167e-17]}, 1224650], [0.3675116774700016, {"__complex__": [78488.84375, 2.776500150414508e-16]}, 1257864], [0.3725098709245497, {"__complex__": [78830.203125, -1.441327780190389e-15]}, 1292312], [0.37751067052804127, {"__complex__": [78715.0234375, -1.2267766639914796e-15]}, 1328534], [0.3825116981355865, {"__complex__": [78193.6328125, 3.416824765407645e-16]}, 1362848], [0.3875116125361288, {"__complex__": [78292.328125, -3.3280443305301654e-16]}, 1399204], [0.3925104655048909, {"__complex__": 