{"edges": {"__dtype__": "<f8", "__shape__": [116], "__data__": [0.0, 0.005, 0.01, 0.015, 0.02, 0.025, 0.03, 0.035, 0.04, 0.045, 0.05, 0.055, 0.06, 0.065, 0.07, 0.075, 0.08, 0.085, 0.09, 0.095, 0.1, 0.105, 0.11, 0.115, 0.12, 0.125, 0.13, 0.135, 0.14, 0.145, 0.15, 0.155, 0.16, 0.165, 0.17, 0.17500000000000002, 0.18, 0.185, 0.19, 0.195, 0.2, 0.20500000000000002, 0.21, 0.215, 0.22, 0.225, 0.23, 0.23500000000000001, 0.24, 0.245, 0.25, 0.255, 0.26, 0.265, 0.27, 0.275, 0.28, 0.28500000000000003, 0.29, 0.295, 0.3, 0.305, 0.31, 0.315, 0.32, 0.325, 0.33, 0.335, 0.34, 0.34500000000000003, 0.35000000000000003, 0.355, 0.36, 0.365, 0.37, 0.375, 0.38, 0.385, 0.39, 0.395, 0.4, 0.405, 0.41000000000000003, 0.41500000000000004, 0.42, 0.425, 0.43, 0.435, 0.44, 0.445, 0.45, 0.455, 0.46, 0.465, 0.47000000000000003, 0.47500000000000003, 0.48, 0.485, 0.49, 0.495, 0.5, 0.505, 0.51, 0.515, 0.52, 0.525, 0.53, 0.535, 0.54, 0.545, 0.55, 0.555, 0.56, 0.5650000000000001, 0.5700000000000001, 0.5750000000000001]}, "poles": {"__dtype__": [["k", "<f8"], ["power_2", "<c8"], ["modes", "<i8"]], "__shape__": [115], "__data__": [[0.0037054420134658554, {"__complex__": [24650.177734375, -1.4025941866280256e-12]}, 83], [0.008002706039259398, {"__complex__": [11643.966796875, -1.9532772209569782e-13]}, 596], [0.012849701484846114, {"__complex__": [20108.892578125, -1.4128073168827304e-13]}, 1648], [0.0177641384261076, {"__complex__": [21545.142578125, 7.884593043565313e-13]}, 3156], [0.022684229681789413, {"__complex__": [3648.826416015625, 2.0804515608093682e-13]}, 5176], [0.027646384376179004, {"__complex__": [9543.521484375, -1.1933913601248902e-13]}, 7804], [0.032636129245414154, {"__complex__": [6993.3525390625, 1.8735223604720436e-14]}, 10874], [0.037622935176432226, {"__complex__": [5919.55517578125, 0.0]}, 14442], [0.0426065943302704, {"__complex__": [4929.78466796875, 4.865286437074311e-14]}, 18544], [0.047584168879418735, {"__complex__": [-691.8204956054688, 8.084397544851421e-14]}, 23040], [0.052572163944886785, {"__complex__": [6878.88623046875, 0.0]}, 28366], [0.05756591012932392, {"__complex__": [8349.4921875, 1.376962847671366e-14]}, 33818], [0.06255885577973451, {"__complex__": [7804.11181640625, 6.889768110548847e-15]}, 40130], [0.06756290621144688, {"__complex__": [2696.438232421875, -3.976782079096082e-14]}, 46838], [0.07256050504780319, {"__complex__": [-19.24485969543457, 2.1628084218049733e-15]}, 53826], [0.0775516441986681, {"__complex__": [1500.9827880859375, 7.561400439701042e-15]}, 61584], [0.08254999402587553, {"__complex__": [1637.2938232421875, 6.665253557549622e-15]}, 69864], [0.08754547074829418, {"__complex__": [689.9203491210938, -4.1574779236679474e-14]}, 78404], [0.09254370656486871, {"__complex__": [334.42535400390625, -2.6487524941941863e-15]}, 87902], [0.09754153604884025, {"__complex__": [-2899.3134765625, 1.106609497368875e-14]}, 97310], [0.10253422913940137, {"__complex__": [1240.9801025390625, 2.5938279979821968e-14]}, 107716], [0.1075359850070505, {"__complex__": [1831.199951171875, 7.849062145951023e-15]}, 118654], [0.11253957840084304, {"__complex__": [2446.9892578125, -3.584491390366167e-15]}, 129910], [0.11753653834673844, {"__complex__": [2163.8330078125, 6.587557766396827e-15]}, 141376], [0.12253336603812491, {"__complex__": [797.48046875, 7.561498695522924e-15]}, 153958], [0.12753369323485178, {"__complex__": [1246.92333984375, -6.982768516509107e-15]}, 166718], [0.1325298054599073, {"__complex__": [3216.03662109375, 2.5897983657905766e-15]}, 179806], [0.13753126919241337, {"__complex__": [-376.46746826171875, 5.992079628433424e-15]}, 194282], [0.14252978867508304, {"__complex__": [-255.4545135498047, 0.0]}, 207774], [0.14752584639061916, {"__complex__": [-1317.9234619140625, 2.085567275586617e-15]}, 223278], [0.1525273402624495, {"__complex__": [2173.147705078125, -9.76245494017339e-16]}, 238496], [0.15752777994300757, {"__complex__": [-674.6044921875, -7.320452600492137e-15]}, 254444], [0.16252677921627748, {"__complex__": [-1438.63818359375, -3.4406520669117042e-15]}, 270682], [0.16752582095517576, {"__complex__": [1580.3388671875, -6.474036716739911e-15]}, 287710], [0.1725259295419247, {"__complex__": [179.00205993652344, 6.102991393096323e-15]}, 305202], [0.17752572093623975, {"__complex__": [731.560546875, -8.64984031802166e-15]}, 323008], [0.18252702152554795, {"__complex__": [189.6474609375, 2.724663163410643e-15]}, 341812], [0.18752508561671835, {"__complex__": [-662.656494140625, 5.173726793256681e-15]}, 360020], [0.19252006361125312, {"__complex__": [80.98563385009766, 5.135140630860985e-15]}, 379728], [0.19751626124600596, {"__complex__": [560.9838256835938, 5.825718122427943e-15]}, 399660], [0.20251335405021748, {"__complex__": [-151.2772979736328, -3.5313460021565903e-15]}, 420320], [0.20751594275294782, {"__complex__": [-176.94969177246094, 6.320193087145428e-15]}, 442070], [0.21251689533718626, {"__complex__": [1134.7452392578125, 4.529348172698866e-15]}, 462644], [0.21751895130525958, {"__complex__": [-758.4467163085938, -2.3962644663536514e-15]}, 485820], [0.22252064263763735, {"__complex__": [971.5484619140625, 3.671654892286897e-15]}, 507304], [0.22751949683857262, {"__complex__": [117.85588073730469, 7.018573446222493e-15]}, 530776], [0.23252062744923513, {"__complex__": [133.31434631347656, 3.778873169783294e-15]}, 554524], [0.23751988845699762, {"__complex__": [78.11605834960938, 8.056311944023718e-16]}, 578008], [0.24251952417933192, {"__complex__": [-1034.9371337890625, 3.087571041529959e-15]}, 603272], [0.24751886354741093, {"__complex__": [-925.2127075195312, -2.967186060384968e-15]}, 627748], [0.2525158523431189, {"__complex__": [-1162.544189453125, -2.494726117241333e-15]}, 653304], [0.2575140585584922, {"__complex__": [-1323.431884765625, 1.3698015652671572e-15]}, 679896], [0.2625126084722789, {"__complex__": [-1028.0308837890625, 3.2974547944312604e-15]}, 706092], [0.26751303339828036, {"__complex__": [-71.6763916015625, -1.2683859928550446e-15]}, 734258], [0.2725141980302592, {"__complex__": [-155.8726806640625, 1.8352631104423403e-15]}, 761190], [0.27751499291909654, {"__complex__": [-367.88067626953125, -5.8947004856523336e-15]}, 789966], [0.2825156597003922, {"__complex__": [270.0870056152344, -1.2520101566550115e-14]}, 818248], [0.2875141801620819, {"__complex__": [-705.7030029296875, -1.649284850774042e-15]}, 847024], [0.29251195304227423, {"__complex__": [-122.15435791015625, 1.327420695267762e-15]}, 877004], [0.2975142527009851, {"__complex__": [901.1481323242188, 4.100024441185341e-15]}, 908602], [0.30251615798691667, {"__complex__": [-48.959449768066406, -9.930908617558588e-16]}, 937802], [0.30751506635382575, {"__complex__": [-359.72442626953125, 3.3614610508487684e-15]}, 969706], [0.31251223811931306, {"__complex__": [516.3903198242188, -2.211988425271979e-15]}, 999956], [0.3175098816792195, {"__complex__": [610.1762084960938, 1.1258082190963989e-15]}, 1034060], [0.3225110492752749, {"__complex__": [-809.89794921875, 3.4933788090871004e-15]}, 1066386], [0.3275123331358606, {"__complex__": [-709.0078735351562, 3.385771955226151e-15]}, 1100278], [0.3325123291547583, {"__complex__": [-736.0112915039062, 2.4658384820916987e-15]}, 1133070], [0.3375117534479973, {"__complex__": [-626.0875854492188, -4.783855315327419e-15]}, 1168082], [0.3425129583700723, {"__complex__": [-886.2760009765625, 8.514008420534066e-15]}, 1203258], [0.3475132726509487, {"__complex__": [-315.8875732421875, 7.523443516906038e-16]}, 1237894], [0.35251300538197095, {"__complex__": [-961.7994384765625, -1.8273781601456889e-16]}, 1274124], [0.3575125695577228, {"__complex__": [-314.96533203125, 1.4216038768597437e-15]}, 1310242], [0.36251151779301266, {"__complex__": [374.4697570800781, -2.0743474771672864e-15]}, 1346914], [0.3675115630015573, {"__complex__": [415.03961181640625, 4.705985458903963e-15]}, 1385312], [0.3725118957087531, {"__complex__": [270.3599853515625, -3.928774708041255e-15]}, 1422310], [0.37751124096797295, 