{"edges": {"__dtype__": "<f8", "__shape__": [116], "__data__": [0.0, 0.005, 0.01, 0.015, 0.02, 0.025, 0.03, 0.035, 0.04, 0.045, 0.05, 0.055, 0.06, 0.065, 0.07, 0.075, 0.08, 0.085, 0.09, 0.095, 0.1, 0.105, 0.11, 0.115, 0.12, 0.125, 0.13, 0.135, 0.14, 0.145, 0.15, 0.155, 0.16, 0.165, 0.17, 0.17500000000000002, 0.18, 0.185, 0.19, 0.195, 0.2, 0.20500000000000002, 0.21, 0.215, 0.22, 0.225, 0.23, 0.23500000000000001, 0.24, 0.245, 0.25, 0.255, 0.26, 0.265, 0.27, 0.275, 0.28, 0.28500000000000003, 0.29, 0.295, 0.3, 0.305, 0.31, 0.315, 0.32, 0.325, 0.33, 0.335, 0.34, 0.34500000000000003, 0.35000000000000003, 0.355, 0.36, 0.365, 0.37, 0.375, 0.38, 0.385, 0.39, 0.395, 0.4, 0.405, 0.41000000000000003, 0.41500000000000004, 0.42, 0.425, 0.43, 0.435, 0.44, 0.445, 0.45, 0.455, 0.46, 0.465, 0.47000000000000003, 0.47500000000000003, 0.48, 0.485, 0.49, 0.495, 0.5, 0.505, 0.51, 0.515, 0.52, 0.525, 0.53, 0.535, 0.54, 0.545, 0.55, 0.555, 0.56, 0.5650000000000001, 0.5700000000000001, 0.5750000000000001]}, "poles": {"__dtype__": [["k", "<f8"], ["power_2", "<c8"], ["modes", "<i8"]], "__shape__": [115], "__data__": [[0.0037054420134658554, {"__complex__": [-92137.1875, -2.805188373256051e-12]}, 83], [0.008002706039259398, {"__complex__": [22849.259765625, -1.9532772209569782e-13]}, 596], [0.012849701484846114, {"__complex__": [39159.33984375, -2.1192109753240956e-13]}, 1648], [0.0177641384261076, {"__complex__": [32574.8046875, 2.950958704825424e-13]}, 3156], [0.022684229681789413, {"__complex__": [21028.17578125, 1.7993093993917686e-13]}, 5176], [0.027646384376179004, {"__complex__": [17808.013671875, 1.491739132393477e-13]}, 7804], [0.032636129245414154, {"__complex__": [8803.6875, -4.2823366787304515e-14]}, 10874], [0.037622935176432226, {"__complex__": [1942.6771240234375, 1.6121773241482146e-13]}, 14442], [0.0426065943302704, {"__complex__": [13575.056640625, 1.2555578694512914e-14]}, 18544], [0.047584168879418735, {"__complex__": [6889.8505859375, 2.2737367883136385e-14]}, 23040], [0.052572163944886785, {"__complex__": [5444.54638671875, -1.641617783821204e-14]}, 28366], [0.05756591012932392, {"__complex__": [5497.69140625, -2.065444271507049e-14]}, 33818], [0.06255885577973451, {"__complex__": [2931.40087890625, 7.542482805857065e-14]}, 40130], [0.06756290621144688, {"__complex__": [5424.64599609375, -2.982586644025356e-14]}, 46838], [0.07256050504780319, {"__complex__": [3156.051025390625, -2.1628083371016786e-14]}, 53826], [0.0775516441986681, {"__complex__": [3521.120849609375, 1.1342100659551563e-14]}, 61584], [0.08254999402587553, {"__complex__": [1592.22412109375, -1.3330507115099244e-14]}, 69864], [0.08754547074829418, {"__complex__": [5464.3134765625, 5.93925441867791e-15]}, 78404], [0.09254370656486871, {"__complex__": [-1819.2611083984375, -1.854126830639225e-14]}, 87902], [0.09754153604884025, {"__complex__": [-183.73692321777344, -9.570676940036122e-15]}, 97310], [0.10253422913940137, {"__complex__": [447.9434814453125, -8.646093044263007e-15]}, 107716], [0.1075359850070505, {"__complex__": [884.5803833007812, -3.532077923326313e-14]}, 118654], [0.11253957840084304, {"__complex__": [2764.11669921875, -1.7922456951830834e-15]}, 129910], [0.11753653834673844, {"__complex__": [1205.9951171875, -3.2937788831984135e-15]}, 141376], [0.12253336603812491, {"__complex__": [-661.0843505859375, -1.2098397743430089e-14]}, 153958], [0.12753369323485178, {"__complex__": [157.64854431152344, -2.234485959164232e-14]}, 166718], [0.1325298054599073, {"__complex__": [-1169.6116943359375, -5.179596731581153e-15]}, 179806], [0.13753126919241337, {"__complex__": [1549.246826171875, -4.79366353334015e-15]}, 194282], [0.14252978867508304, {"__complex__": [-232.88873291015625, -1.120595705393938e-14]}, 207774], [0.14752584639061916, {"__complex__": [204.35794067382812, -8.342269102346467e-15]}, 223278], [0.1525273402624495, {"__complex__": [-363.5291442871094, 9.762454516656915e-15]}, 238496], [0.15752777994300757, {"__complex__": [-705.0964965820312, -3.660226300246068e-15]}, 254444], [0.16252677921627748, {"__complex__": [1443.48291015625, 5.591059502852401e-15]}, 270682], [0.16752582095517576, {"__complex__": [-1312.4027099609375, -4.450900216288909e-15]}, 287710], [0.1725259295419247, {"__complex__": [322.9930114746094, -4.577243650701361e-15]}, 305202], [0.17752572093623975, {"__complex__": [-404.3702697753906, 2.162460079505415e-15]}, 323008], [0.18252702152554795, {"__complex__": [875.0137939453125, 5.449326326821286e-15]}, 341812], [0.18752508561671835, {"__complex__": [-905.2831420898438, 7.760590401643258e-15]}, 360020], [0.19252006361125312, {"__complex__": [-276.0351867675781, -3.678906764864815e-15]}, 379728], [0.19751626124600596, {"__complex__": [-1012.5689697265625, 1.1651435821339413e-15]}, 399660], [0.20251335405021748, {"__complex__": [-138.47900390625, -4.431492997401419e-15]}, 420320], [0.20751594275294782, {"__complex__": [-229.6961669921875, 2.106731029048476e-15]}, 442070], [0.21251689533718626, {"__complex__": [277.2054443359375, -5.032608986661746e-15]}, 462644], [0.21751895130525958, {"__complex__": [208.80743408203125, 0.0]}, 485820], [0.22252064263763735, {"__complex__": [209.7711181640625, -2.7537411692151728e-15]}, 507304], [0.22751949683857262, {"__complex__": [-629.4150390625, 0.0]}, 530776], [0.23252062744923513, {"__complex__": [-987.4750366210938, 6.717996605109253e-15]}, 554524], [0.23751988845699762, {"__complex__": [-649.4744262695312, 1.6112623888047436e-15]}, 578008], [0.24251952417933192, {"__complex__": [-736.7373657226562, 3.4735173687816447e-15]}, 603272], [0.24751886354741093, {"__complex__": [-583.7266235351562, -4.450779090577452e-15]}, 627748], [0.2525158523431189, {"__complex__": [-632.7906494140625, 3.2075049776305372e-15]}, 653304], [0.2575140585584922, {"__complex__": [195.0899200439453, -2.0547022420216174e-15]}, 679896], [0.2625126084722789, {"__complex__": [125.28606414794922, 6.594909588862521e-16]}, 706092], [0.26751303339828036, {"__complex__": [538.89501953125, 3.1709650350771708e-15]}, 734258], [0.2725141980302592, {"__complex__": [264.9559326171875, 2.1411402602230243e-15]}, 761190], [0.27751499291909654, {"__complex__": [-641.7560424804688, -4.126290085846749e-15]}, 789966], [0.2825156597003922, {"__complex__": [-226.88670349121094, 9.105528797051423e-15]}, 818248], [0.2875141801620819, {"__complex__": [-281.5431213378906, 6.597139403096168e-15]}, 847024], [0.29251195304227423, {"__complex__": [164.4605712890625, -4.513230406262038e-15]}, 877004], [0.2975142527009851, {"__complex__": [936.6253662109375, -1.0250061102963352e-15]}, 908602], [0.30251615798691667, {"__complex__": [148.32432556152344, 3.7240907315844705e-16]}, 937802], [0.30751506635382575, {"__complex__": [214.6471710205078, -5.762504900607302e-15]}, 969706], [0.31251223811931306, {"__complex__": [-298.81756591796875, -2.561249755578081e-15]}, 999956], [0.3175098816792195, {"__complex__": [816.67431640625, -4.503232664627359e-16]}, 1034060], [0.3225110492752749, {"__complex__": [755.3019409179688, 2.620034053875766e-15]}, 1066386], [0.3275123331358606, {"__complex__": [-536.1966552734375, -1.2696644832098066e-15]}, 1100278], [0.3325123291547583, {"__complex__": [360.9395751953125, 4.1097310681839606e-16]}, 1133070], [0.3375117534479973, {"__complex__": [692.7618408203125, 1.494954812509598e-15]}, 1168082], [0.3425129583700723, {"__complex__": [455.3878173828125, -1.548001415501701e-15]}, 1203258], [0.3475132726509487, {"__complex__": [195.7649688720703, -2.06894700685383e-15]}, 1237894], [0.35251300538197095, {"__complex__": [36.01289367675781, 3.654756584989174e-15]}, 1274124], [0.3575125695577228, {"__complex__": [-46.169677734375, 2.1324058682291747e-15]}, 1310242], [0.36251151779301266, {"__complex__": [-454.1819152832031, -8.643114664662224e-16]}, 1346914], [0.3675115630015573, {"__complex__": [215.88751220703125, 1.3445672890981491e-15]}, 1385312], [0.3725118957087531, {"__complex__": [-338.2374572753906, 1.636989426390817e-15]}, 1422310], 