{"edges": {"__dtype__": "<f8", "__shape__": [128], "__data__": [0.0, 0.005, 0.01, 0.015, 0.02, 0.025, 0.03, 0.035, 0.04, 0.045, 0.05, 0.055, 0.06, 0.065, 0.07, 0.075, 0.08, 0.085, 0.09, 0.095, 0.1, 0.105, 0.11, 0.115, 0.12, 0.125, 0.13, 0.135, 0.14, 0.145, 0.15, 0.155, 0.16, 0.165, 0.17, 0.17500000000000002, 0.18, 0.185, 0.19, 0.195, 0.2, 0.20500000000000002, 0.21, 0.215, 0.22, 0.225, 0.23, 0.23500000000000001, 0.24, 0.245, 0.25, 0.255, 0.26, 0.265, 0.27, 0.275, 0.28, 0.28500000000000003, 0.29, 0.295, 0.3, 0.305, 0.31, 0.315, 0.32, 0.325, 0.33, 0.335, 0.34, 0.34500000000000003, 0.35000000000000003, 0.355, 0.36, 0.365, 0.37, 0.375, 0.38, 0.385, 0.39, 0.395, 0.4, 0.405, 0.41000000000000003, 0.41500000000000004, 0.42, 0.425, 0.43, 0.435, 0.44, 0.445, 0.45, 0.455, 0.46, 0.465, 0.47000000000000003, 0.47500000000000003, 0.48, 0.485, 0.49, 0.495, 0.5, 0.505, 0.51, 0.515, 0.52, 0.525, 0.53, 0.535, 0.54, 0.545, 0.55, 0.555, 0.56, 0.5650000000000001, 0.5700000000000001, 0.5750000000000001, 0.58, 0.585, 0.59, 0.595, 0.6, 0.605, 0.61, 0.615, 0.62, 0.625, 0.63, 0.635]}, "poles": {"__dtype__": [["k", "<f8"], ["power_2", "<c8"], ["modes", "<i8"]], "__shape__": [127], "__data__": [[0.0037537781648676505, {"__complex__": [51763.625, 1.5118872950456441e-12]}, 77], [0.008050398333474014, {"__complex__": [18658.673828125, 1.513611610180765e-12]}, 548], [0.012848609532355457, {"__complex__": [21417.080078125, -6.292720251127593e-13]}, 1480], [0.017751579213119567, {"__complex__": [8903.0888671875, -4.05345841527488e-13]}, 2872], [0.022691827324042853, {"__complex__": [5772.751953125, -3.9329501569547454e-13]}, 4736], [0.027648005536595924, {"__complex__": [16458.40625, 5.170521197067797e-14]}, 7036], [0.032612636555868525, {"__complex__": [6211.8369140625, 9.466584552928273e-14]}, 9838], [0.03761114292794433, {"__complex__": [60.183773040771484, 1.2339600370149528e-13]}, 13208], [0.04261303922036164, {"__complex__": [1510.3223876953125, 5.524513884010672e-14]}, 16858], [0.04760505554480107, {"__complex__": [15781.0283203125, -3.3135291927811894e-14]}, 21080], [0.05259133615803475, {"__complex__": [13326.13671875, 4.088892988302409e-14]}, 25624], [0.05756841184374016, {"__complex__": [8113.626953125, -6.819434475663702e-14]}, 30728], [0.06256248327880025, {"__complex__": [2399.10546875, -2.5517084376470295e-14]}, 36498], [0.06756661487904435, {"__complex__": [10034.0498046875, -2.737380600784014e-14]}, 42528], [0.07257304507008182, {"__complex__": [5380.25830078125, 2.3684757293981375e-14]}, 49152], [0.07756473030387098, {"__complex__": [1919.63720703125, 1.2530351512244839e-14]}, 55744], [0.08254764044823601, {"__complex__": [1639.255859375, -1.1256336032543224e-14]}, 63346], [0.08754405971893497, {"__complex__": [3654.13720703125, -3.424555561001852e-14]}, 71388], [0.09254365223263855, {"__complex__": [1583.8072509765625, 1.2406035874708114e-14]}, 79762], [0.09754150838846357, {"__complex__": [2288.058837890625, -1.0515814090274363e-14]}, 88564], [0.10254123052801507, {"__complex__": [717.7828979492188, 1.9008910114373667e-14]}, 97988], [0.10754181638082774, {"__complex__": [-1287.0225830078125, -1.4050945059155759e-14]}, 107708], [0.11254085353408888, {"__complex__": [133.115478515625, -7.895776012992097e-15]}, 117952], [0.11753281793039293, {"__complex__": [3772.05078125, 4.1742833961546516e-14]}, 128288], [0.12252442444514552, {"__complex__": [3705.114990234375, -6.6632507481458395e-15]}, 139770], [0.12753052839909865, {"__complex__": [2298.54638671875, -9.960112195997548e-15]}, 151946], [0.13253665927256145, {"__complex__": [500.8404846191406, -8.53996066300499e-15]}, 163582], [0.13753197887556465, {"__complex__": [1358.0369873046875, -2.382034524598016e-14]}, 175940], [0.1425260716253757, {"__complex__": [954.8661499023438, -1.3546403107860157e-14]}, 189064], [0.14752506711896965, {"__complex__": [-1091.5208740234375, -6.887665351257288e-15]}, 202824], [0.1525272624752809, {"__complex__": [-682.7802734375, -8.591298482905126e-15]}, 216806], [0.15752484634575162, {"__complex__": [-2133.390869140625, 3.0253986114432566e-15]}, 230876], [0.16252366735405163, {"__complex__": [435.0213928222656, 1.8911484384780478e-15]}, 246232], [0.1675242007800524, {"__complex__": [2699.950927734375, 8.909449351849762e-16]}, 261330], [0.17252326579974073, {"__complex__": [630.7133178710938, 5.877865282309181e-15]}, 277280], [0.17752110470595878, {"__complex__": [-725.0393676757812, -2.3813306402188476e-15]}, 293320], [0.1825207522633753, {"__complex__": [439.84918212890625, -3.748392265659874e-15]}, 310574], [0.18752231962759572, {"__complex__": [172.37596130371094, 5.686424401284921e-15]}, 327560], [0.19252167162300435, {"__complex__": [706.5390625, -1.6184341532416748e-14]}, 345268], [0.19752225984779248, {"__complex__": [272.679931640625, 0.0]}, 363544], [0.20251992290984697, {"__complex__": [304.7998352050781, -6.100472634748544e-16]}, 381660], [0.20751551078768798, {"__complex__": [376.83734130859375, 1.1616730763908036e-14]}, 400854], [0.21251512379553542, {"__complex__": [80.4007568359375, 4.424230113395187e-15]}, 421010], [0.21751870975885984, {"__complex__": [-5.772513389587402, -4.222153463168728e-15]}, 441160], [0.2225209082741387, {"__complex__": [134.27255249023438, 5.2996814395463426e-15]}, 461296], [0.22752039891934017, {"__complex__": [607.9110107421875, 3.862870462547187e-15]}, 482192], [0.23252118259031918, {"__complex__": [-128.8105926513672, -3.696751207964621e-15]}, 503860], [0.23751936566507853, {"__complex__": [-412.8433837890625, 1.7738666684144412e-15]}, 525024], [0.24251707186595864, {"__complex__": [-2108.07763671875, 5.098909220058656e-15]}, 547954], [0.24751627666670906, {"__complex__": [-1102.2261962890625, -4.0808533327318973e-16]}, 570544], [0.2525167544702008, {"__complex__": [-271.21441650390625, 7.834483014862881e-16]}, 594374], [0.25751857595461863, {"__complex__": [198.33702087402344, 2.260857567647342e-15]}, 617900], [0.2625190906945416, {"__complex__": [1486.9991455078125, 3.898000307001612e-15]}, 642106], [0.2675172479110602, {"__complex__": [1006.6023559570312, 1.0223951100606001e-14]}, 666112], [0.272514629608296, {"__complex__": [-1511.050048828125, 3.029080875423208e-15]}, 691786], [0.27751615229387816, {"__complex__": [-824.7125854492188, -2.107810149023278e-15]}, 717996], [0.28251644607381426, {"__complex__": [-95.87548828125, -5.01282399107978e-15]}, 743152], [0.2875152531419474, {"__complex__": [688.4267578125, -5.441437485467033e-15]}, 770192], [0.2925134012698469, {"__complex__": [181.7451171875, -1.7540573206352417e-15]}, 796430], [0.2975118362281548, {"__complex__": [285.4248046875, 1.1291222355025313e-15]}, 824820], [0.3025125080826814, {"__complex__": [-240.37193298339844, -4.91571462829239e-15]}, 852562], [0.30751063191170563, {"__complex__": [-687.244384765625, -3.70255888936747e-15]}, 880372], [0.3125111278203564, {"__complex__": [-178.94357299804688, 1.6618853128973969e-15]}, 910652], [0.31751269361539736, {"__complex__": [664.8776245117188, 2.479570156716112e-15]}, 938996], [0.3225130904459611, {"__complex__": [1485.9293212890625, -4.803841057717884e-15]}, 969352], [0.32751158760760724, {"__complex__": [646.6717529296875, -9.328674544807885e-16]}, 998344], [0.3325089848249692, {"__complex__": [-22.803955078125, -4.521325923655421e-15]}, 1029922], [0.33751027924368393, {"__complex__": [-40.69635009765625, 4.3850964500782093e-16]}, 1061918], [0.34251253316973607, {"__complex__": [724.0960083007812, 2.129668045985412e-15]}, 1093272], [0.34751415893089227, {"__complex__": [768.5972900390625, -2.6376593272004704e-15]}, 1125464], [0.352514235068077, {"__complex__": [-275.0826416015625, -1.2070226909912068e-15]}, 1157380], [0.357512374484406, {"__complex__": [39.597900390625, -3.9125545035573683e-16]}, 1190172], [0.3625118834929162, {"__complex__": [131.8067169189453, 7.604806325445734e-16]}, 1224650], [0.3675116774700016, {"__complex__": [991.3250732421875, -7.404000754035749e-16]}, 1257864], [0.3725098709245497, {"__complex__": 