{"poles": {"dims": ["k"], "edges": [{"__dtype__": "<f8", "__shape__": [94], "__data__": [0.0, 0.005, 0.01, 0.015, 0.02, 0.025, 0.03, 0.035, 0.04, 0.045, 0.05, 0.055, 0.06, 0.065, 0.07, 0.075, 0.08, 0.085, 0.09, 0.095, 0.1, 0.105, 0.11, 0.115, 0.12, 0.125, 0.13, 0.135, 0.14, 0.145, 0.15, 0.155, 0.16, 0.165, 0.17, 0.17500000000000002, 0.18, 0.185, 0.19, 0.195, 0.2, 0.20500000000000002, 0.21, 0.215, 0.22, 0.225, 0.23, 0.23500000000000001, 0.24, 0.245, 0.25, 0.255, 0.26, 0.265, 0.27, 0.275, 0.28, 0.28500000000000003, 0.29, 0.295, 0.3, 0.305, 0.31, 0.315, 0.32, 0.325, 0.33, 0.335, 0.34, 0.34500000000000003, 0.35000000000000003, 0.355, 0.36, 0.365, 0.37, 0.375, 0.38, 0.385, 0.39, 0.395, 0.4, 0.405, 0.41000000000000003, 0.41500000000000004, 0.42, 0.425, 0.43, 0.435, 0.44, 0.445, 0.45, 0.455, 0.46, 0.465]}], "coords": [{"__dtype__": "<f8", "__shape__": [93], "__data__": [0.0025, 0.0075, 0.0125, 0.0175, 0.0225, 0.0275, 0.0325, 0.037500000000000006, 0.042499999999999996, 0.0475, 0.052500000000000005, 0.057499999999999996, 0.0625, 0.0675, 0.07250000000000001, 0.0775, 0.0825, 0.0875, 0.0925, 0.0975, 0.10250000000000001, 0.1075, 0.1125, 0.1175, 0.1225, 0.1275, 0.1325, 0.1375, 0.14250000000000002, 0.1475, 0.1525, 0.1575, 0.1625, 0.1675, 0.17250000000000001, 0.1775, 0.1825, 0.1875, 0.1925, 0.1975, 0.2025, 0.20750000000000002, 0.2125, 0.2175, 0.2225, 0.2275, 0.2325, 0.2375, 0.2425, 0.2475, 0.2525, 0.2575, 0.2625, 0.2675, 0.2725, 0.2775, 0.28250000000000003, 0.2875, 0.2925, 0.2975, 0.3025, 0.3075, 0.3125, 0.3175, 0.3225, 0.3275, 0.3325, 0.3375, 0.3425, 0.34750000000000003, 0.35250000000000004, 0.3575, 0.3625, 0.3675, 0.3725, 0.3775, 0.3825, 0.3875, 0.3925, 0.3975, 0.4025, 0.40750000000000003, 0.41250000000000003, 0.4175, 0.4225, 0.4275, 0.4325, 0.4375, 0.4425, 0.4475, 0.4525, 0.4575, 0.4625]}], "data": {"__dtype__": [["k", "<f8"], ["power_0", "<c8"], ["modes", "<i8"]], "__shape__": [93], "__data__": [[0.0037081367915242675, {"__complex__": [96445.3671875, -7.618803862536466e-14]}, 191], [0.008018577791264523, {"__complex__": [102926.0625, 0.0]}, 1380], [0.012844085612331841, {"__complex__": [113172.4296875, -6.175879171130619e-14]}, 3770], [0.01775141230162106, {"__complex__": [122893.796875, -8.022003742703954e-14]}, 7256], [0.022691010615224643, {"__complex__": [106198.890625, 3.877279763529404e-14]}, 12010], [0.027661296094027222, {"__complex__": [115906.625, 0.0]}, 17924], [0.03263163473973046, {"__complex__": [111388.703125, 4.90710919706476e-14]}, 24910], [0.03760885918999335, {"__complex__": [101559.125, -8.755665226319823e-16]}, 33240], [0.04258994605322728, {"__complex__": [97803.359375, 0.0]}, 42566], [0.047583805693835864, {"__complex__": [98693.578125, 8.707530037993256e-15]}, 53478], [0.052589415944125126, {"__complex__": [95517.6640625, -1.0703544543473175e-14]}, 65258], [0.057576993125266096, {"__complex__": [94239.4765625, 1.496571692526788e-15]}, 77788], [0.0625679362273907, {"__complex__": [90632.84375, -1.259388173614599e-15]}, 92438], [0.06756372941029527, {"__complex__": [92141.3125, 2.438595996683869e-15]}, 107412], [0.07255867544245412, {"__complex__": [90294.3203125, -3.748018300613661e-15]}, 124242], [0.07755343255815964, {"__complex__": [88740.2734375, -7.1953695511052e-15]}, 141568], [0.08254944316463679, {"__complex__": [86514.75, 1.4471778132406007e-15]}, 160886], [0.0875469705282893, {"__complex__": [86665.9296875, -2.9016136400479868e-15]}, 180544], [0.09254207143002044, {"__complex__": [86387.9453125, 7.203775929590225e-16]}, 202004], [0.09754200795670145, {"__complex__": [84917.8046875, 0.0]}, 224538], [0.10254171329034444, {"__complex__": [84143.34375, 6.570825901073239e-15]}, 248038], [0.10754099109209159, {"__complex__": [86030.3203125, -1.1998787092349457e-15]}, 272876], [0.11253870054955198, {"__complex__": [85324.8203125, -4.288661219637715e-15]}, 298594], [0.11753608765430268, {"__complex__": [82369.125, 2.8575539507471335e-15]}, 325916], [0.12253572907412832, {"__complex__": [83074.6953125, -6.570937285905803e-15]}, 354334], [0.1275331697481456, {"__complex__": [82639.546875, -1.5181016818592162e-15]}, 383424], [0.13252928315027618, {"__complex__": [83018.4375, -3.3724834905913886e-15]}, 414230], [0.13752809598823948, {"__complex__": [81498.0625, -2.0864363313904998e-15]}, 446370], [0.1425292748907053, {"__complex__": [81792.4375, 7.282663813737162e-16]}, 479558], [0.14752984329410787, {"__complex__": [81634.6875, 2.2669537167082905e-16]}, 513532], [0.15252898535896237, {"__complex__": [81573.671875, -3.393229021535541e-15]}, 548930], [0.15752847498756622, {"__complex__": [80834.1953125, 2.7834004513797557e-15]}, 585548], [0.16252705956276423, {"__complex__": [80998.5703125, -3.549851342713492e-15]}, 623094], [0.16752723347134682, {"__complex__": [80747.671875, 5.270682631322381e-16]}, 662620], [0.17252557298757182, {"__complex__": [80714.8046875, -6.636433790914887e-16]}, 701674], [0.1775232051718564, {"__complex__": [81054.015625, -9.391311572466156e-16]}, 743764], [0.1825215844754662, {"__complex__": [80623.21875, -1.1854618908353222e-15]}, 785620], [0.18752064712987349, {"__complex__": [79645.4921875, -1.2621827470658278e-15]}, 830100], [0.19252067437217257, {"__complex__": [79426.2890625, 5.32538560724284e-16]}, 874418], [0.19751987908784707, {"__complex__": [79703.1171875, -2.5288930969929665e-15]}, 920682], [0.20251936794243589, {"__complex__": [79907.1484375, -3.608964130976034e-16]}, 967718], [0.20751955964231095, {"__complex__": [79780.078125, 6.871079387358865e-16]}, 1016568], [0.2125192859071403, {"__complex__": [79385.5, 7.648278703276785e-16]}, 1065478], [0.21751870204394746, {"__complex__": [79126.0390625, -1.2509930183161248e-15]}, 1116700], [0.22251763655620238, {"__complex__": [79123.0546875, 7.97415715967834e-16]}, 1167926], [0.2275173612096972, {"__complex__": [79032.640625, -1.5242171538592739e-15]}, 1222034], [0.23251753944930767, {"__complex__": [78889.3515625, -5.475902832574337e-16]}, 1275574], [0.237518608068736, {"__complex__": [78865.9609375, 1.5729107486563186e-15]}, 1332228], [0.24251933382685822, {"__complex__": [79002.9375, -6.711876897944459e-16]}, 1387574], [0.2475188275283454, {"__complex__": [78924.71875, -2.415249015800462e-15]}, 1446004], [0.2525176353551358, {"__complex__": [78515.7265625, -3.0961481500934153e-16]}, 1504002], [0.25751592740199597, {"__complex__": [78751.9609375, -1.0415560752945001e-15]}, 1564788], [0.2625152321376914, {"__complex__": [78796.7109375, 1.4318223764563012e-16]}, 1626114], [0.2675142035428968, {"__complex__": [77711.5625, 4.136799329502452e-16]}, 1688484], [0.27251407722071946, {"__complex__": [77445.625, -7.969467244128511e-16]}, 1752920], [0.277514999580621, {"__complex__": [77797.6171875, -1.280772711508116e-16]}, 1817892], [0.28251513318998955, {"__complex__": [77958.234375, -7.417563339708066e-16]}, 1883346], [0.2875150555774266, {"__complex__": [78068.8046875, -2.028661272849468e-15]}, 1951100], [0.2925143032383768, {"__complex__": [78181.9453125, 1.6148721255885862e-15]}, 2018506], [0.2975129983065177, {"__complex__": [78037.71875, 3.344245953228772e-16]}, 2088638], [0.30251265006104155, {"__complex__": [78413.484375, -7.007282285277357e-16]}, 2159752], [0.3075131135075962, {"__complex__": [77716.21875, 1.2517496304962597e-15]}, 2232050], [0.31251255553945134, {"__complex__": [77734.71875, -6.063171950729425e-16]}, 2304048], [0.3175120364779517, {"__complex__": [77530.140625, 1.076310578274173e-15]}, 2379552], [0.3225126598898453, {"__complex__": [77695.640625, -3.7936117548237553e-16]}, 2454976], [0.3275133985704822, {"__complex__": [77936.671875, -7.356458912288733e-16]}, 2531986], [0.33251410375899365, {"__complex__": [77749.578125, 3.2120526975243455e-15]}, 2609516], [0.3375135412275565, {"__complex__": [77954.8671875, 0.0]}, 2687634], [0.34251245849241974, {"__complex__": [78021.21875, -1.387805144681929e-15]}, 2768188], [0.3475114266102975, {"__complex__": [77737.0703125, 1.2052654152630094e-15]}, 2849374], [0.3525113295973211, {"__complex__": 