{"poles": {"dims": ["k"], "edges": [{"__dtype__": "<f8", "__shape__": [94], "__data__": [0.0, 0.005, 0.01, 0.015, 0.02, 0.025, 0.03, 0.035, 0.04, 0.045, 0.05, 0.055, 0.06, 0.065, 0.07, 0.075, 0.08, 0.085, 0.09, 0.095, 0.1, 0.105, 0.11, 0.115, 0.12, 0.125, 0.13, 0.135, 0.14, 0.145, 0.15, 0.155, 0.16, 0.165, 0.17, 0.17500000000000002, 0.18, 0.185, 0.19, 0.195, 0.2, 0.20500000000000002, 0.21, 0.215, 0.22, 0.225, 0.23, 0.23500000000000001, 0.24, 0.245, 0.25, 0.255, 0.26, 0.265, 0.27, 0.275, 0.28, 0.28500000000000003, 0.29, 0.295, 0.3, 0.305, 0.31, 0.315, 0.32, 0.325, 0.33, 0.335, 0.34, 0.34500000000000003, 0.35000000000000003, 0.355, 0.36, 0.365, 0.37, 0.375, 0.38, 0.385, 0.39, 0.395, 0.4, 0.405, 0.41000000000000003, 0.41500000000000004, 0.42, 0.425, 0.43, 0.435, 0.44, 0.445, 0.45, 0.455, 0.46, 0.465]}], "coords": [{"__dtype__": "<f8", "__shape__": [93], "__data__": [0.0025, 0.0075, 0.0125, 0.0175, 0.0225, 0.0275, 0.0325, 0.037500000000000006, 0.042499999999999996, 0.0475, 0.052500000000000005, 0.057499999999999996, 0.0625, 0.0675, 0.07250000000000001, 0.0775, 0.0825, 0.0875, 0.0925, 0.0975, 0.10250000000000001, 0.1075, 0.1125, 0.1175, 0.1225, 0.1275, 0.1325, 0.1375, 0.14250000000000002, 0.1475, 0.1525, 0.1575, 0.1625, 0.1675, 0.17250000000000001, 0.1775, 0.1825, 0.1875, 0.1925, 0.1975, 0.2025, 0.20750000000000002, 0.2125, 0.2175, 0.2225, 0.2275, 0.2325, 0.2375, 0.2425, 0.2475, 0.2525, 0.2575, 0.2625, 0.2675, 0.2725, 0.2775, 0.28250000000000003, 0.2875, 0.2925, 0.2975, 0.3025, 0.3075, 0.3125, 0.3175, 0.3225, 0.3275, 0.3325, 0.3375, 0.3425, 0.34750000000000003, 0.35250000000000004, 0.3575, 0.3625, 0.3675, 0.3725, 0.3775, 0.3825, 0.3875, 0.3925, 0.3975, 0.4025, 0.40750000000000003, 0.41250000000000003, 0.4175, 0.4225, 0.4275, 0.4325, 0.4375, 0.4425, 0.4475, 0.4525, 0.4575, 0.4625]}], "data": {"__dtype__": [["k", "<f8"], ["power_2", "<c8"], ["modes", "<i8"]], "__shape__": [93], "__data__": [[0.0037081367915242675, {"__complex__": [24841.052734375, 0.0]}, 191], [0.008018577791264523, {"__complex__": [-5151.6708984375, -2.1089732607851297e-13]}, 1380], [0.012844085612331841, {"__complex__": [23324.978515625, -9.263818417882749e-14]}, 3770], [0.01775141230162106, {"__complex__": [-2186.94921875, 2.567041360295591e-13]}, 7256], [0.022691010615224643, {"__complex__": [1890.998779296875, 1.938639814002066e-13]}, 12010], [0.027661296094027222, {"__complex__": [13633.8515625, -5.195952853089339e-14]}, 17924], [0.03263163473973046, {"__complex__": [18833.017578125, -1.8693748805864718e-13]}, 24910], [0.03760885918999335, {"__complex__": [16305.1943359375, -8.40543861726703e-14]}, 33240], [0.04258994605322728, {"__complex__": [2308.109130859375, -4.1024054508000726e-15]}, 42566], [0.047583805693835864, {"__complex__": [4590.52294921875, 1.7415060075986512e-14]}, 53478], [0.052589415944125126, {"__complex__": [6962.76416015625, -6.422127234303673e-14]}, 65258], [0.057576993125266096, {"__complex__": [10863.8642578125, 5.986286770107152e-15]}, 77788], [0.0625679362273907, {"__complex__": [9541.2880859375, 2.0150210777833584e-14]}, 92438], [0.06756372941029527, {"__complex__": [-1339.67724609375, 8.670563826109184e-15]}, 107412], [0.07255867544245412, {"__complex__": [6924.88037109375, -2.2488109803681967e-14]}, 124242], [0.07755343255815964, {"__complex__": [7169.76025390625, -2.631449474554265e-14]}, 141568], [0.08254944316463679, {"__complex__": [942.6586303710938, -2.3154845011849612e-14]}, 160886], [0.0875469705282893, {"__complex__": [1373.2772216796875, 1.2896061375353672e-14]}, 180544], [0.09254207143002044, {"__complex__": [962.2418823242188, 1.930611872897215e-14]}, 202004], [0.09754200795670145, {"__complex__": [-790.7189331054688, 1.8664775874497296e-14]}, 224538], [0.10254171329034444, {"__complex__": [1843.369873046875, -1.877378859129245e-15]}, 248038], [0.10754099109209159, {"__complex__": [3757.89501953125, 1.0238964759596084e-14]}, 272876], [0.11253870054955198, {"__complex__": [1210.0079345703125, -1.871415789532222e-14]}, 298594], [0.11753608765430268, {"__complex__": [2095.918212890625, -1.7859712192169584e-16]}, 325916], [0.12253572907412832, {"__complex__": [1373.207275390625, -2.6283749143623213e-14]}, 354334], [0.1275331697481456, {"__complex__": [1980.17529296875, 1.0930331685869883e-14]}, 383424], [0.13252928315027618, {"__complex__": [1496.9849853515625, 1.1241611635304629e-15]}, 414230], [0.13752809598823948, {"__complex__": [-293.3254699707031, -7.302526842229394e-15]}, 446370], [0.1425292748907053, {"__complex__": [1599.5721435546875, 9.710217994799743e-15]}, 479558], [0.14752984329410787, {"__complex__": [-126.17303466796875, 1.0427986938039459e-14]}, 513532], [0.15252898535896237, {"__complex__": [-640.3432006835938, 1.3572916086142164e-14]}, 548930], [0.15752847498756622, {"__complex__": [-81.71817016601562, 0.0]}, 585548], [0.16252705956276423, {"__complex__": [-494.5545654296875, 4.484023016174815e-15]}, 623094], [0.16752723347134682, {"__complex__": [-925.632568359375, 0.0]}, 662620], [0.17252557298757182, {"__complex__": [20.719871520996094, 4.645503494821743e-15]}, 701674], [0.1775232051718564, {"__complex__": [413.23150634765625, -2.5043496820715628e-15]}, 743764], [0.1825215844754662, {"__complex__": [-568.8439331054688, -5.927309454176611e-16]}, 785620], [0.18752064712987349, {"__complex__": [-276.7369689941406, 1.121940243142762e-15]}, 830100], [0.19252067437217257, {"__complex__": [234.02413940429688, -4.260308485794272e-15]}, 874418], [0.19751987908784707, {"__complex__": [182.90951538085938, -2.1495591324440216e-15]}, 920682], [0.20251936794243589, {"__complex__": [-797.8460693359375, 7.699123761759855e-15]}, 967718], [0.20751955964231095, {"__complex__": [-822.6843872070312, 1.8322879072151096e-15]}, 1016568], [0.2125192859071403, {"__complex__": [-540.1201782226562, -5.681578525793679e-15]}, 1065478], [0.21751870204394746, {"__complex__": [981.59814453125, 3.335981241004175e-15]}, 1116700], [0.22251763655620238, {"__complex__": [957.325927734375, 9.967696317249026e-16]}, 1167926], [0.2275173612096972, {"__complex__": [1665.598388671875, 6.8589771923667324e-15]}, 1222034], [0.23251753944930767, {"__complex__": [1513.0185546875, -7.301203776765783e-15]}, 1275574], [0.237518608068736, {"__complex__": [-709.6722412109375, 5.5925718801797236e-15]}, 1332228], [0.24251933382685822, {"__complex__": [220.12110900878906, 1.0067815611614485e-15]}, 1387574], [0.2475188275283454, {"__complex__": [-975.9375, 6.440663830376329e-16]}, 1446004], [0.2525176353551358, {"__complex__": [-314.5772399902344, -2.4769185200747322e-15]}, 1504002], [0.25751592740199597, {"__complex__": [-288.3392333984375, -5.951749001682858e-16]}, 1564788], [0.2625152321376914, {"__complex__": [1349.2349853515625, 6.586382931698985e-15]}, 1626114], [0.2675142035428968, {"__complex__": [525.8106689453125, -2.7578662196683012e-15]}, 1688484], [0.27251407722071946, {"__complex__": [1276.318115234375, -3.9847336220642554e-16]}, 1752920], [0.277514999580621, {"__complex__": [375.5365295410156, -3.4580863343068027e-15]}, 1817892], [0.28251513318998955, {"__complex__": [-792.5469360351562, 1.9780169611748966e-15]}, 1883346], [0.2875150555774266, {"__complex__": [-354.8702087402344, 0.0]}, 1951100], [0.2925143032383768, {"__complex__": [368.0934143066406, -4.037180102213229e-15]}, 2018506], [0.2975129983065177, {"__complex__": [694.6542358398438, 0.0]}, 2088638], [0.30251265006104155, {"__complex__": [-336.0968017578125, -8.624347590924621e-16]}, 2159752], [0.3075131135075962, {"__complex__": [-586.2177124023438, -3.3379988734845347e-15]}, 2232050], [0.31251255553945134, {"__complex__": [232.1553955078125, 0.0]}, 2304048], [0.3175120364779517, {"__complex__": [246.74978637695312, 3.2778550873065063e-15]}, 2379552], [0.3225126598898453, {"__complex__": [1.4167659282684326, -1.8968057715327592e-15]}, 2454976], [0.3275133985704822, {"__complex__": [-470.4689636230469, -2.574760778119734e-15]}, 2531986], [0.33251410375899365, {"__complex__": [-248.5225067138672, 