{"edges": {"__dtype__": "<f8", "__shape__": [128], "__data__": [0.0, 0.005, 0.01, 0.015, 0.02, 0.025, 0.03, 0.035, 0.04, 0.045, 0.05, 0.055, 0.06, 0.065, 0.07, 0.075, 0.08, 0.085, 0.09, 0.095, 0.1, 0.105, 0.11, 0.115, 0.12, 0.125, 0.13, 0.135, 0.14, 0.145, 0.15, 0.155, 0.16, 0.165, 0.17, 0.17500000000000002, 0.18, 0.185, 0.19, 0.195, 0.2, 0.20500000000000002, 0.21, 0.215, 0.22, 0.225, 0.23, 0.23500000000000001, 0.24, 0.245, 0.25, 0.255, 0.26, 0.265, 0.27, 0.275, 0.28, 0.28500000000000003, 0.29, 0.295, 0.3, 0.305, 0.31, 0.315, 0.32, 0.325, 0.33, 0.335, 0.34, 0.34500000000000003, 0.35000000000000003, 0.355, 0.36, 0.365, 0.37, 0.375, 0.38, 0.385, 0.39, 0.395, 0.4, 0.405, 0.41000000000000003, 0.41500000000000004, 0.42, 0.425, 0.43, 0.435, 0.44, 0.445, 0.45, 0.455, 0.46, 0.465, 0.47000000000000003, 0.47500000000000003, 0.48, 0.485, 0.49, 0.495, 0.5, 0.505, 0.51, 0.515, 0.52, 0.525, 0.53, 0.535, 0.54, 0.545, 0.55, 0.555, 0.56, 0.5650000000000001, 0.5700000000000001, 0.5750000000000001, 0.58, 0.585, 0.59, 0.595, 0.6, 0.605, 0.61, 0.615, 0.62, 0.625, 0.63, 0.635]}, "poles": {"__dtype__": [["k", "<f8"], ["power_2", "<c8"], ["modes", "<i8"]], "__shape__": [127], "__data__": [[0.0037537781648676505, {"__complex__": [-35178.390625, 2.2678308883583576e-12]}, 77], [0.008050398333474014, {"__complex__": [64922.4765625, -2.5492405495569637e-12]}, 548], [0.012848609532355457, {"__complex__": [-869.3045043945312, -3.736302445819101e-13]}, 1480], [0.017751579213119567, {"__complex__": [-1081.9967041015625, 4.0534582119869725e-14]}, 2872], [0.022691827324042853, {"__complex__": [23303.232421875, 2.9497124144281517e-13]}, 4736], [0.027648005536595924, {"__complex__": [13311.50390625, -3.3091337694112974e-14]}, 7036], [0.032612636555868525, {"__complex__": [3676.759033203125, 1.7749846460256985e-14]}, 9838], [0.03761114292794433, {"__complex__": [18569.16796875, -1.1017501201724539e-13]}, 13208], [0.04261303922036164, {"__complex__": [10419.4892578125, -4.143385667117888e-14]}, 16858], [0.04760505554480107, {"__complex__": [3280.604248046875, 3.8657838323692684e-14]}, 21080], [0.05259133615803475, {"__complex__": [12329.10546875, -6.814821364826366e-15]}, 25624], [0.05756841184374016, {"__complex__": [6507.7265625, -4.5462894245670155e-14]}, 30728], [0.06256248327880025, {"__complex__": [7194.326171875, -1.4353361232313962e-14]}, 36498], [0.06756661487904435, {"__complex__": [2829.24853515625, 2.1899044128645753e-14]}, 42528], [0.07257304507008182, {"__complex__": [4075.145263671875, 5.2106468418451277e-14]}, 49152], [0.07756473030387098, {"__complex__": [3033.109375, 4.176783837414946e-14]}, 55744], [0.08254764044823601, {"__complex__": [2064.219482421875, -4.5944229188276883e-14]}, 63346], [0.08754405971893497, {"__complex__": [4489.3759765625, 4.8922224236101763e-14]}, 71388], [0.09254365223263855, {"__complex__": [1609.3736572265625, -2.0433470453856684e-14]}, 79762], [0.09754150838846357, {"__complex__": [3167.76025390625, 3.8119826712519275e-14]}, 88564], [0.10254123052801507, {"__complex__": [1530.6378173828125, -1.9008910114373667e-14]}, 97988], [0.10754181638082774, {"__complex__": [3075.2900390625, 1.2970103066372012e-14]}, 107708], [0.11254085353408888, {"__complex__": [2103.650390625, 3.9478880064960486e-15]}, 117952], [0.11753281793039293, {"__complex__": [3840.9775390625, 2.7223588102776378e-15]}, 128288], [0.12252442444514552, {"__complex__": [1606.1142578125, -2.1655564507957505e-14]}, 139770], [0.12753052839909865, {"__complex__": [2346.57958984375, 7.66162476615196e-15]}, 151946], [0.13253665927256145, {"__complex__": [630.8369750976562, 5.693306967497836e-15]}, 163582], [0.13753197887556465, {"__complex__": [1152.5186767578125, -5.293410007604872e-15]}, 175940], [0.1425260716253757, {"__complex__": [699.7919921875, 0.0]}, 189064], [0.14752506711896965, {"__complex__": [1516.3094482421875, -1.1479442816784112e-14]}, 202824], [0.1525272624752809, {"__complex__": [1751.39794921875, -2.1478246207262816e-15]}, 216806], [0.15752484634575162, {"__complex__": [567.3235473632812, -1.0084662038144189e-15]}, 230876], [0.16252366735405163, {"__complex__": [-194.9958953857422, -1.1346891477901234e-14]}, 246232], [0.1675242007800524, {"__complex__": [-675.8104248046875, -1.0691339645736188e-14]}, 261330], [0.17252326579974073, {"__complex__": [-25.155967712402344, 3.3587801915707085e-15]}, 277280], [0.17752110470595878, {"__complex__": [1632.1036376953125, -4.3657729815733785e-15]}, 293320], [0.1825207522633753, {"__complex__": [851.7763671875, 5.247749426033708e-15]}, 310574], [0.18752231962759572, {"__complex__": [364.6195068359375, 4.975621457003424e-15]}, 327560], [0.19252167162300435, {"__complex__": [-519.2664184570312, 2.697390396574949e-15]}, 345268], [0.19752225984779248, {"__complex__": [844.9484252929688, 2.561787833257824e-15]}, 363544], [0.20251992290984697, {"__complex__": [-27.37472915649414, -7.320566949940016e-15]}, 381660], [0.20751551078768798, {"__complex__": [-1303.6939697265625, 5.808365381954018e-15]}, 400854], [0.21251512379553542, {"__complex__": [-63.10563659667969, 0.0]}, 421010], [0.21751870975885984, {"__complex__": [324.9635925292969, 3.5624418521997166e-15]}, 441160], [0.2225209082741387, {"__complex__": [-377.4610595703125, 1.5141946365108874e-15]}, 461296], [0.22752039891934017, {"__complex__": [332.7527160644531, 4.8285879723048656e-15]}, 482192], [0.23252118259031918, {"__complex__": [880.7544555664062, -2.7725635118525842e-15]}, 503860], [0.23751936566507853, {"__complex__": [-194.6560516357422, 8.869333659709561e-15]}, 525024], [0.24251707186595864, {"__complex__": [-1011.4522705078125, -3.399272813372437e-15]}, 547954], [0.24751627666670906, {"__complex__": [-41.43523406982422, 8.161706665463795e-16]}, 570544], [0.2525167544702008, {"__complex__": [799.0778198242188, -6.267586411890305e-15]}, 594374], [0.25751857595461863, {"__complex__": [174.8318328857422, -1.5072383784315614e-15]}, 617900], [0.2625190906945416, {"__complex__": [430.13671875, 5.9829774123822295e-15]}, 642106], [0.2675172479110602, {"__complex__": [709.6943359375, -2.7962941986610975e-15]}, 666112], [0.272514629608296, {"__complex__": [500.3028259277344, -2.692516357238211e-15]}, 691786], [0.27751615229387816, {"__complex__": [-238.3098602294922, 8.431240596093112e-15]}, 717996], [0.28251644607381426, {"__complex__": [-968.63818359375, -5.01282399107978e-15]}, 743152], [0.2875152531419474, {"__complex__": [720.3219604492188, 2.7207187427335166e-15]}, 770192], [0.2925134012698469, {"__complex__": [276.1562194824219, -3.800457686861701e-15]}, 796430], [0.2975118362281548, {"__complex__": [792.6801147460938, -5.645611177512657e-16]}, 824820], [0.3025125080826814, {"__complex__": [1298.248291015625, 3.277143156114339e-15]}, 852562], [0.30751063191170563, {"__complex__": [-226.92025756835938, -5.289369766325587e-16]}, 880372], [0.3125111278203564, {"__complex__": [223.4512939453125, -1.1249685129841383e-14]}, 910652], [0.31751269361539736, {"__complex__": [-338.055908203125, -2.07663997183903e-15]}, 938996], [0.3225130904459611, {"__complex__": [-96.67979431152344, 4.803840951838766e-16]}, 969352], [0.32751158760760724, {"__complex__": [-870.2135009765625, -1.6325179394622615e-15]}, 998344], [0.3325089848249692, {"__complex__": [-469.4395751953125, -3.1649280195038525e-15]}, 1029922], [0.33751027924368393, {"__complex__": [49.585227966308594, -5.700625332162113e-15]}, 1061918], [0.34251253316973607, {"__complex__": [473.0160827636719, 1.064834022992706e-15]}, 1093272], [0.34751415893089227, {"__complex__": [335.75506591796875, 5.3787566238537414e-15]}, 1125464], [0.352514235068077, {"__complex__": [-231.7044219970703, -2.0117043085201474e-15]}, 1157380], [0.357512374484406, {"__complex__": [127.92393493652344, 1.9562772517786841e-16]}, 1190172], [0.3625118834929162, {"__complex__": [519.522705078125, -3.232042675079547e-15]}, 1224650], [0.3675116774700016, {"__complex__": [431.7461853027344, -7.404000754035749e-16]}, 1257864], [0.3725098709245497, {"__complex__": 