{"edges": {"__dtype__": "<f8", "__shape__": [116], "__data__": [0.0, 0.005, 0.01, 0.015, 0.02, 0.025, 0.03, 0.035, 0.04, 0.045, 0.05, 0.055, 0.06, 0.065, 0.07, 0.075, 0.08, 0.085, 0.09, 0.095, 0.1, 0.105, 0.11, 0.115, 0.12, 0.125, 0.13, 0.135, 0.14, 0.145, 0.15, 0.155, 0.16, 0.165, 0.17, 0.17500000000000002, 0.18, 0.185, 0.19, 0.195, 0.2, 0.20500000000000002, 0.21, 0.215, 0.22, 0.225, 0.23, 0.23500000000000001, 0.24, 0.245, 0.25, 0.255, 0.26, 0.265, 0.27, 0.275, 0.28, 0.28500000000000003, 0.29, 0.295, 0.3, 0.305, 0.31, 0.315, 0.32, 0.325, 0.33, 0.335, 0.34, 0.34500000000000003, 0.35000000000000003, 0.355, 0.36, 0.365, 0.37, 0.375, 0.38, 0.385, 0.39, 0.395, 0.4, 0.405, 0.41000000000000003, 0.41500000000000004, 0.42, 0.425, 0.43, 0.435, 0.44, 0.445, 0.45, 0.455, 0.46, 0.465, 0.47000000000000003, 0.47500000000000003, 0.48, 0.485, 0.49, 0.495, 0.5, 0.505, 0.51, 0.515, 0.52, 0.525, 0.53, 0.535, 0.54, 0.545, 0.55, 0.555, 0.56, 0.5650000000000001, 0.5700000000000001, 0.5750000000000001]}, "poles": {"__dtype__": [["k", "<f8"], ["power_2", "<c8"], ["modes", "<i8"]], "__shape__": [115], "__data__": [[0.0037054420134658554, {"__complex__": [-24711.4765625, 0.0]}, 83], [0.008002706039259398, {"__complex__": [63007.54296875, -2.9299156959101957e-13]}, 596], [0.012849701484846114, {"__complex__": [40941.671875, -8.476843901296383e-13]}, 1648], [0.0177641384261076, {"__complex__": [15652.3359375, 7.37739676206356e-14]}, 3156], [0.022684229681789413, {"__complex__": [23182.015625, -2.2491367492397107e-14]}, 5176], [0.027646384376179004, {"__complex__": [13632.4755859375, 1.5663261432232595e-13]}, 7804], [0.032636129245414154, {"__complex__": [13297.7060546875, 1.4988178883776349e-13]}, 10874], [0.037622935176432226, {"__complex__": [16002.546875, -4.030443225667242e-15]}, 14442], [0.0426065943302704, {"__complex__": [7231.0205078125, 3.7666735236505794e-14]}, 18544], [0.047584168879418735, {"__complex__": [8185.75439453125, -3.789561455028222e-15]}, 23040], [0.052572163944886785, {"__complex__": [10870.7080078125, -8.20808891910602e-15]}, 28366], [0.05756591012932392, {"__complex__": [10329.9658203125, -1.376962847671366e-14]}, 33818], [0.06255885577973451, {"__complex__": [6194.3720703125, 3.4811458322079117e-14]}, 40130], [0.06756290621144688, {"__complex__": [4880.39501953125, 7.45646661006339e-15]}, 46838], [0.07256050504780319, {"__complex__": [6362.9140625, -3.4604934748879573e-14]}, 53826], [0.0775516441986681, {"__complex__": [10492.3857421875, -2.6937489172314082e-14]}, 61584], [0.08254999402587553, {"__complex__": [1869.616455078125, -1.999576109616534e-14]}, 69864], [0.08754547074829418, {"__complex__": [5846.84228515625, 2.0787389618339737e-14]}, 78404], [0.09254370656486871, {"__complex__": [3977.756103515625, -1.0595009976776745e-14]}, 87902], [0.09754153604884025, {"__complex__": [5883.50830078125, -4.785338470018061e-15]}, 97310], [0.10253422913940137, {"__complex__": [2639.51171875, 2.1615232187141044e-14]}, 107716], [0.1075359850070505, {"__complex__": [5629.70361328125, 3.924531072975511e-15]}, 118654], [0.11253957840084304, {"__complex__": [459.73681640625, 9.857351852902551e-15]}, 129910], [0.11753653834673844, {"__complex__": [1685.080810546875, 3.2937788831984135e-15]}, 141376], [0.12253336603812491, {"__complex__": [-743.609619140625, -6.049198871715044e-15]}, 153958], [0.12753369323485178, {"__complex__": [1127.13720703125, 3.4913842582545533e-15]}, 166718], [0.1325298054599073, {"__complex__": [577.439697265625, 4.532147193073068e-15]}, 179806], [0.13753126919241337, {"__complex__": [1570.92041015625, -2.097227954654993e-15]}, 194282], [0.14252978867508304, {"__complex__": [-491.56658935546875, -8.404467366938061e-16]}, 207774], [0.14752584639061916, {"__complex__": [1405.7589111328125, 6.256701615001614e-15]}, 223278], [0.1525273402624495, {"__complex__": [-404.0045166015625, 1.952490903331383e-14]}, 238496], [0.15752777994300757, {"__complex__": [-461.3843078613281, 4.117754534837268e-15]}, 254444], [0.16252677921627748, {"__complex__": [-830.726318359375, -4.945937187366897e-15]}, 270682], [0.16752582095517576, {"__complex__": [-564.0711059570312, -7.283291571030196e-15]}, 287710], [0.1725259295419247, {"__complex__": [184.81114196777344, 8.391613006688767e-15]}, 305202], [0.17752572093623975, {"__complex__": [-858.7937622070312, 7.208200406190208e-15]}, 323008], [0.18252702152554795, {"__complex__": [295.8462219238281, -2.724663163410643e-15]}, 341812], [0.18752508561671835, {"__complex__": [934.2483520507812, -2.5868633966283404e-15]}, 360020], [0.19252006361125312, {"__complex__": [-60.72457504272461, 1.2263022196618988e-15]}, 379728], [0.19751626124600596, {"__complex__": [10.162368774414062, -1.3981722985607296e-14]}, 399660], [0.20251335405021748, {"__complex__": [371.3441467285156, 2.2157464987007094e-15]}, 420320], [0.20751594275294782, {"__complex__": [706.2960815429688, -1.580048271786357e-15]}, 442070], [0.21251689533718626, {"__complex__": [110.6207504272461, 4.0260873587359865e-15]}, 462644], [0.21751895130525958, {"__complex__": [382.78143310546875, 0.0]}, 485820], [0.22252064263763735, {"__complex__": [-737.328857421875, 8.261223295887282e-15]}, 507304], [0.22751949683857262, {"__complex__": [-429.41204833984375, -8.77321659601988e-15]}, 530776], [0.23252062744923513, {"__complex__": [-157.7645263671875, -1.049686956313431e-15]}, 554524], [0.23751988845699762, {"__complex__": [82.65595245361328, -1.6112623888047436e-15]}, 578008], [0.24251952417933192, {"__complex__": [-240.12196350097656, 3.859463801912449e-16]}, 603272], [0.24751886354741093, {"__complex__": [-196.2057342529297, 0.0]}, 627748], [0.2525158523431189, {"__complex__": [-1291.080810546875, -1.4255577207784084e-15]}, 653304], [0.2575140585584922, {"__complex__": [-469.49835205078125, 2.0547022420216174e-15]}, 679896], [0.2625126084722789, {"__complex__": [-4.076846599578857, 1.2365454949721634e-15]}, 706092], [0.26751303339828036, {"__complex__": [343.4732666015625, -3.8051578726860154e-15]}, 734258], [0.2725141980302592, {"__complex__": [1218.630615234375, 7.341052441769361e-15]}, 761190], [0.27751499291909654, {"__complex__": [14.88849925994873, 2.9841921526252294e-15]}, 789966], [0.2825156597003922, {"__complex__": [-773.2212524414062, -5.690955498157139e-16]}, 818248], [0.2875141801620819, {"__complex__": [-1122.4410400390625, -5.4976160986607275e-15]}, 847024], [0.29251195304227423, {"__complex__": [-1252.9588623046875, 0.0]}, 877004], [0.2975142527009851, {"__complex__": [255.5252227783203, -4.100024441185341e-15]}, 908602], [0.30251615798691667, {"__complex__": [-165.98687744140625, 4.468908983780483e-15]}, 937802], [0.30751506635382575, {"__complex__": [565.4182739257812, -4.32187846369724e-15]}, 969706], [0.31251223811931306, {"__complex__": [-216.1302032470703, 0.0]}, 999956], [0.3175098816792195, {"__complex__": [557.5310668945312, -9.287917436968376e-16]}, 1034060], [0.3225110492752749, {"__complex__": [-672.684814453125, -1.310017026937883e-15]}, 1066386], [0.3275123331358606, {"__complex__": [-274.3097839355469, -4.2322149440326886e-16]}, 1100278], [0.3325123291547583, {"__complex__": [404.30218505859375, -1.6438924272735842e-15]}, 1133070], [0.3375117534479973, {"__complex__": [3.690898895263672, 0.0]}, 1168082], [0.3425129583700723, {"__complex__": [-366.2313537597656, 1.7415016453789728e-15]}, 1203258], [0.3475132726509487, {"__complex__": [-1.8466451168060303, -1.5046887033812076e-15]}, 1237894], [0.35251300538197095, {"__complex__": [81.5582504272461, 2.923805056233102e-15]}, 1274124], [0.3575125695577228, {"__complex__": [584.2824096679688, -3.5540096392098e-15]}, 1310242], [0.36251151779301266, {"__complex__": [-155.8097381591797, 1.0371737385836432e-15]}, 1346914], [0.3675115630015573, {"__complex__": [190.8571319580078, -4.033701761415329e-15]}, 1385312], [0.3725118957087531, {"__complex__": [-682.5435791015625, -1.0640431059782073e-15]}, 1422310], [0.37751124096797295, {"__complex__": [-778.0089721679688, 3.1868457911074456e-16]}, 