{"edges": {"__dtype__": "<f8", "__shape__": [128], "__data__": [0.0, 0.005, 0.01, 0.015, 0.02, 0.025, 0.03, 0.035, 0.04, 0.045, 0.05, 0.055, 0.06, 0.065, 0.07, 0.075, 0.08, 0.085, 0.09, 0.095, 0.1, 0.105, 0.11, 0.115, 0.12, 0.125, 0.13, 0.135, 0.14, 0.145, 0.15, 0.155, 0.16, 0.165, 0.17, 0.17500000000000002, 0.18, 0.185, 0.19, 0.195, 0.2, 0.20500000000000002, 0.21, 0.215, 0.22, 0.225, 0.23, 0.23500000000000001, 0.24, 0.245, 0.25, 0.255, 0.26, 0.265, 0.27, 0.275, 0.28, 0.28500000000000003, 0.29, 0.295, 0.3, 0.305, 0.31, 0.315, 0.32, 0.325, 0.33, 0.335, 0.34, 0.34500000000000003, 0.35000000000000003, 0.355, 0.36, 0.365, 0.37, 0.375, 0.38, 0.385, 0.39, 0.395, 0.4, 0.405, 0.41000000000000003, 0.41500000000000004, 0.42, 0.425, 0.43, 0.435, 0.44, 0.445, 0.45, 0.455, 0.46, 0.465, 0.47000000000000003, 0.47500000000000003, 0.48, 0.485, 0.49, 0.495, 0.5, 0.505, 0.51, 0.515, 0.52, 0.525, 0.53, 0.535, 0.54, 0.545, 0.55, 0.555, 0.56, 0.5650000000000001, 0.5700000000000001, 0.5750000000000001, 0.58, 0.585, 0.59, 0.595, 0.6, 0.605, 0.61, 0.615, 0.62, 0.625, 0.63, 0.635]}, "poles": {"__dtype__": [["k", "<f8"], ["power_0", "<c8"], ["modes", "<i8"]], "__shape__": [127], "__data__": [[0.0037537781648676505, {"__complex__": [91535.7109375, 1.8898591188070551e-13]}, 77], [0.008050398333474014, {"__complex__": [97857.46875, 3.6512561366313506e-14]}, 548], [0.012848609532355457, {"__complex__": [116492.015625, -1.9664750784773727e-14]}, 1480], [0.017751579213119567, {"__complex__": [129035.3046875, 8.106916423973945e-14]}, 2872], [0.022691827324042853, {"__complex__": [112823.328125, -7.98880479455609e-14]}, 4736], [0.027648005536595924, {"__complex__": [101920.3125, 3.412543956183428e-14]}, 7036], [0.032612636555868525, {"__complex__": [104089.2734375, 4.7332922764641364e-14]}, 9838], [0.03761114292794433, {"__complex__": [101451.171875, 2.203500138700954e-14]}, 13208], [0.04261303922036164, {"__complex__": [99305.2734375, 0.0]}, 16858], [0.04760505554480107, {"__complex__": [100828.96875, 2.209019405385263e-14]}, 21080], [0.05259133615803475, {"__complex__": [95556.1015625, -2.2716071780776517e-14]}, 25624], [0.05756841184374016, {"__complex__": [94407.5859375, 1.3260011103998111e-14]}, 30728], [0.06256248327880025, {"__complex__": [93574.453125, -2.711190342054911e-14]}, 36498], [0.06756661487904435, {"__complex__": [92581.75, 0.0]}, 42528], [0.07257304507008182, {"__complex__": [90211.546875, -8.289664968190186e-15]}, 49152], [0.07756473030387098, {"__complex__": [90777.0390625, 1.3052449491921707e-15]}, 55744], [0.08254764044823601, {"__complex__": [89020.6171875, -1.1486057297069221e-14]}, 63346], [0.08754405971893497, {"__complex__": [87889.28125, 5.2999075973432595e-15]}, 71388], [0.09254365223263855, {"__complex__": [85806.4296875, -8.02743457914857e-15]}, 79762], [0.09754150838846357, {"__complex__": [85968.984375, 9.03702839557402e-16]}, 88564], [0.10254123052801507, {"__complex__": [85423.8203125, 0.0]}, 97988], [0.10754181638082774, {"__complex__": [83521.5078125, -3.377630962751412e-16]}, 107708], [0.11254085353408888, {"__complex__": [82841.6015625, 1.7272009763722417e-15]}, 117952], [0.11753281793039293, {"__complex__": [83038.6796875, 4.537264542623905e-15]}, 128288], [0.12252442444514552, {"__complex__": [82932.640625, 0.0]}, 139770], [0.12753052839909865, {"__complex__": [83088.7109375, -2.873109287306985e-16]}, 151946], [0.13253665927256145, {"__complex__": [81102.1015625, 3.0245693661878946e-15]}, 163582], [0.13753197887556465, {"__complex__": [81814.828125, -1.2406430168545061e-15]}, 175940], [0.1425260716253757, {"__complex__": [81770.8828125, -3.5405371566672467e-15]}, 189064], [0.14752506711896965, {"__complex__": [81472.0859375, -2.295888521005175e-15]}, 202824], [0.1525272624752809, {"__complex__": [80517.4375, -3.758693456847907e-15]}, 216806], [0.15752484634575162, {"__complex__": [80777.2109375, 0.0]}, 230876], [0.16252366735405163, {"__complex__": [80023.3671875, 2.009345321762044e-15]}, 246232], [0.1675242007800524, {"__complex__": [79450.4609375, -2.3387303886861135e-15]}, 261330], [0.17252326579974073, {"__complex__": [79754.28125, -2.440363754444789e-15]}, 277280], [0.17752110470595878, {"__complex__": [79521.28125, -2.778219150841401e-15]}, 293320], [0.1825207522633753, {"__complex__": [79367.25, 2.8112944110031423e-16]}, 310574], [0.18752231962759572, {"__complex__": [79308.7265625, -2.487810728501712e-15]}, 327560], [0.19252167162300435, {"__complex__": [78709.8515625, -2.865977269891104e-15]}, 345268], [0.19752225984779248, {"__complex__": [77880.7734375, 2.3616481356234995e-15]}, 363544], [0.20251992290984697, {"__complex__": [78263.53125, -4.7278664375139095e-15]}, 381660], [0.20751551078768798, {"__complex__": [78354.953125, -1.016463888902394e-15]}, 400854], [0.21251512379553542, {"__complex__": [78679.96875, 1.866472039383925e-15]}, 421010], [0.21751870975885984, {"__complex__": [79034.2421875, 7.256826132472354e-16]}, 441160], [0.2225209082741387, {"__complex__": [78397.09375, 0.0]}, 461296], [0.22752039891934017, {"__complex__": [78093.734375, 6.03573509772998e-17]}, 482192], [0.23252118259031918, {"__complex__": [78295.765625, 9.241878019911553e-16]}, 503860], [0.23751936566507853, {"__complex__": [77911.21875, -1.1086666677590258e-16]}, 525024], [0.24251707186595864, {"__complex__": [77608.2578125, 0.0]}, 547954], [0.24751627666670906, {"__complex__": [78093.3984375, 0.0]}, 570544], [0.2525167544702008, {"__complex__": [77733.1953125, 3.9172415074314407e-16]}, 594374], [0.25751857595461863, {"__complex__": [77648.3828125, 7.536191892157807e-16]}, 617900], [0.2625190906945416, {"__complex__": [78214.9765625, -2.5382326940276293e-15]}, 642106], [0.2675172479110602, {"__complex__": [77763.2578125, -5.243051887187354e-16]}, 666112], [0.272514629608296, {"__complex__": [77257.5, 4.207056742010256e-16]}, 691786], [0.27751615229387816, {"__complex__": [77353.59375, 4.8641772262540575e-16]}, 717996], [0.28251644607381426, {"__complex__": [77503.953125, -1.0965553009882612e-15]}, 743152], [0.2875152531419474, {"__complex__": [77536.109375, 1.4359349331734576e-15]}, 770192], [0.2925134012698469, {"__complex__": [77229.578125, -1.0232001301736706e-15]}, 796430], [0.2975118362281548, {"__complex__": [77482.875, -1.0585521090185129e-15]}, 824820], [0.3025125080826814, {"__complex__": [77303.7421875, 3.072321642682744e-16]}, 852562], [0.30751063191170563, {"__complex__": [77201.59375, -1.9835135961976462e-16]}, 880372], [0.3125111278203564, {"__complex__": [77213.0703125, 3.435628367441098e-16]}, 910652], [0.31751269361539736, {"__complex__": [77181.5546875, 1.332768967175844e-15]}, 938996], [0.3225130904459611, {"__complex__": [76888.0546875, -1.3510802313087059e-15]}, 969352], [0.32751158760760724, {"__complex__": [77440.8515625, 6.996505379210322e-16]}, 998344], [0.3325089848249692, {"__complex__": [77109.265625, 7.912320048759631e-16]}, 1029922], [0.33751027924368393, {"__complex__": [77143.8359375, 1.315528987963022e-15]}, 1061918], [0.34251253316973607, {"__complex__": [77027.5234375, 1.0115922847853793e-15]}, 1093272], [0.34751415893089227, {"__complex__": [77473.421875, -2.5859405012927477e-16]}, 1125464], [0.352514235068077, {"__complex__": [77525.4921875, -1.2070226909912068e-15]}, 1157380], [0.357512374484406, {"__complex__": [77491.3125, -7.825109007114737e-16]}, 1190172], [0.3625118834929162, {"__complex__": [77348.375, -7.604806325445734e-16]}, 1224650], [0.3675116774700016, {"__complex__": [77112.3359375, 7.866750734988534e-16]}, 1257864], [0.3725098709245497, {"__complex__": [76938.6484375, -7.206638900951945e-16]}, 1292312], [0.37751067052804127, {"__complex__": [76822.078125, -1.0515229002266047e-15]}, 1328534], [0.3825116981355865, {"__complex__": [77183.03125, 3.416824765407645e-16]}, 1362848], [0.3875116125361288, {"__complex__": [77388.1796875, -1.6640221652650827e-16]}, 1399204], [0.3925104655048909, {"__complex__": [77109.3828125, 0.0]}, 1434426], [0.3975103524535893, {"__complex__": [77276.96875, 