{"edges": {"__dtype__": "<f8", "__shape__": [128], "__data__": [0.0, 0.005, 0.01, 0.015, 0.02, 0.025, 0.03, 0.035, 0.04, 0.045, 0.05, 0.055, 0.06, 0.065, 0.07, 0.075, 0.08, 0.085, 0.09, 0.095, 0.1, 0.105, 0.11, 0.115, 0.12, 0.125, 0.13, 0.135, 0.14, 0.145, 0.15, 0.155, 0.16, 0.165, 0.17, 0.17500000000000002, 0.18, 0.185, 0.19, 0.195, 0.2, 0.20500000000000002, 0.21, 0.215, 0.22, 0.225, 0.23, 0.23500000000000001, 0.24, 0.245, 0.25, 0.255, 0.26, 0.265, 0.27, 0.275, 0.28, 0.28500000000000003, 0.29, 0.295, 0.3, 0.305, 0.31, 0.315, 0.32, 0.325, 0.33, 0.335, 0.34, 0.34500000000000003, 0.35000000000000003, 0.355, 0.36, 0.365, 0.37, 0.375, 0.38, 0.385, 0.39, 0.395, 0.4, 0.405, 0.41000000000000003, 0.41500000000000004, 0.42, 0.425, 0.43, 0.435, 0.44, 0.445, 0.45, 0.455, 0.46, 0.465, 0.47000000000000003, 0.47500000000000003, 0.48, 0.485, 0.49, 0.495, 0.5, 0.505, 0.51, 0.515, 0.52, 0.525, 0.53, 0.535, 0.54, 0.545, 0.55, 0.555, 0.56, 0.5650000000000001, 0.5700000000000001, 0.5750000000000001, 0.58, 0.585, 0.59, 0.595, 0.6, 0.605, 0.61, 0.615, 0.62, 0.625, 0.63, 0.635]}, "poles": {"__dtype__": [["k", "<f8"], ["power_0", "<c8"], ["modes", "<i8"]], "__shape__": [127], "__data__": [[0.0037537781648676505, {"__complex__": [108041.578125, -8.12048860229439e-14]}, 77], [0.008050398333474014, {"__complex__": [100263.6953125, -3.3193237028217087e-15]}, 548], [0.012848609532355457, {"__complex__": [120259.2421875, -3.379878935253866e-15]}, 1480], [0.017751579213119567, {"__complex__": [117686.7734375, 2.0089161725193178e-14]}, 2872], [0.022691827324042853, {"__complex__": [114357.171875, 7.45387214814595e-15]}, 4736], [0.027648005536595924, {"__complex__": [105365.546875, -1.9783303633653807e-15]}, 7036], [0.032612636555868525, {"__complex__": [101739.78125, -1.0046401136400238e-14]}, 9838], [0.03761114292794433, {"__complex__": [95863.25, 1.3995669383083838e-14]}, 13208], [0.04261303922036164, {"__complex__": [93052.3515625, -4.1387914451152755e-15]}, 16858], [0.04760505554480107, {"__complex__": [95174.21875, -2.824643385554074e-16]}, 21080], [0.05259133615803475, {"__complex__": [91339.2578125, 4.336906098730952e-16]}, 25624], [0.05756841184374016, {"__complex__": [87996.6171875, -6.254420131758184e-15]}, 30728], [0.06256248327880025, {"__complex__": [89363.15625, -6.526644027269744e-16]}, 36498], [0.06756661487904435, {"__complex__": [89930.2734375, 9.359623011118189e-16]}, 42528], [0.07257304507008182, {"__complex__": [87478.640625, -4.667851929739456e-16]}, 49152], [0.07756473030387098, {"__complex__": [85313.0390625, -2.450903385407474e-15]}, 55744], [0.08254764044823601, {"__complex__": [84351.1484375, 1.073368621090122e-15]}, 63346], [0.08754405971893497, {"__complex__": [83252.359375, 2.0764474836017666e-15]}, 71388], [0.09254365223263855, {"__complex__": [81502.2421875, 5.015365195800662e-16]}, 79762], [0.09754150838846357, {"__complex__": [80890.5625, 1.8809758904188788e-16]}, 88564], [0.10254123052801507, {"__complex__": [80451.6171875, 7.581259338907656e-16]}, 97988], [0.10754181638082774, {"__complex__": [80323.0625, -5.571112379870375e-17]}, 107708], [0.11254085353408888, {"__complex__": [80259.0078125, -1.8838777194170537e-15]}, 117952], [0.11753281793039293, {"__complex__": [78944.25, 2.1412433070750137e-16]}, 128288], [0.12252442444514552, {"__complex__": [78969.6015625, -1.862035492564444e-15]}, 139770], [0.12753052839909865, {"__complex__": [78470.2890625, -5.117959414558879e-16]}, 151946], [0.13253665927256145, {"__complex__": [77644.015625, 4.788601240930885e-16]}, 163582], [0.13753197887556465, {"__complex__": [77413.3359375, -8.377722301628507e-16]}, 175940], [0.1425260716253757, {"__complex__": [77694.0, 6.997792339894556e-16]}, 189064], [0.14752506711896965, {"__complex__": [77901.84375, 1.4607624217695468e-15]}, 202824], [0.1525272624752809, {"__complex__": [77834.546875, 7.944921288108265e-16]}, 216806], [0.15752484634575162, {"__complex__": [77287.1171875, 4.0896214472249594e-16]}, 230876], [0.16252366735405163, {"__complex__": [76365.0703125, -5.176015052763688e-16]}, 246232], [0.1675242007800524, {"__complex__": [76280.1875, -4.0373322505063793e-16]}, 261330], [0.17252326579974073, {"__complex__": [76305.0859375, 1.7899383774347627e-16]}, 277280], [0.17752110470595878, {"__complex__": [75971.984375, 1.010788979914027e-15]}, 293320], [0.1825207522633753, {"__complex__": [75546.671875, 6.224618548058463e-16]}, 310574], [0.18752231962759572, {"__complex__": [75736.7109375, -1.3216737884788783e-15]}, 327560], [0.19252167162300435, {"__complex__": [75929.4140625, -5.540439331616826e-16]}, 345268], [0.19752225984779248, {"__complex__": [75048.2109375, -5.378167406559808e-16]}, 363544], [0.20251992290984697, {"__complex__": [75230.953125, 3.455764722877497e-16]}, 381660], [0.20751551078768798, {"__complex__": [75320.8671875, 1.4440912516505857e-16]}, 400854], [0.21251512379553542, {"__complex__": [75213.1328125, 6.565085691138595e-17]}, 421010], [0.21751870975885984, {"__complex__": [74799.9453125, -3.0835490643985996e-16]}, 441160], [0.2225209082741387, {"__complex__": [75144.703125, 2.017971161189747e-16]}, 461296], [0.22752039891934017, {"__complex__": [74404.8515625, 6.731120957110485e-16]}, 482192], [0.23252118259031918, {"__complex__": [74613.0078125, 2.663865348683326e-17]}, 503860], [0.23751936566507853, {"__complex__": [74679.53125, 1.5970241090685337e-16]}, 525024], [0.24251707186595864, {"__complex__": [74514.828125, -1.4813077617705715e-16]}, 547954], [0.24751627666670906, {"__complex__": [74503.6796875, -1.3678911089244047e-16]}, 570544], [0.2525167544702008, {"__complex__": [74271.7421875, 4.092403421061098e-16]}, 594374], [0.25751857595461863, {"__complex__": [74075.6875, 1.49816318802534e-16]}, 617900], [0.2625190906945416, {"__complex__": [74236.9296875, 2.6295168391831842e-17]}, 642106], [0.2675172479110602, {"__complex__": [74114.1171875, -1.3510575202378076e-16]}, 666112], [0.272514629608296, {"__complex__": [73515.3671875, -1.5386160257483273e-16]}, 691786], [0.27751615229387816, {"__complex__": [74155.5703125, 1.3430371770184934e-16]}, 717996], [0.28251644607381426, {"__complex__": [74225.90625, 1.5336170093472e-17]}, 743152], [0.2875152531419474, {"__complex__": [74327.3828125, 8.64529934792165e-17]}, 770192], [0.2925134012698469, {"__complex__": [73841.53125, 1.826629991825247e-16]}, 796430], [0.2975118362281548, {"__complex__": [73631.109375, -3.534461759913506e-16]}, 824820], [0.3025125080826814, {"__complex__": [73602.6015625, -1.4876740084625756e-16]}, 852562], [0.30751063191170563, {"__complex__": [73887.96875, -1.4700103274876693e-16]}, 880372], [0.3125111278203564, {"__complex__": [73783.8359375, -1.4381114637407663e-16]}, 910652], [0.31751269361539736, {"__complex__": [73849.2421875, -2.1633716126881137e-17]}, 938996], [0.3225130904459611, {"__complex__": [73741.1171875, -2.4176435250027907e-16]}, 969352], [0.32751158760760724, {"__complex__": [73591.984375, -4.632586242376115e-16]}, 998344], [0.3325089848249692, {"__complex__": [73426.2421875, 5.1116383650155444e-17]}, 1029922], [0.33751027924368393, {"__complex__": [73420.015625, 1.973513181115227e-16]}, 1061918], [0.34251253316973607, {"__complex__": [73638.265625, 1.3270617385865833e-16]}, 1093272], [0.34751415893089227, {"__complex__": [73056.453125, 1.4061998944996546e-16]}, 1125464], [0.352514235068077, {"__complex__": [73267.0390625, 2.8836945521697036e-16]}, 1157380], [0.357512374484406, {"__complex__": [73656.7890625, -5.416937494219066e-17]}, 1190172], [0.3625118834929162, {"__complex__": [73517.109375, -1.3440021328338733e-16]}, 1224650], [0.3675116774700016, {"__complex__": [73609.390625, 1.7155505874306855e-17]}, 1257864], [0.3725098709245497, {"__complex__": [73537.640625, 2.831975514503744e-16]}, 1292312], [0.37751067052804127, {"__complex__": [73403.8828125, -5.3135409102666726e-17]}, 1328534], [0.3825116981355865, {"__complex__": [73285.2734375, -8.49305377833106e-18]}, 1362848], [0.3875116125361288, {"__complex__": [73327.4140625, 