{"edges": {"__dtype__": "<f8", "__shape__": [128], "__data__": [0.0, 0.005, 0.01, 0.015, 0.02, 0.025, 0.03, 0.035, 0.04, 0.045, 0.05, 0.055, 0.06, 0.065, 0.07, 0.075, 0.08, 0.085, 0.09, 0.095, 0.1, 0.105, 0.11, 0.115, 0.12, 0.125, 0.13, 0.135, 0.14, 0.145, 0.15, 0.155, 0.16, 0.165, 0.17, 0.17500000000000002, 0.18, 0.185, 0.19, 0.195, 0.2, 0.20500000000000002, 0.21, 0.215, 0.22, 0.225, 0.23, 0.23500000000000001, 0.24, 0.245, 0.25, 0.255, 0.26, 0.265, 0.27, 0.275, 0.28, 0.28500000000000003, 0.29, 0.295, 0.3, 0.305, 0.31, 0.315, 0.32, 0.325, 0.33, 0.335, 0.34, 0.34500000000000003, 0.35000000000000003, 0.355, 0.36, 0.365, 0.37, 0.375, 0.38, 0.385, 0.39, 0.395, 0.4, 0.405, 0.41000000000000003, 0.41500000000000004, 0.42, 0.425, 0.43, 0.435, 0.44, 0.445, 0.45, 0.455, 0.46, 0.465, 0.47000000000000003, 0.47500000000000003, 0.48, 0.485, 0.49, 0.495, 0.5, 0.505, 0.51, 0.515, 0.52, 0.525, 0.53, 0.535, 0.54, 0.545, 0.55, 0.555, 0.56, 0.5650000000000001, 0.5700000000000001, 0.5750000000000001, 0.58, 0.585, 0.59, 0.595, 0.6, 0.605, 0.61, 0.615, 0.62, 0.625, 0.63, 0.635]}, "poles": {"__dtype__": [["k", "<f8"], ["power_0", "<c8"], ["modes", "<i8"]], "__shape__": [127], "__data__": [[0.0037537781648676505, {"__complex__": [177872.703125, -1.1339154441791788e-12]}, 77], [0.008050398333474014, {"__complex__": [106499.2578125, -2.6554588606134133e-13]}, 548], [0.012848609532355457, {"__complex__": [122800.625, -2.359770094172847e-13]}, 1480], [0.017751579213119567, {"__complex__": [112805.8984375, -4.0534582119869725e-14]}, 2872], [0.022691827324042853, {"__complex__": [118269.671875, 1.9664750784773727e-13]}, 4736], [0.027648005536595924, {"__complex__": [114348.40625, -6.618267538822595e-14]}, 7036], [0.032612636555868525, {"__complex__": [106618.0703125, 5.916615260876876e-14]}, 9838], [0.03761114292794433, {"__complex__": [107417.859375, -1.9831501078901997e-14]}, 13208], [0.04261303922036164, {"__complex__": [100606.4453125, -2.4169748030788453e-14]}, 16858], [0.04760505554480107, {"__complex__": [96903.65625, 3.037401534173971e-14]}, 21080], [0.05259133615803475, {"__complex__": [99328.8828125, 1.8172856408181677e-14]}, 25624], [0.05756841184374016, {"__complex__": [94057.2109375, 0.0]}, 30728], [0.06256248327880025, {"__complex__": [92771.109375, -1.4353361232313962e-14]}, 36498], [0.06756661487904435, {"__complex__": [93286.515625, 5.474761032161438e-15]}, 42528], [0.07257304507008182, {"__complex__": [93695.46875, -1.1842379282265398e-15]}, 49152], [0.07756473030387098, {"__complex__": [94728.734375, 1.6707135349659785e-14]}, 55744], [0.08254764044823601, {"__complex__": [91696.453125, 2.5269324274783097e-15]}, 63346], [0.08754405971893497, {"__complex__": [88544.265625, -1.3045926067678428e-14]}, 71388], [0.09254365223263855, {"__complex__": [87734.9140625, -2.1801784417510225e-14]}, 79762], [0.09754150838846357, {"__complex__": [87962.109375, -1.8731293371845176e-14]}, 88564], [0.10254123052801507, {"__complex__": [86249.640625, -1.663279635007696e-14]}, 97988], [0.10754181638082774, {"__complex__": [85099.0546875, 4.323367547618513e-15]}, 107708], [0.11254085353408888, {"__complex__": [85143.3203125, -3.2693447355272055e-15]}, 117952], [0.11753281793039293, {"__complex__": [84310.84375, -9.07452972052252e-16]}, 128288], [0.12252442444514552, {"__complex__": [84274.6015625, -4.1645319293493865e-15]}, 139770], [0.12753052839909865, {"__complex__": [84083.46875, 8.523557022948464e-15]}, 151946], [0.13253665927256145, {"__complex__": [83550.5859375, 7.116633709372295e-16]}, 163582], [0.13753197887556465, {"__complex__": [82314.3671875, 7.609277282978697e-15]}, 175940], [0.1425260716253757, {"__complex__": [81801.34375, -6.157455717483893e-16]}, 189064], [0.14752506711896965, {"__complex__": [82221.8125, 6.887665351257288e-15]}, 202824], [0.1525272624752809, {"__complex__": [81535.7421875, 5.369561551815704e-16]}, 216806], [0.15752484634575162, {"__complex__": [82077.125, -3.7817482643040707e-16]}, 230876], [0.16252366735405163, {"__complex__": [81522.0078125, 6.619019958189641e-15]}, 246232], [0.1675242007800524, {"__complex__": [81287.4296875, 2.5614668077708147e-15]}, 261330], [0.17252326579974073, {"__complex__": [80983.484375, 3.3587801915707085e-15]}, 277280], [0.17752110470595878, {"__complex__": [81233.0703125, 1.5875538307319774e-15]}, 293320], [0.1825207522633753, {"__complex__": [80827.7109375, 1.124517764401257e-15]}, 310574], [0.18752231962759572, {"__complex__": [81013.40625, -3.554015144923957e-15]}, 327560], [0.19252167162300435, {"__complex__": [80190.9140625, 8.429344989296716e-17]}, 345268], [0.19752225984779248, {"__complex__": [80351.8515625, -4.6432402227866796e-15]}, 363544], [0.20251992290984697, {"__complex__": [79631.375, -3.660283474970008e-15]}, 381660], [0.20751551078768798, {"__complex__": [80306.3125, 7.623479166767955e-16]}, 400854], [0.21251512379553542, {"__complex__": [80556.03125, 0.0]}, 421010], [0.21751870975885984, {"__complex__": [80005.1171875, -1.3194229043006684e-15]}, 441160], [0.2225209082741387, {"__complex__": [80720.8828125, 1.7665603739696624e-15]}, 461296], [0.22752039891934017, {"__complex__": [80514.8125, -1.448576370515636e-15]}, 482192], [0.23252118259031918, {"__complex__": [80502.5, -2.5415166407641342e-15]}, 503860], [0.23751936566507853, {"__complex__": [80412.578125, 8.869333342072206e-16]}, 525024], [0.24251707186595864, {"__complex__": [80963.6015625, -1.380954553962773e-15]}, 547954], [0.24751627666670906, {"__complex__": [80202.9921875, -4.080853544490134e-15]}, 570544], [0.2525167544702008, {"__complex__": [79817.0703125, -1.7627586783441483e-15]}, 594374], [0.25751857595461863, {"__complex__": [79854.6171875, -9.420239865197259e-16]}, 617900], [0.2625190906945416, {"__complex__": [79895.5546875, -1.314442032933458e-15]}, 642106], [0.2675172479110602, {"__complex__": [79547.90625, -1.7476839271027451e-15]}, 666112], [0.272514629608296, {"__complex__": [79983.3359375, 1.0096936604341088e-15]}, 691786], [0.27751615229387816, {"__complex__": [78702.5, 6.485569282075015e-16]}, 717996], [0.28251644607381426, {"__complex__": [79224.28125, 2.0364599051948384e-15]}, 743152], [0.2875152531419474, {"__complex__": [79112.578125, -2.4184167072649563e-15]}, 770192], [0.2925134012698469, {"__complex__": [79032.890625, 2.0829429557577862e-15]}, 796430], [0.2975118362281548, {"__complex__": [78985.3125, -1.8348235003427154e-15]}, 824820], [0.3025125080826814, {"__complex__": [78842.9140625, 5.461905083725368e-16]}, 852562], [0.30751063191170563, {"__complex__": [79396.2265625, -5.289369766325587e-16]}, 880372], [0.3125111278203564, {"__complex__": [78701.875, 8.629020036419912e-16]}, 910652], [0.31751269361539736, {"__complex__": [78514.6328125, 1.0848119303284091e-15]}, 938996], [0.3225130904459611, {"__complex__": [78769.3359375, -2.401920475919383e-16]}, 969352], [0.32751158760760724, {"__complex__": [78880.1328125, 9.328674544807885e-16]}, 998344], [0.3325089848249692, {"__complex__": [79016.875, -6.781988461966658e-16]}, 1029922], [0.33751027924368393, {"__complex__": [79044.4296875, 1.370342607562216e-15]}, 1061918], [0.34251253316973607, {"__complex__": [79341.578125, 5.856586967641205e-16]}, 1093272], [0.34751415893089227, {"__complex__": [79000.7890625, 1.6550020055306532e-15]}, 1125464], [0.352514235068077, {"__complex__": [78989.4609375, 8.046817763476182e-16]}, 1157380], [0.357512374484406, {"__complex__": [78701.265625, -1.6628356838642162e-15]}, 1190172], [0.3625118834929162, {"__complex__": [78698.4453125, -3.0419225301782935e-15]}, 1224650], [0.3675116774700016, {"__complex__": [78862.5234375, -1.4808001508071498e-15]}, 1257864], [0.3725098709245497, {"__complex__": [78395.6875, -8.107468498873142e-16]}, 1292312], [0.37751067052804127, {"__complex__": [78315.46875, -3.5050760693908862e-16]}, 1328534], [0.3825116981355865, {"__complex__": [78314.1171875, -3.416824765407645e-16]}, 1362848], [0.3875116125361288, {"__complex__": [78592.015625, 8.320110826325413e-16]}, 1399204], [0.3925104655048909, 