{"edges": {"__dtype__": "<f8", "__shape__": [128], "__data__": [0.0, 0.005, 0.01, 0.015, 0.02, 0.025, 0.03, 0.035, 0.04, 0.045, 0.05, 0.055, 0.06, 0.065, 0.07, 0.075, 0.08, 0.085, 0.09, 0.095, 0.1, 0.105, 0.11, 0.115, 0.12, 0.125, 0.13, 0.135, 0.14, 0.145, 0.15, 0.155, 0.16, 0.165, 0.17, 0.17500000000000002, 0.18, 0.185, 0.19, 0.195, 0.2, 0.20500000000000002, 0.21, 0.215, 0.22, 0.225, 0.23, 0.23500000000000001, 0.24, 0.245, 0.25, 0.255, 0.26, 0.265, 0.27, 0.275, 0.28, 0.28500000000000003, 0.29, 0.295, 0.3, 0.305, 0.31, 0.315, 0.32, 0.325, 0.33, 0.335, 0.34, 0.34500000000000003, 0.35000000000000003, 0.355, 0.36, 0.365, 0.37, 0.375, 0.38, 0.385, 0.39, 0.395, 0.4, 0.405, 0.41000000000000003, 0.41500000000000004, 0.42, 0.425, 0.43, 0.435, 0.44, 0.445, 0.45, 0.455, 0.46, 0.465, 0.47000000000000003, 0.47500000000000003, 0.48, 0.485, 0.49, 0.495, 0.5, 0.505, 0.51, 0.515, 0.52, 0.525, 0.53, 0.535, 0.54, 0.545, 0.55, 0.555, 0.56, 0.5650000000000001, 0.5700000000000001, 0.5750000000000001, 0.58, 0.585, 0.59, 0.595, 0.6, 0.605, 0.61, 0.615, 0.62, 0.625, 0.63, 0.635]}, "poles": {"__dtype__": [["k", "<f8"], ["power_0", "<c8"], ["modes", "<i8"]], "__shape__": [127], "__data__": [[0.0037537781648676505, {"__complex__": [88401.359375, 0.0]}, 77], [0.008050398333474014, {"__complex__": [132298.96875, -1.4605024546525402e-13]}, 548], [0.012848609532355457, {"__complex__": [118516.703125, 1.5731800627818981e-13]}, 1480], [0.017751579213119567, {"__complex__": [119473.4375, 1.01336460381872e-13]}, 2872], [0.022691827324042853, {"__complex__": [113233.4453125, 5.83797265629564e-14]}, 4736], [0.027648005536595924, {"__complex__": [108852.75, 2.4818502423551783e-14]}, 7036], [0.032612636555868525, {"__complex__": [103709.3203125, 5.916615260876876e-14]}, 9838], [0.03761114292794433, {"__complex__": [98605.4453125, -8.814000385397227e-15]}, 13208], [0.04261303922036164, {"__complex__": [93813.828125, 2.4169748030788453e-14]}, 16858], [0.04760505554480107, {"__complex__": [96420.8984375, -2.6232105544829118e-14]}, 21080], [0.05259133615803475, {"__complex__": [95934.6796875, -2.0444464941512044e-14]}, 25624], [0.05756841184374016, {"__complex__": [95208.0, 2.580966480304498e-14]}, 30728], [0.06256248327880025, {"__complex__": [92770.09375, 0.0]}, 36498], [0.06756661487904435, {"__complex__": [92077.859375, -4.1060709858793155e-15]}, 42528], [0.07257304507008182, {"__complex__": [92624.8671875, 9.473903425812318e-15]}, 49152], [0.07756473030387098, {"__complex__": [89123.6484375, -5.743077776445551e-15]}, 55744], [0.08254764044823601, {"__complex__": [87501.3125, 2.7566536920043067e-15]}, 63346], [0.08754405971893497, {"__complex__": [87154.6953125, -8.153703474661662e-15]}, 71388], [0.09254365223263855, {"__complex__": [84573.015625, 3.283950759911422e-15]}, 79762], [0.09754150838846357, {"__complex__": [85119.6328125, -3.2861920090898568e-15]}, 88564], [0.10254123052801507, {"__complex__": [84466.078125, -4.15819908751924e-15]}, 97988], [0.10754181638082774, {"__complex__": [82997.71875, -1.3510523851005649e-15]}, 107708], [0.11254085353408888, {"__complex__": [82292.4140625, -6.168575010150076e-17]}, 117952], [0.11753281793039293, {"__complex__": [82024.2109375, -1.1343161356559763e-15]}, 128288], [0.12252442444514552, {"__complex__": [81254.328125, -2.915172308192923e-15]}, 139770], [0.12753052839909865, {"__complex__": [80987.859375, 1.91540619153799e-15]}, 151946], [0.13253665927256145, {"__complex__": [80983.3046875, -1.0674950828756238e-15]}, 163582], [0.13753197887556465, {"__complex__": [80936.234375, 1.9850286999122677e-15]}, 175940], [0.1425260716253757, {"__complex__": [79676.96875, -6.388360181158086e-15]}, 189064], [0.14752506711896965, {"__complex__": [80003.1875, 1.0223878255772537e-15]}, 202824], [0.1525272624752809, {"__complex__": [79635.2578125, -1.8793467284239536e-15]}, 216806], [0.15752484634575162, {"__complex__": [79265.6484375, -1.0084662038144189e-15]}, 230876], [0.16252366735405163, {"__complex__": [79734.953125, 2.3639357598557965e-15]}, 246232], [0.1675242007800524, {"__complex__": [79415.484375, -1.3364174557170235e-15]}, 261330], [0.17252326579974073, {"__complex__": [78660.2578125, -4.828246618027122e-15]}, 277280], [0.17752110470595878, {"__complex__": [79172.6953125, -5.953326600547119e-16]}, 293320], [0.1825207522633753, {"__complex__": [79179.453125, 2.061615724937107e-15]}, 310574], [0.18752231962759572, {"__complex__": [78376.84375, 3.0209129367128346e-15]}, 327560], [0.19252167162300435, {"__complex__": [77938.234375, -2.697390396574949e-15]}, 345268], [0.19752225984779248, {"__complex__": [78084.96875, 5.123575666515648e-15]}, 363544], [0.20251992290984697, {"__complex__": [78074.9765625, -1.2200945269497088e-15]}, 381660], [0.20751551078768798, {"__complex__": [77770.3671875, -2.105532477428111e-15]}, 400854], [0.21251512379553542, {"__complex__": [77715.53125, 1.1060575283487967e-15]}, 421010], [0.21751870975885984, {"__complex__": [77493.1953125, -7.916537214045774e-16]}, 441160], [0.2225209082741387, {"__complex__": [77006.734375, -1.1356459773831655e-15]}, 461296], [0.22752039891934017, {"__complex__": [77552.6328125, -7.24288185257818e-16]}, 482192], [0.23252118259031918, {"__complex__": [77280.75, 1.6173287328938605e-15]}, 503860], [0.23751936566507853, {"__complex__": [77794.0234375, -2.328200075085848e-15]}, 525024], [0.24251707186595864, {"__complex__": [77667.96875, -8.498182033431093e-16]}, 547954], [0.24751627666670906, {"__complex__": [77618.34375, 1.2242559998195692e-15]}, 570544], [0.2525167544702008, {"__complex__": [77588.7421875, -2.9379311305735806e-16]}, 594374], [0.25751857595461863, {"__complex__": [76818.5, 1.5072383784315614e-15]}, 617900], [0.2625190906945416, {"__complex__": [76993.0078125, -1.2237907669732898e-15]}, 642106], [0.2675172479110602, {"__complex__": [77188.953125, -1.529223436214902e-15]}, 666112], [0.272514629608296, {"__complex__": [77168.3984375, 5.889879597633036e-16]}, 691786], [0.27751615229387816, {"__complex__": [77170.125, 8.106961602593769e-17]}, 717996], [0.28251644607381426, {"__complex__": [77051.09375, -1.6448329514823917e-15]}, 743152], [0.2875152531419474, {"__complex__": [76778.9921875, -1.6626614068353186e-15]}, 770192], [0.2925134012698469, {"__complex__": [77269.484375, -1.7540573206352417e-15]}, 796430], [0.2975118362281548, {"__complex__": [77182.2265625, -4.93990938327688e-16]}, 824820], [0.3025125080826814, {"__complex__": [77014.09375, -1.0923810167450736e-15]}, 852562], [0.30751063191170563, {"__complex__": [76888.828125, 5.619955078935916e-16]}, 880372], [0.3125111278203564, {"__complex__": [76758.0390625, -1.1185766753092153e-15]}, 910652], [0.31751269361539736, {"__complex__": [76010.53125, -5.269086503612399e-16]}, 938996], [0.3225130904459611, {"__complex__": [76654.484375, 1.3660923021120122e-15]}, 969352], [0.32751158760760724, {"__complex__": [76601.8984375, -4.0812948486556536e-16]}, 998344], [0.3325089848249692, {"__complex__": [76537.5078125, 8.477485842156118e-16]}, 1029922], [0.33751027924368393, {"__complex__": [76474.546875, -6.57764493981511e-16]}, 1061918], [0.34251253316973607, {"__complex__": [76335.5859375, 2.1296680724551916e-16]}, 1093272], [0.34751415893089227, {"__complex__": [76138.65625, 9.30938654580772e-16]}, 1125464], [0.352514235068077, {"__complex__": [76136.515625, -9.555595730168496e-16]}, 1157380], [0.357512374484406, {"__complex__": [76181.0, -4.646158357169089e-16]}, 1190172], [0.3625118834929162, {"__complex__": [76377.2734375, 4.753003622531339e-16]}, 1224650], [0.3675116774700016, {"__complex__": [76232.8515625, -1.3882501546165927e-15]}, 1257864], [0.3725098709245497, {"__complex__": [76485.046875, -4.5041493130949654e-17]}, 1292312], [0.37751067052804127, {"__complex__": [76408.0234375, -4.381345152913057e-16]}, 1328534], [0.3825116981355865, {"__complex__": [76323.1953125, 8.542061913519112e-17]}, 1362848], [0.3875116125361288, {"__complex__": [76575.9921875, -1.248016623948812e-16]}, 1399204], [0.3925104655048909, 