{"poles": {"dims": ["k"], "edges": [{"__dtype__": "<f8", "__shape__": [86], "__data__": [0.0, 0.005, 0.01, 0.015, 0.02, 0.025, 0.03, 0.035, 0.04, 0.045, 0.05, 0.055, 0.06, 0.065, 0.07, 0.075, 0.08, 0.085, 0.09, 0.095, 0.1, 0.105, 0.11, 0.115, 0.12, 0.125, 0.13, 0.135, 0.14, 0.145, 0.15, 0.155, 0.16, 0.165, 0.17, 0.17500000000000002, 0.18, 0.185, 0.19, 0.195, 0.2, 0.20500000000000002, 0.21, 0.215, 0.22, 0.225, 0.23, 0.23500000000000001, 0.24, 0.245, 0.25, 0.255, 0.26, 0.265, 0.27, 0.275, 0.28, 0.28500000000000003, 0.29, 0.295, 0.3, 0.305, 0.31, 0.315, 0.32, 0.325, 0.33, 0.335, 0.34, 0.34500000000000003, 0.35000000000000003, 0.355, 0.36, 0.365, 0.37, 0.375, 0.38, 0.385, 0.39, 0.395, 0.4, 0.405, 0.41000000000000003, 0.41500000000000004, 0.42, 0.425]}], "coords": [{"__dtype__": "<f8", "__shape__": [85], "__data__": [0.0025, 0.0075, 0.0125, 0.0175, 0.0225, 0.0275, 0.0325, 0.037500000000000006, 0.042499999999999996, 0.0475, 0.052500000000000005, 0.057499999999999996, 0.0625, 0.0675, 0.07250000000000001, 0.0775, 0.0825, 0.0875, 0.0925, 0.0975, 0.10250000000000001, 0.1075, 0.1125, 0.1175, 0.1225, 0.1275, 0.1325, 0.1375, 0.14250000000000002, 0.1475, 0.1525, 0.1575, 0.1625, 0.1675, 0.17250000000000001, 0.1775, 0.1825, 0.1875, 0.1925, 0.1975, 0.2025, 0.20750000000000002, 0.2125, 0.2175, 0.2225, 0.2275, 0.2325, 0.2375, 0.2425, 0.2475, 0.2525, 0.2575, 0.2625, 0.2675, 0.2725, 0.2775, 0.28250000000000003, 0.2875, 0.2925, 0.2975, 0.3025, 0.3075, 0.3125, 0.3175, 0.3225, 0.3275, 0.3325, 0.3375, 0.3425, 0.34750000000000003, 0.35250000000000004, 0.3575, 0.3625, 0.3675, 0.3725, 0.3775, 0.3825, 0.3875, 0.3925, 0.3975, 0.4025, 0.40750000000000003, 0.41250000000000003, 0.4175, 0.4225]}], "data": {"__dtype__": [["k", "<f8"], ["power_2", "<c8"], ["modes", "<i8"]], "__shape__": [85], "__data__": [[0.003785962175218714, {"__complex__": [4674.869140625, 1.0440836563374578e-12]}, 223], [0.008055650047333739, {"__complex__": [41091.7734375, 0.0]}, 1516], [0.012838659412058445, {"__complex__": [19869.32421875, 0.0]}, 4130], [0.017758445021159877, {"__complex__": [17233.3046875, 2.347665519018133e-13]}, 8058], [0.022686221993372543, {"__complex__": [4549.0322265625, -1.0649366452694306e-13]}, 13118], [0.02764503576190599, {"__complex__": [17233.767578125, -1.0003338489581598e-13]}, 19784], [0.032626124011193657, {"__complex__": [16239.7978515625, -1.0166537343968621e-13]}, 27482], [0.03761517664423396, {"__complex__": [10874.31640625, 5.062361188340643e-14]}, 36794], [0.042612076216348424, {"__complex__": [5026.23779296875, -6.431785442781446e-14]}, 47060], [0.04758810749327745, {"__complex__": [7644.46435546875, -2.887186000802462e-14]}, 58466], [0.05257639262811682, {"__complex__": [3416.56298828125, 6.473451840489832e-15]}, 71934], [0.057576644294676294, {"__complex__": [6999.32080078125, 9.465100212391504e-15]}, 86096], [0.06257060468948772, {"__complex__": [4974.62646484375, -2.7481829813669374e-14]}, 101666], [0.06756431050677218, {"__complex__": [6988.6083984375, 1.3754405600585606e-14]}, 118494], [0.07255460479533274, {"__complex__": [3250.3623046875, 6.818380173754255e-15]}, 136590], [0.07755203808236072, {"__complex__": [6901.37255859375, -2.9747871222953913e-15]}, 156536], [0.08254994891496988, {"__complex__": [7781.14892578125, -1.3162006850901947e-14]}, 176896], [0.0875465852208996, {"__complex__": [4952.3349609375, 4.086796751164544e-15]}, 199400], [0.09254606261661012, {"__complex__": [4355.50390625, 8.368505100854722e-15]}, 222578], [0.09754095165434574, {"__complex__": [3725.88720703125, 7.066609108177758e-15]}, 247110], [0.10253878096196406, {"__complex__": [1294.5179443359375, -1.021478281598492e-14]}, 273522], [0.1075376536617221, {"__complex__": [-46.88554000854492, -9.296863375440802e-15]}, 300528], [0.11253874421958751, {"__complex__": [1725.616943359375, 0.0]}, 329826], [0.11753930483919833, {"__complex__": [-1283.737060546875, 7.78515520414658e-15]}, 358884], [0.12253435939470513, {"__complex__": [920.1305541992188, 0.0]}, 390212], [0.1275324928771181, {"__complex__": [1654.602294921875, 2.201666481776738e-15]}, 423008], [0.13253098558293935, {"__complex__": [101.95834350585938, 1.019961287941607e-15]}, 456548], [0.1375294182229233, {"__complex__": [2556.76953125, 5.6790268390400755e-15]}, 491980], [0.14252928720123362, {"__complex__": [-2005.908203125, 7.933502013429856e-15]}, 528260], [0.14752710781464048, {"__complex__": [-1384.0224609375, -1.6461733811214217e-15]}, 565750], [0.15252590457329984, {"__complex__": [-1763.4351806640625, -1.692989146226051e-14]}, 605116], [0.15752627544450365, {"__complex__": [398.4052429199219, 1.4429401074054875e-15]}, 645434], [0.1625268432433497, {"__complex__": [898.79541015625, -1.5244924395671315e-15]}, 687270], [0.16752762298865234, {"__complex__": [408.71954345703125, 5.103612794014759e-15]}, 729932], [0.17252411279445126, {"__complex__": [913.6353759765625, 4.818091116506017e-15]}, 773188], [0.17752203527930777, {"__complex__": [-238.85528564453125, 4.542904087986724e-15]}, 820024], [0.18252363779831107, {"__complex__": [65.95097351074219, -5.372795629487439e-16]}, 866702], [0.18752234050808908, {"__complex__": [-278.8224182128906, 9.679222518160866e-15]}, 914078], [0.19252201016210274, {"__complex__": [-69.47693634033203, -3.862734090242679e-15]}, 964418], [0.19752271477956754, {"__complex__": [293.07470703125, 5.506385854280125e-15]}, 1014810], [0.20252178570627094, {"__complex__": [-273.11004638671875, 1.746614124490363e-15]}, 1066432], [0.20751974798690762, {"__complex__": [-258.7957458496094, 4.159405844771281e-16]}, 1119538], [0.2125197454352182, {"__complex__": [-515.0935668945312, 6.338297992876515e-15]}, 1175486], [0.2175192296548309, {"__complex__": [-711.7471313476562, 3.029538484972962e-15]}, 1229656], [0.22251681667262319, {"__complex__": [-205.84893798828125, -3.616106895122434e-15]}, 1287742], [0.22751746426403283, {"__complex__": [-1735.5645751953125, -1.3829024121041027e-15]}, 1346910], [0.23251730364615478, {"__complex__": [-908.00927734375, -1.159485507925401e-15]}, 1405636], [0.23751678657474465, {"__complex__": [-1174.0291748046875, 5.075942768726803e-15]}, 1467822], [0.2425174971485461, {"__complex__": [-568.0056762695312, 1.5220375263277517e-15]}, 1529730], [0.24751707342858845, {"__complex__": [-1167.1417236328125, -1.4611805384081352e-15]}, 1593442], [0.2525171832510974, {"__complex__": [-552.2017211914062, -1.6843144277033355e-15]}, 1658816], [0.2575157181508458, {"__complex__": [285.2719421386719, 1.6210183025329819e-15]}, 1723588], [0.2625146768272274, {"__complex__": [-49.271854400634766, 7.790573885668403e-16]}, 1793172], [0.2675153728644548, {"__complex__": [-195.0556182861328, 1.0007075937758063e-15]}, 1861328], [0.2725140790996068, {"__complex__": [-931.3966064453125, 2.893953921105966e-15]}, 1930900], [0.2775148647609448, {"__complex__": [-1037.6705322265625, 1.3937573510814033e-15]}, 2004630], [0.28251520974118804, {"__complex__": [-446.3980407714844, -3.141956485974316e-15]}, 2074904], [0.28751406015515885, {"__complex__": [-170.27975463867188, -6.495986199139467e-16]}, 2150534], [0.29251361364437867, {"__complex__": [-880.5674438476562, -8.37231187867792e-16]}, 2224768], [0.2975131524186939, {"__complex__": [-207.6910858154297, 1.4154428768387711e-15]}, 2302904], [0.3025147259314174, {"__complex__": [-730.318359375, -2.346503610043066e-15]}, 2381388], [0.3075149652713783, {"__complex__": [-774.1358642578125, -1.6096727197209841e-15]}, 2458960], [0.31251335064096714, {"__complex__": [-1216.6929931640625, 3.667097855030669e-15]}, 2539672], [0.31751349612987984, {"__complex__": [-757.8794555664062, 1.5977045676927545e-15]}, 2623108], [0.32251268944270295, {"__complex__": [-672.2310180664062, -1.3776787599183854e-15]}, 2704034], [0.32751171630842707, {"__complex__": [-782.770263671875, 2.002476731592759e-15]}, 2790512], [0.33251237563902225, {"__complex__": [-1046.7098388671875, -3.2380875786471865e-16]}, 2876150], [0.3375123279265873, {"__complex__": [-374.1145324707031, 