{"poles": {"dims": ["k"], "edges": [{"__dtype__": "<f8", "__shape__": [94], "__data__": [0.0, 0.005, 0.01, 0.015, 0.02, 0.025, 0.03, 0.035, 0.04, 0.045, 0.05, 0.055, 0.06, 0.065, 0.07, 0.075, 0.08, 0.085, 0.09, 0.095, 0.1, 0.105, 0.11, 0.115, 0.12, 0.125, 0.13, 0.135, 0.14, 0.145, 0.15, 0.155, 0.16, 0.165, 0.17, 0.17500000000000002, 0.18, 0.185, 0.19, 0.195, 0.2, 0.20500000000000002, 0.21, 0.215, 0.22, 0.225, 0.23, 0.23500000000000001, 0.24, 0.245, 0.25, 0.255, 0.26, 0.265, 0.27, 0.275, 0.28, 0.28500000000000003, 0.29, 0.295, 0.3, 0.305, 0.31, 0.315, 0.32, 0.325, 0.33, 0.335, 0.34, 0.34500000000000003, 0.35000000000000003, 0.355, 0.36, 0.365, 0.37, 0.375, 0.38, 0.385, 0.39, 0.395, 0.4, 0.405, 0.41000000000000003, 0.41500000000000004, 0.42, 0.425, 0.43, 0.435, 0.44, 0.445, 0.45, 0.455, 0.46, 0.465]}], "coords": [{"__dtype__": "<f8", "__shape__": [93], "__data__": [0.0025, 0.0075, 0.0125, 0.0175, 0.0225, 0.0275, 0.0325, 0.037500000000000006, 0.042499999999999996, 0.0475, 0.052500000000000005, 0.057499999999999996, 0.0625, 0.0675, 0.07250000000000001, 0.0775, 0.0825, 0.0875, 0.0925, 0.0975, 0.10250000000000001, 0.1075, 0.1125, 0.1175, 0.1225, 0.1275, 0.1325, 0.1375, 0.14250000000000002, 0.1475, 0.1525, 0.1575, 0.1625, 0.1675, 0.17250000000000001, 0.1775, 0.1825, 0.1875, 0.1925, 0.1975, 0.2025, 0.20750000000000002, 0.2125, 0.2175, 0.2225, 0.2275, 0.2325, 0.2375, 0.2425, 0.2475, 0.2525, 0.2575, 0.2625, 0.2675, 0.2725, 0.2775, 0.28250000000000003, 0.2875, 0.2925, 0.2975, 0.3025, 0.3075, 0.3125, 0.3175, 0.3225, 0.3275, 0.3325, 0.3375, 0.3425, 0.34750000000000003, 0.35250000000000004, 0.3575, 0.3625, 0.3675, 0.3725, 0.3775, 0.3825, 0.3875, 0.3925, 0.3975, 0.4025, 0.40750000000000003, 0.41250000000000003, 0.4175, 0.4225, 0.4275, 0.4325, 0.4375, 0.4425, 0.4475, 0.4525, 0.4575, 0.4625]}], "data": {"__dtype__": [["k", "<f8"], ["power_2", "<c8"], ["modes", "<i8"]], "__shape__": [93], "__data__": [[0.0037081367915242675, {"__complex__": [-33879.9609375, 2.438017236011669e-12]}, 191], [0.008018577791264523, {"__complex__": [80301.2265625, 1.687178635733158e-13]}, 1380], [0.012844085612331841, {"__complex__": [-30648.97265625, 6.175879171130619e-14]}, 3770], [0.01775141230162106, {"__complex__": [17139.1171875, -9.626404762295288e-14]}, 7256], [0.022691010615224643, {"__complex__": [20277.138671875, -1.3570478833539734e-13]}, 12010], [0.027661296094027222, {"__complex__": [20001.087890625, -6.494940896955084e-14]}, 17924], [0.03263163473973046, {"__complex__": [9373.91015625, 0.0]}, 24910], [0.03760885918999335, {"__complex__": [21666.875, 1.2257931316847753e-14]}, 33240], [0.04258994605322728, {"__complex__": [10038.908203125, 5.469873652055781e-15]}, 42566], [0.047583805693835864, {"__complex__": [12780.947265625, 4.353765018996628e-15]}, 53478], [0.052589415944125126, {"__complex__": [13792.4111328125, 3.211063617151837e-14]}, 65258], [0.057576993125266096, {"__complex__": [4848.3251953125, -2.0952003695375032e-14]}, 77788], [0.0625679362273907, {"__complex__": [7910.89794921875, 4.030042155566717e-14]}, 92438], [0.06756372941029527, {"__complex__": [1164.78271484375, 8.670563826109184e-15]}, 107412], [0.07255867544245412, {"__complex__": [65.48213195800781, 7.496036601227322e-15]}, 124242], [0.07755343255815964, {"__complex__": [1495.1802978515625, 2.631449474554265e-14]}, 141568], [0.08254944316463679, {"__complex__": [2898.2802734375, -2.8943556264812015e-15]}, 160886], [0.0875469705282893, {"__complex__": [7470.7412109375, 1.5475273311611228e-14]}, 180544], [0.09254207143002044, {"__complex__": [4231.6923828125, -2.305208297468872e-14]}, 202004], [0.09754200795670145, {"__complex__": [73.95636749267578, 2.073864033112641e-15]}, 224538], [0.10254171329034444, {"__complex__": [85.25032806396484, -4.693447253702231e-15]}, 248038], [0.10754099109209159, {"__complex__": [1255.5496826171875, 1.7064940913063078e-15]}, 272876], [0.11253870054955198, {"__complex__": [1912.5328369140625, 1.55951318617795e-14]}, 298594], [0.11753608765430268, {"__complex__": [4132.8818359375, 0.0]}, 325916], [0.12253572907412832, {"__complex__": [139.32403564453125, -1.0184952856681466e-14]}, 354334], [0.1275331697481456, {"__complex__": [-297.6476135253906, -7.286888072924238e-15]}, 383424], [0.13252928315027618, {"__complex__": [1573.048828125, 2.0234900520031858e-14]}, 414230], [0.13752809598823948, {"__complex__": [1819.6800537109375, 5.998504373338348e-15]}, 446370], [0.1425292748907053, {"__complex__": [1827.8525390625, -2.4275544986999357e-15]}, 479558], [0.14752984329410787, {"__complex__": [1981.3017578125, 2.7203443541708302e-15]}, 513532], [0.15252898535896237, {"__complex__": [840.2863159179688, 0.0]}, 548930], [0.15752847498756622, {"__complex__": [69.00070190429688, 3.1810290570399727e-15]}, 585548], [0.16252705956276423, {"__complex__": [-259.1466064453125, 2.98934846569164e-15]}, 623094], [0.16752723347134682, {"__complex__": [-129.86691284179688, -7.027576559418859e-15]}, 662620], [0.17252557298757182, {"__complex__": [-381.473876953125, -2.6545735163659547e-15]}, 701674], [0.1775232051718564, {"__complex__": [629.18701171875, -3.1304371025894534e-16]}, 743764], [0.1825215844754662, {"__complex__": [715.6788940429688, -2.9636547270883056e-16]}, 785620], [0.18752064712987349, {"__complex__": [1255.575927734375, 3.926790956878786e-15]}, 830100], [0.19252067437217257, {"__complex__": [1458.9962158203125, -4.260308485794272e-15]}, 874418], [0.19751987908784707, {"__complex__": [749.9951171875, -7.08090109509678e-15]}, 920682], [0.20251936794243589, {"__complex__": [-337.3528137207031, -5.774342609561655e-15]}, 967718], [0.20751955964231095, {"__complex__": [-1058.9576416015625, -9.161439536075548e-16]}, 1016568], [0.2125192859071403, {"__complex__": [-816.343017578125, 1.3111334163623642e-15]}, 1065478], [0.21751870204394746, {"__complex__": [-1356.13232421875, -3.648729522052986e-15]}, 1116700], [0.22251763655620238, {"__complex__": [1083.1785888671875, 8.223350017595818e-16]}, 1167926], [0.2275173612096972, {"__complex__": [1538.815185546875, 1.9052714423240923e-15]}, 1222034], [0.23251753944930767, {"__complex__": [-675.2208251953125, 2.555421321868024e-15]}, 1275574], [0.237518608068736, {"__complex__": [24.874134063720703, 3.844893035274662e-15]}, 1332228], [0.24251933382685822, {"__complex__": [-437.7455749511719, 8.389845990081676e-16]}, 1387574], [0.2475188275283454, {"__complex__": [288.3137512207031, 4.186431542684173e-15]}, 1446004], [0.2525176353551358, {"__complex__": [291.518310546875, 1.625477719242039e-15]}, 1504002], [0.25751592740199597, {"__complex__": [186.97265625, 0.0]}, 1564788], [0.2625152321376914, {"__complex__": [54.36618423461914, 3.1500092282038625e-15]}, 1626114], [0.2675142035428968, {"__complex__": [111.45917510986328, -2.619972855745327e-15]}, 1688484], [0.27251407722071946, {"__complex__": [613.7098999023438, -1.9923667580925685e-15]}, 1752920], [0.277514999580621, {"__complex__": [98.2392807006836, -1.0886568246342332e-15]}, 1817892], [0.28251513318998955, {"__complex__": [693.190673828125, -1.9780169611748966e-15]}, 1883346], [0.2875150555774266, {"__complex__": [49.84602355957031, -1.4319961240896067e-15]}, 1951100], [0.2925143032383768, {"__complex__": [467.4304504394531, 3.2297442511771725e-15]}, 2018506], [0.2975129983065177, {"__complex__": [775.3594360351562, 4.458994780770227e-16]}, 2088638], [0.30251265006104155, {"__complex__": [1030.5999755859375, 1.5092607754722495e-15]}, 2159752], [0.3075131135075962, {"__complex__": [1428.2816162109375, -5.6328732842936095e-15]}, 2232050], [0.31251255553945134, {"__complex__": [589.2369384765625, 6.063171950729425e-16]}, 2304048], [0.3175120364779517, {"__complex__": [580.8338012695312, -2.7396996922903014e-15]}, 2379552], [0.3225126598898453, {"__complex__": [502.939697265625, 2.4658475876958817e-15]}, 2454976], [0.3275133985704822, {"__complex__": [-666.2720336914062, 2.9425835649154932e-15]}, 2531986], [0.33251410375899365, {"__complex__": [436.55133056640625, 1.5614146057379465e-15]}, 