{"poles": {"dims": ["k"], "edges": [{"__dtype__": "<f8", "__shape__": [94], "__data__": [0.0, 0.005, 0.01, 0.015, 0.02, 0.025, 0.03, 0.035, 0.04, 0.045, 0.05, 0.055, 0.06, 0.065, 0.07, 0.075, 0.08, 0.085, 0.09, 0.095, 0.1, 0.105, 0.11, 0.115, 0.12, 0.125, 0.13, 0.135, 0.14, 0.145, 0.15, 0.155, 0.16, 0.165, 0.17, 0.17500000000000002, 0.18, 0.185, 0.19, 0.195, 0.2, 0.20500000000000002, 0.21, 0.215, 0.22, 0.225, 0.23, 0.23500000000000001, 0.24, 0.245, 0.25, 0.255, 0.26, 0.265, 0.27, 0.275, 0.28, 0.28500000000000003, 0.29, 0.295, 0.3, 0.305, 0.31, 0.315, 0.32, 0.325, 0.33, 0.335, 0.34, 0.34500000000000003, 0.35000000000000003, 0.355, 0.36, 0.365, 0.37, 0.375, 0.38, 0.385, 0.39, 0.395, 0.4, 0.405, 0.41000000000000003, 0.41500000000000004, 0.42, 0.425, 0.43, 0.435, 0.44, 0.445, 0.45, 0.455, 0.46, 0.465]}], "coords": [{"__dtype__": "<f8", "__shape__": [93], "__data__": [0.0025, 0.0075, 0.0125, 0.0175, 0.0225, 0.0275, 0.0325, 0.037500000000000006, 0.042499999999999996, 0.0475, 0.052500000000000005, 0.057499999999999996, 0.0625, 0.0675, 0.07250000000000001, 0.0775, 0.0825, 0.0875, 0.0925, 0.0975, 0.10250000000000001, 0.1075, 0.1125, 0.1175, 0.1225, 0.1275, 0.1325, 0.1375, 0.14250000000000002, 0.1475, 0.1525, 0.1575, 0.1625, 0.1675, 0.17250000000000001, 0.1775, 0.1825, 0.1875, 0.1925, 0.1975, 0.2025, 0.20750000000000002, 0.2125, 0.2175, 0.2225, 0.2275, 0.2325, 0.2375, 0.2425, 0.2475, 0.2525, 0.2575, 0.2625, 0.2675, 0.2725, 0.2775, 0.28250000000000003, 0.2875, 0.2925, 0.2975, 0.3025, 0.3075, 0.3125, 0.3175, 0.3225, 0.3275, 0.3325, 0.3375, 0.3425, 0.34750000000000003, 0.35250000000000004, 0.3575, 0.3625, 0.3675, 0.3725, 0.3775, 0.3825, 0.3875, 0.3925, 0.3975, 0.4025, 0.40750000000000003, 0.41250000000000003, 0.4175, 0.4225, 0.4275, 0.4325, 0.4375, 0.4425, 0.4475, 0.4525, 0.4575, 0.4625]}], "data": {"__dtype__": [["k", "<f8"], ["power_2", "<c8"], ["modes", "<i8"]], "__shape__": [93], "__data__": [[0.0037081367915242675, {"__complex__": [3206.97998046875, 6.095043090029173e-13]}, 191], [0.008018577791264523, {"__complex__": [26051.833984375, 3.374357271466316e-13]}, 1380], [0.012844085612331841, {"__complex__": [8531.330078125, 6.793467156006316e-13]}, 3770], [0.01775141230162106, {"__complex__": [14844.26171875, -3.208801700369489e-14]}, 7256], [0.022691010615224643, {"__complex__": [48538.81640625, 3.877279763529404e-14]}, 12010], [0.027661296094027222, {"__complex__": [19336.51953125, 2.5979764265446695e-14]}, 17924], [0.03263163473973046, {"__complex__": [10472.4130859375, -1.0281561707700324e-13]}, 24910], [0.03760885918999335, {"__complex__": [10417.498046875, 1.4009064362111717e-14]}, 33240], [0.04258994605322728, {"__complex__": [1041.937255859375, 5.469873652055781e-15]}, 42566], [0.047583805693835864, {"__complex__": [14736.951171875, 1.7415060075986512e-14]}, 53478], [0.052589415944125126, {"__complex__": [5074.275390625, -7.135696927004082e-15]}, 65258], [0.057576993125266096, {"__complex__": [2605.079345703125, 8.380801478150013e-14]}, 77788], [0.0625679362273907, {"__complex__": [9219.216796875, 1.794628187105473e-14]}, 92438], [0.06756372941029527, {"__complex__": [10361.638671875, 0.0]}, 107412], [0.07255867544245412, {"__complex__": [5735.66455078125, -1.874009065603536e-14]}, 124242], [0.07755343255815964, {"__complex__": [3512.384765625, 8.223279607982078e-16]}, 141568], [0.08254944316463679, {"__complex__": [1619.6016845703125, 1.1577422505924806e-14]}, 160886], [0.0875469705282893, {"__complex__": [1374.071044921875, 1.5475273311611228e-14]}, 180544], [0.09254207143002044, {"__complex__": [3217.617431640625, -8.64453111550827e-15]}, 202004], [0.09754200795670145, {"__complex__": [3413.092529296875, 3.1107960496689615e-15]}, 224538], [0.10254171329034444, {"__complex__": [2697.4130859375, 0.0]}, 248038], [0.10754099109209159, {"__complex__": [3956.42724609375, -1.877143595728145e-14]}, 272876], [0.11253870054955198, {"__complex__": [5092.94873046875, -1.1696349319851099e-14]}, 298594], [0.11753608765430268, {"__complex__": [1593.328125, 8.572662063999637e-15]}, 325916], [0.12253572907412832, {"__complex__": [5517.08251953125, -1.7084436011618846e-14]}, 354334], [0.1275331697481456, {"__complex__": [2061.95849609375, 7.894128533909688e-15]}, 383424], [0.13252928315027618, {"__complex__": [1448.5360107421875, 7.869128356471477e-15]}, 414230], [0.13752809598823948, {"__complex__": [1020.2391357421875, 1.0432181656952499e-15]}, 446370], [0.1425292748907053, {"__complex__": [-87.68216705322266, 2.427554604579054e-16]}, 479558], [0.14752984329410787, {"__complex__": [-210.57814025878906, 0.0]}, 513532], [0.15252898535896237, {"__complex__": [2775.323974609375, 4.453612839302491e-15]}, 548930], [0.15752847498756622, {"__complex__": [1942.6634521484375, 1.0338343747165642e-14]}, 585548], [0.16252705956276423, {"__complex__": [-1595.85107421875, -1.4946743387249384e-14]}, 623094], [0.16752723347134682, {"__complex__": [399.1041259765625, -4.216546105057905e-15]}, 662620], [0.17252557298757182, {"__complex__": [-236.31173706054688, 3.318216842517884e-15]}, 701674], [0.1775232051718564, {"__complex__": [-242.64352416992188, 4.382611996564794e-15]}, 743764], [0.1825215844754662, {"__complex__": [726.4440307617188, -1.1854618908353222e-15]}, 785620], [0.18752064712987349, {"__complex__": [569.7655639648438, -4.487760972571048e-15]}, 830100], [0.19252067437217257, {"__complex__": [745.3701171875, -3.1952312584665856e-15]}, 874418], [0.19751987908784707, {"__complex__": [587.1795654296875, -9.10401514917468e-15]}, 920682], [0.20251936794243589, {"__complex__": [437.7975158691406, -3.849561880879928e-15]}, 967718], [0.20751955964231095, {"__complex__": [129.10667419433594, -2.748431754943546e-15]}, 1016568], [0.2125192859071403, {"__complex__": [493.3330078125, -1.7481779590692312e-15]}, 1065478], [0.21751870204394746, {"__complex__": [535.8930053710938, 1.6679906205020875e-15]}, 1116700], [0.22251763655620238, {"__complex__": [412.9461669921875, 3.189662863871336e-15]}, 1167926], [0.2275173612096972, {"__complex__": [-553.31640625, 3.8105428846481847e-16]}, 1222034], [0.23251753944930767, {"__complex__": [-519.96923828125, -7.301203776765783e-16]}, 1275574], [0.237518608068736, {"__complex__": [-406.2539367675781, -2.4467501711088495e-15]}, 1332228], [0.24251933382685822, {"__complex__": [-541.0521240234375, 1.3423753795888918e-15]}, 1387574], [0.2475188275283454, {"__complex__": [366.8737487792969, -2.5762655321505314e-15]}, 1446004], [0.2525176353551358, {"__complex__": [-248.6256103515625, 2.4769185200747322e-15]}, 1504002], [0.25751592740199597, {"__complex__": [-1092.785400390625, 2.380699600673143e-15]}, 1564788], [0.2625152321376914, {"__complex__": [-1197.437255859375, -3.6511469540844495e-15]}, 1626114], [0.2675142035428968, {"__complex__": [-215.7259521484375, 1.6547197318009807e-15]}, 1688484], [0.27251407722071946, {"__complex__": [338.1868896484375, -1.0625956325504681e-15]}, 1752920], [0.277514999580621, {"__complex__": [308.18792724609375, -7.684636004350899e-16]}, 1817892], [0.28251513318998955, {"__complex__": [987.5632934570312, 4.450538109703958e-15]}, 1883346], [0.2875150555774266, {"__complex__": [265.5592956542969, -9.546641533124834e-16]}, 1951100], [0.2925143032383768, {"__complex__": [-194.1396942138672, -2.306960088658736e-15]}, 2018506], [0.2975129983065177, {"__complex__": [-1473.3834228515625, 2.6753967625830176e-15]}, 2088638], [0.30251265006104155, {"__complex__": [-355.156005859375, -1.2936521386386931e-15]}, 2159752], [0.3075131135075962, {"__complex__": [281.5577697753906, -1.2517496304962597e-15]}, 2232050], [0.31251255553945134, {"__complex__": [-587.361328125, -1.212634390145885e-15]}, 2304048], [0.3175120364779517, {"__complex__": [-1318.9110107421875, -1.5655427266855087e-15]}, 2379552], [0.3225126598898453, {"__complex__": [-324.58746337890625, 1.8968057715327592e-15]}, 2454976], [0.3275133985704822, {"__complex__": [281.50128173828125, 7.356458912288733e-16]}, 2531986], [0.33251410375899365, {"__complex__": 