{"edges": {"__dtype__": "<f8", "__shape__": [128], "__data__": [0.0, 0.005, 0.01, 0.015, 0.02, 0.025, 0.03, 0.035, 0.04, 0.045, 0.05, 0.055, 0.06, 0.065, 0.07, 0.075, 0.08, 0.085, 0.09, 0.095, 0.1, 0.105, 0.11, 0.115, 0.12, 0.125, 0.13, 0.135, 0.14, 0.145, 0.15, 0.155, 0.16, 0.165, 0.17, 0.17500000000000002, 0.18, 0.185, 0.19, 0.195, 0.2, 0.20500000000000002, 0.21, 0.215, 0.22, 0.225, 0.23, 0.23500000000000001, 0.24, 0.245, 0.25, 0.255, 0.26, 0.265, 0.27, 0.275, 0.28, 0.28500000000000003, 0.29, 0.295, 0.3, 0.305, 0.31, 0.315, 0.32, 0.325, 0.33, 0.335, 0.34, 0.34500000000000003, 0.35000000000000003, 0.355, 0.36, 0.365, 0.37, 0.375, 0.38, 0.385, 0.39, 0.395, 0.4, 0.405, 0.41000000000000003, 0.41500000000000004, 0.42, 0.425, 0.43, 0.435, 0.44, 0.445, 0.45, 0.455, 0.46, 0.465, 0.47000000000000003, 0.47500000000000003, 0.48, 0.485, 0.49, 0.495, 0.5, 0.505, 0.51, 0.515, 0.52, 0.525, 0.53, 0.535, 0.54, 0.545, 0.55, 0.555, 0.56, 0.5650000000000001, 0.5700000000000001, 0.5750000000000001, 0.58, 0.585, 0.59, 0.595, 0.6, 0.605, 0.61, 0.615, 0.62, 0.625, 0.63, 0.635]}, "poles": {"__dtype__": [["k", "<f8"], ["power_0", "<c8"], ["modes", "<i8"]], "__shape__": [127], "__data__": [[0.0037537781648676505, {"__complex__": [145266.21875, -1.830801000168511e-13]}, 77], [0.008050398333474014, {"__complex__": [105845.5703125, 8.464275558662387e-14]}, 548], [0.012848609532355457, {"__complex__": [103079.0390625, -1.0300949275423438e-13]}, 1480], [0.017751579213119567, {"__complex__": [107058.5859375, 3.110356143107805e-14]}, 2872], [0.022691827324042853, {"__complex__": [107702.6328125, 1.8123640405814413e-14]}, 4736], [0.027648005536595924, {"__complex__": [102269.7109375, -6.458607164572727e-15]}, 7036], [0.032612636555868525, {"__complex__": [99081.71875, -8.418465645182623e-15]}, 9838], [0.03761114292794433, {"__complex__": [98417.640625, 1.5891454479915156e-14]}, 13208], [0.04261303922036164, {"__complex__": [96779.453125, 2.3459964490658977e-15]}, 16858], [0.04760505554480107, {"__complex__": [90340.7578125, 2.9067197664122725e-15]}, 21080], [0.05259133615803475, {"__complex__": [89386.8125, 1.7469807838774057e-15]}, 25624], [0.05756841184374016, {"__complex__": [92693.171875, -1.7814441192814598e-15]}, 30728], [0.06256248327880025, {"__complex__": [90500.1484375, -1.4332335333464268e-15]}, 36498], [0.06756661487904435, {"__complex__": [86858.671875, 3.559480201499642e-15]}, 42528], [0.07257304507008182, {"__complex__": [85798.2109375, -7.396969321782354e-16]}, 49152], [0.07756473030387098, {"__complex__": [84080.1015625, -7.832744479738642e-16]}, 55744], [0.08254764044823601, {"__complex__": [82744.328125, -1.5409711479186087e-15]}, 63346], [0.08754405971893497, {"__complex__": [82961.859375, 4.28786077350256e-16]}, 71388], [0.09254365223263855, {"__complex__": [82892.96875, 1.7411245304289874e-16]}, 79762], [0.09754150838846357, {"__complex__": [81916.8515625, 7.916625623109643e-16]}, 88564], [0.10254123052801507, {"__complex__": [80674.1328125, 3.387750624190937e-16]}, 97988], [0.10754181638082774, {"__complex__": [80388.7109375, 8.858365324196447e-16]}, 107708], [0.11254085353408888, {"__complex__": [78763.171875, -9.588700160027358e-17]}, 117952], [0.11753281793039293, {"__complex__": [79176.609375, 1.1283897637613931e-15]}, 128288], [0.12252442444514552, {"__complex__": [78772.9296875, -1.4847836408789683e-15]}, 139770], [0.12753052839909865, {"__complex__": [78477.5390625, -1.6895445385152756e-15]}, 151946], [0.13253665927256145, {"__complex__": [78612.4375, -9.661360366778506e-17]}, 163582], [0.13753197887556465, {"__complex__": [77587.96875, -8.466419356700241e-16]}, 175940], [0.1425260716253757, {"__complex__": [76320.1875, 8.882958396424384e-16]}, 189064], [0.14752506711896965, {"__complex__": [76884.96875, 3.634621023646163e-16]}, 202824], [0.1525272624752809, {"__complex__": [76885.2265625, 4.088539097937046e-16]}, 216806], [0.15752484634575162, {"__complex__": [76073.4453125, -3.7925391993542945e-16]}, 230876], [0.16252366735405163, {"__complex__": [76576.9609375, -8.825585678533298e-16]}, 246232], [0.1675242007800524, {"__complex__": [75835.625, -4.004602897424473e-16]}, 261330], [0.17252326579974073, {"__complex__": [75993.3125, 2.240818250422963e-16]}, 277280], [0.17752110470595878, {"__complex__": [76597.3515625, 8.647779169223635e-16]}, 293320], [0.1825207522633753, {"__complex__": [75711.4921875, 8.348689717965773e-16]}, 310574], [0.18752231962759572, {"__complex__": [75913.6171875, -6.393225220769759e-16]}, 327560], [0.19252167162300435, {"__complex__": [75024.8984375, -2.9866948173470106e-16]}, 345268], [0.19752225984779248, {"__complex__": [74878.453125, 2.8264597418303425e-16]}, 363544], [0.20251992290984697, {"__complex__": [75527.84375, -1.829485617823127e-17]}, 381660], [0.20751551078768798, {"__complex__": [74787.71875, -4.081411580383697e-16]}, 400854], [0.21251512379553542, {"__complex__": [73953.7890625, 1.5864473186711907e-18]}, 421010], [0.21751870975885984, {"__complex__": [74891.125, -2.42880027240711e-16]}, 441160], [0.2225209082741387, {"__complex__": [74634.84375, 2.417337269652799e-16]}, 461296], [0.22752039891934017, {"__complex__": [74424.015625, 2.792411399630884e-16]}, 482192], [0.23252118259031918, {"__complex__": [74637.0390625, -4.12976703698122e-17]}, 503860], [0.23751936566507853, {"__complex__": [74389.890625, 2.585496073693235e-16]}, 525024], [0.24251707186595864, {"__complex__": [74165.84375, 6.580852498076407e-18]}, 547954], [0.24751627666670906, {"__complex__": [74154.9296875, 3.9183940016352986e-16]}, 570544], [0.2525167544702008, {"__complex__": [74019.2578125, 5.698398270785545e-17]}, 594374], [0.25751857595461863, {"__complex__": [73674.765625, 2.7665774241352197e-16]}, 617900], [0.2625190906945416, {"__complex__": [73528.9296875, 1.6529753997950085e-16]}, 642106], [0.2675172479110602, {"__complex__": [73683.265625, -1.2125730762101601e-17]}, 666112], [0.272514629608296, {"__complex__": [74039.1875, -1.2235488861272895e-16]}, 691786], [0.27751615229387816, {"__complex__": [73881.1015625, -5.31796690557026e-18]}, 717996], [0.28251644607381426, {"__complex__": [73569.0234375, -1.0049302780109956e-16]}, 743152], [0.2875152531419474, {"__complex__": [73295.421875, 4.263001018245136e-17]}, 770192], [0.2925134012698469, {"__complex__": [73705.8984375, -5.340913838748379e-16]}, 796430], [0.2975118362281548, {"__complex__": [73928.6015625, -1.7160121211252656e-16]}, 824820], [0.3025125080826814, {"__complex__": [73447.140625, -2.8052415665016223e-16]}, 852562], [0.30751063191170563, {"__complex__": [73582.1953125, 4.862437102943042e-16]}, 880372], [0.3125111278203564, {"__complex__": [73566.171875, -4.9493660429118317e-17]}, 910652], [0.31751269361539736, {"__complex__": [73615.046875, -2.9055286792697553e-16]}, 938996], [0.3225130904459611, {"__complex__": [73638.3203125, 1.2972042242425633e-16]}, 969352], [0.32751158760760724, {"__complex__": [73705.8359375, 4.534376808783368e-17]}, 998344], [0.3325089848249692, {"__complex__": [73485.2265625, -3.290433155996318e-17]}, 1029922], [0.33751027924368393, {"__complex__": [73261.7265625, -1.3282231001666078e-16]}, 1061918], [0.34251253316973607, {"__complex__": [73426.1796875, 1.4743992816434266e-16]}, 1093272], [0.34751415893089227, {"__complex__": [73360.328125, 4.512581923131576e-17]}, 1125464], [0.352514235068077, {"__complex__": [73515.2109375, -4.4157213895073316e-17]}, 1157380], [0.357512374484406, {"__complex__": [73599.0234375, 1.7120522751840762e-17]}, 1190172], [0.3625118834929162, {"__complex__": [73322.7890625, 2.021564069811208e-17]}, 1224650], [0.3675116774700016, {"__complex__": [73119.453125, 1.7069212076699608e-16]}, 1257864], [0.3725098709245497, {"__complex__": [73322.046875, -1.0381893575571807e-16]}, 1292312], [0.37751067052804127, {"__complex__": [73145.671875, 3.63184467463819e-17]}, 1328534], [0.3825116981355865, {"__complex__": [72908.375, 9.302621399537119e-17]}, 1362848], [0.3875116125361288, {"__complex__": [73043.6484375, 