{"poles": {"dims": ["k"], "edges": [{"__dtype__": "<f8", "__shape__": [94], "__data__": [0.0, 0.005, 0.01, 0.015, 0.02, 0.025, 0.03, 0.035, 0.04, 0.045, 0.05, 0.055, 0.06, 0.065, 0.07, 0.075, 0.08, 0.085, 0.09, 0.095, 0.1, 0.105, 0.11, 0.115, 0.12, 0.125, 0.13, 0.135, 0.14, 0.145, 0.15, 0.155, 0.16, 0.165, 0.17, 0.17500000000000002, 0.18, 0.185, 0.19, 0.195, 0.2, 0.20500000000000002, 0.21, 0.215, 0.22, 0.225, 0.23, 0.23500000000000001, 0.24, 0.245, 0.25, 0.255, 0.26, 0.265, 0.27, 0.275, 0.28, 0.28500000000000003, 0.29, 0.295, 0.3, 0.305, 0.31, 0.315, 0.32, 0.325, 0.33, 0.335, 0.34, 0.34500000000000003, 0.35000000000000003, 0.355, 0.36, 0.365, 0.37, 0.375, 0.38, 0.385, 0.39, 0.395, 0.4, 0.405, 0.41000000000000003, 0.41500000000000004, 0.42, 0.425, 0.43, 0.435, 0.44, 0.445, 0.45, 0.455, 0.46, 0.465]}], "coords": [{"__dtype__": "<f8", "__shape__": [93], "__data__": [0.0025, 0.0075, 0.0125, 0.0175, 0.0225, 0.0275, 0.0325, 0.037500000000000006, 0.042499999999999996, 0.0475, 0.052500000000000005, 0.057499999999999996, 0.0625, 0.0675, 0.07250000000000001, 0.0775, 0.0825, 0.0875, 0.0925, 0.0975, 0.10250000000000001, 0.1075, 0.1125, 0.1175, 0.1225, 0.1275, 0.1325, 0.1375, 0.14250000000000002, 0.1475, 0.1525, 0.1575, 0.1625, 0.1675, 0.17250000000000001, 0.1775, 0.1825, 0.1875, 0.1925, 0.1975, 0.2025, 0.20750000000000002, 0.2125, 0.2175, 0.2225, 0.2275, 0.2325, 0.2375, 0.2425, 0.2475, 0.2525, 0.2575, 0.2625, 0.2675, 0.2725, 0.2775, 0.28250000000000003, 0.2875, 0.2925, 0.2975, 0.3025, 0.3075, 0.3125, 0.3175, 0.3225, 0.3275, 0.3325, 0.3375, 0.3425, 0.34750000000000003, 0.35250000000000004, 0.3575, 0.3625, 0.3675, 0.3725, 0.3775, 0.3825, 0.3875, 0.3925, 0.3975, 0.4025, 0.40750000000000003, 0.41250000000000003, 0.4175, 0.4225, 0.4275, 0.4325, 0.4375, 0.4425, 0.4475, 0.4525, 0.4575, 0.4625]}], "data": {"__dtype__": [["k", "<f8"], ["power_2", "<c8"], ["modes", "<i8"]], "__shape__": [93], "__data__": [[0.0037081367915242675, {"__complex__": [-7642.146484375, 4.876034472023338e-12]}, 191], [0.008018577791264523, {"__complex__": [17932.509765625, -5.06153550062366e-13]}, 1380], [0.012844085612331841, {"__complex__": [2401.523193359375, -4.940703336904495e-13]}, 3770], [0.01775141230162106, {"__complex__": [28604.478515625, -1.2835206801477955e-13]}, 7256], [0.022691010615224643, {"__complex__": [28685.74609375, 1.0662519180299271e-13]}, 12010], [0.027661296094027222, {"__complex__": [22613.81640625, -1.0391905706178678e-13]}, 17924], [0.03263163473973046, {"__complex__": [24588.19140625, 1.8693749483491076e-14]}, 24910], [0.03760885918999335, {"__complex__": [10667.390625, 2.8018128724223434e-14]}, 33240], [0.04258994605322728, {"__complex__": [11735.8359375, 6.563848721280116e-14]}, 42566], [0.047583805693835864, {"__complex__": [12461.3212890625, -7.836777288303814e-14]}, 53478], [0.052589415944125126, {"__complex__": [9385.3486328125, 2.140708908694635e-14]}, 65258], [0.057576993125266096, {"__complex__": [4170.7431640625, 1.1972573540214304e-14]}, 77788], [0.0625679362273907, {"__complex__": [6299.712890625, -1.7631434642362623e-14]}, 92438], [0.06756372941029527, {"__complex__": [6325.77001953125, -5.202338126258921e-14]}, 107412], [0.07255867544245412, {"__complex__": [9020.83203125, 2.2488109803681967e-14]}, 124242], [0.07755343255815964, {"__complex__": [-144.185791015625, -2.3025182902349818e-14]}, 141568], [0.08254944316463679, {"__complex__": [4500.82763671875, 2.7496378451571414e-14]}, 160886], [0.0875469705282893, {"__complex__": [6113.2119140625, -4.126739436825268e-14]}, 180544], [0.09254207143002044, {"__complex__": [3955.33935546875, -3.6883331404249237e-14]}, 202004], [0.09754200795670145, {"__complex__": [3369.284423828125, 2.073864033112641e-15]}, 224538], [0.10254171329034444, {"__complex__": [1543.9044189453125, 2.534461322181627e-14]}, 248038], [0.10754099109209159, {"__complex__": [1914.042236328125, -6.825976365225231e-15]}, 272876], [0.11253870054955198, {"__complex__": [1131.018310546875, -1.5595132285295974e-15]}, 298594], [0.11753608765430268, {"__complex__": [1227.454345703125, -1.178741044387862e-14]}, 325916], [0.12253572907412832, {"__complex__": [1435.0960693359375, 1.3141873936536896e-15]}, 354334], [0.1275331697481456, {"__complex__": [-752.6964111328125, -6.072406727436865e-15]}, 383424], [0.13252928315027618, {"__complex__": [-530.6043701171875, -3.9345641782357384e-15]}, 414230], [0.13752809598823948, {"__complex__": [3912.99658203125, 0.0]}, 446370], [0.1425292748907053, {"__complex__": [416.6979064941406, 6.797152681063115e-15]}, 479558], [0.14752984329410787, {"__complex__": [2129.615966796875, 3.627125946733265e-15]}, 513532], [0.15252898535896237, {"__complex__": [575.70556640625, -5.089843426424193e-15]}, 548930], [0.15752847498756622, {"__complex__": [523.2918701171875, 0.0]}, 585548], [0.16252705956276423, {"__complex__": [422.1641540527344, -7.473371693624692e-15]}, 623094], [0.16752723347134682, {"__complex__": [2833.896728515625, 0.0]}, 662620], [0.17252557298757182, {"__complex__": [1651.3328857421875, 0.0]}, 701674], [0.1775232051718564, {"__complex__": [1325.308349609375, -1.2521748410357814e-15]}, 743764], [0.1825215844754662, {"__complex__": [-468.6199035644531, -2.3709237816706445e-15]}, 785620], [0.18752064712987349, {"__complex__": [-1239.1373291015625, 5.609701003955574e-15]}, 830100], [0.19252067437217257, {"__complex__": [-1810.9234619140625, -3.1952312584665856e-15]}, 874418], [0.19751987908784707, {"__complex__": [-334.91510009765625, -4.0462289551887465e-15]}, 920682], [0.20251936794243589, {"__complex__": [307.3855285644531, 1.0826892657625898e-15]}, 967718], [0.20751955964231095, {"__complex__": [407.705810546875, -1.8322879072151096e-15]}, 1016568], [0.2125192859071403, {"__complex__": [1010.9227294921875, 3.933400354966211e-15]}, 1065478], [0.21751870204394746, {"__complex__": [1519.3499755859375, -3.335981241004175e-15]}, 1116700], [0.22251763655620238, {"__complex__": [-89.07012176513672, -4.784494401686122e-15]}, 1167926], [0.2275173612096972, {"__complex__": [108.59100341796875, -6.0968686154370955e-15]}, 1222034], [0.23251753944930767, {"__complex__": [-298.58502197265625, 9.491564909795518e-15]}, 1275574], [0.237518608068736, {"__complex__": [-717.582763671875, 2.883669882335115e-15]}, 1332228], [0.24251933382685822, {"__complex__": [-1232.4017333984375, 2.3491569407503403e-15]}, 1387574], [0.2475188275283454, {"__complex__": [-1232.604248046875, 4.830498137480042e-16]}, 1446004], [0.2525176353551358, {"__complex__": [-1469.194091796875, 2.4769185200747322e-15]}, 1504002], [0.25751592740199597, {"__complex__": [608.9727783203125, -1.1903498003365716e-15]}, 1564788], [0.2625152321376914, {"__complex__": [-691.4195556640625, 1.4318223764563012e-15]}, 1626114], [0.2675142035428968, {"__complex__": [-340.51507568359375, -6.067305471512026e-15]}, 1688484], [0.27251407722071946, {"__complex__": [614.1393432617188, -1.5938934488257022e-15]}, 1752920], [0.277514999580621, {"__complex__": [848.3159790039062, 2.0492363384129854e-15]}, 1817892], [0.28251513318998955, {"__complex__": [-94.534423828125, -9.890084805874483e-16]}, 1883346], [0.2875150555774266, {"__complex__": [543.3740844726562, 1.909328306624967e-15]}, 1951100], [0.2925143032383768, {"__complex__": [688.2461547851562, 3.345092139143079e-15]}, 2018506], [0.2975129983065177, {"__complex__": [572.8016967773438, -1.1147487216623363e-15]}, 2088638], [0.30251265006104155, {"__complex__": [-650.7679443359375, -4.743390857371186e-15]}, 2159752], [0.3075131135075962, {"__complex__": [-943.8392333984375, 2.5034992609925194e-15]}, 2232050], [0.31251255553945134, {"__complex__": [-484.5933837890625, 2.021057272793509e-16]}, 2304048], [0.3175120364779517, {"__complex__": [-132.883544921875, -2.7396996922903014e-15]}, 2379552], [0.3225126598898453, {"__complex__": [-625.9795532226562, 1.5174447019295021e-15]}, 2454976], [0.3275133985704822, {"__complex__": [-293.5138854980469, -7.356458912288733e-16]}, 2531986], [0.33251410375899365, {"__complex__": 