{"poles": {"dims": ["k"], "edges": [{"__dtype__": "<f8", "__shape__": [94], "__data__": [0.0, 0.005, 0.01, 0.015, 0.02, 0.025, 0.03, 0.035, 0.04, 0.045, 0.05, 0.055, 0.06, 0.065, 0.07, 0.075, 0.08, 0.085, 0.09, 0.095, 0.1, 0.105, 0.11, 0.115, 0.12, 0.125, 0.13, 0.135, 0.14, 0.145, 0.15, 0.155, 0.16, 0.165, 0.17, 0.17500000000000002, 0.18, 0.185, 0.19, 0.195, 0.2, 0.20500000000000002, 0.21, 0.215, 0.22, 0.225, 0.23, 0.23500000000000001, 0.24, 0.245, 0.25, 0.255, 0.26, 0.265, 0.27, 0.275, 0.28, 0.28500000000000003, 0.29, 0.295, 0.3, 0.305, 0.31, 0.315, 0.32, 0.325, 0.33, 0.335, 0.34, 0.34500000000000003, 0.35000000000000003, 0.355, 0.36, 0.365, 0.37, 0.375, 0.38, 0.385, 0.39, 0.395, 0.4, 0.405, 0.41000000000000003, 0.41500000000000004, 0.42, 0.425, 0.43, 0.435, 0.44, 0.445, 0.45, 0.455, 0.46, 0.465]}], "coords": [{"__dtype__": "<f8", "__shape__": [93], "__data__": [0.0025, 0.0075, 0.0125, 0.0175, 0.0225, 0.0275, 0.0325, 0.037500000000000006, 0.042499999999999996, 0.0475, 0.052500000000000005, 0.057499999999999996, 0.0625, 0.0675, 0.07250000000000001, 0.0775, 0.0825, 0.0875, 0.0925, 0.0975, 0.10250000000000001, 0.1075, 0.1125, 0.1175, 0.1225, 0.1275, 0.1325, 0.1375, 0.14250000000000002, 0.1475, 0.1525, 0.1575, 0.1625, 0.1675, 0.17250000000000001, 0.1775, 0.1825, 0.1875, 0.1925, 0.1975, 0.2025, 0.20750000000000002, 0.2125, 0.2175, 0.2225, 0.2275, 0.2325, 0.2375, 0.2425, 0.2475, 0.2525, 0.2575, 0.2625, 0.2675, 0.2725, 0.2775, 0.28250000000000003, 0.2875, 0.2925, 0.2975, 0.3025, 0.3075, 0.3125, 0.3175, 0.3225, 0.3275, 0.3325, 0.3375, 0.3425, 0.34750000000000003, 0.35250000000000004, 0.3575, 0.3625, 0.3675, 0.3725, 0.3775, 0.3825, 0.3875, 0.3925, 0.3975, 0.4025, 0.40750000000000003, 0.41250000000000003, 0.4175, 0.4225, 0.4275, 0.4325, 0.4375, 0.4425, 0.4475, 0.4525, 0.4575, 0.4625]}], "data": {"__dtype__": [["k", "<f8"], ["power_2", "<c8"], ["modes", "<i8"]], "__shape__": [93], "__data__": [[0.0037081367915242675, {"__complex__": [42085.96484375, 5.4855386726060384e-12]}, 191], [0.008018577791264523, {"__complex__": [-37109.70703125, 5.06153550062366e-13]}, 1380], [0.012844085612331841, {"__complex__": [-36157.44140625, 4.0143214273535843e-13]}, 3770], [0.01775141230162106, {"__complex__": [1224.3575439453125, 1.2835206801477955e-13]}, 7256], [0.022691010615224643, {"__complex__": [-1314.531494140625, 7.754559527058807e-14]}, 12010], [0.027661296094027222, {"__complex__": [32270.525390625, 6.494941066361674e-15]}, 17924], [0.03263163473973046, {"__complex__": [24776.470703125, 1.8693748805864718e-13]}, 24910], [0.03760885918999335, {"__complex__": [-9182.6376953125, 1.1207251489689374e-13]}, 33240], [0.04258994605322728, {"__complex__": [-10305.65234375, -2.1879494608223124e-14]}, 42566], [0.047583805693835864, {"__complex__": [3753.400390625, 4.353765018996628e-15]}, 53478], [0.052589415944125126, {"__complex__": [12806.46875, 0.0]}, 65258], [0.057576993125266096, {"__complex__": [7877.85791015625, 3.591772062064291e-14]}, 77788], [0.0625679362273907, {"__complex__": [8593.26171875, -2.518776347229198e-15]}, 92438], [0.06756372941029527, {"__complex__": [8886.3974609375, 6.936451060887347e-14]}, 107412], [0.07255867544245412, {"__complex__": [7470.28173828125, 5.996829280981858e-14]}, 124242], [0.07755343255815964, {"__complex__": [8455.8662109375, -3.618242858105525e-14]}, 141568], [0.08254944316463679, {"__complex__": [4044.857421875, 0.0]}, 160886], [0.0875469705282893, {"__complex__": [1213.0640869140625, 2.063369718412634e-14]}, 180544], [0.09254207143002044, {"__complex__": [6006.60595703125, 1.152604148734436e-14]}, 202004], [0.09754200795670145, {"__complex__": [5103.8505859375, 2.073864033112641e-15]}, 224538], [0.10254171329034444, {"__complex__": [2074.271728515625, -3.003806174606792e-14]}, 248038], [0.10754099109209159, {"__complex__": [3228.603759765625, 0.0]}, 272876], [0.11253870054955198, {"__complex__": [2365.997314453125, 9.35707894766111e-15]}, 298594], [0.11753608765430268, {"__complex__": [1623.1148681640625, 1.4287769753735667e-15]}, 325916], [0.12253572907412832, {"__complex__": [523.9988403320312, 1.3141873936536896e-15]}, 354334], [0.1275331697481456, {"__complex__": [3469.93310546875, -9.715850763898984e-15]}, 383424], [0.13252928315027618, {"__complex__": [1352.427734375, 0.0]}, 414230], [0.13752809598823948, {"__complex__": [-391.3094787597656, -3.651263421114697e-15]}, 446370], [0.1425292748907053, {"__complex__": [-1453.26416015625, -3.8840873673264865e-15]}, 479558], [0.14752984329410787, {"__complex__": [673.340576171875, 1.8135629733666324e-15]}, 513532], [0.15252898535896237, {"__complex__": [398.018798828125, -3.393229021535541e-15]}, 548930], [0.15752847498756622, {"__complex__": [896.0481567382812, 4.771543267922604e-15]}, 585548], [0.16252705956276423, {"__complex__": [1850.2388916015625, -2.2420115080874076e-15]}, 623094], [0.16752723347134682, {"__complex__": [641.806396484375, 2.811030666119191e-15]}, 662620], [0.17252557298757182, {"__complex__": [261.70245361328125, 2.6545735163659547e-15]}, 701674], [0.1775232051718564, {"__complex__": [1481.81787109375, -5.9478306272688596e-15]}, 743764], [0.1825215844754662, {"__complex__": [1945.3521728515625, 1.1854618908353222e-15]}, 785620], [0.18752064712987349, {"__complex__": [-495.24383544921875, -2.243880486285524e-15]}, 830100], [0.19252067437217257, {"__complex__": [2047.8468017578125, 1.2780925033866342e-14]}, 874418], [0.19751987908784707, {"__complex__": [671.5226440429688, 1.0115572387971866e-15]}, 920682], [0.20251936794243589, {"__complex__": [1040.6053466796875, -1.924780940439964e-15]}, 967718], [0.20751955964231095, {"__complex__": [861.01806640625, 5.0387914801437554e-15]}, 1016568], [0.2125192859071403, {"__complex__": [-584.5830078125, -1.7481779590692312e-15]}, 1065478], [0.21751870204394746, {"__complex__": [974.5556640625, 0.0]}, 1116700], [0.22251763655620238, {"__complex__": [1138.986328125, 1.1961236004215305e-15]}, 1167926], [0.2275173612096972, {"__complex__": [1019.3848266601562, -2.6673800192537293e-15]}, 1222034], [0.23251753944930767, {"__complex__": [1004.4833984375, -4.928312549316903e-15]}, 1275574], [0.237518608068736, {"__complex__": [764.7899169921875, -3.495357425112327e-16]}, 1332228], [0.24251933382685822, {"__complex__": [729.5626220703125, 4.3627198513150004e-15]}, 1387574], [0.2475188275283454, {"__complex__": [174.3594207763672, 6.440663830376329e-16]}, 1446004], [0.2525176353551358, {"__complex__": [-454.76690673828125, 3.715377462474743e-15]}, 1504002], [0.25751592740199597, {"__complex__": [-190.29647827148438, 0.0]}, 1564788], [0.2625152321376914, {"__complex__": [117.79816436767578, -5.011378317597054e-16]}, 1626114], [0.2675142035428968, {"__complex__": [-232.2068634033203, -3.3094394636019615e-15]}, 1688484], [0.27251407722071946, {"__complex__": [138.42575073242188, 2.1251912651009362e-15]}, 1752920], [0.277514999580621, {"__complex__": [-821.7120971679688, 1.0246181692064927e-15]}, 1817892], [0.28251513318998955, {"__complex__": [-167.92835998535156, 4.203285804268639e-15]}, 1883346], [0.2875150555774266, {"__complex__": [-567.29345703125, -9.546641533124834e-16]}, 1951100], [0.2925143032383768, {"__complex__": [-1313.2449951171875, -4.613920177317472e-15]}, 2018506], [0.2975129983065177, {"__complex__": [-266.0119934082031, 1.3376983812915088e-15]}, 2088638], [0.30251265006104155, {"__complex__": [136.3241424560547, -2.5873042772773863e-15]}, 2159752], [0.3075131135075962, {"__complex__": [-746.0171508789062, 2.5034992609925194e-15]}, 2232050], [0.31251255553945134, {"__complex__": [-83.26454162597656, -6.063171950729425e-16]}, 2304048], [0.3175120364779517, {"__complex__": [-1514.02197265625, 9.784641909435531e-16]}, 2379552], [0.3225126598898453, {"__complex__": [20.08494758605957, -1.5174447019295021e-15]}, 2454976], [0.3275133985704822, {"__complex__": [-1068.7120361328125, -1.4712917824577466e-15]}, 2531986], [0.33251410375899365, {"__complex__": [-1135.4923095703125, 1.4275790590279123e-15]}, 2609516], 