{"poles": {"dims": ["k"], "edges": [{"__dtype__": "<f8", "__shape__": [86], "__data__": [0.0, 0.005, 0.01, 0.015, 0.02, 0.025, 0.03, 0.035, 0.04, 0.045, 0.05, 0.055, 0.06, 0.065, 0.07, 0.075, 0.08, 0.085, 0.09, 0.095, 0.1, 0.105, 0.11, 0.115, 0.12, 0.125, 0.13, 0.135, 0.14, 0.145, 0.15, 0.155, 0.16, 0.165, 0.17, 0.17500000000000002, 0.18, 0.185, 0.19, 0.195, 0.2, 0.20500000000000002, 0.21, 0.215, 0.22, 0.225, 0.23, 0.23500000000000001, 0.24, 0.245, 0.25, 0.255, 0.26, 0.265, 0.27, 0.275, 0.28, 0.28500000000000003, 0.29, 0.295, 0.3, 0.305, 0.31, 0.315, 0.32, 0.325, 0.33, 0.335, 0.34, 0.34500000000000003, 0.35000000000000003, 0.355, 0.36, 0.365, 0.37, 0.375, 0.38, 0.385, 0.39, 0.395, 0.4, 0.405, 0.41000000000000003, 0.41500000000000004, 0.42, 0.425]}], "coords": [{"__dtype__": "<f8", "__shape__": [85], "__data__": [0.0025, 0.0075, 0.0125, 0.0175, 0.0225, 0.0275, 0.0325, 0.037500000000000006, 0.042499999999999996, 0.0475, 0.052500000000000005, 0.057499999999999996, 0.0625, 0.0675, 0.07250000000000001, 0.0775, 0.0825, 0.0875, 0.0925, 0.0975, 0.10250000000000001, 0.1075, 0.1125, 0.1175, 0.1225, 0.1275, 0.1325, 0.1375, 0.14250000000000002, 0.1475, 0.1525, 0.1575, 0.1625, 0.1675, 0.17250000000000001, 0.1775, 0.1825, 0.1875, 0.1925, 0.1975, 0.2025, 0.20750000000000002, 0.2125, 0.2175, 0.2225, 0.2275, 0.2325, 0.2375, 0.2425, 0.2475, 0.2525, 0.2575, 0.2625, 0.2675, 0.2725, 0.2775, 0.28250000000000003, 0.2875, 0.2925, 0.2975, 0.3025, 0.3075, 0.3125, 0.3175, 0.3225, 0.3275, 0.3325, 0.3375, 0.3425, 0.34750000000000003, 0.35250000000000004, 0.3575, 0.3625, 0.3675, 0.3725, 0.3775, 0.3825, 0.3875, 0.3925, 0.3975, 0.4025, 0.40750000000000003, 0.41250000000000003, 0.4175, 0.4225]}], "data": {"__dtype__": [["k", "<f8"], ["power_0", "<c8"], ["modes", "<i8"]], "__shape__": [85], "__data__": [[0.003785962175218714, {"__complex__": [101049.0390625, -1.9576567201074618e-13]}, 223], [0.008055650047333739, {"__complex__": [89895.625, 1.2478555786333417e-13]}, 1516], [0.012838659412058445, {"__complex__": [107235.25, -4.932852561210892e-14]}, 4130], [0.017758445021159877, {"__complex__": [101049.6484375, 0.0]}, 8058], [0.022686221993372543, {"__complex__": [112373.1875, 3.106065074197015e-14]}, 13118], [0.02764503576190599, {"__complex__": [106822.734375, 1.1768633417503886e-14]}, 19784], [0.032626124011193657, {"__complex__": [100695.046875, 1.5885213541159786e-14]}, 27482], [0.03761517664423396, {"__complex__": [95423.515625, -3.163975742712902e-15]}, 36794], [0.042612076216348424, {"__complex__": [88391.8125, 9.895054983450734e-15]}, 47060], [0.04758810749327745, {"__complex__": [91959.171875, 6.471278777463651e-15]}, 58466], [0.05257639262811682, {"__complex__": [89046.3515625, 0.0]}, 71934], [0.057576644294676294, {"__complex__": [88291.1796875, -8.112942555173891e-15]}, 86096], [0.06257060468948772, {"__complex__": [86966.921875, 4.580304827772738e-15]}, 101666], [0.06756431050677218, {"__complex__": [83481.1171875, 2.9473724774410322e-15]}, 118494], [0.07255460479533274, {"__complex__": [83804.28125, -3.4091900868771273e-15]}, 136590], [0.07755203808236072, {"__complex__": [83116.2890625, -6.693271289862426e-15]}, 156536], [0.08254994891496988, {"__complex__": [82142.3046875, 8.226254281813717e-16]}, 176896], [0.0875465852208996, {"__complex__": [78990.5390625, -4.086796751164544e-15]}, 199400], [0.09254606261661012, {"__complex__": [78128.4296875, 7.845473796749098e-16]}, 222578], [0.09754095165434574, {"__complex__": [76801.8359375, 4.711072844664291e-16]}, 247110], [0.10253878096196406, {"__complex__": [75971.5625, -8.512318483925175e-16]}, 273522], [0.1075376536617221, {"__complex__": [76511.109375, 4.261062345117328e-15]}, 300528], [0.11253874421958751, {"__complex__": [75417.484375, 1.7647990748349655e-15]}, 329826], [0.11753930483919833, {"__complex__": [74322.109375, 0.0]}, 358884], [0.12253435939470513, {"__complex__": [75264.109375, -4.773418598867825e-15]}, 390212], [0.1275324928771181, {"__complex__": [74980.4375, 1.3760416569895796e-15]}, 423008], [0.13253098558293935, {"__complex__": [73836.3984375, -2.5499032198540174e-16]}, 456548], [0.1375294182229233, {"__complex__": [73298.8515625, 9.46504473173346e-16]}, 491980], [0.14252928720123362, {"__complex__": [74171.390625, -1.763000400371471e-15]}, 528260], [0.14752710781464048, {"__complex__": [73473.78125, -1.6461733811214217e-15]}, 565750], [0.15252590457329984, {"__complex__": [73157.4921875, 9.619256873599557e-17]}, 605116], [0.15752627544450365, {"__complex__": [72906.8984375, 1.8036751342568593e-15]}, 645434], [0.1625268432433497, {"__complex__": [73019.5625, 8.469402500861352e-16]}, 687270], [0.16752762298865234, {"__complex__": [73805.5546875, 1.5948789716598325e-15]}, 729932], [0.17252411279445126, {"__complex__": [72744.9921875, -2.1079149693505007e-15]}, 773188], [0.17752203527930777, {"__complex__": [71688.4609375, 5.678630109983405e-16]}, 820024], [0.18252363779831107, {"__complex__": [71052.5859375, -4.3653965813074424e-16]}, 866702], [0.18752234050808908, {"__complex__": [71413.0703125, 1.0188655449452151e-15]}, 914078], [0.19252201016210274, {"__complex__": [71099.6640625, 3.62131334195141e-16]}, 964418], [0.19752271477956754, {"__complex__": [70825.8984375, -4.588654878566771e-16]}, 1014810], [0.20252178570627094, {"__complex__": [71252.09375, 4.3665353112259074e-16]}, 1066432], [0.20751974798690762, {"__complex__": [71713.234375, -2.0797029223856405e-16]}, 1119538], [0.2125197454352182, {"__complex__": [70563.734375, 0.0]}, 1175486], [0.2175192296548309, {"__complex__": [70366.546875, 1.1360770112741995e-15]}, 1229656], [0.22251681667262319, {"__complex__": [70780.9375, -9.492281076152421e-16]}, 1287742], [0.22751746426403283, {"__complex__": [70422.8671875, -1.037176809078077e-15]}, 1346910], [0.23251730364615478, {"__complex__": [70452.515625, 6.625630944463842e-16]}, 1405636], [0.23751678657474465, {"__complex__": [70587.046875, -4.758696213332479e-16]}, 1467822], [0.2425174971485461, {"__complex__": [70386.03125, -6.08814989355277e-16]}, 1529730], [0.24751707342858845, {"__complex__": [70169.21875, -1.0228263768856946e-15]}, 1593442], [0.2525171832510974, {"__complex__": [70439.0, 4.912583571002865e-16]}, 1658816], [0.2575157181508458, {"__complex__": [70200.125, 1.0131364258482239e-15]}, 1723588], [0.2625146768272274, {"__complex__": [70723.6875, -2.5968579618894675e-15]}, 1793172], [0.2675153728644548, {"__complex__": [70061.25, -1.876326844208755e-15]}, 1861328], [0.2725140790996068, {"__complex__": [70194.3359375, -9.64651307035322e-16]}, 1930900], [0.2775148647609448, {"__complex__": [70200.1953125, -1.1614643886484238e-15]}, 2004630], [0.28251520974118804, {"__complex__": [69994.765625, 2.5247863106877633e-16]}, 2074904], [0.28751406015515885, {"__complex__": [69825.4375, -1.0826643444650948e-16]}, 2150534], [0.29251361364437867, {"__complex__": [69717.296875, -6.017598931189183e-16]}, 2224768], [0.2975131524186939, {"__complex__": [69619.59375, 0.0]}, 2302904], [0.3025147259314174, {"__complex__": [70085.5390625, -1.9554196309195892e-16]}, 2381388], [0.3075149652713783, {"__complex__": [70044.984375, 7.57493041460489e-16]}, 2458960], [0.31251335064096714, {"__complex__": [69621.765625, -8.709357405697839e-16]}, 2539672], [0.31751349612987984, {"__complex__": [69926.34375, -5.5475851133181e-16]}, 2623108], [0.32251268944270295, {"__complex__": [70028.6953125, -8.610492249489909e-17]}, 2704034], [0.32751171630842707, {"__complex__": [69683.765625, 5.006191828981898e-16]}, 2790512], [0.33251237563902225, {"__complex__": [69790.5078125, -2.428565750159839e-16]}, 2876150], [0.3375123279265873, {"__complex__": [69955.09375, -6.2864037782091515e-16]}, 2962974], [0.34251273719712905, {"__complex__": [69451.3828125, 1.9072123058261623e-17]}, 3051976], [0.34751247641754474, {"__complex__": [69704.53125, -3.706833229377552e-16]}, 3140560], [0.35251198333721223, {"__complex__": [69944.359375, -1.4405714856476092e-15]}, 3232476], [0.3575118605439826, {"__complex__": [69721.4140625, 