{"edges": {"__dtype__": "<f8", "__shape__": [116], "__data__": [0.0, 0.005, 0.01, 0.015, 0.02, 0.025, 0.03, 0.035, 0.04, 0.045, 0.05, 0.055, 0.06, 0.065, 0.07, 0.075, 0.08, 0.085, 0.09, 0.095, 0.1, 0.105, 0.11, 0.115, 0.12, 0.125, 0.13, 0.135, 0.14, 0.145, 0.15, 0.155, 0.16, 0.165, 0.17, 0.17500000000000002, 0.18, 0.185, 0.19, 0.195, 0.2, 0.20500000000000002, 0.21, 0.215, 0.22, 0.225, 0.23, 0.23500000000000001, 0.24, 0.245, 0.25, 0.255, 0.26, 0.265, 0.27, 0.275, 0.28, 0.28500000000000003, 0.29, 0.295, 0.3, 0.305, 0.31, 0.315, 0.32, 0.325, 0.33, 0.335, 0.34, 0.34500000000000003, 0.35000000000000003, 0.355, 0.36, 0.365, 0.37, 0.375, 0.38, 0.385, 0.39, 0.395, 0.4, 0.405, 0.41000000000000003, 0.41500000000000004, 0.42, 0.425, 0.43, 0.435, 0.44, 0.445, 0.45, 0.455, 0.46, 0.465, 0.47000000000000003, 0.47500000000000003, 0.48, 0.485, 0.49, 0.495, 0.5, 0.505, 0.51, 0.515, 0.52, 0.525, 0.53, 0.535, 0.54, 0.545, 0.55, 0.555, 0.56, 0.5650000000000001, 0.5700000000000001, 0.5750000000000001]}, "poles": {"__dtype__": [["k", "<f8"], ["power_2", "<c8"], ["modes", "<i8"]], "__shape__": [115], "__data__": [[0.0037054420134658554, {"__complex__": [-111735.09375, -2.805188373256051e-12]}, 83], [0.008002706039259398, {"__complex__": [-7299.59130859375, -1.0254705071210957e-12]}, 596], [0.012849701484846114, {"__complex__": [15117.439453125, 1.4128073168827304e-13]}, 1648], [0.0177641384261076, {"__complex__": [6344.912109375, 2.2132190286190678e-13]}, 3156], [0.022684229681789413, {"__complex__": [30584.50390625, 0.0]}, 5176], [0.027646384376179004, {"__complex__": [31173.705078125, 2.983478264786954e-13]}, 7804], [0.032636129245414154, {"__complex__": [8959.9052734375, -6.155858700389316e-14]}, 10874], [0.037622935176432226, {"__complex__": [14545.96484375, 3.2243545805337934e-14]}, 14442], [0.0426065943302704, {"__complex__": [2039.0977783203125, -1.883336694062654e-13]}, 18544], [0.047584168879418735, {"__complex__": [3899.00732421875, 8.084397544851421e-14]}, 23040], [0.052572163944886785, {"__complex__": [9631.4111328125, 5.335257585660676e-14]}, 28366], [0.05756591012932392, {"__complex__": [6935.4541015625, 2.753925695342732e-14]}, 33818], [0.06255885577973451, {"__complex__": [4362.1396484375, -3.4811458322079117e-14]}, 40130], [0.06756290621144688, {"__complex__": [10334.63671875, -4.536016947795894e-14]}, 46838], [0.07256050504780319, {"__complex__": [2092.445556640625, -6.055863411647336e-14]}, 53826], [0.0775516441986681, {"__complex__": [4854.38525390625, 1.5122800879402085e-14]}, 61584], [0.08254999402587553, {"__complex__": [3752.413330078125, 3.749205417289238e-15]}, 69864], [0.08754547074829418, {"__complex__": [1119.3492431640625, -2.375701767471164e-14]}, 78404], [0.09254370656486871, {"__complex__": [4985.013671875, 1.4237044973931107e-14]}, 87902], [0.09754153604884025, {"__complex__": [5596.47607421875, -1.3159680898428786e-14]}, 97310], [0.10253422913940137, {"__complex__": [-261.0044250488281, 6.484569994955492e-15]}, 107716], [0.1075359850070505, {"__complex__": [-141.10040283203125, -9.811327682438778e-16]}, 118654], [0.11253957840084304, {"__complex__": [1178.3548583984375, -1.7922456951830834e-15]}, 129910], [0.11753653834673844, {"__complex__": [1785.4141845703125, -1.6468894415992068e-15]}, 141376], [0.12253336603812491, {"__complex__": [1041.72705078125, 1.5122997391045848e-14]}, 153958], [0.12753369323485178, {"__complex__": [-260.4419860839844, 0.0]}, 166718], [0.1325298054599073, {"__complex__": [639.69140625, 1.1977817521190755e-14]}, 179806], [0.13753126919241337, {"__complex__": [648.0670166015625, -1.6777823637239946e-14]}, 194282], [0.14252978867508304, {"__complex__": [2020.9302978515625, 1.5128042319279694e-14]}, 207774], [0.14752584639061916, {"__complex__": [-365.56439208984375, 6.256701615001614e-15]}, 223278], [0.1525273402624495, {"__complex__": [607.025146484375, -7.809963952138711e-15]}, 238496], [0.15752777994300757, {"__complex__": [-986.39892578125, -6.4053957077932645e-15]}, 254444], [0.16252677921627748, {"__complex__": [-222.2488555908203, 1.3762608267646817e-14]}, 270682], [0.16752582095517576, {"__complex__": [-1351.7449951171875, 6.474036716739911e-15]}, 287710], [0.1725259295419247, {"__complex__": [-11.030133247375488, 6.102991393096323e-15]}, 305202], [0.17752572093623975, {"__complex__": [166.78651428222656, -5.766560494358756e-15]}, 323008], [0.18252702152554795, {"__complex__": [-1529.15478515625, -5.449326326821286e-15]}, 341812], [0.18752508561671835, {"__complex__": [-1345.3055419921875, 3.880295200821629e-15]}, 360020], [0.19252006361125312, {"__complex__": [-1035.83203125, 8.890690748441631e-15]}, 379728], [0.19751626124600596, {"__complex__": [-751.45947265625, -5.825718122427943e-15]}, 399660], [0.20251335405021748, {"__complex__": [-853.8656616210938, 0.0]}, 420320], [0.20751594275294782, {"__complex__": [-915.5814208984375, -5.26682757262119e-15]}, 442070], [0.21251689533718626, {"__complex__": [-1527.580078125, 2.0130436793679932e-15]}, 462644], [0.21751895130525958, {"__complex__": [-559.7374267578125, -1.4377587009880145e-15]}, 485820], [0.22252064263763735, {"__complex__": [-842.0202026367188, -3.671654892286897e-15]}, 507304], [0.22751949683857262, {"__complex__": [-629.8338012695312, 1.7546433615556233e-15]}, 530776], [0.23252062744923513, {"__complex__": [-616.0761108398438, 0.0]}, 554524], [0.23751988845699762, {"__complex__": [-356.892822265625, 7.250680802560906e-15]}, 578008], [0.24251952417933192, {"__complex__": [29.98940086364746, -6.561088410311604e-15]}, 603272], [0.24751886354741093, {"__complex__": [-213.33851623535156, 1.483593030192484e-15]}, 627748], [0.2525158523431189, {"__complex__": [-490.65960693359375, -1.4255577207784084e-15]}, 653304], [0.2575140585584922, {"__complex__": [298.8789978027344, 6.164106937823089e-15]}, 679896], [0.2625126084722789, {"__complex__": [-674.606201171875, 1.9784728766587562e-15]}, 706092], [0.26751303339828036, {"__complex__": [-1252.9683837890625, 3.8051578726860154e-15]}, 734258], [0.2725141980302592, {"__complex__": [-1012.1533203125, 8.564561040892097e-15]}, 761190], [0.27751499291909654, {"__complex__": [-454.7774658203125, 6.189435340528361e-15]}, 789966], [0.2825156597003922, {"__complex__": [391.1492614746094, -1.1381910996314279e-15]}, 818248], [0.2875141801620819, {"__complex__": [624.6103515625, -1.3744040246651819e-15]}, 847024], [0.29251195304227423, {"__complex__": [-58.909515380859375, 2.3893571244270294e-15]}, 877004], [0.2975142527009851, {"__complex__": [-536.8264770507812, -1.921886417100959e-15]}, 908602], [0.30251615798691667, {"__complex__": [330.5679016113281, 0.0]}, 937802], [0.30751506635382575, {"__complex__": [-543.9886474609375, -4.802087064242357e-16]}, 969706], [0.31251223811931306, {"__complex__": [-601.5427856445312, 4.191135963673223e-15]}, 999956], [0.3175098816792195, {"__complex__": [-500.06829833984375, -1.0132273760109353e-15]}, 1034060], [0.3225110492752749, {"__complex__": [-419.1292724609375, -1.7466894045435502e-15]}, 1066386], [0.3275123331358606, {"__complex__": [-788.6239624023438, 2.1161074720163443e-15]}, 1100278], [0.3325123291547583, {"__complex__": [-93.18659210205078, 3.2877848545471685e-15]}, 1133070], [0.3375117534479973, {"__complex__": [-414.1499938964844, 1.5946185090285519e-15]}, 1168082], [0.3425129583700723, {"__complex__": [-625.7766723632812, 3.8700035387542525e-16]}, 1203258], [0.3475132726509487, {"__complex__": [-142.5089111328125, 1.5046887033812076e-15]}, 1237894], [0.35251300538197095, {"__complex__": [104.96205139160156, 1.2791646988670924e-15]}, 1274124], [0.3575125695577228, {"__complex__": [-609.6993408203125, -3.5540096392098e-15]}, 1310242], [0.36251151779301266, {"__complex__": [23.327043533325195, 2.0743474771672864e-15]}, 1346914], [0.3675115630015573, {"__complex__": [57.91053009033203, 2.6891345781962983e-15]}, 1385312], [0.3725118957087531, {"__complex__": [-340.5372009277344, -2.6191829975220123e-15]}, 1422310], [0.37751124096797295, {"__complex__": 