{"poles": {"dims": ["k"], "edges": [{"__dtype__": "<f8", "__shape__": [86], "__data__": [0.0, 0.005, 0.01, 0.015, 0.02, 0.025, 0.03, 0.035, 0.04, 0.045, 0.05, 0.055, 0.06, 0.065, 0.07, 0.075, 0.08, 0.085, 0.09, 0.095, 0.1, 0.105, 0.11, 0.115, 0.12, 0.125, 0.13, 0.135, 0.14, 0.145, 0.15, 0.155, 0.16, 0.165, 0.17, 0.17500000000000002, 0.18, 0.185, 0.19, 0.195, 0.2, 0.20500000000000002, 0.21, 0.215, 0.22, 0.225, 0.23, 0.23500000000000001, 0.24, 0.245, 0.25, 0.255, 0.26, 0.265, 0.27, 0.275, 0.28, 0.28500000000000003, 0.29, 0.295, 0.3, 0.305, 0.31, 0.315, 0.32, 0.325, 0.33, 0.335, 0.34, 0.34500000000000003, 0.35000000000000003, 0.355, 0.36, 0.365, 0.37, 0.375, 0.38, 0.385, 0.39, 0.395, 0.4, 0.405, 0.41000000000000003, 0.41500000000000004, 0.42, 0.425]}], "coords": [{"__dtype__": "<f8", "__shape__": [85], "__data__": [0.0025, 0.0075, 0.0125, 0.0175, 0.0225, 0.0275, 0.0325, 0.037500000000000006, 0.042499999999999996, 0.0475, 0.052500000000000005, 0.057499999999999996, 0.0625, 0.0675, 0.07250000000000001, 0.0775, 0.0825, 0.0875, 0.0925, 0.0975, 0.10250000000000001, 0.1075, 0.1125, 0.1175, 0.1225, 0.1275, 0.1325, 0.1375, 0.14250000000000002, 0.1475, 0.1525, 0.1575, 0.1625, 0.1675, 0.17250000000000001, 0.1775, 0.1825, 0.1875, 0.1925, 0.1975, 0.2025, 0.20750000000000002, 0.2125, 0.2175, 0.2225, 0.2275, 0.2325, 0.2375, 0.2425, 0.2475, 0.2525, 0.2575, 0.2625, 0.2675, 0.2725, 0.2775, 0.28250000000000003, 0.2875, 0.2925, 0.2975, 0.3025, 0.3075, 0.3125, 0.3175, 0.3225, 0.3275, 0.3325, 0.3375, 0.3425, 0.34750000000000003, 0.35250000000000004, 0.3575, 0.3625, 0.3675, 0.3725, 0.3775, 0.3825, 0.3875, 0.3925, 0.3975, 0.4025, 0.40750000000000003, 0.41250000000000003, 0.4175, 0.4225]}], "data": {"__dtype__": [["k", "<f8"], ["power_0", "<c8"], ["modes", "<i8"]], "__shape__": [85], "__data__": [[0.003785962175218714, {"__complex__": [105669.953125, 0.0]}, 223], [0.008055650047333739, {"__complex__": [91754.890625, 3.8395556265641284e-14]}, 1516], [0.012838659412058445, {"__complex__": [109750.171875, 3.523466308758168e-14]}, 4130], [0.017758445021159877, {"__complex__": [111744.6484375, 5.778869407741666e-14]}, 8058], [0.022686221993372543, {"__complex__": [103888.203125, 8.874471761567606e-15]}, 13118], [0.02764503576190599, {"__complex__": [100768.078125, -4.1190216114230654e-14]}, 19784], [0.032626124011193657, {"__complex__": [102013.0390625, -1.0060635525078847e-14]}, 27482], [0.03761517664423396, {"__complex__": [96849.5625, 5.5369574756321954e-14]}, 36794], [0.042612076216348424, {"__complex__": [94019.828125, 9.895054983450734e-15]}, 47060], [0.04758810749327745, {"__complex__": [90398.9375, -1.9911627007580465e-15]}, 58466], [0.05257639262811682, {"__complex__": [88065.625, 8.09181480061229e-16]}, 71934], [0.057576644294676294, {"__complex__": [86780.6484375, -1.081725702257617e-14]}, 86096], [0.06257060468948772, {"__complex__": [84330.734375, -4.580304827772738e-15]}, 101666], [0.06756431050677218, {"__complex__": [83232.4140625, 1.1789489909764129e-14]}, 118494], [0.07255460479533274, {"__complex__": [82211.46875, 8.309901432333039e-15]}, 136590], [0.07755203808236072, {"__complex__": [82316.171875, 9.296209757173098e-17]}, 156536], [0.08254994891496988, {"__complex__": [82388.2734375, -7.897204110541168e-15]}, 176896], [0.0875465852208996, {"__complex__": [80594.1796875, -3.721904274849811e-15]}, 199400], [0.09254606261661012, {"__complex__": [77411.0859375, -5.230315688034201e-16]}, 222578], [0.09754095165434574, {"__complex__": [76503.6484375, -4.239965719016539e-15]}, 247110], [0.10253878096196406, {"__complex__": [77102.203125, 0.0]}, 273522], [0.1075376536617221, {"__complex__": [74927.515625, 1.5071086765115131e-15]}, 300528], [0.11253874421958751, {"__complex__": [74526.28125, 0.0]}, 329826], [0.11753930483919833, {"__complex__": [74886.4609375, 1.5813596905469435e-15]}, 358884], [0.12253435939470513, {"__complex__": [74306.5234375, -5.966773248584781e-16]}, 390212], [0.1275324928771181, {"__complex__": [75538.25, 6.880208284947898e-16]}, 423008], [0.13253098558293935, {"__complex__": [74330.4609375, 0.0]}, 456548], [0.1375294182229233, {"__complex__": [73483.6484375, -3.076139696632052e-15]}, 491980], [0.14252928720123362, {"__complex__": [72859.25, 6.611251501393016e-16]}, 528260], [0.14752710781464048, {"__complex__": [72975.78125, -8.230866905607108e-16]}, 565750], [0.15252590457329984, {"__complex__": [72738.0859375, 3.847702749439823e-16]}, 605116], [0.15752627544450365, {"__complex__": [72017.3671875, -6.312862969899008e-16]}, 645434], [0.1625268432433497, {"__complex__": [72331.34375, -5.081641288758574e-16]}, 687270], [0.16752762298865234, {"__complex__": [71387.5625, 3.030270109681153e-15]}, 729932], [0.17252411279445126, {"__complex__": [71669.1640625, 6.022613895632521e-16]}, 773188], [0.17752203527930777, {"__complex__": [71392.328125, 5.678630109983405e-16]}, 820024], [0.18252363779831107, {"__complex__": [71018.4921875, -2.5520780828252113e-15]}, 866702], [0.18752234050808908, {"__complex__": [70844.625, -3.8207456611956587e-16]}, 914078], [0.19252201016210274, {"__complex__": [71256.9453125, -1.2071044296706169e-15]}, 964418], [0.19752271477956754, {"__complex__": [71212.578125, 9.177309757133541e-16]}, 1014810], [0.20252178570627094, {"__complex__": [71143.6953125, -3.656973270212138e-15]}, 1066432], [0.20751974798690762, {"__complex__": [71146.7890625, -7.278960162175293e-16]}, 1119538], [0.2125197454352182, {"__complex__": [70065.328125, -1.287466786420487e-15]}, 1175486], [0.2175192296548309, {"__complex__": [70488.9140625, -2.840192528185499e-16]}, 1229656], [0.22251681667262319, {"__complex__": [70264.7734375, -9.944293855707574e-16]}, 1287742], [0.22751746426403283, {"__complex__": [70589.421875, -1.3829024121041027e-15]}, 1346910], [0.23251730364615478, {"__complex__": [69928.7578125, 9.938447210789151e-16]}, 1405636], [0.23751678657474465, {"__complex__": [69923.203125, 4.758696213332479e-16]}, 1467822], [0.2425174971485461, {"__complex__": [69756.6015625, -1.5981394132320512e-15]}, 1529730], [0.24751707342858845, {"__complex__": [69986.71875, -3.1050086441172873e-16]}, 1593442], [0.2525171832510974, {"__complex__": [70153.7890625, 1.4035953211264068e-15]}, 1658816], [0.2575157181508458, {"__complex__": [69896.671875, -1.0806788330622818e-15]}, 1723588], [0.2625146768272274, {"__complex__": [70207.25, -2.856543652199296e-15]}, 1793172], [0.2675153728644548, {"__complex__": [69889.6328125, -2.189048020203254e-15]}, 1861328], [0.2725140790996068, {"__complex__": [69730.984375, 2.411628267588305e-16]}, 1930900], [0.2775148647609448, {"__complex__": [70085.90625, -5.226589801857467e-16]}, 2004630], [0.28251520974118804, {"__complex__": [69804.796875, -4.488509114421711e-16]}, 2074904], [0.28751406015515885, {"__complex__": [69883.046875, 9.743979034011405e-16]}, 2150534], [0.29251361364437867, {"__complex__": [69825.5390625, 3.139616822155322e-16]}, 2224768], [0.2975131524186939, {"__complex__": [69499.4140625, 1.5165459205631265e-16]}, 2302904], [0.3025147259314174, {"__complex__": [69490.140625, 6.355114032099236e-16]}, 2381388], [0.3075149652713783, {"__complex__": [69562.0703125, 7.10149723060486e-16]}, 2458960], [0.31251335064096714, {"__complex__": [69283.9765625, -4.583872318788336e-16]}, 2539672], [0.31751349612987984, {"__complex__": [69507.5625, -8.876136340127638e-17]}, 2623108], [0.32251268944270295, {"__complex__": [69212.2734375, 3.4441968997959635e-16]}, 2704034], [0.32751171630842707, {"__complex__": [69450.65625, -7.613583704361656e-16]}, 2790512], [0.33251237563902225, {"__complex__": [69545.375, 1.173806717481103e-15]}, 2876150], [0.3375123279265873, {"__complex__": [69517.734375, -7.858004722761439e-17]}, 2962974], [0.34251273719712905, {"__complex__": [69603.125, 1.5257698446609298e-16]}, 3051976], [0.34751247641754474, {"__complex__": [69329.6953125, -3.706833229377552e-16]}, 3140560], [0.35251198333721223, {"__complex__": [69430.796875, -5.402143203527433e-16]}, 3232476], [0.3575118605439826, {"__complex__": 