{"poles": {"dims": ["k"], "edges": [{"__dtype__": "<f8", "__shape__": [94], "__data__": [0.0, 0.005, 0.01, 0.015, 0.02, 0.025, 0.03, 0.035, 0.04, 0.045, 0.05, 0.055, 0.06, 0.065, 0.07, 0.075, 0.08, 0.085, 0.09, 0.095, 0.1, 0.105, 0.11, 0.115, 0.12, 0.125, 0.13, 0.135, 0.14, 0.145, 0.15, 0.155, 0.16, 0.165, 0.17, 0.17500000000000002, 0.18, 0.185, 0.19, 0.195, 0.2, 0.20500000000000002, 0.21, 0.215, 0.22, 0.225, 0.23, 0.23500000000000001, 0.24, 0.245, 0.25, 0.255, 0.26, 0.265, 0.27, 0.275, 0.28, 0.28500000000000003, 0.29, 0.295, 0.3, 0.305, 0.31, 0.315, 0.32, 0.325, 0.33, 0.335, 0.34, 0.34500000000000003, 0.35000000000000003, 0.355, 0.36, 0.365, 0.37, 0.375, 0.38, 0.385, 0.39, 0.395, 0.4, 0.405, 0.41000000000000003, 0.41500000000000004, 0.42, 0.425, 0.43, 0.435, 0.44, 0.445, 0.45, 0.455, 0.46, 0.465]}], "coords": [{"__dtype__": "<f8", "__shape__": [93], "__data__": [0.0025, 0.0075, 0.0125, 0.0175, 0.0225, 0.0275, 0.0325, 0.037500000000000006, 0.042499999999999996, 0.0475, 0.052500000000000005, 0.057499999999999996, 0.0625, 0.0675, 0.07250000000000001, 0.0775, 0.0825, 0.0875, 0.0925, 0.0975, 0.10250000000000001, 0.1075, 0.1125, 0.1175, 0.1225, 0.1275, 0.1325, 0.1375, 0.14250000000000002, 0.1475, 0.1525, 0.1575, 0.1625, 0.1675, 0.17250000000000001, 0.1775, 0.1825, 0.1875, 0.1925, 0.1975, 0.2025, 0.20750000000000002, 0.2125, 0.2175, 0.2225, 0.2275, 0.2325, 0.2375, 0.2425, 0.2475, 0.2525, 0.2575, 0.2625, 0.2675, 0.2725, 0.2775, 0.28250000000000003, 0.2875, 0.2925, 0.2975, 0.3025, 0.3075, 0.3125, 0.3175, 0.3225, 0.3275, 0.3325, 0.3375, 0.3425, 0.34750000000000003, 0.35250000000000004, 0.3575, 0.3625, 0.3675, 0.3725, 0.3775, 0.3825, 0.3875, 0.3925, 0.3975, 0.4025, 0.40750000000000003, 0.41250000000000003, 0.4175, 0.4225, 0.4275, 0.4325, 0.4375, 0.4425, 0.4475, 0.4525, 0.4575, 0.4625]}], "data": {"__dtype__": [["k", "<f8"], ["power_0", "<c8"], ["modes", "<i8"]], "__shape__": [93], "__data__": [[0.0037081367915242675, {"__complex__": [79314.453125, -1.5237607725072932e-13]}, 191], [0.008018577791264523, {"__complex__": [114182.796875, 2.003524570640819e-13]}, 1380], [0.012844085612331841, {"__complex__": [133587.4375, 1.5439697589013368e-13]}, 3770], [0.01775141230162106, {"__complex__": [117145.375, 1.5241807653238598e-13]}, 7256], [0.022691010615224643, {"__complex__": [112883.34375, -2.4232998522058773e-15]}, 12010], [0.027661296094027222, {"__complex__": [107096.953125, -1.0554278703442128e-14]}, 17924], [0.03263163473973046, {"__complex__": [99686.5078125, -2.3367186007330898e-14]}, 24910], [0.03760885918999335, {"__complex__": [99152.2265625, -7.004532181055859e-15]}, 33240], [0.04258994605322728, {"__complex__": [97802.765625, 2.3246963232995306e-14]}, 42566], [0.047583805693835864, {"__complex__": [92786.2890625, 2.176882509498314e-15]}, 53478], [0.052589415944125126, {"__complex__": [94254.453125, 0.0]}, 65258], [0.057576993125266096, {"__complex__": [94265.4375, -1.496571692526788e-15]}, 77788], [0.0625679362273907, {"__complex__": [93237.8359375, -1.1177069842306219e-14]}, 92438], [0.06756372941029527, {"__complex__": [93363.734375, -2.167640956527296e-15]}, 107412], [0.07255867544245412, {"__complex__": [91277.3515625, -8.433041388138975e-15]}, 124242], [0.07755343255815964, {"__complex__": [92280.6796875, 3.700475611833698e-15]}, 141568], [0.08254944316463679, {"__complex__": [88776.6484375, 2.170766719860901e-15]}, 160886], [0.0875469705282893, {"__complex__": [89401.59375, -1.9344091639514035e-15]}, 180544], [0.09254207143002044, {"__complex__": [86147.5234375, -1.728906159574183e-15]}, 202004], [0.09754200795670145, {"__complex__": [84286.734375, -2.073864033112641e-15]}, 224538], [0.10254171329034444, {"__complex__": [85300.359375, -1.07949283870536e-14]}, 248038], [0.10754099109209159, {"__complex__": [82431.4765625, -2.6663970375184406e-15]}, 272876], [0.11253870054955198, {"__complex__": [83285.5703125, 8.96720069346827e-15]}, 298594], [0.11753608765430268, {"__complex__": [83256.890625, -1.0715827579999546e-15]}, 325916], [0.12253572907412832, {"__complex__": [83372.53125, -4.4353825726952106e-15]}, 354334], [0.1275331697481456, {"__complex__": [83251.3515625, -1.8217220182310595e-15]}, 383424], [0.13252928315027618, {"__complex__": [83069.046875, 3.3724834905913886e-15]}, 414230], [0.13752809598823948, {"__complex__": [82522.9765625, -7.82413650741217e-15]}, 446370], [0.1425292748907053, {"__complex__": [83836.453125, 4.855108997399871e-15]}, 479558], [0.14752984329410787, {"__complex__": [82852.78125, -1.8135629733666324e-15]}, 513532], [0.15252898535896237, {"__complex__": [82433.140625, -1.2724608566060482e-15]}, 548930], [0.15752847498756622, {"__complex__": [81123.609375, 4.572728965092495e-15]}, 585548], [0.16252705956276423, {"__complex__": [81438.703125, 3.736685846812346e-15]}, 623094], [0.16752723347134682, {"__complex__": [80119.6484375, 8.784470699273574e-16]}, 662620], [0.17252557298757182, {"__complex__": [80211.34375, 2.488662631888413e-15]}, 701674], [0.1775232051718564, {"__complex__": [80943.4609375, -2.8173933658607285e-15]}, 743764], [0.1825215844754662, {"__complex__": [80551.453125, -1.3336445874850681e-15]}, 785620], [0.18752064712987349, {"__complex__": [80539.7109375, -3.295699318648076e-15]}, 830100], [0.19252067437217257, {"__complex__": [79509.265625, 1.2647790089282806e-15]}, 874418], [0.19751987908784707, {"__complex__": [79715.7109375, -2.27600378729367e-15]}, 920682], [0.20251936794243589, {"__complex__": [80093.8359375, -8.42091674677374e-16]}, 967718], [0.20751955964231095, {"__complex__": [79783.5390625, 1.1451798626001047e-15]}, 1016568], [0.2125192859071403, {"__complex__": [79563.4453125, -1.3111334163623642e-15]}, 1065478], [0.21751870204394746, {"__complex__": [79388.7734375, -4.69122368633657e-16]}, 1116700], [0.22251763655620238, {"__complex__": [79095.21875, 8.970927003161479e-16]}, 1167926], [0.2275173612096972, {"__complex__": [79073.96875, 1.1431628653944554e-15]}, 1222034], [0.23251753944930767, {"__complex__": [78847.671875, 4.563252360478614e-16]}, 1275574], [0.237518608068736, {"__complex__": [79543.8828125, 2.7089019978446087e-15]}, 1332228], [0.24251933382685822, {"__complex__": [78904.96875, 1.6779692244861148e-16]}, 1387574], [0.2475188275283454, {"__complex__": [79310.234375, 8.050830052668207e-16]}, 1446004], [0.2525176353551358, {"__complex__": [78899.671875, 3.0961481500934153e-16]}, 1504002], [0.25751592740199597, {"__complex__": [78773.4765625, -1.4879372504207145e-15]}, 1564788], [0.2625152321376914, {"__complex__": [78550.5546875, 1.4318223764563012e-15]}, 1626114], [0.2675142035428968, {"__complex__": [78491.4921875, 4.136799329502452e-16]}, 1688484], [0.27251407722071946, {"__complex__": [78587.34375, 5.312978162752341e-16]}, 1752920], [0.277514999580621, {"__complex__": [78671.09375, 1.0246181692064927e-15]}, 1817892], [0.28251513318998955, {"__complex__": [78468.421875, 8.035693573900772e-16]}, 1883346], [0.2875150555774266, {"__complex__": [78632.4140625, -1.1933301916406043e-15]}, 1951100], [0.2925143032383768, {"__complex__": [78844.5859375, -6.776695564837502e-16]}, 2018506], [0.2975129983065177, {"__complex__": [78518.890625, -6.688491906457544e-16]}, 2088638], [0.30251265006104155, {"__complex__": [78385.34375, 5.390216979630092e-16]}, 2159752], [0.3075131135075962, {"__complex__": [78402.4609375, -5.215623372168483e-16]}, 2232050], [0.31251255553945134, {"__complex__": [78050.703125, 1.5157929876823562e-16]}, 2304048], [0.3175120364779517, {"__complex__": [77813.3359375, -9.78464204178443e-17]}, 2379552], [0.3225126598898453, {"__complex__": [77916.671875, 1.4463144749091118e-15]}, 2454976], [0.3275133985704822, {"__complex__": [78458.4296875, -1.1034688897828692e-15]}, 2531986], [0.33251410375899365, {"__complex__": [77671.453125, -8.253190988327587e-16]}, 2609516], [0.3375135412275565, {"__complex__": [77836.21875, 1.2128247608007804e-15]}, 2687634], [0.34251245849241974, {"__complex__": [78170.5703125, 6.728752441231725e-16]}, 2768188], [0.3475114266102975, 