{"edges": {"__dtype__": "<f8", "__shape__": [116], "__data__": [0.0, 0.005, 0.01, 0.015, 0.02, 0.025, 0.03, 0.035, 0.04, 0.045, 0.05, 0.055, 0.06, 0.065, 0.07, 0.075, 0.08, 0.085, 0.09, 0.095, 0.1, 0.105, 0.11, 0.115, 0.12, 0.125, 0.13, 0.135, 0.14, 0.145, 0.15, 0.155, 0.16, 0.165, 0.17, 0.17500000000000002, 0.18, 0.185, 0.19, 0.195, 0.2, 0.20500000000000002, 0.21, 0.215, 0.22, 0.225, 0.23, 0.23500000000000001, 0.24, 0.245, 0.25, 0.255, 0.26, 0.265, 0.27, 0.275, 0.28, 0.28500000000000003, 0.29, 0.295, 0.3, 0.305, 0.31, 0.315, 0.32, 0.325, 0.33, 0.335, 0.34, 0.34500000000000003, 0.35000000000000003, 0.355, 0.36, 0.365, 0.37, 0.375, 0.38, 0.385, 0.39, 0.395, 0.4, 0.405, 0.41000000000000003, 0.41500000000000004, 0.42, 0.425, 0.43, 0.435, 0.44, 0.445, 0.45, 0.455, 0.46, 0.465, 0.47000000000000003, 0.47500000000000003, 0.48, 0.485, 0.49, 0.495, 0.5, 0.505, 0.51, 0.515, 0.52, 0.525, 0.53, 0.535, 0.54, 0.545, 0.55, 0.555, 0.56, 0.5650000000000001, 0.5700000000000001, 0.5750000000000001]}, "poles": {"__dtype__": [["k", "<f8"], ["power_0", "<c8"], ["modes", "<i8"]], "__shape__": [115], "__data__": [[0.0037054420134658554, {"__complex__": [107459.8359375, 0.0]}, 83], [0.008002706039259398, {"__complex__": [120020.1171875, 2.6857560771718914e-13]}, 596], [0.012849701484846114, {"__complex__": [118673.1015625, 3.5320181566815545e-13]}, 1648], [0.0177641384261076, {"__complex__": [109491.6484375, 5.5330475715476696e-14]}, 3156], [0.022684229681789413, {"__complex__": [110337.6015625, 1.0121115371578698e-13]}, 5176], [0.027646384376179004, {"__complex__": [101731.6328125, 7.458695661967385e-14]}, 7804], [0.032636129245414154, {"__complex__": [98852.0390625, 0.0]}, 10874], [0.037622935176432226, {"__complex__": [95959.609375, 2.4182658506970503e-14]}, 14442], [0.0426065943302704, {"__complex__": [94126.21875, -2.5111157389025827e-14]}, 18544], [0.047584168879418735, {"__complex__": [91505.015625, 0.0]}, 23040], [0.052572163944886785, {"__complex__": [89625.203125, -1.8468199856230307e-14]}, 28366], [0.05756591012932392, {"__complex__": [91011.234375, 1.0327221357535245e-14]}, 33818], [0.06255885577973451, {"__complex__": [87607.3359375, 2.0306684868245765e-14]}, 40130], [0.06756290621144688, {"__complex__": [88643.4453125, 2.2369398136124277e-14]}, 46838], [0.07256050504780319, {"__complex__": [87843.515625, 3.244212420949223e-14]}, 53826], [0.0775516441986681, {"__complex__": [86413.4921875, 0.0]}, 61584], [0.08254999402587553, {"__complex__": [83309.4296875, 0.0]}, 69864], [0.08754547074829418, {"__complex__": [83974.71875, -1.187850883735582e-14]}, 78404], [0.09254370656486871, {"__complex__": [80651.8046875, 5.297504988388373e-15]}, 87902], [0.09754153604884025, {"__complex__": [80884.203125, 1.1963346175045153e-15]}, 97310], [0.10253422913940137, {"__complex__": [80213.2890625, -3.242284997477746e-15]}, 107716], [0.1075359850070505, {"__complex__": [79649.8359375, 5.88679639770503e-15]}, 118654], [0.11253957840084304, {"__complex__": [79558.9453125, -7.168982780732334e-15]}, 129910], [0.11753653834673844, {"__complex__": [78101.921875, 2.0586117225896696e-15]}, 141376], [0.12253336603812491, {"__complex__": [77157.4375, -1.3610697990754442e-14]}, 153958], [0.12753369323485178, {"__complex__": [77988.0859375, -4.1896612793120534e-15]}, 166718], [0.1325298054599073, {"__complex__": [77235.3828125, -6.474495808597323e-15]}, 179806], [0.13753126919241337, {"__complex__": [77084.328125, 1.2583367304413486e-14]}, 194282], [0.14252978867508304, {"__complex__": [76067.1640625, -1.120595705393938e-14]}, 207774], [0.14752584639061916, {"__complex__": [75351.234375, 0.0]}, 223278], [0.1525273402624495, {"__complex__": [75311.8125, 9.76245494017339e-16]}, 238496], [0.15752777994300757, {"__complex__": [75150.1015625, 1.944495208770834e-15]}, 254444], [0.16252677921627748, {"__complex__": [75108.296875, 6.021140905337246e-15]}, 270682], [0.16752582095517576, {"__complex__": [75137.390625, -4.855527855192289e-15]}, 287710], [0.1725259295419247, {"__complex__": [74513.3359375, -7.628739241370404e-16]}, 305202], [0.17752572093623975, {"__complex__": [74593.3984375, -2.883280247179378e-15]}, 323008], [0.18252702152554795, {"__complex__": [74488.6640625, 4.768160641847744e-15]}, 341812], [0.18752508561671835, {"__complex__": [74381.4921875, -3.880295200821629e-15]}, 360020], [0.19252006361125312, {"__complex__": [74542.171875, -4.905208878647595e-15]}, 379728], [0.19751626124600596, {"__complex__": [73991.9765625, -5.825718122427943e-15]}, 399660], [0.20251335405021748, {"__complex__": [73812.78125, -4.846945399733353e-16]}, 420320], [0.20751594275294782, {"__complex__": [74014.0, 2.106731029048476e-15]}, 442070], [0.21251689533718626, {"__complex__": [73177.1015625, -2.0130436793679932e-15]}, 462644], [0.21751895130525958, {"__complex__": [72903.84375, 9.585057653656369e-16]}, 485820], [0.22252064263763735, {"__complex__": [73359.953125, -6.884352923037932e-16]}, 507304], [0.22751949683857262, {"__complex__": [73678.984375, -1.3159824682271583e-15]}, 530776], [0.23252062744923513, {"__complex__": [73076.2578125, 0.0]}, 554524], [0.23751988845699762, {"__complex__": [72960.8828125, 2.0140781183548275e-15]}, 578008], [0.24251952417933192, {"__complex__": [73145.71875, 1.5437855207649795e-15]}, 603272], [0.24751886354741093, {"__complex__": [73177.6328125, -1.483593030192484e-15]}, 627748], [0.2525158523431189, {"__complex__": [73504.8671875, -1.4255577207784084e-15]}, 653304], [0.2575140585584922, {"__complex__": [72903.1015625, 6.849007826335786e-16]}, 679896], [0.2625126084722789, {"__complex__": [72806.859375, -6.594909588862521e-16]}, 706092], [0.26751303339828036, {"__complex__": [73568.84375, 7.927412587692927e-16]}, 734258], [0.2725141980302592, {"__complex__": [72429.8828125, -3.058771762504635e-16]}, 761190], [0.27751499291909654, {"__complex__": [72587.8203125, 2.9473501369470484e-16]}, 789966], [0.2825156597003922, {"__complex__": [72436.703125, 1.1381910996314279e-15]}, 818248], [0.2875141801620819, {"__complex__": [72483.5078125, -3.161129288493654e-15]}, 847024], [0.29251195304227423, {"__complex__": [72992.828125, -2.1238730700767717e-15]}, 877004], [0.2975142527009851, {"__complex__": [72824.7734375, 0.0]}, 908602], [0.30251615798691667, {"__complex__": [72653.9921875, 8.99988600083692e-16]}, 937802], [0.30751506635382575, {"__complex__": [72773.7421875, 9.604174128484714e-16]}, 969706], [0.31251223811931306, {"__complex__": [72578.7734375, 1.862727094965877e-15]}, 999956], [0.3175098816792195, {"__complex__": [72680.296875, 4.503232664627359e-16]}, 1034060], [0.3225110492752749, {"__complex__": [72821.8203125, -2.183361676270099e-15]}, 1066386], [0.3275123331358606, {"__complex__": [73048.2734375, 2.539328966419613e-15]}, 1100278], [0.3325123291547583, {"__complex__": [72585.6015625, 8.219462136367921e-16]}, 1133070], [0.3375117534479973, {"__complex__": [72542.53125, 5.979819144159273e-16]}, 1168082], [0.3425129583700723, {"__complex__": [72089.9609375, -1.4512513270328447e-16]}, 1203258], [0.3475132726509487, {"__complex__": [72481.0, -5.64258250533063e-16]}, 1237894], [0.35251300538197095, {"__complex__": [72352.546875, 3.6547563202913777e-16]}, 1274124], [0.3575125695577228, {"__complex__": [72673.3125, 1.0662029341145874e-15]}, 1310242], [0.36251151779301266, {"__complex__": [72361.296875, 1.3828983886976032e-15]}, 1346914], [0.3675115630015573, {"__complex__": [72195.65625, 8.403545159816738e-16]}, 1385312], [0.3725118957087531, {"__complex__": [72675.765625, -1.3095914987610062e-15]}, 1422310], [0.37751124096797295, {"__complex__": [72192.0703125, -2.0714497774547294e-15]}, 1461198], [0.3825103314725004, {"__complex__": [71991.2578125, 7.763505624349911e-17]}, 1499520], [0.38750966779422413, {"__complex__": [72222.0234375, -1.020728064517109e-15]}, 1539692], [0.3925103292814964, {"__complex__": [72060.8515625, -2.94737263625971e-16]}, 1579920], [0.3975099588994165, {"__complex__": [72205.921875, 7.188625024792908e-17]}, 1619438], [0.4025095615803663, 