{"edges": {"__dtype__": "<f8", "__shape__": [116], "__data__": [0.0, 0.005, 0.01, 0.015, 0.02, 0.025, 0.03, 0.035, 0.04, 0.045, 0.05, 0.055, 0.06, 0.065, 0.07, 0.075, 0.08, 0.085, 0.09, 0.095, 0.1, 0.105, 0.11, 0.115, 0.12, 0.125, 0.13, 0.135, 0.14, 0.145, 0.15, 0.155, 0.16, 0.165, 0.17, 0.17500000000000002, 0.18, 0.185, 0.19, 0.195, 0.2, 0.20500000000000002, 0.21, 0.215, 0.22, 0.225, 0.23, 0.23500000000000001, 0.24, 0.245, 0.25, 0.255, 0.26, 0.265, 0.27, 0.275, 0.28, 0.28500000000000003, 0.29, 0.295, 0.3, 0.305, 0.31, 0.315, 0.32, 0.325, 0.33, 0.335, 0.34, 0.34500000000000003, 0.35000000000000003, 0.355, 0.36, 0.365, 0.37, 0.375, 0.38, 0.385, 0.39, 0.395, 0.4, 0.405, 0.41000000000000003, 0.41500000000000004, 0.42, 0.425, 0.43, 0.435, 0.44, 0.445, 0.45, 0.455, 0.46, 0.465, 0.47000000000000003, 0.47500000000000003, 0.48, 0.485, 0.49, 0.495, 0.5, 0.505, 0.51, 0.515, 0.52, 0.525, 0.53, 0.535, 0.54, 0.545, 0.55, 0.555, 0.56, 0.5650000000000001, 0.5700000000000001, 0.5750000000000001]}, "poles": {"__dtype__": [["k", "<f8"], ["power_0", "<c8"], ["modes", "<i8"]], "__shape__": [115], "__data__": [[0.0037054420134658554, {"__complex__": [105752.09375, 3.0373560654453624e-13]}, 83], [0.008002706039259398, {"__complex__": [128043.5703125, 7.820739058260733e-15]}, 596], [0.012849701484846114, {"__complex__": [96224.4765625, 2.9490973329831735e-14]}, 1648], [0.0177641384261076, {"__complex__": [104024.40625, 2.972752252694555e-14]}, 3156], [0.022684229681789413, {"__complex__": [102154.4765625, -2.471250133240059e-14]}, 5176], [0.027646384376179004, {"__complex__": [96849.875, 1.862317978052353e-14]}, 7804], [0.032636129245414154, {"__complex__": [94603.8125, 4.764831378848561e-15]}, 10874], [0.037622935176432226, {"__complex__": [92003.6171875, -4.585354838204268e-15]}, 14442], [0.0426065943302704, {"__complex__": [85493.4453125, 1.0786118609127445e-15]}, 18544], [0.047584168879418735, {"__complex__": [83439.0546875, -6.574602238649895e-17]}, 23040], [0.052572163944886785, {"__complex__": [83395.109375, 8.86487583118728e-16]}, 28366], [0.05756591012932392, {"__complex__": [82780.6796875, 1.2236944169755396e-15]}, 33818], [0.06255885577973451, {"__complex__": [79656.3203125, 1.6524367662498936e-15]}, 40130], [0.06756290621144688, {"__complex__": [77623.1484375, -8.146407529900708e-17]}, 46838], [0.07256050504780319, {"__complex__": [78207.0625, -4.0631860783367447e-16]}, 53826], [0.0775516441986681, {"__complex__": [80451.015625, 9.124221967164378e-16]}, 61584], [0.08254999402587553, {"__complex__": [76773.6953125, 1.994358767826274e-15]}, 69864], [0.08754547074829418, {"__complex__": [75265.9921875, 1.1790420693094043e-16]}, 78404], [0.09254370656486871, {"__complex__": [74620.5546875, 7.431024810822305e-16]}, 87902], [0.09754153604884025, {"__complex__": [74784.734375, 4.703849771206579e-16]}, 97310], [0.10253422913940137, {"__complex__": [74235.5234375, 3.049701627826318e-16]}, 107716], [0.1075359850070505, {"__complex__": [72139.515625, -2.4033530203914266e-16]}, 118654], [0.11253957840084304, {"__complex__": [73333.8515625, 9.434887579484348e-17]}, 129910], [0.11753653834673844, {"__complex__": [71311.390625, -6.065642639957447e-16]}, 141376], [0.12253336603812491, {"__complex__": [70307.03125, -1.009985780921793e-15]}, 153958], [0.12753369323485178, {"__complex__": [70266.8046875, -8.175020964603448e-16]}, 166718], [0.1325298054599073, {"__complex__": [70887.25, -1.6094361857704634e-16]}, 179806], [0.13753126919241337, {"__complex__": [70156.265625, -2.2111428481626027e-16]}, 194282], [0.14252978867508304, {"__complex__": [70369.2578125, 9.859671955554419e-17]}, 207774], [0.14752584639061916, {"__complex__": [69466.5390625, -3.1687957836992525e-16]}, 223278], [0.1525273402624495, {"__complex__": [68863.2734375, -7.25652067121575e-16]}, 238496], [0.15752777994300757, {"__complex__": [68507.7578125, -2.130282171341951e-16]}, 254444], [0.16252677921627748, {"__complex__": [68392.046875, 2.5698840653352563e-17]}, 270682], [0.16752582095517576, {"__complex__": [68248.5078125, -1.0288341698223326e-15]}, 287710], [0.1725259295419247, {"__complex__": [68978.15625, -2.052225835321201e-17]}, 305202], [0.17752572093623975, {"__complex__": [68495.328125, -2.626081657360925e-16]}, 323008], [0.18252702152554795, {"__complex__": [68405.7109375, 4.384278533888517e-16]}, 341812], [0.18752508561671835, {"__complex__": [68172.1328125, 6.276263205643741e-16]}, 360020], [0.19252006361125312, {"__complex__": [68665.2421875, -2.3268230642114085e-16]}, 379728], [0.19751626124600596, {"__complex__": [68394.59375, 6.575333962619759e-18]}, 399660], [0.20251335405021748, {"__complex__": [68031.1875, 1.1859670930488002e-16]}, 420320], [0.20751594275294782, {"__complex__": [67957.359375, -1.1199874616224265e-16]}, 442070], [0.21251689533718626, {"__complex__": [68037.7734375, 2.1775963729843921e-16]}, 462644], [0.21751895130525958, {"__complex__": [67906.1015625, 6.607004160558128e-16]}, 485820], [0.22252064263763735, {"__complex__": [67156.640625, 1.2500185333800883e-16]}, 507304], [0.22751949683857262, {"__complex__": [66801.9140625, 2.1102092937457594e-18]}, 530776], [0.23252062744923513, {"__complex__": [67660.859375, 9.940440517542057e-17]}, 554524], [0.23751988845699762, {"__complex__": [67557.7421875, -2.8766594141471646e-16]}, 578008], [0.24251952417933192, {"__complex__": [67174.8046875, 7.117480212923957e-17]}, 603272], [0.24751886354741093, {"__complex__": [67033.203125, -5.800435565380942e-16]}, 627748], [0.2525158523431189, {"__complex__": [67276.3828125, -5.707031654100434e-16]}, 653304], [0.2575140585584922, {"__complex__": [67115.265625, -8.908877472261467e-17]}, 679896], [0.2625126084722789, {"__complex__": [66877.2109375, -9.843537301398205e-17]}, 706092], [0.26751303339828036, {"__complex__": [66922.0703125, 4.0060915578292726e-16]}, 734258], [0.2725141980302592, {"__complex__": [66749.84375, -1.2371039279124204e-16]}, 761190], [0.27751499291909654, {"__complex__": [66325.9296875, 5.472201430943734e-17]}, 789966], [0.2825156597003922, {"__complex__": [66800.03125, 4.1810348310794196e-16]}, 818248], [0.2875141801620819, {"__complex__": [66854.5546875, 2.299609219105108e-16]}, 847024], [0.29251195304227423, {"__complex__": [66827.6796875, 5.327643479442865e-16]}, 877004], [0.2975142527009851, {"__complex__": [66577.4765625, 1.3536332944908487e-16]}, 908602], [0.30251615798691667, {"__complex__": [66336.125, -3.99469314133719e-16]}, 937802], [0.30751506635382575, {"__complex__": [66447.453125, 1.0236898078614122e-16]}, 969706], [0.31251223811931306, {"__complex__": [66448.0078125, 2.1825147227321834e-16]}, 999956], [0.3175098816792195, {"__complex__": [66370.2421875, -1.5913233126357162e-16]}, 1034060], [0.3225110492752749, {"__complex__": [66565.296875, 2.1781354300459807e-16]}, 1066386], [0.3275123331358606, {"__complex__": [66877.53125, -1.687942110997748e-16]}, 1100278], [0.3325123291547583, {"__complex__": [66099.984375, -1.201435899899134e-16]}, 1133070], [0.3375117534479973, {"__complex__": [66680.6015625, 9.750571464970105e-17]}, 1168082], [0.3425129583700723, {"__complex__": [66557.5078125, 2.5785310805866407e-16]}, 1203258], [0.3475132726509487, {"__complex__": [66413.75, 2.454649070979351e-16]}, 1237894], [0.35251300538197095, {"__complex__": [66449.4453125, -7.025756470903667e-17]}, 1274124], [0.3575125695577228, {"__complex__": [66460.5078125, -4.480540916668212e-17]}, 1310242], [0.36251151779301266, {"__complex__": [66395.2890625, 4.027341893940209e-17]}, 1346914], [0.3675115630015573, {"__complex__": [66346.46875, -2.3625739426348484e-16]}, 1385312], [0.3725118957087531, {"__complex__": [66264.671875, -1.3713184159872325e-16]}, 1422310], [0.37751124096797295, {"__complex__": [66512.6484375, -1.8934129810625321e-16]}, 1461198], [0.3825103314725004, {"__complex__": [66189.8125, 5.821692518936778e-17]}, 1499520], [0.38750966779422413, {"__complex__": [66285.171875, -4.34417655309415e-17]}, 1539692], [0.3925103292814964, {"__complex__": [66344.125, 