{"poles": {"dims": ["k"], "edges": [{"__dtype__": "<f8", "__shape__": [94], "__data__": [0.0, 0.005, 0.01, 0.015, 0.02, 0.025, 0.03, 0.035, 0.04, 0.045, 0.05, 0.055, 0.06, 0.065, 0.07, 0.075, 0.08, 0.085, 0.09, 0.095, 0.1, 0.105, 0.11, 0.115, 0.12, 0.125, 0.13, 0.135, 0.14, 0.145, 0.15, 0.155, 0.16, 0.165, 0.17, 0.17500000000000002, 0.18, 0.185, 0.19, 0.195, 0.2, 0.20500000000000002, 0.21, 0.215, 0.22, 0.225, 0.23, 0.23500000000000001, 0.24, 0.245, 0.25, 0.255, 0.26, 0.265, 0.27, 0.275, 0.28, 0.28500000000000003, 0.29, 0.295, 0.3, 0.305, 0.31, 0.315, 0.32, 0.325, 0.33, 0.335, 0.34, 0.34500000000000003, 0.35000000000000003, 0.355, 0.36, 0.365, 0.37, 0.375, 0.38, 0.385, 0.39, 0.395, 0.4, 0.405, 0.41000000000000003, 0.41500000000000004, 0.42, 0.425, 0.43, 0.435, 0.44, 0.445, 0.45, 0.455, 0.46, 0.465]}], "coords": [{"__dtype__": "<f8", "__shape__": [93], "__data__": [0.0025, 0.0075, 0.0125, 0.0175, 0.0225, 0.0275, 0.0325, 0.037500000000000006, 0.042499999999999996, 0.0475, 0.052500000000000005, 0.057499999999999996, 0.0625, 0.0675, 0.07250000000000001, 0.0775, 0.0825, 0.0875, 0.0925, 0.0975, 0.10250000000000001, 0.1075, 0.1125, 0.1175, 0.1225, 0.1275, 0.1325, 0.1375, 0.14250000000000002, 0.1475, 0.1525, 0.1575, 0.1625, 0.1675, 0.17250000000000001, 0.1775, 0.1825, 0.1875, 0.1925, 0.1975, 0.2025, 0.20750000000000002, 0.2125, 0.2175, 0.2225, 0.2275, 0.2325, 0.2375, 0.2425, 0.2475, 0.2525, 0.2575, 0.2625, 0.2675, 0.2725, 0.2775, 0.28250000000000003, 0.2875, 0.2925, 0.2975, 0.3025, 0.3075, 0.3125, 0.3175, 0.3225, 0.3275, 0.3325, 0.3375, 0.3425, 0.34750000000000003, 0.35250000000000004, 0.3575, 0.3625, 0.3675, 0.3725, 0.3775, 0.3825, 0.3875, 0.3925, 0.3975, 0.4025, 0.40750000000000003, 0.41250000000000003, 0.4175, 0.4225, 0.4275, 0.4325, 0.4375, 0.4425, 0.4475, 0.4525, 0.4575, 0.4625]}], "data": {"__dtype__": [["k", "<f8"], ["power_2", "<c8"], ["modes", "<i8"]], "__shape__": [93], "__data__": [[0.0037081367915242675, {"__complex__": [-73303.1171875, 4.571282046471337e-13]}, 191], [0.008018577791264523, {"__complex__": [3843.2451171875, -3.374357271466316e-13]}, 1380], [0.012844085612331841, {"__complex__": [33025.05078125, 3.7055273671530997e-13]}, 3770], [0.01775141230162106, {"__complex__": [1287.7818603515625, -2.406601190573822e-14]}, 7256], [0.022691010615224643, {"__complex__": [13302.12109375, -2.1325038360598542e-13]}, 12010], [0.027661296094027222, {"__complex__": [26365.341796875, -1.2989881793910169e-13]}, 17924], [0.03263163473973046, {"__complex__": [14061.17578125, 8.178514763752635e-15]}, 24910], [0.03760885918999335, {"__complex__": [12821.033203125, -6.128965658423876e-15]}, 33240], [0.04258994605322728, {"__complex__": [11339.154296875, 5.196380096507934e-14]}, 42566], [0.047583805693835864, {"__complex__": [12558.6396484375, -2.612258926694682e-14]}, 53478], [0.052589415944125126, {"__complex__": [10995.619140625, 1.4271393854008163e-14]}, 65258], [0.057576993125266096, {"__complex__": [7124.54052734375, -2.993143385053576e-14]}, 77788], [0.0625679362273907, {"__complex__": [5732.60107421875, 1.700174018497841e-14]}, 92438], [0.06756372941029527, {"__complex__": [2042.9791259765625, 3.143079397552491e-14]}, 107412], [0.07255867544245412, {"__complex__": [5093.330078125, 9.604296524745592e-15]}, 124242], [0.07755343255815964, {"__complex__": [8911.4404296875, 8.223279607982078e-16]}, 141568], [0.08254944316463679, {"__complex__": [6218.4541015625, 5.788711252962403e-15]}, 160886], [0.0875469705282893, {"__complex__": [2293.738525390625, 2.9016136400479868e-15]}, 180544], [0.09254207143002044, {"__complex__": [3331.99072265625, -9.797135433649296e-15]}, 202004], [0.09754200795670145, {"__complex__": [4982.18701171875, 1.1924718719793278e-14]}, 224538], [0.10254171329034444, {"__complex__": [6181.16748046875, 8.213532376341549e-16]}, 248038], [0.10754099109209159, {"__complex__": [5164.44287109375, 3.4129881826126156e-15]}, 272876], [0.11253870054955198, {"__complex__": [3309.6591796875, -1.0916592811465418e-14]}, 298594], [0.11753608765430268, {"__complex__": [-495.8036804199219, 9.287050498746861e-15]}, 325916], [0.12253572907412832, {"__complex__": [201.04562377929688, 7.228031141551326e-15]}, 354334], [0.1275331697481456, {"__complex__": [990.762451171875, 6.072406727436865e-16]}, 383424], [0.13252928315027618, {"__complex__": [728.224853515625, 1.630033761234554e-14]}, 414230], [0.13752809598823948, {"__complex__": [2857.427001953125, 5.216090722597131e-15]}, 446370], [0.1425292748907053, {"__complex__": [670.1287231445312, 2.913065525494865e-15]}, 479558], [0.14752984329410787, {"__complex__": [-879.3773803710938, 4.533907433416581e-16]}, 513532], [0.15252898535896237, {"__complex__": [1160.8389892578125, 3.605305530979047e-15]}, 548930], [0.15752847498756622, {"__complex__": [1072.677978515625, -1.192885816980651e-15]}, 585548], [0.16252705956276423, {"__complex__": [1350.6993408203125, -1.49467423284582e-15]}, 623094], [0.16752723347134682, {"__complex__": [215.65431213378906, 4.216546105057905e-15]}, 662620], [0.17252557298757182, {"__complex__": [-62.55205154418945, 7.963719913823154e-15]}, 701674], [0.1775232051718564, {"__complex__": [620.0527954101562, -1.1582617358990317e-14]}, 743764], [0.1825215844754662, {"__complex__": [2521.614990234375, -1.4818273900139324e-15]}, 785620], [0.18752064712987349, {"__complex__": [18.976863861083984, -8.414551823570716e-16]}, 830100], [0.19252067437217257, {"__complex__": [-532.0866088867188, 5.857924009148446e-15]}, 874418], [0.19751987908784707, {"__complex__": [-1271.201904296875, -3.54045054754839e-15]}, 920682], [0.20251936794243589, {"__complex__": [-344.0469665527344, 5.774342609561655e-15]}, 967718], [0.20751955964231095, {"__complex__": [137.17303466796875, 1.3742158351201256e-14]}, 1016568], [0.2125192859071403, {"__complex__": [614.6978149414062, 4.37044479179396e-15]}, 1065478], [0.21751870204394746, {"__complex__": [40.2861442565918, -8.339953102510437e-16]}, 1116700], [0.22251763655620238, {"__complex__": [-333.2755432128906, 4.186432813233594e-15]}, 1167926], [0.2275173612096972, {"__complex__": [199.10623168945312, -5.715814326972277e-15]}, 1222034], [0.23251753944930767, {"__complex__": [-395.6903991699219, -8.031324154442361e-15]}, 1275574], [0.237518608068736, {"__complex__": [358.7931823730469, 3.4953572662936496e-15]}, 1332228], [0.24251933382685822, {"__complex__": [673.3118286132812, 0.0]}, 1387574], [0.2475188275283454, {"__complex__": [1497.2606201171875, 2.2542322876921558e-15]}, 1446004], [0.2525176353551358, {"__complex__": [264.51171875, -2.01249628432583e-15]}, 1504002], [0.25751592740199597, {"__complex__": [-200.98956298828125, -5.951749001682858e-16]}, 1564788], [0.2625152321376914, {"__complex__": [-254.8240966796875, 1.7181868517475614e-15]}, 1626114], [0.2675142035428968, {"__complex__": [-420.2688293457031, -1.3789331098341506e-15]}, 1688484], [0.27251407722071946, {"__complex__": [-855.6771850585938, 1.9923667580925685e-15]}, 1752920], [0.277514999580621, {"__complex__": [-1000.331298828125, 1.5369272008701799e-15]}, 1817892], [0.28251513318998955, {"__complex__": [37.0169563293457, 2.1016429021343194e-15]}, 1883346], [0.2875150555774266, {"__complex__": [-197.22752380371094, -4.176655511923437e-15]}, 1951100], [0.2925143032383768, {"__complex__": [-473.6632385253906, 1.845568113278636e-15]}, 2018506], [0.2975129983065177, {"__complex__": [-434.6531066894531, -4.458994780770227e-16]}, 2088638], [0.30251265006104155, {"__complex__": [-45.21031188964844, 6.037043101888998e-15]}, 2159752], [0.3075131135075962, {"__complex__": [-965.1284790039062, -1.0431246744336967e-15]}, 2232050], [0.31251255553945134, {"__complex__": [-611.96484375, -6.467383272939229e-15]}, 2304048], [0.3175120364779517, {"__complex__": [-186.74815368652344, 1.1741570714839111e-15]}, 2379552], [0.3225126598898453, {"__complex__": [49.25550079345703, 1.5174447019295021e-15]}, 2454976], [0.3275133985704822, {"__complex__": [-157.96763610839844, -1.4712917824577466e-15]}, 2531986], 