{"edges": {"__dtype__": "<f8", "__shape__": [128], "__data__": [0.0, 0.005, 0.01, 0.015, 0.02, 0.025, 0.03, 0.035, 0.04, 0.045, 0.05, 0.055, 0.06, 0.065, 0.07, 0.075, 0.08, 0.085, 0.09, 0.095, 0.1, 0.105, 0.11, 0.115, 0.12, 0.125, 0.13, 0.135, 0.14, 0.145, 0.15, 0.155, 0.16, 0.165, 0.17, 0.17500000000000002, 0.18, 0.185, 0.19, 0.195, 0.2, 0.20500000000000002, 0.21, 0.215, 0.22, 0.225, 0.23, 0.23500000000000001, 0.24, 0.245, 0.25, 0.255, 0.26, 0.265, 0.27, 0.275, 0.28, 0.28500000000000003, 0.29, 0.295, 0.3, 0.305, 0.31, 0.315, 0.32, 0.325, 0.33, 0.335, 0.34, 0.34500000000000003, 0.35000000000000003, 0.355, 0.36, 0.365, 0.37, 0.375, 0.38, 0.385, 0.39, 0.395, 0.4, 0.405, 0.41000000000000003, 0.41500000000000004, 0.42, 0.425, 0.43, 0.435, 0.44, 0.445, 0.45, 0.455, 0.46, 0.465, 0.47000000000000003, 0.47500000000000003, 0.48, 0.485, 0.49, 0.495, 0.5, 0.505, 0.51, 0.515, 0.52, 0.525, 0.53, 0.535, 0.54, 0.545, 0.55, 0.555, 0.56, 0.5650000000000001, 0.5700000000000001, 0.5750000000000001, 0.58, 0.585, 0.59, 0.595, 0.6, 0.605, 0.61, 0.615, 0.62, 0.625, 0.63, 0.635]}, "poles": {"__dtype__": [["k", "<f8"], ["power_0", "<c8"], ["modes", "<i8"]], "__shape__": [127], "__data__": [[0.0037537781648676505, {"__complex__": [66860.0, 0.0]}, 77], [0.008050398333474014, {"__complex__": [110400.3515625, 2.522686107318123e-13]}, 548], [0.012848609532355457, {"__complex__": [126028.703125, 0.0]}, 1480], [0.017751579213119567, {"__complex__": [120195.953125, -8.106916423973945e-14]}, 2872], [0.022691827324042853, {"__complex__": [113895.6328125, -5.991603426510478e-14]}, 4736], [0.027648005536595924, {"__complex__": [104456.2890625, 4.1364169576542376e-14]}, 7036], [0.032612636555868525, {"__complex__": [100192.25, 4.141630614851177e-14]}, 9838], [0.03761114292794433, {"__complex__": [100525.4140625, 6.830850446913617e-14]}, 13208], [0.04261303922036164, {"__complex__": [97738.3046875, 1.381128471002668e-14]}, 16858], [0.04760505554480107, {"__complex__": [96398.6640625, 1.1045097026926316e-14]}, 21080], [0.05259133615803475, {"__complex__": [94471.15625, -2.7259285459305463e-14]}, 25624], [0.05756841184374016, {"__complex__": [91340.578125, 5.682861780708769e-15]}, 30728], [0.06256248327880025, {"__complex__": [92477.6796875, 1.8639432648715447e-14]}, 36498], [0.06756661487904435, {"__complex__": [95785.71875, -1.368690300392007e-14]}, 42528], [0.07257304507008182, {"__complex__": [92143.8359375, 3.7007432742450306e-15]}, 49152], [0.07756473030387098, {"__complex__": [88043.90625, 0.0]}, 55744], [0.08254764044823601, {"__complex__": [87863.625, 1.1026614768017227e-14]}, 63346], [0.08754405971893497, {"__complex__": [88338.21875, -9.784444339000584e-15]}, 71388], [0.09254365223263855, {"__complex__": [88828.296875, 8.757201744086143e-15]}, 79762], [0.09754150838846357, {"__complex__": [86828.0, -1.4130625448503971e-14]}, 88564], [0.10254123052801507, {"__complex__": [85274.65625, 8.910426616112656e-16]}, 97988], [0.10754181638082774, {"__complex__": [85085.8203125, 5.4042095404022595e-15]}, 107708], [0.11254085353408888, {"__complex__": [83636.2578125, 1.135017796573658e-14]}, 117952], [0.11753281793039293, {"__complex__": [84588.3515625, 9.07452972052252e-16]}, 128288], [0.12252442444514552, {"__complex__": [83706.390625, 1.2493595152773449e-15]}, 139770], [0.12753052839909865, {"__complex__": [81990.4453125, 5.74621857461397e-16]}, 151946], [0.13253665927256145, {"__complex__": [81994.21875, -1.423326741874459e-15]}, 163582], [0.13753197887556465, {"__complex__": [81904.1953125, 2.150447881763928e-15]}, 175940], [0.1425260716253757, {"__complex__": [82758.46875, -6.157455717483893e-16]}, 189064], [0.14752506711896965, {"__complex__": [83256.875, 3.3003397886496085e-15]}, 202824], [0.1525272624752809, {"__complex__": [82413.359375, -8.054343121816944e-15]}, 216806], [0.15752484634575162, {"__complex__": [81037.9375, 1.5126993057216283e-15]}, 230876], [0.16252366735405163, {"__complex__": [80551.671875, -2.8367228694753084e-15]}, 246232], [0.1675242007800524, {"__complex__": [80416.640625, 8.909449351849762e-16]}, 261330], [0.17252326579974073, {"__complex__": [81449.4609375, 6.297712832725299e-15]}, 277280], [0.17752110470595878, {"__complex__": [80884.9765625, -5.556438301682802e-15]}, 293320], [0.1825207522633753, {"__complex__": [79634.75, -1.499356948615597e-15]}, 310574], [0.18752231962759572, {"__complex__": [80523.296875, 1.4216061003212302e-15]}, 327560], [0.19252167162300435, {"__complex__": [80288.84375, -1.3486951982874746e-15]}, 345268], [0.19752225984779248, {"__complex__": [79932.2578125, -3.522458085441051e-15]}, 363544], [0.20251992290984697, {"__complex__": [79875.9296875, -7.62559079343568e-17]}, 381660], [0.20751551078768798, {"__complex__": [79515.859375, -1.3431845078117565e-15]}, 400854], [0.21251512379553542, {"__complex__": [79662.1015625, 2.765143820871992e-16]}, 421010], [0.21751870975885984, {"__complex__": [79102.1328125, 2.9027304529889416e-15]}, 441160], [0.2225209082741387, {"__complex__": [79038.8671875, -5.047315278571094e-16]}, 461296], [0.22752039891934017, {"__complex__": [79381.5859375, -1.6900057479550556e-15]}, 482192], [0.23252118259031918, {"__complex__": [79209.3828125, 2.7725635118525842e-15]}, 503860], [0.23751936566507853, {"__complex__": [79078.6015625, -6.097666838110764e-16]}, 525024], [0.24251707186595864, {"__complex__": [78802.9375, 1.4871819087900005e-15]}, 547954], [0.24751627666670906, {"__complex__": [78739.328125, -3.3156935313680136e-16]}, 570544], [0.2525167544702008, {"__complex__": [78703.625, -2.4972413815782047e-15]}, 594374], [0.25751857595461863, {"__complex__": [78539.296875, -4.710119932598629e-16]}, 617900], [0.2625190906945416, {"__complex__": [78516.71875, 1.8130234133792314e-15]}, 642106], [0.2675172479110602, {"__complex__": [78663.2890625, 2.0972207548749415e-15]}, 666112], [0.272514629608296, {"__complex__": [78475.9375, -3.365645446547764e-16]}, 691786], [0.27751615229387816, {"__complex__": [78438.7109375, 9.728354452508115e-16]}, 717996], [0.28251644607381426, {"__complex__": [78618.5078125, -2.3497612987582062e-15]}, 743152], [0.2875152531419474, {"__complex__": [78720.78125, -9.069062122847994e-16]}, 770192], [0.2925134012698469, {"__complex__": [78580.1015625, 1.0232001301736706e-15]}, 796430], [0.2975118362281548, {"__complex__": [78915.859375, 5.645611177512657e-16]}, 824820], [0.3025125080826814, {"__complex__": [78236.1328125, 4.779166882085248e-16]}, 852562], [0.30751063191170563, {"__complex__": [77957.9296875, 0.0]}, 880372], [0.3125111278203564, {"__complex__": [77903.7890625, -1.27837335833612e-15]}, 910652], [0.31751269361539736, {"__complex__": [78768.7265625, 1.239785078358056e-15]}, 938996], [0.3225130904459611, {"__complex__": [78420.3984375, 8.406721533368942e-16]}, 969352], [0.32751158760760724, {"__complex__": [78339.3671875, -3.2067317424288124e-16]}, 998344], [0.3325089848249692, {"__complex__": [78237.828125, 0.0]}, 1029922], [0.33751027924368393, {"__complex__": [78018.5703125, 2.631057975926044e-15]}, 1061918], [0.34251253316973607, {"__complex__": [78143.34375, -4.791753262285855e-16]}, 1093272], [0.34751415893089227, {"__complex__": [78591.9453125, 1.7584396573460987e-15]}, 1125464], [0.352514235068077, {"__complex__": [78531.125, 3.017556727478017e-16]}, 1157380], [0.357512374484406, {"__complex__": [78135.4296875, -1.3693941424195279e-15]}, 1190172], [0.3625118834929162, {"__complex__": [78160.59375, -1.9012015813614334e-16]}, 1224650], [0.3675116774700016, {"__complex__": [78127.53125, 0.0]}, 1257864], [0.3725098709245497, {"__complex__": [77911.78125, 1.6214936997746283e-15]}, 1292312], [0.37751067052804127, {"__complex__": [78014.3203125, -1.0515229002266047e-15]}, 1328534], [0.3825116981355865, {"__complex__": [78063.0078125, 1.3133420547723298e-15]}, 1362848], [0.3875116125361288, {"__complex__": [77859.4375, 8.112108121841727e-16]}, 1399204], [0.3925104655048909, {"__complex__": [77653.2578125, 1.2985299896236938e-15]}, 1434426], [0.3975103524535893, 