{"poles": {"dims": ["k"], "edges": [{"__dtype__": "<f8", "__shape__": [94], "__data__": [0.0, 0.005, 0.01, 0.015, 0.02, 0.025, 0.03, 0.035, 0.04, 0.045, 0.05, 0.055, 0.06, 0.065, 0.07, 0.075, 0.08, 0.085, 0.09, 0.095, 0.1, 0.105, 0.11, 0.115, 0.12, 0.125, 0.13, 0.135, 0.14, 0.145, 0.15, 0.155, 0.16, 0.165, 0.17, 0.17500000000000002, 0.18, 0.185, 0.19, 0.195, 0.2, 0.20500000000000002, 0.21, 0.215, 0.22, 0.225, 0.23, 0.23500000000000001, 0.24, 0.245, 0.25, 0.255, 0.26, 0.265, 0.27, 0.275, 0.28, 0.28500000000000003, 0.29, 0.295, 0.3, 0.305, 0.31, 0.315, 0.32, 0.325, 0.33, 0.335, 0.34, 0.34500000000000003, 0.35000000000000003, 0.355, 0.36, 0.365, 0.37, 0.375, 0.38, 0.385, 0.39, 0.395, 0.4, 0.405, 0.41000000000000003, 0.41500000000000004, 0.42, 0.425, 0.43, 0.435, 0.44, 0.445, 0.45, 0.455, 0.46, 0.465]}], "coords": [{"__dtype__": "<f8", "__shape__": [93], "__data__": [0.0025, 0.0075, 0.0125, 0.0175, 0.0225, 0.0275, 0.0325, 0.037500000000000006, 0.042499999999999996, 0.0475, 0.052500000000000005, 0.057499999999999996, 0.0625, 0.0675, 0.07250000000000001, 0.0775, 0.0825, 0.0875, 0.0925, 0.0975, 0.10250000000000001, 0.1075, 0.1125, 0.1175, 0.1225, 0.1275, 0.1325, 0.1375, 0.14250000000000002, 0.1475, 0.1525, 0.1575, 0.1625, 0.1675, 0.17250000000000001, 0.1775, 0.1825, 0.1875, 0.1925, 0.1975, 0.2025, 0.20750000000000002, 0.2125, 0.2175, 0.2225, 0.2275, 0.2325, 0.2375, 0.2425, 0.2475, 0.2525, 0.2575, 0.2625, 0.2675, 0.2725, 0.2775, 0.28250000000000003, 0.2875, 0.2925, 0.2975, 0.3025, 0.3075, 0.3125, 0.3175, 0.3225, 0.3275, 0.3325, 0.3375, 0.3425, 0.34750000000000003, 0.35250000000000004, 0.3575, 0.3625, 0.3675, 0.3725, 0.3775, 0.3825, 0.3875, 0.3925, 0.3975, 0.4025, 0.40750000000000003, 0.41250000000000003, 0.4175, 0.4225, 0.4275, 0.4325, 0.4375, 0.4425, 0.4475, 0.4525, 0.4575, 0.4625]}], "data": {"__dtype__": [["k", "<f8"], ["power_2", "<c8"], ["modes", "<i8"]], "__shape__": [93], "__data__": [[0.0037081367915242675, {"__complex__": [72491.28125, 0.0]}, 191], [0.008018577791264523, {"__complex__": [-31641.40625, 0.0]}, 1380], [0.012844085612331841, {"__complex__": [304.3114013671875, 1.2351758342261238e-13]}, 3770], [0.01775141230162106, {"__complex__": [2191.010009765625, 3.3692417345659864e-13]}, 7256], [0.022691010615224643, {"__complex__": [34323.10546875, -1.3570478833539734e-13]}, 12010], [0.027661296094027222, {"__complex__": [30107.388671875, 1.0391905706178678e-13]}, 17924], [0.03263163473973046, {"__complex__": [-680.9166870117188, -1.8693749483491076e-14]}, 24910], [0.03760885918999335, {"__complex__": [4346.35595703125, 2.4515862633695505e-14]}, 33240], [0.04258994605322728, {"__complex__": [19046.896484375, -3.281924360640058e-14]}, 42566], [0.047583805693835864, {"__complex__": [6599.87451171875, -3.2653238701265894e-14]}, 53478], [0.052589415944125126, {"__complex__": [8882.7705078125, -2.140708908694635e-14]}, 65258], [0.057576993125266096, {"__complex__": [7109.41943359375, -1.0476001847687516e-14]}, 77788], [0.0625679362273907, {"__complex__": [4467.7900390625, 0.0]}, 92438], [0.06756372941029527, {"__complex__": [2751.207763671875, 1.7341127652218367e-14]}, 107412], [0.07255867544245412, {"__complex__": [2548.249755859375, -2.623612725726268e-14]}, 124242], [0.07755343255815964, {"__complex__": [-362.731201171875, 3.289311843192831e-15]}, 141568], [0.08254944316463679, {"__complex__": [1016.5604248046875, 1.0130244692684205e-14]}, 160886], [0.0875469705282893, {"__complex__": [3199.09619140625, -5.158424296031585e-15]}, 180544], [0.09254207143002044, {"__complex__": [3102.3466796875, 1.3831249276593464e-14]}, 202004], [0.09754200795670145, {"__complex__": [2497.6650390625, 8.295456132450564e-15]}, 224538], [0.10254171329034444, {"__complex__": [2278.270263671875, 9.386894507404462e-15]}, 248038], [0.10754099109209159, {"__complex__": [1490.1370849609375, 1.919805934775913e-14]}, 272876], [0.11253870054955198, {"__complex__": [2790.029541015625, -1.403561884500814e-14]}, 298594], [0.11753608765430268, {"__complex__": [2043.51806640625, 4.643525249373431e-15]}, 325916], [0.12253572907412832, {"__complex__": [2565.655517578125, -7.228031141551326e-15]}, 354334], [0.1275331697481456, {"__complex__": [1636.932373046875, 1.8217220182310595e-15]}, 383424], [0.13252928315027618, {"__complex__": [3309.441650390625, 1.3489933962365554e-14]}, 414230], [0.13752809598823948, {"__complex__": [1018.5176391601562, 5.998504373338348e-15]}, 446370], [0.1425292748907053, {"__complex__": [-118.4124755859375, -5.82613105098973e-15]}, 479558], [0.14752984329410787, {"__complex__": [-586.367431640625, -1.8135629733666324e-15]}, 513532], [0.15252898535896237, {"__complex__": [1975.164794921875, -2.5449217132120965e-15]}, 548930], [0.15752847498756622, {"__complex__": [360.2525939941406, 0.0]}, 585548], [0.16252705956276423, {"__complex__": [1194.6256103515625, 4.6708573085154324e-15]}, 623094], [0.16752723347134682, {"__complex__": [1669.9837646484375, -1.2649638315173715e-14]}, 662620], [0.17252557298757182, {"__complex__": [105.52887725830078, 1.3272867581829773e-15]}, 701674], [0.1775232051718564, {"__complex__": [-513.87353515625, -6.88696146687812e-15]}, 743764], [0.1825215844754662, {"__complex__": [831.5926513671875, -3.556385566626848e-15]}, 785620], [0.18752064712987349, {"__complex__": [-243.04946899414062, -1.121940243142762e-15]}, 830100], [0.19252067437217257, {"__complex__": [-275.2467041015625, -2.130154242897136e-15]}, 874418], [0.19751987908784707, {"__complex__": [40.83423614501953, -3.54045054754839e-15]}, 920682], [0.20251936794243589, {"__complex__": [897.5440063476562, 5.774342609561655e-15]}, 967718], [0.20751955964231095, {"__complex__": [-1534.0528564453125, 1.8322879072151096e-15]}, 1016568], [0.2125192859071403, {"__complex__": [-926.8308715820312, 6.992711836276925e-15]}, 1065478], [0.21751870204394746, {"__complex__": [1087.719970703125, -6.67196248200835e-15]}, 1116700], [0.22251763655620238, {"__complex__": [-108.47620391845703, 3.9870785268996106e-15]}, 1167926], [0.2275173612096972, {"__complex__": [158.69090270996094, 7.621085769296369e-16]}, 1222034], [0.23251753944930767, {"__complex__": [-1205.329833984375, -4.38072226605947e-15]}, 1275574], [0.237518608068736, {"__complex__": [-1014.3273315429688, -4.194428804255674e-15]}, 1332228], [0.24251933382685822, {"__complex__": [322.2515563964844, -4.027126244645794e-15]}, 1387574], [0.2475188275283454, {"__complex__": [1637.828857421875, 6.440663830376329e-16]}, 1446004], [0.2525176353551358, {"__complex__": [-123.24068450927734, 4.02499256865166e-15]}, 1504002], [0.25751592740199597, {"__complex__": [685.8003540039062, 3.571049401009715e-15]}, 1564788], [0.2625152321376914, {"__complex__": [783.8704833984375, 0.0]}, 1626114], [0.2675142035428968, {"__complex__": [-103.51634216308594, 0.0]}, 1688484], [0.27251407722071946, {"__complex__": [-844.3328247070312, 5.312978162752341e-16]}, 1752920], [0.277514999580621, {"__complex__": [-258.3177490234375, 5.123090846032464e-16]}, 1817892], [0.28251513318998955, {"__complex__": [-465.04986572265625, 1.7307648674978141e-15]}, 1883346], [0.2875150555774266, {"__complex__": [-149.37574768066406, 2.3866603832812085e-16]}, 1951100], [0.2925143032383768, {"__complex__": [601.1331787109375, 4.0371803139714656e-16]}, 2018506], [0.2975129983065177, {"__complex__": [-615.6785888671875, -1.5606481467997997e-15]}, 2088638], [0.30251265006104155, {"__complex__": [-621.7479248046875, 2.5873042772773863e-15]}, 2159752], [0.3075131135075962, {"__complex__": [187.21266174316406, 4.172498697734787e-15]}, 2232050], [0.31251255553945134, {"__complex__": [128.33584594726562, -1.212634390145885e-15]}, 2304048], [0.3175120364779517, {"__complex__": [-731.9514770507812, 3.595856031419478e-15]}, 2379552], [0.3225126598898453, {"__complex__": [89.39916229248047, 2.4658475876958817e-15]}, 2454976], [0.3275133985704822, {"__complex__": [222.82772827148438, -7.356458912288733e-16]}, 2531986], [0.33251410375899365, {"__complex__": [-12.706693649291992, 