{"edges": {"__dtype__": "<f8", "__shape__": [128], "__data__": [0.0, 0.005, 0.01, 0.015, 0.02, 0.025, 0.03, 0.035, 0.04, 0.045, 0.05, 0.055, 0.06, 0.065, 0.07, 0.075, 0.08, 0.085, 0.09, 0.095, 0.1, 0.105, 0.11, 0.115, 0.12, 0.125, 0.13, 0.135, 0.14, 0.145, 0.15, 0.155, 0.16, 0.165, 0.17, 0.17500000000000002, 0.18, 0.185, 0.19, 0.195, 0.2, 0.20500000000000002, 0.21, 0.215, 0.22, 0.225, 0.23, 0.23500000000000001, 0.24, 0.245, 0.25, 0.255, 0.26, 0.265, 0.27, 0.275, 0.28, 0.28500000000000003, 0.29, 0.295, 0.3, 0.305, 0.31, 0.315, 0.32, 0.325, 0.33, 0.335, 0.34, 0.34500000000000003, 0.35000000000000003, 0.355, 0.36, 0.365, 0.37, 0.375, 0.38, 0.385, 0.39, 0.395, 0.4, 0.405, 0.41000000000000003, 0.41500000000000004, 0.42, 0.425, 0.43, 0.435, 0.44, 0.445, 0.45, 0.455, 0.46, 0.465, 0.47000000000000003, 0.47500000000000003, 0.48, 0.485, 0.49, 0.495, 0.5, 0.505, 0.51, 0.515, 0.52, 0.525, 0.53, 0.535, 0.54, 0.545, 0.55, 0.555, 0.56, 0.5650000000000001, 0.5700000000000001, 0.5750000000000001, 0.58, 0.585, 0.59, 0.595, 0.6, 0.605, 0.61, 0.615, 0.62, 0.625, 0.63, 0.635]}, "poles": {"__dtype__": [["k", "<f8"], ["power_2", "<c8"], ["modes", "<i8"]], "__shape__": [127], "__data__": [[0.0037537781648676505, {"__complex__": [-49632.765625, 3.0237745900912882e-12]}, 77], [0.008050398333474014, {"__complex__": [26517.578125, -2.1243671698058936e-13]}, 548], [0.012848609532355457, {"__complex__": [-1867.478759765625, 2.359770094172847e-13]}, 1480], [0.017751579213119567, {"__complex__": [-4823.3671875, 2.8374207822721986e-13]}, 2872], [0.022691827324042853, {"__complex__": [16382.4755859375, 1.4748562072140758e-13]}, 4736], [0.027648005536595924, {"__complex__": [10863.2763671875, 1.0754684496476832e-13]}, 7036], [0.032612636555868525, {"__complex__": [9970.6015625, -9.466584552928273e-14]}, 9838], [0.03761114292794433, {"__complex__": [951.751220703125, 1.101750069350477e-14]}, 13208], [0.04261303922036164, {"__complex__": [3742.112060546875, -5.524513884010672e-14]}, 16858], [0.04760505554480107, {"__complex__": [7689.19873046875, -2.209019405385263e-14]}, 21080], [0.05259133615803475, {"__complex__": [6759.82421875, 3.6345712816363354e-14]}, 25624], [0.05756841184374016, {"__complex__": [10826.5029296875, 1.8942873731739827e-14]}, 30728], [0.06256248327880025, {"__complex__": [6499.306640625, 5.103416875294059e-14]}, 36498], [0.06756661487904435, {"__complex__": [2625.381591796875, 4.3798088257291506e-14]}, 42528], [0.07257304507008182, {"__complex__": [189.6713409423828, -1.4210854715202004e-14]}, 49152], [0.07756473030387098, {"__complex__": [4120.296875, 8.353567674829893e-15]}, 55744], [0.08254764044823601, {"__complex__": [3710.08056640625, -4.318757401396492e-14]}, 63346], [0.08754405971893497, {"__complex__": [2040.11083984375, 4.8922224236101763e-14]}, 71388], [0.09254365223263855, {"__complex__": [-522.8159790039062, -5.254321215858275e-14]}, 79762], [0.09754150838846357, {"__complex__": [1151.171142578125, 1.9717151631022667e-14]}, 88564], [0.10254123052801507, {"__complex__": [3008.6318359375, -3.5047678870409396e-14]}, 97988], [0.10754181638082774, {"__complex__": [-355.60260009765625, -1.0808419080804519e-14]}, 107708], [0.11254085353408888, {"__complex__": [1652.2974853515625, 7.895776012992097e-15]}, 117952], [0.11753281793039293, {"__complex__": [-52.769935607910156, -1.6334152861665827e-14]}, 128288], [0.12252442444514552, {"__complex__": [-351.00775146484375, 1.478408765038814e-14]}, 139770], [0.12753052839909865, {"__complex__": [1727.6058349609375, 7.66162476615196e-15]}, 151946], [0.13253665927256145, {"__complex__": [-104.13760375976562, 2.846653483748918e-15]}, 163582], [0.13753197887556465, {"__complex__": [947.4860229492188, -1.323352501901218e-15]}, 175940], [0.1425260716253757, {"__complex__": [1571.683349609375, -1.7240876220713137e-14]}, 189064], [0.14752506711896965, {"__complex__": [2419.191162109375, 1.83671081680414e-14]}, 202824], [0.1525272624752809, {"__complex__": [-443.96026611328125, -9.128254691026256e-15]}, 216806], [0.15752484634575162, {"__complex__": [53.69740295410156, -8.067729630515351e-15]}, 230876], [0.16252366735405163, {"__complex__": [-713.2464599609375, 1.3238039916379282e-14]}, 246232], [0.1675242007800524, {"__complex__": [-597.0222778320312, 0.0]}, 261330], [0.17252326579974073, {"__complex__": [-610.1806640625, 2.183207092757225e-14]}, 277280], [0.17752110470595878, {"__complex__": [-1601.3404541015625, 1.3494207243584452e-14]}, 293320], [0.1825207522633753, {"__complex__": [-492.5705871582031, 1.499356948615597e-15]}, 310574], [0.18752231962759572, {"__complex__": [-874.7681274414062, -9.951242914006848e-15]}, 327560], [0.19252167162300435, {"__complex__": [-812.0548095703125, -5.394780793149898e-15]}, 345268], [0.19752225984779248, {"__complex__": [-487.8706970214844, -1.2808938954530884e-14]}, 363544], [0.20251992290984697, {"__complex__": [-60.56605529785156, -2.1351655015713292e-15]}, 381660], [0.20751551078768798, {"__complex__": [-499.43646240234375, 9.293384611126429e-15]}, 400854], [0.21251512379553542, {"__complex__": [480.0971984863281, -6.91285949924042e-15]}, 421010], [0.21751870975885984, {"__complex__": [-847.662353515625, -1.6888613852674914e-14]}, 441160], [0.2225209082741387, {"__complex__": [-58.54586410522461, 8.07570444571375e-15]}, 461296], [0.22752039891934017, {"__complex__": [-511.318603515625, -1.062289345436741e-14]}, 482192], [0.23252118259031918, {"__complex__": [449.600830078125, -2.7725635118525842e-15]}, 503860], [0.23751936566507853, {"__complex__": [61.0626106262207, 7.9824003784419e-15]}, 525024], [0.24251707186595864, {"__complex__": [-407.5576171875, 3.399272813372437e-15]}, 547954], [0.24751627666670906, {"__complex__": [597.2465209960938, -6.529365332371036e-15]}, 570544], [0.2525167544702008, {"__complex__": [-323.8670654296875, -3.1337932059451526e-15]}, 594374], [0.25751857595461863, {"__complex__": [-745.0458374023438, 7.536191892157807e-15]}, 617900], [0.2625190906945416, {"__complex__": [-114.94038391113281, -3.626046826758463e-15]}, 642106], [0.2675172479110602, {"__complex__": [-132.68907165527344, -5.592588397322195e-15]}, 666112], [0.272514629608296, {"__complex__": [-236.31309509277344, 4.7119036781064286e-15]}, 691786], [0.27751615229387816, {"__complex__": [-1064.0166015625, 3.567063263959936e-15]}, 717996], [0.28251644607381426, {"__complex__": [-1088.519287109375, 3.1330149944248627e-15]}, 743152], [0.2875152531419474, {"__complex__": [-1841.384033203125, -2.4184167072649563e-15]}, 770192], [0.2925134012698469, {"__complex__": [-504.5703125, -3.946628892019955e-15]}, 796430], [0.2975118362281548, {"__complex__": [-309.251708984375, -2.2582444710050626e-15]}, 824820], [0.3025125080826814, {"__complex__": [654.0198974609375, 7.919762291992444e-15]}, 852562], [0.30751063191170563, {"__complex__": [455.3701477050781, -2.6446848831627936e-16]}, 880372], [0.3125111278203564, {"__complex__": [-146.3780059814453, 1.534048030003344e-15]}, 910652], [0.31751269361539736, {"__complex__": [275.7189636230469, 0.0]}, 938996], [0.3225130904459611, {"__complex__": [-367.9978332519531, -4.803840951838766e-16]}, 969352], [0.32751158760760724, {"__complex__": [221.26925659179688, 9.328674544807885e-16]}, 998344], [0.3325089848249692, {"__complex__": [578.030517578125, -9.042651635552605e-16]}, 1029922], [0.33751027924368393, {"__complex__": [228.74746704101562, -3.946586963889066e-15]}, 1061918], [0.34251253316973607, {"__complex__": [439.2180480957031, -6.814937831856613e-15]}, 1093272], [0.34751415893089227, {"__complex__": [566.720703125, 5.7925068075990495e-15]}, 1125464], [0.352514235068077, {"__complex__": [-34.39918518066406, -6.035113454956034e-16]}, 1157380], [0.357512374484406, {"__complex__": [1464.960205078125, 9.39013102029592e-15]}, 1190172], [0.3625118834929162, {"__complex__": [97.74561309814453, 3.0419225301782935e-15]}, 1224650], [0.3675116774700016, {"__complex__": [-226.67489624023438, 2.7765003092331854e-15]}, 1257864], [0.3725098709245497, {"__complex__": 