{"poles": {"dims": ["k"], "edges": [{"__dtype__": "<f8", "__shape__": [94], "__data__": [0.0, 0.005, 0.01, 0.015, 0.02, 0.025, 0.03, 0.035, 0.04, 0.045, 0.05, 0.055, 0.06, 0.065, 0.07, 0.075, 0.08, 0.085, 0.09, 0.095, 0.1, 0.105, 0.11, 0.115, 0.12, 0.125, 0.13, 0.135, 0.14, 0.145, 0.15, 0.155, 0.16, 0.165, 0.17, 0.17500000000000002, 0.18, 0.185, 0.19, 0.195, 0.2, 0.20500000000000002, 0.21, 0.215, 0.22, 0.225, 0.23, 0.23500000000000001, 0.24, 0.245, 0.25, 0.255, 0.26, 0.265, 0.27, 0.275, 0.28, 0.28500000000000003, 0.29, 0.295, 0.3, 0.305, 0.31, 0.315, 0.32, 0.325, 0.33, 0.335, 0.34, 0.34500000000000003, 0.35000000000000003, 0.355, 0.36, 0.365, 0.37, 0.375, 0.38, 0.385, 0.39, 0.395, 0.4, 0.405, 0.41000000000000003, 0.41500000000000004, 0.42, 0.425, 0.43, 0.435, 0.44, 0.445, 0.45, 0.455, 0.46, 0.465]}], "coords": [{"__dtype__": "<f8", "__shape__": [93], "__data__": [0.0025, 0.0075, 0.0125, 0.0175, 0.0225, 0.0275, 0.0325, 0.037500000000000006, 0.042499999999999996, 0.0475, 0.052500000000000005, 0.057499999999999996, 0.0625, 0.0675, 0.07250000000000001, 0.0775, 0.0825, 0.0875, 0.0925, 0.0975, 0.10250000000000001, 0.1075, 0.1125, 0.1175, 0.1225, 0.1275, 0.1325, 0.1375, 0.14250000000000002, 0.1475, 0.1525, 0.1575, 0.1625, 0.1675, 0.17250000000000001, 0.1775, 0.1825, 0.1875, 0.1925, 0.1975, 0.2025, 0.20750000000000002, 0.2125, 0.2175, 0.2225, 0.2275, 0.2325, 0.2375, 0.2425, 0.2475, 0.2525, 0.2575, 0.2625, 0.2675, 0.2725, 0.2775, 0.28250000000000003, 0.2875, 0.2925, 0.2975, 0.3025, 0.3075, 0.3125, 0.3175, 0.3225, 0.3275, 0.3325, 0.3375, 0.3425, 0.34750000000000003, 0.35250000000000004, 0.3575, 0.3625, 0.3675, 0.3725, 0.3775, 0.3825, 0.3875, 0.3925, 0.3975, 0.4025, 0.40750000000000003, 0.41250000000000003, 0.4175, 0.4225, 0.4275, 0.4325, 0.4375, 0.4425, 0.4475, 0.4525, 0.4575, 0.4625]}], "data": {"__dtype__": [["k", "<f8"], ["power_2", "<c8"], ["modes", "<i8"]], "__shape__": [93], "__data__": [[0.0037081367915242675, {"__complex__": [18444.271484375, 1.8285128185885346e-12]}, 191], [0.008018577791264523, {"__complex__": [9518.419921875, -4.217946589332895e-14]}, 1380], [0.012844085612331841, {"__complex__": [7129.96435546875, -1.2351758342261238e-13]}, 3770], [0.01775141230162106, {"__complex__": [25403.13671875, 2.567041360295591e-13]}, 7256], [0.022691010615224643, {"__complex__": [23414.388671875, -3.877279763529404e-14]}, 12010], [0.027661296094027222, {"__complex__": [14874.5078125, -3.896964470410415e-14]}, 17924], [0.03263163473973046, {"__complex__": [10956.8955078125, 2.2432499380189291e-13]}, 24910], [0.03760885918999335, {"__complex__": [9361.630859375, -6.304078624137094e-14]}, 33240], [0.04258994605322728, {"__complex__": [10103.3681640625, -3.0084306356856216e-14]}, 42566], [0.047583805693835864, {"__complex__": [5005.63330078125, 6.966024030394605e-14]}, 53478], [0.052589415944125126, {"__complex__": [6922.9794921875, 7.135696927004082e-15]}, 65258], [0.057576993125266096, {"__complex__": [4159.556640625, 3.591772062064291e-14]}, 77788], [0.0625679362273907, {"__complex__": [4520.5693359375, -5.793185619802979e-14]}, 92438], [0.06756372941029527, {"__complex__": [9250.4482421875, 3.0346971273799775e-14]}, 107412], [0.07255867544245412, {"__complex__": [5021.576171875, -7.496036601227322e-15]}, 124242], [0.07755343255815964, {"__complex__": [6958.90625, -3.9471742118313974e-14]}, 141568], [0.08254944316463679, {"__complex__": [10691.23046875, -2.8943556264812015e-14]}, 160886], [0.0875469705282893, {"__complex__": [1345.9461669921875, 2.9822139495285643e-14]}, 180544], [0.09254207143002044, {"__complex__": [1582.6044921875, -9.220832851062309e-15]}, 202004], [0.09754200795670145, {"__complex__": [-1300.2838134765625, -9.332387937248648e-15]}, 224538], [0.10254171329034444, {"__complex__": [4018.7490234375, -7.50951543651698e-15]}, 248038], [0.10754099109209159, {"__complex__": [2995.136474609375, -2.7303905460900925e-14]}, 272876], [0.11253870054955198, {"__complex__": [3482.43603515625, -4.678539473830555e-15]}, 298594], [0.11753608765430268, {"__complex__": [3766.306396484375, -1.0001438933494085e-14]}, 325916], [0.12253572907412832, {"__complex__": [1645.417724609375, -7.885124573680374e-15]}, 354334], [0.1275331697481456, {"__complex__": [1602.972412109375, -1.8217220182310595e-15]}, 383424], [0.13252928315027618, {"__complex__": [181.3760986328125, -1.6862418511748127e-14]}, 414230], [0.13752809598823948, {"__complex__": [498.7187194824219, 1.1736203914085308e-14]}, 446370], [0.1425292748907053, {"__complex__": [-114.64624786376953, 1.9420436836632433e-15]}, 479558], [0.14752984329410787, {"__complex__": [29.107852935791016, -5.8940791869855225e-15]}, 513532], [0.15252898535896237, {"__complex__": [-97.1574478149414, 1.6966145107677705e-15]}, 548930], [0.15752847498756622, {"__complex__": [2883.367431640625, 1.2724116228159891e-14]}, 585548], [0.16252705956276423, {"__complex__": [864.3878784179688, 9.7153832017121e-15]}, 623094], [0.16752723347134682, {"__complex__": [-693.2239379882812, -5.622061332238382e-15]}, 662620], [0.17252557298757182, {"__complex__": [-2823.248046875, -6.636433685035768e-15]}, 701674], [0.1775232051718564, {"__complex__": [332.81976318359375, -1.5652185248249471e-15]}, 743764], [0.1825215844754662, {"__complex__": [-566.2628173828125, 2.3709237816706445e-15]}, 785620], [0.18752064712987349, {"__complex__": [-1221.2947998046875, -1.1219402007911147e-14]}, 830100], [0.19252067437217257, {"__complex__": [-1783.941162109375, 1.5976156292332928e-15]}, 874418], [0.19751987908784707, {"__complex__": [-992.5513916015625, -2.0231144775943732e-15]}, 920682], [0.20251936794243589, {"__complex__": [1513.815673828125, -9.62390470219982e-16]}, 967718], [0.20751955964231095, {"__complex__": [1443.9415283203125, 2.748431754943546e-15]}, 1016568], [0.2125192859071403, {"__complex__": [479.263916015625, 2.18522239589698e-15]}, 1065478], [0.21751870204394746, {"__complex__": [-78.99006652832031, 1.6679906205020875e-15]}, 1116700], [0.22251763655620238, {"__complex__": [702.29248046875, -5.781264139290143e-15]}, 1167926], [0.2275173612096972, {"__complex__": [-753.8981323242188, -9.145302923155643e-15]}, 1222034], [0.23251753944930767, {"__complex__": [-364.2308654785156, 7.301203776765783e-16]}, 1275574], [0.237518608068736, {"__complex__": [-507.6481628417969, -6.247951341140003e-15]}, 1332228], [0.24251933382685822, {"__complex__": [-472.05010986328125, 3.3559384489722296e-16]}, 1387574], [0.2475188275283454, {"__complex__": [-1695.0802001953125, 2.2542322876921558e-15]}, 1446004], [0.2525176353551358, {"__complex__": [-1296.3758544921875, 2.167303625656052e-15]}, 1504002], [0.25751592740199597, {"__complex__": [-897.4240112304688, 7.14209880201943e-15]}, 1564788], [0.2625152321376914, {"__complex__": [492.4081115722656, -3.722738178786383e-15]}, 1626114], [0.2675142035428968, {"__complex__": [678.5072631835938, 2.7578662196683012e-15]}, 1688484], [0.27251407722071946, {"__complex__": [1073.4525146484375, 5.8442761907858114e-15]}, 1752920], [0.277514999580621, {"__complex__": [75.18518829345703, -7.684636110230018e-15]}, 1817892], [0.28251513318998955, {"__complex__": [402.69183349609375, 2.4725211485290615e-15]}, 1883346], [0.2875150555774266, {"__complex__": [-1352.1982421875, 2.625326315730211e-15]}, 1951100], [0.2925143032383768, {"__complex__": [-305.4993591308594, -9.22784056639318e-16]}, 2018506], [0.2975129983065177, {"__complex__": [-203.1570587158203, 3.1212962935995995e-15]}, 2088638], [0.30251265006104155, {"__complex__": [5.6118340492248535, 3.018521550944499e-15]}, 2159752], [0.3075131135075962, {"__complex__": [-52.95873260498047, -4.172498697734787e-15]}, 2232050], [0.31251255553945134, {"__complex__": [64.31458282470703, -2.42526878029177e-15]}, 2304048], [0.3175120364779517, {"__complex__": [771.873046875, 7.044942428903467e-15]}, 2379552], [0.3225126598898453, {"__complex__": [-180.6078338623047, -2.6555281224975103e-15]}, 2454976], [0.3275133985704822, {"__complex__": [-857.9872436523438, 