{"edges": {"__dtype__": "<f8", "__shape__": [128], "__data__": [0.0, 0.005, 0.01, 0.015, 0.02, 0.025, 0.03, 0.035, 0.04, 0.045, 0.05, 0.055, 0.06, 0.065, 0.07, 0.075, 0.08, 0.085, 0.09, 0.095, 0.1, 0.105, 0.11, 0.115, 0.12, 0.125, 0.13, 0.135, 0.14, 0.145, 0.15, 0.155, 0.16, 0.165, 0.17, 0.17500000000000002, 0.18, 0.185, 0.19, 0.195, 0.2, 0.20500000000000002, 0.21, 0.215, 0.22, 0.225, 0.23, 0.23500000000000001, 0.24, 0.245, 0.25, 0.255, 0.26, 0.265, 0.27, 0.275, 0.28, 0.28500000000000003, 0.29, 0.295, 0.3, 0.305, 0.31, 0.315, 0.32, 0.325, 0.33, 0.335, 0.34, 0.34500000000000003, 0.35000000000000003, 0.355, 0.36, 0.365, 0.37, 0.375, 0.38, 0.385, 0.39, 0.395, 0.4, 0.405, 0.41000000000000003, 0.41500000000000004, 0.42, 0.425, 0.43, 0.435, 0.44, 0.445, 0.45, 0.455, 0.46, 0.465, 0.47000000000000003, 0.47500000000000003, 0.48, 0.485, 0.49, 0.495, 0.5, 0.505, 0.51, 0.515, 0.52, 0.525, 0.53, 0.535, 0.54, 0.545, 0.55, 0.555, 0.56, 0.5650000000000001, 0.5700000000000001, 0.5750000000000001, 0.58, 0.585, 0.59, 0.595, 0.6, 0.605, 0.61, 0.615, 0.62, 0.625, 0.63, 0.635]}, "poles": {"__dtype__": [["k", "<f8"], ["power_0", "<c8"], ["modes", "<i8"]], "__shape__": [127], "__data__": [[0.0037537781648676505, {"__complex__": [87345.65625, -1.0394225627777254e-12]}, 77], [0.008050398333474014, {"__complex__": [121632.0234375, -1.0621835849029468e-13]}, 548], [0.012848609532355457, {"__complex__": [117135.1328125, -8.849137514334998e-14]}, 1480], [0.017751579213119567, {"__complex__": [111166.421875, 6.080187487387048e-14]}, 2872], [0.022691827324042853, {"__complex__": [117061.671875, 4.916187696193432e-14]}, 4736], [0.027648005536595924, {"__complex__": [112659.9453125, -1.9647981226483986e-14]}, 7036], [0.032612636555868525, {"__complex__": [105797.1796875, -2.958307630438438e-14]}, 9838], [0.03761114292794433, {"__complex__": [103307.90625, -1.101750069350477e-14]}, 13208], [0.04261303922036164, {"__complex__": [100770.734375, -2.071692833558944e-14]}, 16858], [0.04760505554480107, {"__complex__": [96476.0234375, 1.7948282562876144e-14]}, 21080], [0.05259133615803475, {"__complex__": [91517.4140625, 5.111116235378011e-15]}, 25624], [0.05756841184374016, {"__complex__": [93110.5078125, -1.8942873308223354e-15]}, 30728], [0.06256248327880025, {"__complex__": [95095.625, 2.0732632326431535e-14]}, 36498], [0.06756661487904435, {"__complex__": [91696.9921875, 1.0265177041181815e-14]}, 42528], [0.07257304507008182, {"__complex__": [88700.2890625, -1.7763568394002505e-15]}, 49152], [0.07756473030387098, {"__complex__": [87674.5390625, -6.2651757561224194e-15]}, 55744], [0.08254764044823601, {"__complex__": [89309.25, 1.8377690997684396e-14]}, 63346], [0.08754405971893497, {"__complex__": [87608.7578125, -5.707592601669753e-15]}, 71388], [0.09254365223263855, {"__complex__": [86643.0625, -5.108367613464171e-15]}, 79762], [0.09754150838846357, {"__complex__": [85213.234375, 5.257907045137181e-15]}, 88564], [0.10254123052801507, {"__complex__": [83715.4296875, 4.0839457970827636e-16]}, 97988], [0.10754181638082774, {"__complex__": [83537.4375, 3.242525766593003e-15]}, 107708], [0.11254085353408888, {"__complex__": [82034.71875, -8.142519251626117e-15]}, 117952], [0.11753281793039293, {"__complex__": [83213.515625, 1.814905944104504e-15]}, 128288], [0.12252442444514552, {"__complex__": [83142.75, -1.2493595152773449e-15]}, 139770], [0.12753052839909865, {"__complex__": [81720.65625, -4.596974859691176e-15]}, 151946], [0.13253665927256145, {"__complex__": [81320.6796875, 8.89579200436647e-16]}, 163582], [0.13753197887556465, {"__complex__": [81433.9765625, -7.94011479964907e-15]}, 175940], [0.1425260716253757, {"__complex__": [81358.640625, 1.6933003884825196e-15]}, 189064], [0.14752506711896965, {"__complex__": [79708.1015625, 5.739721302512938e-16]}, 202824], [0.1525272624752809, {"__complex__": [80368.53125, -8.38994009014816e-17]}, 216806], [0.15752484634575162, {"__complex__": [79776.78125, 1.5126993057216283e-15]}, 230876], [0.16252366735405163, {"__complex__": [79375.828125, 5.141560293568225e-15]}, 246232], [0.1675242007800524, {"__complex__": [79414.0390625, -2.784203015097279e-15]}, 261330], [0.17252326579974073, {"__complex__": [79552.5078125, -4.408399067611004e-15]}, 277280], [0.17752110470595878, {"__complex__": [78984.7578125, -3.9688845768299434e-16]}, 293320], [0.1825207522633753, {"__complex__": [79790.859375, 2.623874713016854e-15]}, 310574], [0.18752231962759572, {"__complex__": [78654.0078125, -2.9320625686776475e-15]}, 327560], [0.19252167162300435, {"__complex__": [78179.3671875, 7.586410358018146e-16]}, 345268], [0.19752225984779248, {"__complex__": [78980.015625, -5.123575666515648e-15]}, 363544], [0.20251992290984697, {"__complex__": [78853.5, 6.100472634748544e-16]}, 381660], [0.20751551078768798, {"__complex__": [78292.375, -3.1946008541955916e-15]}, 400854], [0.21251512379553542, {"__complex__": [77981.234375, -5.530287641743984e-16]}, 421010], [0.21751870975885984, {"__complex__": [77926.2265625, -1.2534517432037672e-15]}, 441160], [0.2225209082741387, {"__complex__": [77350.921875, -1.0725545165486921e-15]}, 461296], [0.22752039891934017, {"__complex__": [77356.3203125, -8.450028739775278e-16]}, 482192], [0.23252118259031918, {"__complex__": [77445.3125, 2.6570400763083592e-15]}, 503860], [0.23751936566507853, {"__complex__": [78037.7421875, 2.660800055561221e-15]}, 525024], [0.24251707186595864, {"__complex__": [78205.34375, -2.1245455083577732e-16]}, 547954], [0.24751627666670906, {"__complex__": [77725.421875, 2.550533465306334e-16]}, 570544], [0.2525167544702008, {"__complex__": [77613.6953125, 0.0]}, 594374], [0.25751857595461863, {"__complex__": [77569.125, -1.8840479730394518e-16]}, 617900], [0.2625190906945416, {"__complex__": [77566.0859375, 0.0]}, 642106], [0.2675172479110602, {"__complex__": [77347.578125, 0.0]}, 666112], [0.272514629608296, {"__complex__": [77660.59375, -3.365645446547764e-16]}, 691786], [0.27751615229387816, {"__complex__": [77796.171875, 3.2427846410375077e-16]}, 717996], [0.28251644607381426, {"__complex__": [77253.640625, -1.7231582998732337e-15]}, 743152], [0.2875152531419474, {"__complex__": [76832.234375, 0.0]}, 770192], [0.2925134012698469, {"__complex__": [77176.2109375, 0.0]}, 796430], [0.2975118362281548, {"__complex__": [76982.6875, -4.0577828022266504e-16]}, 824820], [0.3025125080826814, {"__complex__": [76962.96875, 1.3654762974011215e-15]}, 852562], [0.30751063191170563, {"__complex__": [77136.7578125, -1.3223424151116172e-15]}, 880372], [0.3125111278203564, {"__complex__": [77041.0625, 3.3237706257947938e-15]}, 910652], [0.31751269361539736, {"__complex__": [77159.7734375, -1.5187367448114201e-15]}, 938996], [0.3225130904459611, {"__complex__": [77043.5859375, 9.457562254435651e-16]}, 969352], [0.32751158760760724, {"__complex__": [76424.4296875, -3.498252689605161e-16]}, 998344], [0.3325089848249692, {"__complex__": [76433.0078125, -1.808530327110521e-15]}, 1029922], [0.33751027924368393, {"__complex__": [76565.90625, 2.1925482250391046e-16]}, 1061918], [0.34251253316973607, {"__complex__": [76978.8828125, -5.32417011496353e-16]}, 1093272], [0.34751415893089227, {"__complex__": [77021.0546875, 1.0343762534566583e-16]}, 1125464], [0.352514235068077, {"__complex__": [76478.359375, 1.307607853477655e-15]}, 1157380], [0.357512374484406, {"__complex__": [76377.59375, -5.86883188768495e-16]}, 1190172], [0.3625118834929162, {"__complex__": [76643.53125, 4.158878302063819e-16]}, 1224650], [0.3675116774700016, {"__complex__": [76492.296875, 9.255000942544686e-17]}, 1257864], [0.3725098709245497, {"__complex__": [76458.390625, 4.504149048397169e-16]}, 1292312], [0.37751067052804127, {"__complex__": [76719.125, 3.066941659978699e-16]}, 1328534], [0.3825116981355865, {"__complex__": [76828.796875, -1.2813092539406423e-16]}, 1362848], [0.3875116125361288, {"__complex__": [76795.109375, 9.984132991590496e-16]}, 1399204], [0.3925104655048909, {"__complex__": [76878.5703125, -8.115812302799189e-16]}, 1434426], 