{"poles": {"dims": ["k"], "edges": [{"__dtype__": "<f8", "__shape__": [86], "__data__": [0.0, 0.005, 0.01, 0.015, 0.02, 0.025, 0.03, 0.035, 0.04, 0.045, 0.05, 0.055, 0.06, 0.065, 0.07, 0.075, 0.08, 0.085, 0.09, 0.095, 0.1, 0.105, 0.11, 0.115, 0.12, 0.125, 0.13, 0.135, 0.14, 0.145, 0.15, 0.155, 0.16, 0.165, 0.17, 0.17500000000000002, 0.18, 0.185, 0.19, 0.195, 0.2, 0.20500000000000002, 0.21, 0.215, 0.22, 0.225, 0.23, 0.23500000000000001, 0.24, 0.245, 0.25, 0.255, 0.26, 0.265, 0.27, 0.275, 0.28, 0.28500000000000003, 0.29, 0.295, 0.3, 0.305, 0.31, 0.315, 0.32, 0.325, 0.33, 0.335, 0.34, 0.34500000000000003, 0.35000000000000003, 0.355, 0.36, 0.365, 0.37, 0.375, 0.38, 0.385, 0.39, 0.395, 0.4, 0.405, 0.41000000000000003, 0.41500000000000004, 0.42, 0.425]}], "coords": [{"__dtype__": "<f8", "__shape__": [85], "__data__": [0.0025, 0.0075, 0.0125, 0.0175, 0.0225, 0.0275, 0.0325, 0.037500000000000006, 0.042499999999999996, 0.0475, 0.052500000000000005, 0.057499999999999996, 0.0625, 0.0675, 0.07250000000000001, 0.0775, 0.0825, 0.0875, 0.0925, 0.0975, 0.10250000000000001, 0.1075, 0.1125, 0.1175, 0.1225, 0.1275, 0.1325, 0.1375, 0.14250000000000002, 0.1475, 0.1525, 0.1575, 0.1625, 0.1675, 0.17250000000000001, 0.1775, 0.1825, 0.1875, 0.1925, 0.1975, 0.2025, 0.20750000000000002, 0.2125, 0.2175, 0.2225, 0.2275, 0.2325, 0.2375, 0.2425, 0.2475, 0.2525, 0.2575, 0.2625, 0.2675, 0.2725, 0.2775, 0.28250000000000003, 0.2875, 0.2925, 0.2975, 0.3025, 0.3075, 0.3125, 0.3175, 0.3225, 0.3275, 0.3325, 0.3375, 0.3425, 0.34750000000000003, 0.35250000000000004, 0.3575, 0.3625, 0.3675, 0.3725, 0.3775, 0.3825, 0.3875, 0.3925, 0.3975, 0.4025, 0.40750000000000003, 0.41250000000000003, 0.4175, 0.4225]}], "data": {"__dtype__": [["k", "<f8"], ["power_2", "<c8"], ["modes", "<i8"]], "__shape__": [85], "__data__": [[0.003785962175218714, {"__complex__": [32617.095703125, -7.178074866269479e-13]}, 223], [0.008055650047333739, {"__complex__": [-10430.8330078125, -3.0716445012513027e-13]}, 1516], [0.012838659412058445, {"__complex__": [30172.052734375, -1.1275091374874507e-13]}, 4130], [0.017758445021159877, {"__complex__": [40414.7578125, -2.889434703870833e-14]}, 8058], [0.022686221993372543, {"__complex__": [17362.701171875, 1.419915481850817e-13]}, 13118], [0.02764503576190599, {"__complex__": [9599.3994140625, 5.884316708751943e-15]}, 19784], [0.032626124011193657, {"__complex__": [14718.3154296875, -1.0166537343968621e-13]}, 27482], [0.03761517664423396, {"__complex__": [9227.142578125, -2.5311805941703215e-14]}, 36794], [0.042612076216348424, {"__complex__": [12139.8623046875, -1.4842582051659628e-14]}, 47060], [0.04758810749327745, {"__complex__": [10332.513671875, 1.5929301606064372e-14]}, 58466], [0.05257639262811682, {"__complex__": [9229.0380859375, 3.884071273700489e-14]}, 71934], [0.057576644294676294, {"__complex__": [7518.11767578125, 1.6225885110347782e-14]}, 86096], [0.06257060468948772, {"__complex__": [6939.33837890625, -1.4885990796140516e-14]}, 101666], [0.06756431050677218, {"__complex__": [3854.607177734375, 3.1438640888748273e-14]}, 118494], [0.07255460479533274, {"__complex__": [5506.51904296875, 6.818380173754255e-15]}, 136590], [0.07755203808236072, {"__complex__": [5792.515625, -5.9495742445907825e-15]}, 156536], [0.08254994891496988, {"__complex__": [3630.7275390625, 3.158881644216467e-14]}, 176896], [0.0875465852208996, {"__complex__": [2286.316162109375, 1.8682499191885645e-14]}, 199400], [0.09254606261661012, {"__complex__": [3383.99560546875, 1.6737010201709444e-14]}, 222578], [0.09754095165434574, {"__complex__": [-624.4466552734375, 7.537716551462865e-15]}, 247110], [0.10253878096196406, {"__complex__": [3918.18701171875, -3.40492739357007e-15]}, 273522], [0.1075376536617221, {"__complex__": [1692.50927734375, -8.522124690234657e-15]}, 300528], [0.11253874421958751, {"__complex__": [1407.5155029296875, -1.4118392810437961e-15]}, 329826], [0.11753930483919833, {"__complex__": [335.6225280761719, -6.487629689719211e-16]}, 358884], [0.12253435939470513, {"__complex__": [1.89258873462677, -5.9667728250683075e-15]}, 390212], [0.1275324928771181, {"__complex__": [2489.53271484375, -8.806665927106952e-15]}, 423008], [0.13253098558293935, {"__complex__": [2562.18896484375, -9.689632553082621e-15]}, 456548], [0.1375294182229233, {"__complex__": [349.931640625, -1.893008946346692e-15]}, 491980], [0.14252928720123362, {"__complex__": [1513.9312744140625, -3.085250594770956e-15]}, 528260], [0.14752710781464048, {"__complex__": [1502.2862548828125, 4.115433241045317e-15]}, 565750], [0.15252590457329984, {"__complex__": [1937.3731689453125, 0.0]}, 605116], [0.15752627544450365, {"__complex__": [1347.968994140625, -3.607350268513719e-15]}, 645434], [0.1625268432433497, {"__complex__": [931.0903930664062, -3.3877610003445408e-15]}, 687270], [0.16752762298865234, {"__complex__": [811.022216796875, -1.0207225588029518e-14]}, 729932], [0.17252411279445126, {"__complex__": [1332.87353515625, -2.4090455582530083e-15]}, 773188], [0.17752203527930777, {"__complex__": [-351.7853698730469, -4.542904087986724e-15]}, 820024], [0.18252363779831107, {"__complex__": [694.0945434570312, -3.2236775894507004e-15]}, 866702], [0.18752234050808908, {"__complex__": [-757.653564453125, 4.0754621797808605e-15]}, 914078], [0.19252201016210274, {"__complex__": [-879.742431640625, -5.0698386257924145e-15]}, 964418], [0.19752271477956754, {"__complex__": [128.1337432861328, 2.2943274392833854e-15]}, 1014810], [0.20252178570627094, {"__complex__": [462.3636169433594, 1.746614124490363e-15]}, 1066432], [0.20751974798690762, {"__complex__": [-192.67962646484375, 1.6637623379085124e-15]}, 1119538], [0.2125197454352182, {"__complex__": [-844.1759033203125, -1.188430847194567e-15]}, 1175486], [0.2175192296548309, {"__complex__": [-1499.78955078125, -2.272154022548399e-15]}, 1229656], [0.22251681667262319, {"__complex__": [-28.47132110595703, 9.040267237806084e-16]}, 1287742], [0.22751746426403283, {"__complex__": [229.42422485351562, 3.97584475243665e-15]}, 1346910], [0.23251730364615478, {"__complex__": [-1620.590576171875, 4.637942031701604e-15]}, 1405636], [0.23751678657474465, {"__complex__": [-575.4327392578125, 3.8069569706659836e-15]}, 1467822], [0.2425174971485461, {"__complex__": [677.5667724609375, 1.217629978710554e-15]}, 1529730], [0.24751707342858845, {"__complex__": [-1112.2972412109375, 1.7534166460897622e-15]}, 1593442], [0.2525171832510974, {"__complex__": [-192.3000946044922, 2.245752640857193e-15]}, 1658816], [0.2575157181508458, {"__complex__": [-202.14859008789062, 2.8367821617816162e-15]}, 1723588], [0.2625146768272274, {"__complex__": [-795.3458251953125, 0.0]}, 1793172], [0.2675153728644548, {"__complex__": [-132.77261352539062, -5.003537968879031e-16]}, 1861328], [0.2725140790996068, {"__complex__": [-695.18408203125, 7.234884802764915e-16]}, 1930900], [0.2775148647609448, {"__complex__": [-317.7333679199219, 0.0]}, 2004630], [0.28251520974118804, {"__complex__": [-718.2443237304688, -7.85489121493579e-16]}, 2074904], [0.28751406015515885, {"__complex__": [210.8599395751953, -4.3306573778603794e-16]}, 2150534], [0.29251361364437867, {"__complex__": [-19.486106872558594, 3.662886513096039e-16]}, 2224768], [0.2975131524186939, {"__complex__": [308.4742126464844, -1.1121337191959254e-15]}, 2302904], [0.3025147259314174, {"__complex__": [-569.6690063476562, -4.888549011124524e-16]}, 2381388], [0.3075149652713783, {"__complex__": [-1285.4390869140625, 2.745912467200175e-15]}, 2458960], [0.31251335064096714, {"__complex__": [-1242.236083984375, -1.8335489275153345e-15]}, 2539672], [0.31751349612987984, {"__complex__": [-798.546142578125, -6.745863565557446e-15]}, 2623108], [0.32251268944270295, {"__complex__": [-364.8568420410156, 6.888393799591927e-16]}, 2704034], [0.32751171630842707, {"__complex__": [221.46998596191406, 3.337461219321265e-16]}, 2790512], [0.33251237563902225, {"__complex__": [944.58056640625, -1.7809481814908424e-15]}, 2876150], [0.3375123279265873, {"__complex__": 