{"poles": {"dims": ["k"], "edges": [{"__dtype__": "<f8", "__shape__": [94], "__data__": [0.0, 0.005, 0.01, 0.015, 0.02, 0.025, 0.03, 0.035, 0.04, 0.045, 0.05, 0.055, 0.06, 0.065, 0.07, 0.075, 0.08, 0.085, 0.09, 0.095, 0.1, 0.105, 0.11, 0.115, 0.12, 0.125, 0.13, 0.135, 0.14, 0.145, 0.15, 0.155, 0.16, 0.165, 0.17, 0.17500000000000002, 0.18, 0.185, 0.19, 0.195, 0.2, 0.20500000000000002, 0.21, 0.215, 0.22, 0.225, 0.23, 0.23500000000000001, 0.24, 0.245, 0.25, 0.255, 0.26, 0.265, 0.27, 0.275, 0.28, 0.28500000000000003, 0.29, 0.295, 0.3, 0.305, 0.31, 0.315, 0.32, 0.325, 0.33, 0.335, 0.34, 0.34500000000000003, 0.35000000000000003, 0.355, 0.36, 0.365, 0.37, 0.375, 0.38, 0.385, 0.39, 0.395, 0.4, 0.405, 0.41000000000000003, 0.41500000000000004, 0.42, 0.425, 0.43, 0.435, 0.44, 0.445, 0.45, 0.455, 0.46, 0.465]}], "coords": [{"__dtype__": "<f8", "__shape__": [93], "__data__": [0.0025, 0.0075, 0.0125, 0.0175, 0.0225, 0.0275, 0.0325, 0.037500000000000006, 0.042499999999999996, 0.0475, 0.052500000000000005, 0.057499999999999996, 0.0625, 0.0675, 0.07250000000000001, 0.0775, 0.0825, 0.0875, 0.0925, 0.0975, 0.10250000000000001, 0.1075, 0.1125, 0.1175, 0.1225, 0.1275, 0.1325, 0.1375, 0.14250000000000002, 0.1475, 0.1525, 0.1575, 0.1625, 0.1675, 0.17250000000000001, 0.1775, 0.1825, 0.1875, 0.1925, 0.1975, 0.2025, 0.20750000000000002, 0.2125, 0.2175, 0.2225, 0.2275, 0.2325, 0.2375, 0.2425, 0.2475, 0.2525, 0.2575, 0.2625, 0.2675, 0.2725, 0.2775, 0.28250000000000003, 0.2875, 0.2925, 0.2975, 0.3025, 0.3075, 0.3125, 0.3175, 0.3225, 0.3275, 0.3325, 0.3375, 0.3425, 0.34750000000000003, 0.35250000000000004, 0.3575, 0.3625, 0.3675, 0.3725, 0.3775, 0.3825, 0.3875, 0.3925, 0.3975, 0.4025, 0.40750000000000003, 0.41250000000000003, 0.4175, 0.4225, 0.4275, 0.4325, 0.4375, 0.4425, 0.4475, 0.4525, 0.4575, 0.4625]}], "data": {"__dtype__": [["k", "<f8"], ["power_2", "<c8"], ["modes", "<i8"]], "__shape__": [93], "__data__": [[0.0037081367915242675, {"__complex__": [25266.431640625, 9.142564092942673e-13]}, 191], [0.008018577791264523, {"__complex__": [25309.58984375, 5.06153550062366e-13]}, 1380], [0.012844085612331841, {"__complex__": [-12815.2724609375, 3.7055273671530997e-13]}, 3770], [0.01775141230162106, {"__complex__": [-9290.8349609375, 3.208801700369489e-14]}, 7256], [0.022691010615224643, {"__complex__": [13013.048828125, 1.1631838612961853e-13]}, 12010], [0.027661296094027222, {"__complex__": [8398.177734375, 4.5464588311564663e-14]}, 17924], [0.03263163473973046, {"__complex__": [29017.763671875, -9.346874741745538e-15]}, 24910], [0.03760885918999335, {"__complex__": [9536.1650390625, 5.603625744844687e-14]}, 33240], [0.04258994605322728, {"__complex__": [8220.94140625, -6.563848721280116e-14]}, 42566], [0.047583805693835864, {"__complex__": [2316.6552734375, 3.4830120151973024e-14]}, 53478], [0.052589415944125126, {"__complex__": [4295.52587890625, -2.140708908694635e-14]}, 65258], [0.057576993125266096, {"__complex__": [9760.07421875, -1.1972573540214304e-14]}, 77788], [0.0625679362273907, {"__complex__": [7614.79052734375, -1.5112658506891662e-14]}, 92438], [0.06756372941029527, {"__complex__": [676.5784912109375, -4.335281913054592e-15]}, 107412], [0.07255867544245412, {"__complex__": [9549.279296875, -7.496036601227322e-15]}, 124242], [0.07755343255815964, {"__complex__": [4085.46435546875, -2.3025182902349818e-14]}, 141568], [0.08254944316463679, {"__complex__": [4749.91552734375, 1.0130244692684205e-14]}, 160886], [0.0875469705282893, {"__complex__": [-795.3444213867188, -1.1606454560191947e-14]}, 180544], [0.09254207143002044, {"__complex__": [3093.98388671875, 2.8238801135773914e-14]}, 202004], [0.09754200795670145, {"__complex__": [-2265.389404296875, 8.295456132450564e-15]}, 224538], [0.10254171329034444, {"__complex__": [-224.65908813476562, 3.426216423204828e-14]}, 248038], [0.10754099109209159, {"__complex__": [1744.373291015625, -1.4931823748916447e-14]}, 272876], [0.11253870054955198, {"__complex__": [3093.777099609375, -1.2476105828236779e-14]}, 298594], [0.11753608765430268, {"__complex__": [1753.3883056640625, 9.287050498746861e-15]}, 325916], [0.12253572907412832, {"__complex__": [2216.336669921875, 2.628374787307379e-15]}, 354334], [0.1275331697481456, {"__complex__": [231.44403076171875, 3.643444036462119e-15]}, 383424], [0.13252928315027618, {"__complex__": [-54.547481536865234, -6.744966981182777e-15]}, 414230], [0.13752809598823948, {"__complex__": [-366.1293029785156, -5.216090722597131e-15]}, 446370], [0.1425292748907053, {"__complex__": [119.52130889892578, -1.9420436836632433e-15]}, 479558], [0.14752984329410787, {"__complex__": [1132.050537109375, -3.627125946733265e-15]}, 513532], [0.15252898535896237, {"__complex__": [1341.2828369140625, -5.9381507347476374e-15]}, 548930], [0.15752847498756622, {"__complex__": [931.5010986328125, 3.97628605660217e-15]}, 585548], [0.16252705956276423, {"__complex__": [1425.133056640625, -7.473371693624692e-15]}, 623094], [0.16752723347134682, {"__complex__": [-769.2608032226562, 1.4055153330595955e-15]}, 662620], [0.17252557298757182, {"__complex__": [-935.52685546875, 1.3272867581829773e-15]}, 701674], [0.1775232051718564, {"__complex__": [302.62908935546875, -6.2608740992997885e-15]}, 743764], [0.1825215844754662, {"__complex__": [-1763.7547607421875, 5.927309454176611e-16]}, 785620], [0.18752064712987349, {"__complex__": [1260.423095703125, 0.0]}, 830100], [0.19252067437217257, {"__complex__": [-467.4879455566406, -6.124193051282572e-15]}, 874418], [0.19751987908784707, {"__complex__": [-1154.75390625, 0.0]}, 920682], [0.20251936794243589, {"__complex__": [-1897.03076171875, -3.849561880879928e-15]}, 967718], [0.20751955964231095, {"__complex__": [-76.89405822753906, -1.0535654990030847e-14]}, 1016568], [0.2125192859071403, {"__complex__": [-1435.4454345703125, -9.614978457243416e-15]}, 1065478], [0.21751870204394746, {"__complex__": [-880.9864501953125, -5.42096978132958e-15]}, 1116700], [0.22251763655620238, {"__complex__": [1969.888916015625, 2.392247200843061e-15]}, 1167926], [0.2275173612096972, {"__complex__": [1379.6268310546875, -9.90741150008528e-15]}, 1222034], [0.23251753944930767, {"__complex__": [-247.46026611328125, -9.354667444860278e-15]}, 1275574], [0.237518608068736, {"__complex__": [144.86605834960938, -1.4855268064110656e-15]}, 1332228], [0.24251933382685822, {"__complex__": [-789.288818359375, 1.3423753795888918e-15]}, 1387574], [0.2475188275283454, {"__complex__": [-654.2523193359375, -7.084730107534843e-15]}, 1446004], [0.2525176353551358, {"__complex__": [-79.14494323730469, -1.8576887312373716e-15]}, 1504002], [0.25751592740199597, {"__complex__": [525.548095703125, 1.1903498003365716e-15]}, 1564788], [0.2625152321376914, {"__complex__": [-490.2385559082031, 2.8636447529126023e-15]}, 1626114], [0.2675142035428968, {"__complex__": [902.0543212890625, -7.17045238289582e-15]}, 1688484], [0.27251407722071946, {"__complex__": [-235.31170654296875, -3.1877868976514043e-15]}, 1752920], [0.277514999580621, {"__complex__": [322.1762390136719, -6.6600180469026434e-15]}, 1817892], [0.28251513318998955, {"__complex__": [142.0555419921875, -9.890084805874483e-16]}, 1883346], [0.2875150555774266, {"__complex__": [519.2188110351562, 3.1026583923864526e-15]}, 1951100], [0.2925143032383768, {"__complex__": [572.4259643554688, 1.384176032019418e-15]}, 2018506], [0.2975129983065177, {"__complex__": [-473.7662658691406, -1.7835979123080907e-15]}, 2088638], [0.30251265006104155, {"__complex__": [154.2349395751953, 2.156086791852037e-15]}, 2159752], [0.3075131135075962, {"__complex__": [692.9207153320312, -7.301872932794114e-16]}, 2232050], [0.31251255553945134, {"__complex__": [572.8007202148438, -3.2336916364696143e-15]}, 2304048], [0.3175120364779517, {"__complex__": [507.7567443847656, 1.3698498461451507e-15]}, 2379552], [0.3225126598898453, {"__complex__": [1109.8470458984375, 7.587223509647511e-16]}, 2454976], [0.3275133985704822, {"__complex__": [65.35501098632812, -4.413875559131477e-15]}, 2531986], 