{"edges": {"__dtype__": "<f8", "__shape__": [116], "__data__": [0.0, 0.005, 0.01, 0.015, 0.02, 0.025, 0.03, 0.035, 0.04, 0.045, 0.05, 0.055, 0.06, 0.065, 0.07, 0.075, 0.08, 0.085, 0.09, 0.095, 0.1, 0.105, 0.11, 0.115, 0.12, 0.125, 0.13, 0.135, 0.14, 0.145, 0.15, 0.155, 0.16, 0.165, 0.17, 0.17500000000000002, 0.18, 0.185, 0.19, 0.195, 0.2, 0.20500000000000002, 0.21, 0.215, 0.22, 0.225, 0.23, 0.23500000000000001, 0.24, 0.245, 0.25, 0.255, 0.26, 0.265, 0.27, 0.275, 0.28, 0.28500000000000003, 0.29, 0.295, 0.3, 0.305, 0.31, 0.315, 0.32, 0.325, 0.33, 0.335, 0.34, 0.34500000000000003, 0.35000000000000003, 0.355, 0.36, 0.365, 0.37, 0.375, 0.38, 0.385, 0.39, 0.395, 0.4, 0.405, 0.41000000000000003, 0.41500000000000004, 0.42, 0.425, 0.43, 0.435, 0.44, 0.445, 0.45, 0.455, 0.46, 0.465, 0.47000000000000003, 0.47500000000000003, 0.48, 0.485, 0.49, 0.495, 0.5, 0.505, 0.51, 0.515, 0.52, 0.525, 0.53, 0.535, 0.54, 0.545, 0.55, 0.555, 0.56, 0.5650000000000001, 0.5700000000000001, 0.5750000000000001]}, "poles": {"__dtype__": [["k", "<f8"], ["power_0", "<c8"], ["modes", "<i8"]], "__shape__": [115], "__data__": [[0.0037054420134658554, {"__complex__": [191525.015625, 0.0]}, 83], [0.008002706039259398, {"__complex__": [136616.28125, 0.0]}, 596], [0.012849701484846114, {"__complex__": [118531.890625, -7.064036584413652e-14]}, 1648], [0.0177641384261076, {"__complex__": [111414.296875, -5.0719604433252866e-14]}, 3156], [0.022684229681789413, {"__complex__": [117530.1875, 1.1245684423824912e-13]}, 5176], [0.027646384376179004, {"__complex__": [109460.25, -5.966956800624451e-14]}, 7804], [0.032636129245414154, {"__complex__": [102357.6796875, 0.0]}, 10874], [0.037622935176432226, {"__complex__": [98204.71875, 1.6121772902668967e-14]}, 14442], [0.0426065943302704, {"__complex__": [92731.1953125, 2.1972261656606415e-14]}, 18544], [0.047584168879418735, {"__complex__": [93594.3046875, 0.0]}, 23040], [0.052572163944886785, {"__complex__": [92521.5859375, 1.0260110937124287e-14]}, 28366], [0.05756591012932392, {"__complex__": [88873.9765625, 6.88481423835683e-15]}, 33818], [0.06255885577973451, {"__complex__": [87803.0703125, -1.9581445094411266e-14]}, 40130], [0.06756290621144688, {"__complex__": [87323.8359375, 4.9709775988701025e-15]}, 46838], [0.07256050504780319, {"__complex__": [84901.8046875, 4.325616843609947e-15]}, 53826], [0.0775516441986681, {"__complex__": [83843.4453125, -1.1342100659551563e-14]}, 61584], [0.08254999402587553, {"__complex__": [83345.6015625, 7.498410834578476e-15]}, 69864], [0.08754547074829418, {"__complex__": [80526.90625, 1.0393694809169868e-14]}, 78404], [0.09254370656486871, {"__complex__": [79871.453125, 1.3243762470970932e-15]}, 87902], [0.09754153604884025, {"__complex__": [81114.6796875, 3.589003958392664e-15]}, 97310], [0.10253422913940137, {"__complex__": [80993.4453125, -1.3509520752237863e-14]}, 107716], [0.1075359850070505, {"__complex__": [79967.40625, -5.88679639770503e-15]}, 118654], [0.11253957840084304, {"__complex__": [79208.5546875, 0.0]}, 129910], [0.11753653834673844, {"__complex__": [78482.296875, 0.0]}, 141376], [0.12253336603812491, {"__complex__": [78214.421875, -2.0794120989171567e-15]}, 153958], [0.12753369323485178, {"__complex__": [78095.890625, 5.58621489791058e-15]}, 166718], [0.1325298054599073, {"__complex__": [76436.375, 1.0035468482150027e-14]}, 179806], [0.13753126919241337, {"__complex__": [75832.640625, -1.0186535114226937e-14]}, 194282], [0.14252978867508304, {"__complex__": [76331.8125, -2.2411913684362286e-15]}, 207774], [0.14752584639061916, {"__complex__": [75803.6953125, -3.128350807500807e-15]}, 223278], [0.1525273402624495, {"__complex__": [75595.8359375, -1.952490988034678e-15]}, 238496], [0.15752777994300757, {"__complex__": [74677.609375, -3.660226300246068e-15]}, 254444], [0.16252677921627748, {"__complex__": [74907.28125, -5.80610041585306e-15]}, 270682], [0.16752582095517576, {"__complex__": [75082.0078125, -5.6647822859661e-15]}, 287710], [0.1725259295419247, {"__complex__": [74222.21875, 7.628739241370404e-16]}, 305202], [0.17752572093623975, {"__complex__": [74272.0546875, -1.5317426180791547e-15]}, 323008], [0.18252702152554795, {"__complex__": [74629.4921875, 1.7029145300712111e-15]}, 341812], [0.18752508561671835, {"__complex__": [74709.859375, 1.9401476004108145e-15]}, 360020], [0.19252006361125312, {"__complex__": [73866.9765625, -1.5328777481075939e-15]}, 379728], [0.19751626124600596, {"__complex__": [74055.65625, -2.3302871642678826e-15]}, 399660], [0.20251335405021748, {"__complex__": [74279.328125, 1.1078732493503547e-15]}, 420320], [0.20751594275294782, {"__complex__": [74051.0078125, 3.686779089076596e-15]}, 442070], [0.21251689533718626, {"__complex__": [73994.8203125, 0.0]}, 462644], [0.21751895130525958, {"__complex__": [74092.7890625, 4.073649529273736e-15]}, 485820], [0.22252064263763735, {"__complex__": [73306.359375, 3.2126979248719165e-15]}, 507304], [0.22751949683857262, {"__complex__": [73104.0546875, 6.579912341135791e-16]}, 530776], [0.23252062744923513, {"__complex__": [72995.203125, 0.0]}, 554524], [0.23751988845699762, {"__complex__": [72871.7734375, -8.056311944023718e-16]}, 578008], [0.24251952417933192, {"__complex__": [72584.4609375, 2.7016247142782734e-15]}, 603272], [0.24751886354741093, {"__complex__": [72863.078125, 1.112694772644363e-15]}, 627748], [0.2525158523431189, {"__complex__": [72819.4765625, -7.127788603892042e-16]}, 653304], [0.2575140585584922, {"__complex__": [72604.296875, 2.0547022420216174e-15]}, 679896], [0.2625126084722789, {"__complex__": [72887.2421875, 1.1541091780509411e-15]}, 706092], [0.26751303339828036, {"__complex__": [72873.703125, 0.0]}, 734258], [0.2725141980302592, {"__complex__": [72843.65625, 1.223508705001854e-15]}, 761190], [0.27751499291909654, {"__complex__": [72261.2265625, 4.126290085846749e-15]}, 789966], [0.2825156597003922, {"__complex__": [72557.4375, 1.778423599791551e-15]}, 818248], [0.2875141801620819, {"__complex__": [72793.875, -1.4259441795605931e-15]}, 847024], [0.29251195304227423, {"__complex__": [72375.7265625, 1.957945456698522e-15]}, 877004], [0.2975142527009851, {"__complex__": [72216.5390625, 3.843772834201918e-15]}, 908602], [0.30251615798691667, {"__complex__": [71948.078125, -7.448181463168941e-16]}, 937802], [0.30751506635382575, {"__complex__": [72049.6796875, 1.1404957704017884e-15]}, 969706], [0.31251223811931306, {"__complex__": [72025.484375, -1.1642044343536731e-15]}, 999956], [0.3175098816792195, {"__complex__": [71799.484375, 4.503232664627359e-16]}, 1034060], [0.3225110492752749, {"__complex__": [72327.1796875, 2.838370348557718e-15]}, 1066386], [0.3275123331358606, {"__complex__": [72265.5, 2.1161074720163443e-15]}, 1100278], [0.3325123291547583, {"__complex__": [72111.8046875, 2.671325075205566e-15]}, 1133070], [0.3375117534479973, {"__complex__": [72312.6796875, -3.9865462725713796e-16]}, 1168082], [0.3425129583700723, {"__complex__": [72038.546875, 5.805005308131379e-16]}, 1203258], [0.3475132726509487, {"__complex__": [71962.1171875, -3.761721758453019e-16]}, 1237894], [0.35251300538197095, {"__complex__": [72037.421875, -7.309512640582755e-16]}, 1274124], [0.3575125695577228, {"__complex__": [71992.8203125, 1.7770048196049e-15]}, 1310242], [0.36251151779301266, {"__complex__": [71823.578125, -1.4693295247563136e-15]}, 1346914], [0.3675115630015573, {"__complex__": [71899.2890625, 6.722836445490746e-16]}, 1385312], [0.3725118957087531, {"__complex__": [72327.9921875, 6.547957493805031e-16]}, 1422310], [0.37751124096797295, {"__complex__": [71822.2578125, -9.560538167415725e-16]}, 1461198], [0.3825103314725004, {"__complex__": [71738.1953125, -6.210804499479929e-16]}, 1499520], [0.38750966779422413, {"__complex__": [72271.1171875, 7.560948547623682e-16]}, 1539692], [0.3925103292814964, {"__complex__": [72170.8359375, -2.94737263625971e-16]}, 1579920], [0.3975099588994165, {"__complex__": [71945.3359375, -1.1501800039668652e-15]}, 1619438], [0.4025095615803663, {"__complex__": [72018.125, 