{"edges": {"__dtype__": "<f8", "__shape__": [128], "__data__": [0.0, 0.005, 0.01, 0.015, 0.02, 0.025, 0.03, 0.035, 0.04, 0.045, 0.05, 0.055, 0.06, 0.065, 0.07, 0.075, 0.08, 0.085, 0.09, 0.095, 0.1, 0.105, 0.11, 0.115, 0.12, 0.125, 0.13, 0.135, 0.14, 0.145, 0.15, 0.155, 0.16, 0.165, 0.17, 0.17500000000000002, 0.18, 0.185, 0.19, 0.195, 0.2, 0.20500000000000002, 0.21, 0.215, 0.22, 0.225, 0.23, 0.23500000000000001, 0.24, 0.245, 0.25, 0.255, 0.26, 0.265, 0.27, 0.275, 0.28, 0.28500000000000003, 0.29, 0.295, 0.3, 0.305, 0.31, 0.315, 0.32, 0.325, 0.33, 0.335, 0.34, 0.34500000000000003, 0.35000000000000003, 0.355, 0.36, 0.365, 0.37, 0.375, 0.38, 0.385, 0.39, 0.395, 0.4, 0.405, 0.41000000000000003, 0.41500000000000004, 0.42, 0.425, 0.43, 0.435, 0.44, 0.445, 0.45, 0.455, 0.46, 0.465, 0.47000000000000003, 0.47500000000000003, 0.48, 0.485, 0.49, 0.495, 0.5, 0.505, 0.51, 0.515, 0.52, 0.525, 0.53, 0.535, 0.54, 0.545, 0.55, 0.555, 0.56, 0.5650000000000001, 0.5700000000000001, 0.5750000000000001, 0.58, 0.585, 0.59, 0.595, 0.6, 0.605, 0.61, 0.615, 0.62, 0.625, 0.63, 0.635]}, "poles": {"__dtype__": [["k", "<f8"], ["power_0", "<c8"], ["modes", "<i8"]], "__shape__": [127], "__data__": [[0.0037537781648676505, {"__complex__": [105181.34375, -1.7717428815299668e-13]}, 77], [0.008050398333474014, {"__complex__": [102695.890625, 8.090851935909499e-15]}, 548], [0.012848609532355457, {"__complex__": [115914.71875, -3.1043035844799047e-14]}, 1480], [0.017751579213119567, {"__complex__": [112989.828125, 1.0905544113701433e-14]}, 2872], [0.022691827324042853, {"__complex__": [105347.625, -2.564915205954029e-14]}, 4736], [0.027648005536595924, {"__complex__": [100069.8046875, -8.826241705550946e-15]}, 7036], [0.032612636555868525, {"__complex__": [98074.90625, -3.489878445432572e-15]}, 9838], [0.03761114292794433, {"__complex__": [100443.9921875, 6.643854461277324e-17]}, 13208], [0.04261303922036164, {"__complex__": [95746.0625, -4.015928045566618e-15]}, 16858], [0.04760505554480107, {"__complex__": [94668.703125, -3.4354133798911732e-15]}, 21080], [0.05259133615803475, {"__complex__": [90353.453125, -7.982790860630584e-15]}, 25624], [0.05756841184374016, {"__complex__": [89276.640625, -6.6101193359798926e-15]}, 30728], [0.06256248327880025, {"__complex__": [89052.046875, 3.1693585312135846e-16]}, 36498], [0.06756661487904435, {"__complex__": [86299.609375, -1.722474638405681e-15]}, 42528], [0.07257304507008182, {"__complex__": [86345.5703125, -5.874929995509589e-16]}, 49152], [0.07756473030387098, {"__complex__": [84310.9765625, -2.3535197957034104e-15]}, 55744], [0.08254764044823601, {"__complex__": [82296.2578125, 2.2613175065377012e-15]}, 63346], [0.08754405971893497, {"__complex__": [81786.7734375, 4.513084187199518e-16]}, 71388], [0.09254365223263855, {"__complex__": [81454.109375, 1.526657561659432e-15]}, 79762], [0.09754150838846357, {"__complex__": [81624.8203125, 2.1629818782707033e-16]}, 88564], [0.10254123052801507, {"__complex__": [80987.78125, 2.0449459047769056e-15]}, 97988], [0.10754181638082774, {"__complex__": [80431.6171875, -4.778325143093914e-16]}, 107708], [0.11254085353408888, {"__complex__": [78859.6953125, -1.1650414087846788e-15]}, 117952], [0.11753281793039293, {"__complex__": [80755.2265625, 2.1629825400151933e-16]}, 128288], [0.12252442444514552, {"__complex__": [79472.78125, -1.4855812282779267e-15]}, 139770], [0.12753052839909865, {"__complex__": [79531.8984375, -9.17539652146393e-16]}, 151946], [0.13253665927256145, {"__complex__": [78871.1953125, -1.0416069369760048e-16]}, 163582], [0.13753197887556465, {"__complex__": [77773.03125, 1.1227375129043652e-15]}, 175940], [0.1425260716253757, {"__complex__": [77160.8984375, -1.019805116241957e-15]}, 189064], [0.14752506711896965, {"__complex__": [77004.046875, 1.3383282032273516e-16]}, 202824], [0.1525272624752809, {"__complex__": [76777.6875, -4.518728603001784e-16]}, 216806], [0.15752484634575162, {"__complex__": [77049.7890625, 6.596977937440597e-16]}, 230876], [0.16252366735405163, {"__complex__": [76926.9375, -2.6478848148188427e-16]}, 246232], [0.1675242007800524, {"__complex__": [75622.2734375, 3.669220731354725e-16]}, 261330], [0.17252326579974073, {"__complex__": [75840.109375, -1.3894764200962005e-16]}, 277280], [0.17752110470595878, {"__complex__": [75869.7734375, -1.1212419703568693e-15]}, 293320], [0.1825207522633753, {"__complex__": [75257.75, -1.087912388552715e-15]}, 310574], [0.18752231962759572, {"__complex__": [75125.2109375, -4.627985529983544e-17]}, 327560], [0.19252167162300435, {"__complex__": [75195.78125, 1.6243364217549526e-16]}, 345268], [0.19752225984779248, {"__complex__": [74358.546875, -6.866901397346533e-16]}, 363544], [0.20251992290984697, {"__complex__": [75273.3515625, -3.662310530691906e-16]}, 381660], [0.20751551078768798, {"__complex__": [75489.1640625, -4.695300561790823e-16]}, 400854], [0.21251512379553542, {"__complex__": [75516.1171875, -3.3243664208289586e-17]}, 421010], [0.21751870975885984, {"__complex__": [75045.5859375, -3.129459308930967e-16]}, 441160], [0.2225209082741387, {"__complex__": [75044.0078125, -1.7601230823892074e-16]}, 461296], [0.22752039891934017, {"__complex__": [74763.9453125, -4.4461232548688605e-17]}, 482192], [0.23252118259031918, {"__complex__": [74969.8671875, -3.257559013219991e-16]}, 503860], [0.23751936566507853, {"__complex__": [74579.828125, -1.507225381769777e-16]}, 525024], [0.24251707186595864, {"__complex__": [74878.265625, 2.4052710206213656e-16]}, 547954], [0.24751627666670906, {"__complex__": [74213.0390625, -1.1897637858859696e-16]}, 570544], [0.2525167544702008, {"__complex__": [74372.015625, 2.578848717941861e-16]}, 594374], [0.25751857595461863, {"__complex__": [74457.2421875, -2.583602160962734e-16]}, 617900], [0.2625190906945416, {"__complex__": [74384.296875, 2.5218857522390093e-16]}, 642106], [0.2675172479110602, {"__complex__": [74381.859375, -2.0700144536558274e-16]}, 666112], [0.272514629608296, {"__complex__": [74016.84375, 1.7486607413793866e-16]}, 691786], [0.27751615229387816, {"__complex__": [73956.65625, -2.398212589192777e-16]}, 717996], [0.28251644607381426, {"__complex__": [74089.390625, -2.7713147205905354e-16]}, 743152], [0.2875152531419474, {"__complex__": [74159.6328125, 2.800039725414297e-16]}, 770192], [0.2925134012698469, {"__complex__": [73898.3359375, 9.75626776154039e-17]}, 796430], [0.2975118362281548, {"__complex__": [73984.625, 1.459054485710527e-16]}, 824820], [0.3025125080826814, {"__complex__": [73567.1171875, 2.234422886973397e-16]}, 852562], [0.30751063191170563, {"__complex__": [73808.109375, 7.494470754945204e-17]}, 880372], [0.3125111278203564, {"__complex__": [74420.6484375, -5.459069111538842e-17]}, 910652], [0.31751269361539736, {"__complex__": [74035.109375, -1.840110918227493e-16]}, 938996], [0.3225130904459611, {"__complex__": [73994.1328125, 1.4498897877445824e-17]}, 969352], [0.32751158760760724, {"__complex__": [73522.0625, 5.3591506566261115e-17]}, 998344], [0.3325089848249692, {"__complex__": [74006.546875, 2.4270667003665458e-17]}, 1029922], [0.33751027924368393, {"__complex__": [73802.859375, -1.9551471245385897e-16]}, 1061918], [0.34251253316973607, {"__complex__": [73795.7265625, -2.1593694647303984e-18]}, 1093272], [0.34751415893089227, {"__complex__": [73518.5859375, 5.819789341783416e-17]}, 1125464], [0.352514235068077, {"__complex__": [73298.2734375, 8.575280825174751e-17]}, 1157380], [0.357512374484406, {"__complex__": [73455.6640625, 3.7256499339519085e-17]}, 1190172], [0.3625118834929162, {"__complex__": [73906.5234375, 5.0216368130305897e-17]}, 1224650], [0.3675116774700016, {"__complex__": [73889.59375, -1.3289164429560497e-17]}, 1257864], [0.3725098709245497, {"__complex__": [74022.203125, 1.0377958842834015e-16]}, 1292312], [0.37751067052804127, {"__complex__": [73826.4453125, 3.5229397295506834e-17]}, 1328534], [0.3825116981355865, {"__complex__": [73911.2265625, 5.225978217599769e-17]}, 1362848], [0.3875116125361288, {"__complex__": [73741.9375, 