{"poles": {"dims": ["k"], "edges": [{"__dtype__": "<f8", "__shape__": [86], "__data__": [0.0, 0.005, 0.01, 0.015, 0.02, 0.025, 0.03, 0.035, 0.04, 0.045, 0.05, 0.055, 0.06, 0.065, 0.07, 0.075, 0.08, 0.085, 0.09, 0.095, 0.1, 0.105, 0.11, 0.115, 0.12, 0.125, 0.13, 0.135, 0.14, 0.145, 0.15, 0.155, 0.16, 0.165, 0.17, 0.17500000000000002, 0.18, 0.185, 0.19, 0.195, 0.2, 0.20500000000000002, 0.21, 0.215, 0.22, 0.225, 0.23, 0.23500000000000001, 0.24, 0.245, 0.25, 0.255, 0.26, 0.265, 0.27, 0.275, 0.28, 0.28500000000000003, 0.29, 0.295, 0.3, 0.305, 0.31, 0.315, 0.32, 0.325, 0.33, 0.335, 0.34, 0.34500000000000003, 0.35000000000000003, 0.355, 0.36, 0.365, 0.37, 0.375, 0.38, 0.385, 0.39, 0.395, 0.4, 0.405, 0.41000000000000003, 0.41500000000000004, 0.42, 0.425]}], "coords": [{"__dtype__": "<f8", "__shape__": [85], "__data__": [0.0025, 0.0075, 0.0125, 0.0175, 0.0225, 0.0275, 0.0325, 0.037500000000000006, 0.042499999999999996, 0.0475, 0.052500000000000005, 0.057499999999999996, 0.0625, 0.0675, 0.07250000000000001, 0.0775, 0.0825, 0.0875, 0.0925, 0.0975, 0.10250000000000001, 0.1075, 0.1125, 0.1175, 0.1225, 0.1275, 0.1325, 0.1375, 0.14250000000000002, 0.1475, 0.1525, 0.1575, 0.1625, 0.1675, 0.17250000000000001, 0.1775, 0.1825, 0.1875, 0.1925, 0.1975, 0.2025, 0.20750000000000002, 0.2125, 0.2175, 0.2225, 0.2275, 0.2325, 0.2375, 0.2425, 0.2475, 0.2525, 0.2575, 0.2625, 0.2675, 0.2725, 0.2775, 0.28250000000000003, 0.2875, 0.2925, 0.2975, 0.3025, 0.3075, 0.3125, 0.3175, 0.3225, 0.3275, 0.3325, 0.3375, 0.3425, 0.34750000000000003, 0.35250000000000004, 0.3575, 0.3625, 0.3675, 0.3725, 0.3775, 0.3825, 0.3875, 0.3925, 0.3975, 0.4025, 0.40750000000000003, 0.41250000000000003, 0.4175, 0.4225]}], "data": {"__dtype__": [["k", "<f8"], ["power_2", "<c8"], ["modes", "<i8"]], "__shape__": [85], "__data__": [[0.003785962175218714, {"__complex__": [52157.66015625, -1.0440836563374578e-12]}, 223], [0.008055650047333739, {"__complex__": [15885.8330078125, -2.303733375938477e-13]}, 1516], [0.012838659412058445, {"__complex__": [47902.296875, -5.637545687437254e-14]}, 4130], [0.017758445021159877, {"__complex__": [14060.09765625, -4.3341520558062493e-14]}, 8058], [0.022686221993372543, {"__complex__": [3410.731689453125, 8.874471930974195e-14]}, 13118], [0.02764503576190599, {"__complex__": [6940.11572265625, 3.530590194657755e-14]}, 19784], [0.032626124011193657, {"__complex__": [13437.4755859375, -3.388845668385147e-14]}, 27482], [0.03761517664423396, {"__complex__": [13007.6328125, -3.796770975958777e-14]}, 36794], [0.042612076216348424, {"__complex__": [18893.537109375, 2.4737637458626836e-15]}, 47060], [0.04758810749327745, {"__complex__": [10524.064453125, 2.787627781061265e-14]}, 58466], [0.05257639262811682, {"__complex__": [13043.24609375, -3.236725920244916e-15]}, 71934], [0.057576644294676294, {"__complex__": [6825.52734375, -4.0564712775869455e-15]}, 86096], [0.06257060468948772, {"__complex__": [3962.765625, 2.2901524562380163e-14]}, 101666], [0.06756431050677218, {"__complex__": [4608.8203125, 0.0]}, 118494], [0.07255460479533274, {"__complex__": [1831.4173583984375, -1.5980579286625253e-14]}, 136590], [0.07755203808236072, {"__complex__": [6943.6015625, 1.0411755245671225e-14]}, 156536], [0.08254994891496988, {"__complex__": [4481.640625, -1.1845806589328225e-14]}, 176896], [0.0875465852208996, {"__complex__": [187.69680786132812, -4.378710562809741e-15]}, 199400], [0.09254606261661012, {"__complex__": [3617.12939453125, -1.2552758074798557e-14]}, 222578], [0.09754095165434574, {"__complex__": [1504.172607421875, 3.7688582757314324e-15]}, 247110], [0.10253878096196406, {"__complex__": [2912.13232421875, -4.256159294902147e-15]}, 273522], [0.1075376536617221, {"__complex__": [2257.183349609375, -1.5494771586540548e-15]}, 300528], [0.11253874421958751, {"__complex__": [1170.14111328125, 9.882874649669218e-15]}, 329826], [0.11753930483919833, {"__complex__": [2223.2314453125, 7.78515520414658e-15]}, 358884], [0.12253435939470513, {"__complex__": [4289.83837890625, 1.1933546497169562e-15]}, 390212], [0.1275324928771181, {"__complex__": [2033.63232421875, -1.6512499672116719e-15]}, 423008], [0.13253098558293935, {"__complex__": [-244.04647827148438, 6.119767727649642e-15]}, 456548], [0.1375294182229233, {"__complex__": [527.7025756835938, 1.893008946346692e-15]}, 491980], [0.14252928720123362, {"__complex__": [429.4420166015625, -5.289001201114413e-15]}, 528260], [0.14752710781464048, {"__complex__": [1247.11962890625, -4.938520143364265e-15]}, 565750], [0.15252590457329984, {"__complex__": [1422.5245361328125, -1.5390810997759291e-15]}, 605116], [0.15752627544450365, {"__complex__": [1848.7462158203125, -7.936170167213707e-15]}, 645434], [0.1625268432433497, {"__complex__": [618.9596557617188, 6.097969758268526e-15]}, 687270], [0.16752762298865234, {"__complex__": [1078.76806640625, -1.1483129104170563e-14]}, 729932], [0.17252411279445126, {"__complex__": [-1530.1202392578125, 9.033920843448781e-16]}, 773188], [0.17752203527930777, {"__complex__": [-251.06939697265625, 2.271452043993362e-15]}, 820024], [0.18252363779831107, {"__complex__": [-53.98883819580078, 2.1491182517949757e-15]}, 866702], [0.18752234050808908, {"__complex__": [517.8726196289062, -2.5471638094234786e-15]}, 914078], [0.19252201016210274, {"__complex__": [-1084.2821044921875, -1.0260387493381566e-15]}, 964418], [0.19752271477956754, {"__complex__": [-1263.95166015625, -1.8354619514267083e-15]}, 1014810], [0.20252178570627094, {"__complex__": [681.88818359375, 5.239842373471089e-15]}, 1066432], [0.20751974798690762, {"__complex__": [-113.06353759765625, 3.327524675817025e-15]}, 1119538], [0.2125197454352182, {"__complex__": [-945.1617431640625, 1.5845744982191288e-15]}, 1175486], [0.2175192296548309, {"__complex__": [-1069.322265625, 6.816461644128724e-15]}, 1229656], [0.22251681667262319, {"__complex__": [-1273.89111328125, -5.785771201602483e-15]}, 1287742], [0.22751746426403283, {"__complex__": [546.4443359375, 1.2100396105910898e-15]}, 1346910], [0.23251730364615478, {"__complex__": [-106.3983154296875, 3.9753788843156605e-15]}, 1405636], [0.23751678657474465, {"__complex__": [-827.9608764648438, 1.7448553664545078e-15]}, 1467822], [0.2425174971485461, {"__complex__": [-183.1722412109375, 1.217629978710554e-15]}, 1529730], [0.24751707342858845, {"__complex__": [-335.8484802246094, 1.4611805384081352e-16]}, 1593442], [0.2525171832510974, {"__complex__": [15.619851112365723, 2.8071906422528136e-15]}, 1658816], [0.2575157181508458, {"__complex__": [-580.453125, -5.403394165311409e-16]}, 1723588], [0.2625146768272274, {"__complex__": [730.6422119140625, 0.0]}, 1793172], [0.2675153728644548, {"__complex__": [386.04248046875, 1.2508844922197579e-16]}, 1861328], [0.2725140790996068, {"__complex__": [477.0453796386719, -1.446976960552983e-15]}, 1930900], [0.2775148647609448, {"__complex__": [181.9880828857422, 4.645857660472814e-16]}, 2004630], [0.28251520974118804, {"__complex__": [718.9237060546875, 6.732763671632566e-16]}, 2074904], [0.28751406015515885, {"__complex__": [1065.636962890625, -1.7322629511441518e-15]}, 2150534], [0.29251361364437867, {"__complex__": [-400.4967956542969, 8.37231187867792e-16]}, 2224768], [0.2975131524186939, {"__complex__": [-645.6395263671875, 1.2132367364505012e-15]}, 2302904], [0.3025147259314174, {"__complex__": [-485.3534240722656, -2.9331294066747143e-15]}, 2381388], [0.3075149652713783, {"__complex__": [657.6078491210938, 2.840599104000181e-16]}, 2458960], [0.31251335064096714, {"__complex__": [-612.7633666992188, -3.300388069527602e-15]}, 2539672], [0.31751349612987984, {"__complex__": [-467.4366149902344, 3.5504545360510553e-16]}, 2623108], [0.32251268944270295, {"__complex__": [-298.4607849121094, 1.033259069938789e-15]}, 2704034], [0.32751171630842707, {"__complex__": [-110.02728271484375, 6.67492243864253e-16]}, 2790512], [0.33251237563902225, {"__complex__": [287.81134033203125, -1.4571394500959033e-15]}, 2876150], [0.3375123279265873, {"__complex__": 