{"edges": {"__dtype__": "<f8", "__shape__": [128], "__data__": [0.0, 0.005, 0.01, 0.015, 0.02, 0.025, 0.03, 0.035, 0.04, 0.045, 0.05, 0.055, 0.06, 0.065, 0.07, 0.075, 0.08, 0.085, 0.09, 0.095, 0.1, 0.105, 0.11, 0.115, 0.12, 0.125, 0.13, 0.135, 0.14, 0.145, 0.15, 0.155, 0.16, 0.165, 0.17, 0.17500000000000002, 0.18, 0.185, 0.19, 0.195, 0.2, 0.20500000000000002, 0.21, 0.215, 0.22, 0.225, 0.23, 0.23500000000000001, 0.24, 0.245, 0.25, 0.255, 0.26, 0.265, 0.27, 0.275, 0.28, 0.28500000000000003, 0.29, 0.295, 0.3, 0.305, 0.31, 0.315, 0.32, 0.325, 0.33, 0.335, 0.34, 0.34500000000000003, 0.35000000000000003, 0.355, 0.36, 0.365, 0.37, 0.375, 0.38, 0.385, 0.39, 0.395, 0.4, 0.405, 0.41000000000000003, 0.41500000000000004, 0.42, 0.425, 0.43, 0.435, 0.44, 0.445, 0.45, 0.455, 0.46, 0.465, 0.47000000000000003, 0.47500000000000003, 0.48, 0.485, 0.49, 0.495, 0.5, 0.505, 0.51, 0.515, 0.52, 0.525, 0.53, 0.535, 0.54, 0.545, 0.55, 0.555, 0.56, 0.5650000000000001, 0.5700000000000001, 0.5750000000000001, 0.58, 0.585, 0.59, 0.595, 0.6, 0.605, 0.61, 0.615, 0.62, 0.625, 0.63, 0.635]}, "poles": {"__dtype__": [["k", "<f8"], ["power_0", "<c8"], ["modes", "<i8"]], "__shape__": [127], "__data__": [[0.0037537781648676505, {"__complex__": [90846.4921875, 3.5139567037406616e-13]}, 77], [0.008050398333474014, {"__complex__": [96005.65625, 1.0818920764691167e-13]}, 548], [0.012848609532355457, {"__complex__": [99576.6171875, -3.4274083679682044e-14]}, 1480], [0.017751579213119567, {"__complex__": [112664.484375, 5.0247641910207506e-15]}, 2872], [0.022691827324042853, {"__complex__": [115026.0234375, -8.611729764625847e-15]}, 4736], [0.027648005536595924, {"__complex__": [110198.984375, -1.0027983887269851e-15]}, 7036], [0.032612636555868525, {"__complex__": [102132.2265625, 1.0654530134947358e-14]}, 9838], [0.03761114292794433, {"__complex__": [96420.3671875, 3.087912819324176e-15]}, 13208], [0.04261303922036164, {"__complex__": [93503.03125, -9.100430929258373e-16]}, 16858], [0.04760505554480107, {"__complex__": [91567.4453125, 1.003961788480039e-15]}, 21080], [0.05259133615803475, {"__complex__": [88833.484375, 3.3580519549943066e-15]}, 25624], [0.05756841184374016, {"__complex__": [90232.15625, -4.2029499557050525e-15]}, 30728], [0.06256248327880025, {"__complex__": [88911.09375, 9.208359867397516e-16]}, 36498], [0.06756661487904435, {"__complex__": [87598.0234375, 4.433206545053714e-15]}, 42528], [0.07257304507008182, {"__complex__": [86443.625, -1.8483840478420035e-16]}, 49152], [0.07756473030387098, {"__complex__": [85660.0234375, 2.3670312417615373e-15]}, 55744], [0.08254764044823601, {"__complex__": [84714.765625, 1.80962892884311e-15]}, 63346], [0.08754405971893497, {"__complex__": [82828.328125, -2.084708595936338e-15]}, 71388], [0.09254365223263855, {"__complex__": [82832.96875, 1.1310851284786747e-15]}, 79762], [0.09754150838846357, {"__complex__": [80569.953125, 5.351294227516981e-16]}, 88564], [0.10254123052801507, {"__complex__": [80816.859375, -8.056991158568298e-16]}, 97988], [0.10754181638082774, {"__complex__": [80158.65625, 7.887296048519779e-16]}, 107708], [0.11254085353408888, {"__complex__": [79824.6328125, 1.930239856026781e-16]}, 117952], [0.11753281793039293, {"__complex__": [77827.0625, -4.670053686006725e-16]}, 128288], [0.12252442444514552, {"__complex__": [79529.1328125, 7.994177842177879e-16]}, 139770], [0.12753052839909865, {"__complex__": [79447.8359375, 1.2901839622361604e-15]}, 151946], [0.13253665927256145, {"__complex__": [78595.7421875, -2.031415823993939e-16]}, 163582], [0.13753197887556465, {"__complex__": [78967.8828125, -4.592640697979194e-16]}, 175940], [0.1425260716253757, {"__complex__": [77094.4296875, -4.380648997709532e-16]}, 189064], [0.14752506711896965, {"__complex__": [77224.4609375, 1.0371890910558122e-15]}, 202824], [0.1525272624752809, {"__complex__": [77375.203125, 7.562995720378077e-16]}, 216806], [0.15752484634575162, {"__complex__": [76835.40625, -3.052435161965785e-16]}, 230876], [0.16252366735405163, {"__complex__": [76984.5, -1.4717317101947268e-15]}, 246232], [0.1675242007800524, {"__complex__": [76592.8203125, 2.264883779943438e-16]}, 261330], [0.17252326579974073, {"__complex__": [76159.4765625, 1.856004035644842e-16]}, 277280], [0.17752110470595878, {"__complex__": [75474.734375, -1.9341771033936354e-16]}, 293320], [0.1825207522633753, {"__complex__": [75230.2890625, 5.056749108021139e-16]}, 310574], [0.18752231962759572, {"__complex__": [75103.5234375, -5.348159676216548e-16]}, 327560], [0.19252167162300435, {"__complex__": [75270.015625, -4.4264094232893537e-16]}, 345268], [0.19752225984779248, {"__complex__": [75743.5234375, 3.4229331964463284e-16]}, 363544], [0.20251992290984697, {"__complex__": [75578.15625, -1.0328104998187689e-16]}, 381660], [0.20751551078768798, {"__complex__": [75276.2734375, 4.028438139862413e-16]}, 400854], [0.21251512379553542, {"__complex__": [74959.828125, -5.741409545055934e-16]}, 421010], [0.21751870975885984, {"__complex__": [75189.1171875, -2.440457298645901e-16]}, 441160], [0.2225209082741387, {"__complex__": [75187.078125, 8.207808021804886e-16]}, 461296], [0.22752039891934017, {"__complex__": [74873.1015625, 1.5233010083174795e-16]}, 482192], [0.23252118259031918, {"__complex__": [74877.0234375, 5.208586645959168e-16]}, 503860], [0.23751936566507853, {"__complex__": [74803.8828125, -4.739001638517633e-16]}, 525024], [0.24251707186595864, {"__complex__": [74863.8984375, -7.528835808057598e-17]}, 547954], [0.24751627666670906, {"__complex__": [74497.8046875, -1.7918960823341042e-16]}, 570544], [0.2525167544702008, {"__complex__": [74023.03125, 2.0030163974592784e-16]}, 594374], [0.25751857595461863, {"__complex__": [74652.53125, 1.596780587096198e-16]}, 617900], [0.2625190906945416, {"__complex__": [74872.046875, -1.4212244060993738e-16]}, 642106], [0.2675172479110602, {"__complex__": [74749.9609375, 1.6026658778928393e-16]}, 666112], [0.272514629608296, {"__complex__": [74565.8203125, 1.950552682175062e-18]}, 691786], [0.27751615229387816, {"__complex__": [74116.15625, -2.9186038901251566e-17]}, 717996], [0.28251644607381426, {"__complex__": [74418.140625, -5.4886686117061945e-17]}, 743152], [0.2875152531419474, {"__complex__": [74336.109375, 1.6801905683902892e-16]}, 770192], [0.2925134012698469, {"__complex__": [74310.1484375, -2.587723042425575e-17]}, 796430], [0.2975118362281548, {"__complex__": [73992.078125, 1.789364777310794e-16]}, 824820], [0.3025125080826814, {"__complex__": [73818.6328125, 3.835401581114424e-17]}, 852562], [0.30751063191170563, {"__complex__": [74191.0546875, 1.179083229816685e-16]}, 880372], [0.3125111278203564, {"__complex__": [74079.2421875, 9.378690913900965e-17]}, 910652], [0.31751269361539736, {"__complex__": [73656.7109375, -1.0271226735779563e-16]}, 938996], [0.3225130904459611, {"__complex__": [73969.453125, -4.4090934228695157e-16]}, 969352], [0.32751158760760724, {"__complex__": [73880.4453125, 1.5981714416653692e-16]}, 998344], [0.3325089848249692, {"__complex__": [73953.7265625, -4.966748747176266e-17]}, 1029922], [0.33751027924368393, {"__complex__": [73309.8515625, -1.8562020626834872e-17]}, 1061918], [0.34251253316973607, {"__complex__": [73552.890625, 1.718668892903888e-16]}, 1093272], [0.34751415893089227, {"__complex__": [73830.46875, 1.373792810984399e-16]}, 1125464], [0.352514235068077, {"__complex__": [73806.8125, 2.4447294879863906e-17]}, 1157380], [0.357512374484406, {"__complex__": [73463.828125, 5.233973083656217e-17]}, 1190172], [0.3625118834929162, {"__complex__": [73653.109375, 6.76296383727353e-17]}, 1224650], [0.3675116774700016, {"__complex__": [73829.34375, -4.501835589659981e-16]}, 1257864], [0.3725098709245497, {"__complex__": [73944.4453125, 2.040324095969992e-16]}, 1292312], [0.37751067052804127, {"__complex__": [73484.2578125, 8.594084294859307e-17]}, 1328534], [0.3825116981355865, {"__complex__": [73229.8671875, 2.336515238710366e-16]}, 1362848], [0.3875116125361288, {"__complex__": [73413.4921875, 