{"edges": {"__dtype__": "<f8", "__shape__": [128], "__data__": [0.0, 0.005, 0.01, 0.015, 0.02, 0.025, 0.03, 0.035, 0.04, 0.045, 0.05, 0.055, 0.06, 0.065, 0.07, 0.075, 0.08, 0.085, 0.09, 0.095, 0.1, 0.105, 0.11, 0.115, 0.12, 0.125, 0.13, 0.135, 0.14, 0.145, 0.15, 0.155, 0.16, 0.165, 0.17, 0.17500000000000002, 0.18, 0.185, 0.19, 0.195, 0.2, 0.20500000000000002, 0.21, 0.215, 0.22, 0.225, 0.23, 0.23500000000000001, 0.24, 0.245, 0.25, 0.255, 0.26, 0.265, 0.27, 0.275, 0.28, 0.28500000000000003, 0.29, 0.295, 0.3, 0.305, 0.31, 0.315, 0.32, 0.325, 0.33, 0.335, 0.34, 0.34500000000000003, 0.35000000000000003, 0.355, 0.36, 0.365, 0.37, 0.375, 0.38, 0.385, 0.39, 0.395, 0.4, 0.405, 0.41000000000000003, 0.41500000000000004, 0.42, 0.425, 0.43, 0.435, 0.44, 0.445, 0.45, 0.455, 0.46, 0.465, 0.47000000000000003, 0.47500000000000003, 0.48, 0.485, 0.49, 0.495, 0.5, 0.505, 0.51, 0.515, 0.52, 0.525, 0.53, 0.535, 0.54, 0.545, 0.55, 0.555, 0.56, 0.5650000000000001, 0.5700000000000001, 0.5750000000000001, 0.58, 0.585, 0.59, 0.595, 0.6, 0.605, 0.61, 0.615, 0.62, 0.625, 0.63, 0.635]}, "poles": {"__dtype__": [["k", "<f8"], ["power_0", "<c8"], ["modes", "<i8"]], "__shape__": [127], "__data__": [[0.0037537781648676505, {"__complex__": [120380.5546875, 2.583791741759406e-13]}, 77], [0.008050398333474014, {"__complex__": [99524.2734375, -1.0580344448327984e-14]}, 548], [0.012848609532355457, {"__complex__": [108972.546875, -3.443251611026828e-14]}, 1480], [0.017751579213119567, {"__complex__": [117009.1328125, -3.656623276198333e-14]}, 2872], [0.022691827324042853, {"__complex__": [115894.328125, -1.2266464326758392e-14]}, 4736], [0.027648005536595924, {"__complex__": [101825.84375, -5.180620265018792e-16]}, 7036], [0.032612636555868525, {"__complex__": [96792.625, -1.3462610373553025e-15]}, 9838], [0.03761114292794433, {"__complex__": [93406.4140625, 5.3327017484456306e-15]}, 13208], [0.04261303922036164, {"__complex__": [94392.8515625, 2.6149052693801413e-15]}, 16858], [0.04760505554480107, {"__complex__": [93802.0625, 2.0112100647954245e-15]}, 21080], [0.05259133615803475, {"__complex__": [89292.7265625, 1.1812800891747278e-16]}, 25624], [0.05756841184374016, {"__complex__": [89302.2109375, 5.78090616199081e-16]}, 30728], [0.06256248327880025, {"__complex__": [87841.6875, -2.3809352346511575e-16]}, 36498], [0.06756661487904435, {"__complex__": [86489.1640625, 4.556151259765308e-15]}, 42528], [0.07257304507008182, {"__complex__": [86771.5078125, -1.4797191250082165e-15]}, 49152], [0.07756473030387098, {"__complex__": [85139.859375, -3.6506071823388117e-16]}, 55744], [0.08254764044823601, {"__complex__": [84963.5703125, -2.0200429243693923e-15]}, 63346], [0.08754405971893497, {"__complex__": [83195.8125, -1.4956876018880913e-15]}, 71388], [0.09254365223263855, {"__complex__": [81202.078125, -5.911511230919134e-16]}, 79762], [0.09754150838846357, {"__complex__": [81433.7421875, 5.695276954374912e-16]}, 88564], [0.10254123052801507, {"__complex__": [79968.7890625, -4.736020942811135e-17]}, 97988], [0.10754181638082774, {"__complex__": [80583.171875, 9.409869005549314e-16]}, 107708], [0.11254085353408888, {"__complex__": [79151.671875, 1.7506795649998284e-15]}, 117952], [0.11753281793039293, {"__complex__": [79555.1328125, -2.1963043397041446e-15]}, 128288], [0.12252442444514552, {"__complex__": [78148.359375, -2.895746242822356e-16]}, 139770], [0.12753052839909865, {"__complex__": [77916.828125, -9.952068559372185e-16]}, 151946], [0.13253665927256145, {"__complex__": [78080.2421875, 1.941480618511556e-15]}, 163582], [0.13753197887556465, {"__complex__": [77870.9609375, -7.575716567059061e-16]}, 175940], [0.1425260716253757, {"__complex__": [78223.9921875, 2.760078299149615e-16]}, 189064], [0.14752506711896965, {"__complex__": [76757.3671875, -3.038629451367826e-17]}, 202824], [0.1525272624752809, {"__complex__": [76475.6171875, -2.980722838022174e-17]}, 216806], [0.15752484634575162, {"__complex__": [76984.1953125, -2.508431957360855e-16]}, 230876], [0.16252366735405163, {"__complex__": [76481.8046875, -2.164193664780869e-16]}, 246232], [0.1675242007800524, {"__complex__": [75707.4296875, 2.5855116908632e-16]}, 261330], [0.17252326579974073, {"__complex__": [76509.8515625, -9.24259058637843e-16]}, 277280], [0.17752110470595878, {"__complex__": [76226.0703125, 1.374710981464333e-17]}, 293320], [0.1825207522633753, {"__complex__": [75851.765625, -3.4623411396195387e-16]}, 310574], [0.18752231962759572, {"__complex__": [75665.765625, -8.725669539726282e-17]}, 327560], [0.19252167162300435, {"__complex__": [75812.8828125, -1.072217926831277e-15]}, 345268], [0.19752225984779248, {"__complex__": [75213.296875, 7.169456272149849e-16]}, 363544], [0.20251992290984697, {"__complex__": [74964.78125, 4.324162488039511e-16]}, 381660], [0.20751551078768798, {"__complex__": [75040.640625, 3.3988189625313865e-16]}, 400854], [0.21251512379553542, {"__complex__": [75044.671875, -1.6610440503620958e-16]}, 421010], [0.21751870975885984, {"__complex__": [74824.8125, 2.6449673157111437e-16]}, 441160], [0.2225209082741387, {"__complex__": [74689.09375, 3.3035883717605656e-16]}, 461296], [0.22752039891934017, {"__complex__": [74821.421875, -2.234500178729834e-16]}, 482192], [0.23252118259031918, {"__complex__": [74638.6328125, 4.1176391795377635e-16]}, 503860], [0.23751936566507853, {"__complex__": [74244.75, -2.8795245030912523e-16]}, 525024], [0.24251707186595864, {"__complex__": [74295.671875, 4.1721956121409025e-18]}, 547954], [0.24751627666670906, {"__complex__": [74212.6171875, 2.976355324387894e-17]}, 570544], [0.2525167544702008, {"__complex__": [74446.359375, 1.6152882569937045e-16]}, 594374], [0.25751857595461863, {"__complex__": [74445.3984375, -1.9717877485318905e-16]}, 617900], [0.2625190906945416, {"__complex__": [74559.75, 8.359947844625967e-17]}, 642106], [0.2675172479110602, {"__complex__": [73913.7890625, -2.0718878523071375e-16]}, 666112], [0.272514629608296, {"__complex__": [73800.0078125, 1.866393556487406e-16]}, 691786], [0.27751615229387816, {"__complex__": [74216.796875, 2.1094354993699406e-16]}, 717996], [0.28251644607381426, {"__complex__": [74161.34375, 8.149849924737909e-17]}, 743152], [0.2875152531419474, {"__complex__": [74188.6328125, -3.7257781800340787e-16]}, 770192], [0.2925134012698469, {"__complex__": [73856.140625, 1.131258426125727e-16]}, 796430], [0.2975118362281548, {"__complex__": [73602.3125, -2.3279659962073853e-17]}, 824820], [0.3025125080826814, {"__complex__": [74130.96875, -1.8521939755689737e-16]}, 852562], [0.30751063191170563, {"__complex__": [74025.7421875, -5.373226706391865e-18]}, 880372], [0.3125111278203564, {"__complex__": [73824.9296875, 1.3217153725026326e-16]}, 910652], [0.31751269361539736, {"__complex__": [73924.65625, 7.604575111920913e-17]}, 938996], [0.3225130904459611, {"__complex__": [73741.46875, -4.811223902765271e-17]}, 969352], [0.32751158760760724, {"__complex__": [73550.0, 1.7501606514405167e-16]}, 998344], [0.3325089848249692, {"__complex__": [73632.375, -1.038755877015106e-16]}, 1029922], [0.33751027924368393, {"__complex__": [73994.78125, -3.0909407503523735e-16]}, 1061918], [0.34251253316973607, {"__complex__": [74017.875, 2.5128464879411524e-17]}, 1093272], [0.34751415893089227, {"__complex__": [73716.359375, 2.1664670218019607e-16]}, 1125464], [0.352514235068077, {"__complex__": [73562.9453125, -1.8083269333240616e-16]}, 1157380], [0.357512374484406, {"__complex__": [73204.828125, 3.291553886464654e-16]}, 1190172], [0.3625118834929162, {"__complex__": [73930.3984375, -1.2772211288300582e-16]}, 1224650], [0.3675116774700016, {"__complex__": [73719.2734375, -7.23421194096744e-17]}, 1257864], [0.3725098709245497, {"__complex__": [73728.515625, 3.0045072584832785e-17]}, 1292312], [0.37751067052804127, {"__complex__": [73594.0234375, 1.2928457103333478e-16]}, 1328534], [0.3825116981355865, {"__complex__": [73526.8125, -5.634077368097911e-17]}, 1362848], [0.3875116125361288, {"__complex__": [73289.8203125, -1.5039321441406319e-16]}, 