{"poles": {"dims": ["k"], "edges": [{"__dtype__": "<f8", "__shape__": [86], "__data__": [0.0, 0.005, 0.01, 0.015, 0.02, 0.025, 0.03, 0.035, 0.04, 0.045, 0.05, 0.055, 0.06, 0.065, 0.07, 0.075, 0.08, 0.085, 0.09, 0.095, 0.1, 0.105, 0.11, 0.115, 0.12, 0.125, 0.13, 0.135, 0.14, 0.145, 0.15, 0.155, 0.16, 0.165, 0.17, 0.17500000000000002, 0.18, 0.185, 0.19, 0.195, 0.2, 0.20500000000000002, 0.21, 0.215, 0.22, 0.225, 0.23, 0.23500000000000001, 0.24, 0.245, 0.25, 0.255, 0.26, 0.265, 0.27, 0.275, 0.28, 0.28500000000000003, 0.29, 0.295, 0.3, 0.305, 0.31, 0.315, 0.32, 0.325, 0.33, 0.335, 0.34, 0.34500000000000003, 0.35000000000000003, 0.355, 0.36, 0.365, 0.37, 0.375, 0.38, 0.385, 0.39, 0.395, 0.4, 0.405, 0.41000000000000003, 0.41500000000000004, 0.42, 0.425]}], "coords": [{"__dtype__": "<f8", "__shape__": [85], "__data__": [0.0025, 0.0075, 0.0125, 0.0175, 0.0225, 0.0275, 0.0325, 0.037500000000000006, 0.042499999999999996, 0.0475, 0.052500000000000005, 0.057499999999999996, 0.0625, 0.0675, 0.07250000000000001, 0.0775, 0.0825, 0.0875, 0.0925, 0.0975, 0.10250000000000001, 0.1075, 0.1125, 0.1175, 0.1225, 0.1275, 0.1325, 0.1375, 0.14250000000000002, 0.1475, 0.1525, 0.1575, 0.1625, 0.1675, 0.17250000000000001, 0.1775, 0.1825, 0.1875, 0.1925, 0.1975, 0.2025, 0.20750000000000002, 0.2125, 0.2175, 0.2225, 0.2275, 0.2325, 0.2375, 0.2425, 0.2475, 0.2525, 0.2575, 0.2625, 0.2675, 0.2725, 0.2775, 0.28250000000000003, 0.2875, 0.2925, 0.2975, 0.3025, 0.3075, 0.3125, 0.3175, 0.3225, 0.3275, 0.3325, 0.3375, 0.3425, 0.34750000000000003, 0.35250000000000004, 0.3575, 0.3625, 0.3675, 0.3725, 0.3775, 0.3825, 0.3875, 0.3925, 0.3975, 0.4025, 0.40750000000000003, 0.41250000000000003, 0.4175, 0.4225]}], "data": {"__dtype__": [["k", "<f8"], ["power_0", "<c8"], ["modes", "<i8"]], "__shape__": [85], "__data__": [[0.003785962175218714, {"__complex__": [82354.9140625, 5.057280007096654e-13]}, 223], [0.008055650047333739, {"__complex__": [92950.96875, -1.5358222506256514e-13]}, 1516], [0.012838659412058445, {"__complex__": [108141.0078125, 2.114079717492265e-14]}, 4130], [0.017758445021159877, {"__complex__": [94781.9453125, 2.889434703870833e-14]}, 8058], [0.022686221993372543, {"__complex__": [102081.59375, -7.98702467011414e-14]}, 13118], [0.02764503576190599, {"__complex__": [102875.1640625, -1.1768633417503886e-14]}, 19784], [0.032626124011193657, {"__complex__": [94982.46875, -5.0832686719843104e-14]}, 27482], [0.03761517664423396, {"__complex__": [96311.0234375, 3.0057770508684634e-14]}, 36794], [0.042612076216348424, {"__complex__": [96537.0390625, -4.947527491725367e-15]}, 47060], [0.04758810749327745, {"__complex__": [90434.71875, -2.787627781061265e-14]}, 58466], [0.05257639262811682, {"__complex__": [88547.828125, 1.2946903680979664e-14]}, 71934], [0.057576644294676294, {"__complex__": [88379.21875, -8.112942555173891e-15]}, 86096], [0.06257060468948772, {"__complex__": [87299.21875, -1.1450762069431845e-15]}, 101666], [0.06756431050677218, {"__complex__": [85338.59375, -1.5719320444374137e-14]}, 118494], [0.07255460479533274, {"__complex__": [83567.4765625, -2.0455140944779238e-14]}, 136590], [0.07755203808236072, {"__complex__": [82886.546875, 2.7888629668565987e-15]}, 156536], [0.08254994891496988, {"__complex__": [84200.3359375, -2.9614516473320564e-15]}, 176896], [0.0875465852208996, {"__complex__": [80275.921875, 1.401187397039776e-14]}, 199400], [0.09254606261661012, {"__complex__": [81092.828125, 4.184252550427361e-15]}, 222578], [0.09754095165434574, {"__complex__": [79750.890625, 6.595502088409125e-15]}, 247110], [0.10253878096196406, {"__complex__": [77577.9453125, 1.276847851998115e-15]}, 273522], [0.1075376536617221, {"__complex__": [76947.640625, -1.5494771586540548e-15]}, 300528], [0.11253874421958751, {"__complex__": [77618.9375, 1.4118392810437961e-15]}, 329826], [0.11753930483919833, {"__complex__": [78098.6015625, 1.946288801036645e-15]}, 358884], [0.12253435939470513, {"__complex__": [77059.46875, 0.0]}, 390212], [0.1275324928771181, {"__complex__": [76269.9921875, -3.3024999344233438e-15]}, 423008], [0.13253098558293935, {"__complex__": [75705.4140625, -2.039922575883214e-15]}, 456548], [0.1375294182229233, {"__complex__": [76198.1171875, -7.572035785386767e-15]}, 491980], [0.14252928720123362, {"__complex__": [75400.890625, -1.763000400371471e-15]}, 528260], [0.14752710781464048, {"__complex__": [75123.5859375, 8.230866905607108e-16]}, 565750], [0.15252590457329984, {"__complex__": [74913.078125, 9.619256608901761e-16]}, 605116], [0.15752627544450365, {"__complex__": [74225.796875, 3.6073502685137187e-16]}, 645434], [0.1625268432433497, {"__complex__": [73588.7890625, -2.0326565155034297e-15]}, 687270], [0.16752762298865234, {"__complex__": [73624.3828125, 0.0]}, 729932], [0.17252411279445126, {"__complex__": [73618.7265625, 1.8067841686897563e-15]}, 773188], [0.17752203527930777, {"__complex__": [73779.8125, 4.8268354611369964e-15]}, 820024], [0.18252363779831107, {"__complex__": [74040.0234375, 3.2236775894507004e-15]}, 866702], [0.18752234050808908, {"__complex__": [73676.0859375, 2.5471638094234786e-15]}, 914078], [0.19252201016210274, {"__complex__": [73404.8359375, 4.8284177186824675e-15]}, 964418], [0.19752271477956754, {"__complex__": [72990.296875, 9.177309757133541e-16]}, 1014810], [0.20252178570627094, {"__complex__": [73095.7578125, 2.1832676556129537e-15]}, 1066432], [0.20751974798690762, {"__complex__": [72938.8046875, 1.2478217269616047e-15]}, 1119538], [0.2125197454352182, {"__complex__": [72802.296875, 3.961436245547822e-16]}, 1175486], [0.2175192296548309, {"__complex__": [72468.0390625, 1.8934615531081012e-16]}, 1229656], [0.22251681667262319, {"__complex__": [72730.8203125, 2.1696643064800496e-15]}, 1287742], [0.22751746426403283, {"__complex__": [72050.3828125, 0.0]}, 1346910], [0.23251730364615478, {"__complex__": [72168.578125, -2.318971015850802e-15]}, 1405636], [0.23751678657474465, {"__complex__": [72607.3359375, -1.2689856921817007e-15]}, 1467822], [0.2425174971485461, {"__complex__": [71782.1171875, -2.1308524098039103e-15]}, 1529730], [0.24751707342858845, {"__complex__": [72126.4609375, 2.0456527537713893e-15]}, 1593442], [0.2525171832510974, {"__complex__": [72093.5390625, 1.1228763204285965e-15]}, 1658816], [0.2575157181508458, {"__complex__": [72432.859375, 2.5666123211671478e-15]}, 1723588], [0.2625146768272274, {"__complex__": [71941.34375, 1.428271826099648e-15]}, 1793172], [0.2675153728644548, {"__complex__": [72201.5859375, 1.0007075937758063e-15]}, 1861328], [0.2725140790996068, {"__complex__": [71821.59375, -1.446976960552983e-15]}, 1930900], [0.2775148647609448, {"__complex__": [71736.75, 1.1614643886484238e-15]}, 2004630], [0.28251520974118804, {"__complex__": [71572.7109375, 2.2442545572108554e-16]}, 2074904], [0.28751406015515885, {"__complex__": [71958.421875, 3.2479930995697336e-16]}, 2150534], [0.29251361364437867, {"__complex__": [71398.0546875, 8.37231187867792e-16]}, 2224768], [0.2975131524186939, {"__complex__": [71111.90625, 2.0220612715338013e-16]}, 2302904], [0.3025147259314174, {"__complex__": [71555.96875, 1.075480803623219e-15]}, 2381388], [0.3075149652713783, {"__complex__": [71444.4296875, -2.367165920000151e-16]}, 2458960], [0.31251335064096714, {"__complex__": [71638.5390625, -3.667097855030669e-16]}, 2539672], [0.31751349612987984, {"__complex__": [71364.2890625, 3.5504545360510553e-16]}, 2623108], [0.32251268944270295, {"__complex__": [71535.0625, 0.0]}, 2704034], [0.32751171630842707, {"__complex__": [71902.671875, 1.334984487728506e-15]}, 2790512], [0.33251237563902225, {"__complex__": [71711.8125, 4.452370453727106e-16]}, 2876150], [0.3375123279265873, {"__complex__": [71600.2734375, 4.714802966005762e-16]}, 2962974], [0.34251273719712905, {"__complex__": [71467.1796875, 9.05925877527471e-16]}, 3051976], [0.34751247641754474, {"__complex__": [71409.3828125, -1.482733291751021e-16]}, 3140560], [0.35251198333721223, {"__complex__": [71557.3515625, 1.1524572520455584e-15]}, 3232476], 