{"poles": {"dims": ["k"], "edges": [{"__dtype__": "<f8", "__shape__": [86], "__data__": [0.0, 0.005, 0.01, 0.015, 0.02, 0.025, 0.03, 0.035, 0.04, 0.045, 0.05, 0.055, 0.06, 0.065, 0.07, 0.075, 0.08, 0.085, 0.09, 0.095, 0.1, 0.105, 0.11, 0.115, 0.12, 0.125, 0.13, 0.135, 0.14, 0.145, 0.15, 0.155, 0.16, 0.165, 0.17, 0.17500000000000002, 0.18, 0.185, 0.19, 0.195, 0.2, 0.20500000000000002, 0.21, 0.215, 0.22, 0.225, 0.23, 0.23500000000000001, 0.24, 0.245, 0.25, 0.255, 0.26, 0.265, 0.27, 0.275, 0.28, 0.28500000000000003, 0.29, 0.295, 0.3, 0.305, 0.31, 0.315, 0.32, 0.325, 0.33, 0.335, 0.34, 0.34500000000000003, 0.35000000000000003, 0.355, 0.36, 0.365, 0.37, 0.375, 0.38, 0.385, 0.39, 0.395, 0.4, 0.405, 0.41000000000000003, 0.41500000000000004, 0.42, 0.425]}], "coords": [{"__dtype__": "<f8", "__shape__": [85], "__data__": [0.0025, 0.0075, 0.0125, 0.0175, 0.0225, 0.0275, 0.0325, 0.037500000000000006, 0.042499999999999996, 0.0475, 0.052500000000000005, 0.057499999999999996, 0.0625, 0.0675, 0.07250000000000001, 0.0775, 0.0825, 0.0875, 0.0925, 0.0975, 0.10250000000000001, 0.1075, 0.1125, 0.1175, 0.1225, 0.1275, 0.1325, 0.1375, 0.14250000000000002, 0.1475, 0.1525, 0.1575, 0.1625, 0.1675, 0.17250000000000001, 0.1775, 0.1825, 0.1875, 0.1925, 0.1975, 0.2025, 0.20750000000000002, 0.2125, 0.2175, 0.2225, 0.2275, 0.2325, 0.2375, 0.2425, 0.2475, 0.2525, 0.2575, 0.2625, 0.2675, 0.2725, 0.2775, 0.28250000000000003, 0.2875, 0.2925, 0.2975, 0.3025, 0.3075, 0.3125, 0.3175, 0.3225, 0.3275, 0.3325, 0.3375, 0.3425, 0.34750000000000003, 0.35250000000000004, 0.3575, 0.3625, 0.3675, 0.3725, 0.3775, 0.3825, 0.3875, 0.3925, 0.3975, 0.4025, 0.40750000000000003, 0.41250000000000003, 0.4175, 0.4225]}], "data": {"__dtype__": [["k", "<f8"], ["power_2", "<c8"], ["modes", "<i8"]], "__shape__": [85], "__data__": [[0.003785962175218714, {"__complex__": [41359.3125, -5.220418281687289e-13]}, 223], [0.008055650047333739, {"__complex__": [39533.44921875, 3.0716445012513027e-13]}, 1516], [0.012838659412058445, {"__complex__": [-2554.219970703125, -5.637545687437254e-14]}, 4130], [0.017758445021159877, {"__complex__": [5109.2744140625, -2.0226042249469472e-13]}, 8058], [0.022686221993372543, {"__complex__": [9739.7841796875, 1.7748943523135212e-14]}, 13118], [0.02764503576190599, {"__complex__": [936.0623779296875, 1.1768633417503886e-14]}, 19784], [0.032626124011193657, {"__complex__": [14735.9580078125, 1.6944228341925736e-14]}, 27482], [0.03761517664423396, {"__complex__": [8664.90625, -3.1639757003612545e-14]}, 36794], [0.042612076216348424, {"__complex__": [10539.3369140625, -5.4422801985462566e-14]}, 47060], [0.04758810749327745, {"__complex__": [9174.4560546875, -4.977906921301706e-14]}, 58466], [0.05257639262811682, {"__complex__": [11952.6123046875, 5.1787614723918657e-14]}, 71934], [0.057576644294676294, {"__complex__": [5510.04443359375, 2.163451404515234e-14]}, 86096], [0.06257060468948772, {"__complex__": [4335.6982421875, 2.175644952010728e-14]}, 101666], [0.06756431050677218, {"__complex__": [7978.89794921875, 1.1789489909764129e-14]}, 118494], [0.07255460479533274, {"__complex__": [5312.02490234375, 1.1079867729411105e-14]}, 136590], [0.07755203808236072, {"__complex__": [1184.823974609375, -2.9747871222953913e-15]}, 156536], [0.08254994891496988, {"__complex__": [2778.06884765625, 3.12597678590789e-15]}, 176896], [0.0875465852208996, {"__complex__": [1767.499755859375, 7.00593698519888e-15]}, 199400], [0.09254606261661012, {"__complex__": [-186.70028686523438, -4.184252550427361e-15]}, 222578], [0.09754095165434574, {"__complex__": [-807.2344970703125, 8.479931438033078e-15]}, 247110], [0.10253878096196406, {"__complex__": [337.2878112792969, -1.702463696785035e-15]}, 273522], [0.1075376536617221, {"__complex__": [1177.028564453125, 1.1621079219301003e-15]}, 300528], [0.11253874421958751, {"__complex__": [4340.4140625, -8.471035050988066e-15]}, 329826], [0.11753930483919833, {"__complex__": [934.4944458007812, 0.0]}, 358884], [0.12253435939470513, {"__complex__": [638.213134765625, 4.773418598867825e-15]}, 390212], [0.1275324928771181, {"__complex__": [733.3623657226562, 1.100833240888369e-15]}, 423008], [0.13253098558293935, {"__complex__": [1352.335205078125, 7.139728803833012e-15]}, 456548], [0.1375294182229233, {"__complex__": [180.52975463867188, 3.786017892693384e-15]}, 491980], [0.14252928720123362, {"__complex__": [-463.18939208984375, 7.052001601485884e-15]}, 528260], [0.14752710781464048, {"__complex__": [240.19998168945312, -8.230866905607108e-16]}, 565750], [0.15252590457329984, {"__complex__": [440.3330993652344, -6.1563243991037166e-15]}, 605116], [0.15752627544450365, {"__complex__": [-1074.3272705078125, -1.3076643929268842e-15]}, 645434], [0.1625268432433497, {"__complex__": [56.87720489501953, 0.0]}, 687270], [0.16752762298865234, {"__complex__": [286.1551208496094, 1.7543669111774632e-15]}, 729932], [0.17252411279445126, {"__complex__": [-98.80152893066406, 4.818091116506017e-15]}, 773188], [0.17752203527930777, {"__complex__": [-609.113037109375, 2.271452043993362e-15]}, 820024], [0.18252363779831107, {"__complex__": [244.3495635986328, -2.6863978147437196e-15]}, 866702], [0.18752234050808908, {"__complex__": [304.6558837890625, 0.0]}, 914078], [0.19252201016210274, {"__complex__": [169.75355529785156, -3.862734090242679e-15]}, 964418], [0.19752271477956754, {"__complex__": [-52.88594055175781, 5.965251553895039e-15]}, 1014810], [0.20252178570627094, {"__complex__": [-501.3206481933594, 1.746614124490363e-15]}, 1066432], [0.20751974798690762, {"__complex__": [-1211.3746337890625, 2.4956434539232094e-15]}, 1119538], [0.2125197454352182, {"__complex__": [-1059.58642578125, -7.922872596974762e-15]}, 1175486], [0.2175192296548309, {"__complex__": [-430.4272766113281, -2.650846359639799e-15]}, 1229656], [0.22251681667262319, {"__complex__": [-97.61271667480469, -2.1696643064800496e-15]}, 1287742], [0.22751746426403283, {"__complex__": [-875.4794921875, 1.3829024121041027e-15]}, 1346910], [0.23251730364615478, {"__complex__": [-1267.17236328125, 4.3066602462503954e-15]}, 1405636], [0.23751678657474465, {"__complex__": [-223.70721435546875, -6.344928460908503e-16]}, 1467822], [0.2425174971485461, {"__complex__": [-220.1687469482422, 3.9572976955070966e-15]}, 1529730], [0.24751707342858845, {"__complex__": [210.75352478027344, 2.3378888614530163e-15]}, 1593442], [0.2525171832510974, {"__complex__": [-838.4927368164062, -1.6843144277033355e-15]}, 1658816], [0.2575157181508458, {"__complex__": [225.77066040039062, -4.863055013478064e-15]}, 1723588], [0.2625146768272274, {"__complex__": [726.9719848632812, 1.9476434184775415e-15]}, 1793172], [0.2675153728644548, {"__complex__": [-189.44729614257812, -1.0007075937758063e-15]}, 1861328], [0.2725140790996068, {"__complex__": [-330.83184814453125, 9.64651307035322e-16]}, 1930900], [0.2775148647609448, {"__complex__": [53.15061950683594, 2.322928830236407e-16]}, 2004630], [0.28251520974118804, {"__complex__": [-534.871337890625, -1.7954036457686843e-15]}, 2074904], [0.28751406015515885, {"__complex__": [149.6911163330078, 4.330657113162583e-15]}, 2150534], [0.29251361364437867, {"__complex__": [-659.6968994140625, 0.0]}, 2224768], [0.2975131524186939, {"__complex__": [-290.6922607421875, 1.617649017227041e-15]}, 2302904], [0.3025147259314174, {"__complex__": [-178.94818115234375, 1.173251805021533e-15]}, 2381388], [0.3075149652713783, {"__complex__": [-76.89814758300781, -3.787465207302445e-16]}, 2458960], [0.31251335064096714, {"__complex__": [64.91866302490234, 1.4668391420122676e-15]}, 2539672], [0.31751349612987984, {"__complex__": [-756.7297973632812, 1.0651364137548758e-15]}, 2623108], [0.32251268944270295, {"__complex__": [-56.23759841918945, -2.066518139877578e-15]}, 2704034], [0.32751171630842707, {"__complex__": [-91.43402099609375, -5.006191828981898e-16]}, 2790512], [0.33251237563902225, {"__complex__": [-185.37701416015625, 1.2952350314588746e-15]}, 2876150], [0.3375123279265873, {"__complex__": 