{"edges": {"__dtype__": "<f8", "__shape__": [116], "__data__": [0.0, 0.005, 0.01, 0.015, 0.02, 0.025, 0.03, 0.035, 0.04, 0.045, 0.05, 0.055, 0.06, 0.065, 0.07, 0.075, 0.08, 0.085, 0.09, 0.095, 0.1, 0.105, 0.11, 0.115, 0.12, 0.125, 0.13, 0.135, 0.14, 0.145, 0.15, 0.155, 0.16, 0.165, 0.17, 0.17500000000000002, 0.18, 0.185, 0.19, 0.195, 0.2, 0.20500000000000002, 0.21, 0.215, 0.22, 0.225, 0.23, 0.23500000000000001, 0.24, 0.245, 0.25, 0.255, 0.26, 0.265, 0.27, 0.275, 0.28, 0.28500000000000003, 0.29, 0.295, 0.3, 0.305, 0.31, 0.315, 0.32, 0.325, 0.33, 0.335, 0.34, 0.34500000000000003, 0.35000000000000003, 0.355, 0.36, 0.365, 0.37, 0.375, 0.38, 0.385, 0.39, 0.395, 0.4, 0.405, 0.41000000000000003, 0.41500000000000004, 0.42, 0.425, 0.43, 0.435, 0.44, 0.445, 0.45, 0.455, 0.46, 0.465, 0.47000000000000003, 0.47500000000000003, 0.48, 0.485, 0.49, 0.495, 0.5, 0.505, 0.51, 0.515, 0.52, 0.525, 0.53, 0.535, 0.54, 0.545, 0.55, 0.555, 0.56, 0.5650000000000001, 0.5700000000000001, 0.5750000000000001]}, "poles": {"__dtype__": [["k", "<f8"], ["power_2", "<c8"], ["modes", "<i8"]], "__shape__": [115], "__data__": [[0.0037054420134658554, {"__complex__": [-56479.984375, -8.766214208526246e-13]}, 83], [0.008002706039259398, {"__complex__": [6723.17236328125, -1.9532772209569782e-13]}, 596], [0.012849701484846114, {"__complex__": [11198.384765625, 0.0]}, 1648], [0.0177641384261076, {"__complex__": [16946.017578125, 1.475479352412712e-13]}, 3156], [0.022684229681789413, {"__complex__": [44.88444900512695, -8.996546996958843e-14]}, 5176], [0.027646384376179004, {"__complex__": [6568.43701171875, -1.7900869046620638e-13]}, 7804], [0.032636129245414154, {"__complex__": [8359.3525390625, -4.817628636516816e-14]}, 10874], [0.037622935176432226, {"__complex__": [-3459.096435546875, -8.060886620741073e-14]}, 14442], [0.0426065943302704, {"__complex__": [10767.2060546875, 6.277789431959752e-14]}, 18544], [0.047584168879418735, {"__complex__": [14428.9423828125, -1.5158245820112888e-14]}, 23040], [0.052572163944886785, {"__complex__": [3160.53564453125, 1.2312133463362324e-13]}, 28366], [0.05756591012932392, {"__complex__": [5152.060546875, 5.3787608590184777e-14]}, 33818], [0.06255885577973451, {"__complex__": [7552.43310546875, 3.4811458322079117e-14]}, 40130], [0.06756290621144688, {"__complex__": [4487.333984375, 4.4738796272248554e-14]}, 46838], [0.07256050504780319, {"__complex__": [-215.36593627929688, -3.027931705823668e-14]}, 53826], [0.0775516441986681, {"__complex__": [6519.65966796875, 3.024560175880417e-14]}, 61584], [0.08254999402587553, {"__complex__": [128.97035217285156, 6.665253557549622e-15]}, 69864], [0.08754547074829418, {"__complex__": [598.5575561523438, -1.707535581842428e-14]}, 78404], [0.09254370656486871, {"__complex__": [3922.275146484375, 1.456813829455155e-14]}, 87902], [0.09754153604884025, {"__complex__": [2302.989501953125, -9.570676940036122e-15]}, 97310], [0.10253422913940137, {"__complex__": [2748.827392578125, 2.5938279979821968e-14]}, 107716], [0.1075359850070505, {"__complex__": [4092.89501953125, -1.3735858120139579e-14]}, 118654], [0.11253957840084304, {"__complex__": [2858.101806640625, -2.150694918922995e-14]}, 129910], [0.11753653834673844, {"__complex__": [-318.9160461425781, 1.6468893780717357e-14]}, 141376], [0.12253336603812491, {"__complex__": [-457.4753723144531, 1.3610697990754442e-14]}, 153958], [0.12753369323485178, {"__complex__": [769.2844848632812, 6.982768516509107e-15]}, 166718], [0.1325298054599073, {"__complex__": [-2865.872314453125, -5.5033217125934324e-15]}, 179806], [0.13753126919241337, {"__complex__": [-714.482177734375, 7.190495723526698e-15]}, 194282], [0.14252978867508304, {"__complex__": [2172.85595703125, 1.1205956842181143e-15]}, 207774], [0.14752584639061916, {"__complex__": [199.67555236816406, -2.085567275586617e-15]}, 223278], [0.1525273402624495, {"__complex__": [394.8642272949219, -5.8574729641040334e-15]}, 238496], [0.15752777994300757, {"__complex__": [-1143.0947265625, 1.0980678477221732e-14]}, 254444], [0.16252677921627748, {"__complex__": [-2065.415283203125, 5.160978100367556e-15]}, 270682], [0.16752582095517576, {"__complex__": [-1287.378662109375, -3.2370183583699556e-15]}, 287710], [0.1725259295419247, {"__complex__": [-18.40573501586914, -1.2205982786192646e-14]}, 305202], [0.17752572093623975, {"__complex__": [232.26417541503906, 1.441640123589689e-15]}, 323008], [0.18252702152554795, {"__complex__": [76.60279083251953, 4.768160641847744e-15]}, 341812], [0.18752508561671835, {"__complex__": [542.6070556640625, -1.9401476004108145e-15]}, 360020], [0.19252006361125312, {"__complex__": [-1683.723876953125, 8.58411564351241e-15]}, 379728], [0.19751626124600596, {"__complex__": [33.734596252441406, 1.1651435821339413e-15]}, 399660], [0.20251335405021748, {"__complex__": [-255.94775390625, -2.769683176315446e-15]}, 420320], [0.20751594275294782, {"__complex__": [421.7424621582031, 2.106731029048476e-15]}, 442070], [0.21251689533718626, {"__complex__": [107.74054718017578, -2.0130436793679932e-15]}, 462644], [0.21751895130525958, {"__complex__": [654.9164428710938, 1.9170115307312737e-15]}, 485820], [0.22252064263763735, {"__complex__": [-1201.944091796875, -1.8358274461434485e-15]}, 507304], [0.22751949683857262, {"__complex__": [-1184.7760009765625, 0.0]}, 530776], [0.23252062744923513, {"__complex__": [117.70454406738281, -4.198747825253724e-15]}, 554524], [0.23751988845699762, {"__complex__": [-439.0574951171875, -6.042234143306246e-15]}, 578008], [0.24251952417933192, {"__complex__": [-268.0410461425781, 1.5437855207649795e-15]}, 603272], [0.24751886354741093, {"__complex__": [-733.3141479492188, 2.967186060384968e-15]}, 627748], [0.2525158523431189, {"__complex__": [-628.742431640625, -1.7819471509730104e-16]}, 653304], [0.2575140585584922, {"__complex__": [-620.5252075195312, -5.479206261068629e-15]}, 679896], [0.2625126084722789, {"__complex__": [-769.592529296875, -1.3189819177725041e-15]}, 706092], [0.26751303339828036, {"__complex__": [226.78683471679688, 1.9025789363430077e-15]}, 734258], [0.2725141980302592, {"__complex__": [-756.593505859375, -3.058771709565076e-15]}, 761190], [0.27751499291909654, {"__complex__": [-792.9593505859375, -3.536820164336458e-15]}, 789966], [0.2825156597003922, {"__complex__": [-70.61017608642578, 3.983668795770438e-15]}, 818248], [0.2875141801620819, {"__complex__": [-706.3438720703125, -4.947854446443007e-15]}, 847024], [0.29251195304227423, {"__complex__": [-1291.4149169921875, -3.7167776079365545e-15]}, 877004], [0.2975142527009851, {"__complex__": [-691.146484375, -2.5625152228012787e-15]}, 908602], [0.30251615798691667, {"__complex__": [-161.20909118652344, -5.958545170535153e-15]}, 937802], [0.30751506635382575, {"__complex__": [-790.5917358398438, -3.841669651393886e-15]}, 969706], [0.31251223811931306, {"__complex__": [-411.57275390625, -4.656817737414692e-16]}, 999956], [0.3175098816792195, {"__complex__": [-550.2301635742188, 1.3509697993882076e-15]}, 1034060], [0.3225110492752749, {"__complex__": [-991.0709838867188, 6.550085134689415e-16]}, 1066386], [0.3275123331358606, {"__complex__": [-857.8119506835938, 1.0580537360081721e-15]}, 1100278], [0.3325123291547583, {"__complex__": [197.38914489746094, 1.0274327538111003e-15]}, 1133070], [0.3375117534479973, {"__complex__": [819.8184204101562, 4.385200952768077e-15]}, 1168082], [0.3425129583700723, {"__complex__": [136.67703247070312, 3.096002831003402e-15]}, 1203258], [0.3475132726509487, {"__complex__": [-63.45069885253906, -3.3855496090774966e-15]}, 1237894], [0.35251300538197095, {"__complex__": [657.4517822265625, 1.0964269754967521e-15]}, 1274124], [0.3575125695577228, {"__complex__": [-72.26698303222656, 0.0]}, 1310242], [0.36251151779301266, {"__complex__": [-182.9752655029297, 2.0743474771672864e-15]}, 1346914], [0.3675115630015573, {"__complex__": [-469.6145324707031, 3.361418222745373e-16]}, 1385312], [0.3725118957087531, {"__complex__": [-219.01153564453125, 3.846925067315125e-15]}, 