{"edges": {"__dtype__": "<f8", "__shape__": [116], "__data__": [0.0, 0.005, 0.01, 0.015, 0.02, 0.025, 0.03, 0.035, 0.04, 0.045, 0.05, 0.055, 0.06, 0.065, 0.07, 0.075, 0.08, 0.085, 0.09, 0.095, 0.1, 0.105, 0.11, 0.115, 0.12, 0.125, 0.13, 0.135, 0.14, 0.145, 0.15, 0.155, 0.16, 0.165, 0.17, 0.17500000000000002, 0.18, 0.185, 0.19, 0.195, 0.2, 0.20500000000000002, 0.21, 0.215, 0.22, 0.225, 0.23, 0.23500000000000001, 0.24, 0.245, 0.25, 0.255, 0.26, 0.265, 0.27, 0.275, 0.28, 0.28500000000000003, 0.29, 0.295, 0.3, 0.305, 0.31, 0.315, 0.32, 0.325, 0.33, 0.335, 0.34, 0.34500000000000003, 0.35000000000000003, 0.355, 0.36, 0.365, 0.37, 0.375, 0.38, 0.385, 0.39, 0.395, 0.4, 0.405, 0.41000000000000003, 0.41500000000000004, 0.42, 0.425, 0.43, 0.435, 0.44, 0.445, 0.45, 0.455, 0.46, 0.465, 0.47000000000000003, 0.47500000000000003, 0.48, 0.485, 0.49, 0.495, 0.5, 0.505, 0.51, 0.515, 0.52, 0.525, 0.53, 0.535, 0.54, 0.545, 0.55, 0.555, 0.56, 0.5650000000000001, 0.5700000000000001, 0.5750000000000001]}, "poles": {"__dtype__": [["k", "<f8"], ["power_0", "<c8"], ["modes", "<i8"]], "__shape__": [115], "__data__": [[0.0037054420134658554, {"__complex__": [140150.234375, -8.108748048019088e-13]}, 83], [0.008002706039259398, {"__complex__": [104231.6015625, -1.1211315214957121e-13]}, 596], [0.012849701484846114, {"__complex__": [90308.6015625, -4.4796959483637665e-15]}, 1648], [0.0177641384261076, {"__complex__": [105217.7890625, -3.080369482709108e-14]}, 3156], [0.022684229681789413, {"__complex__": [104712.4453125, 7.22073988194136e-15]}, 5176], [0.027646384376179004, {"__complex__": [96443.375, 6.9160464607044645e-15]}, 7804], [0.032636129245414154, {"__complex__": [96535.4609375, 6.5918293535498305e-15]}, 10874], [0.037622935176432226, {"__complex__": [91141.875, -4.479882719128636e-15]}, 14442], [0.0426065943302704, {"__complex__": [90225.6015625, 8.280596633456882e-15]}, 18544], [0.047584168879418735, {"__complex__": [87253.5703125, 1.5728159868453446e-15]}, 23040], [0.052572163944886785, {"__complex__": [83133.7734375, 1.0129855481044942e-15]}, 28366], [0.05756591012932392, {"__complex__": [81643.4609375, -6.880612107905502e-15]}, 33818], [0.06255885577973451, {"__complex__": [83461.2265625, -3.820960119349992e-15]}, 40130], [0.06756290621144688, {"__complex__": [79569.75, -2.181572398578363e-16]}, 46838], [0.07256050504780319, {"__complex__": [80117.2421875, -2.956964556468426e-17]}, 53826], [0.0775516441986681, {"__complex__": [80450.2890625, 1.7037265170302728e-15]}, 61584], [0.08254999402587553, {"__complex__": [78920.1328125, -8.271053324998404e-16]}, 69864], [0.08754547074829418, {"__complex__": [77271.03125, -4.783231052045292e-16]}, 78404], [0.09254370656486871, {"__complex__": [76294.4609375, 1.2330142146150603e-15]}, 87902], [0.09754153604884025, {"__complex__": [75036.8671875, -1.841179000304201e-15]}, 97310], [0.10253422913940137, {"__complex__": [73245.0859375, 2.6738691386626445e-16]}, 107716], [0.1075359850070505, {"__complex__": [73255.3125, 7.760239518244858e-16]}, 118654], [0.11253957840084304, {"__complex__": [71683.0390625, 7.242994084443691e-16]}, 129910], [0.11753653834673844, {"__complex__": [71440.703125, -1.5606197711960667e-15]}, 141376], [0.12253336603812491, {"__complex__": [71843.90625, -3.0866346466067694e-16]}, 153958], [0.12753369323485178, {"__complex__": [70861.5859375, 3.2147841140814446e-16]}, 166718], [0.1325298054599073, {"__complex__": [70800.234375, -1.7641855053437982e-15]}, 179806], [0.13753126919241337, {"__complex__": [71006.375, -1.2047065058667195e-16]}, 194282], [0.14252978867508304, {"__complex__": [70249.734375, -1.1824766555616225e-16]}, 207774], [0.14752584639061916, {"__complex__": [70318.671875, -3.58896435960238e-16]}, 223278], [0.1525273402624495, {"__complex__": [69983.1015625, -5.028291447971354e-16]}, 238496], [0.15752777994300757, {"__complex__": [69198.15625, -1.2346429530935119e-15]}, 254444], [0.16252677921627748, {"__complex__": [68983.5546875, 2.2067139246396468e-16]}, 270682], [0.16752582095517576, {"__complex__": [68998.9765625, -5.032913071489811e-16]}, 287710], [0.1725259295419247, {"__complex__": [69824.7421875, 3.0905540268723927e-16]}, 305202], [0.17752572093623975, {"__complex__": [68535.2578125, -1.0546789052834048e-16]}, 323008], [0.18252702152554795, {"__complex__": [68653.71875, 2.8873880790408754e-17]}, 341812], [0.18752508561671835, {"__complex__": [68491.1015625, 5.177323718667196e-16]}, 360020], [0.19252006361125312, {"__complex__": [68149.359375, 3.2889415839157626e-16]}, 379728], [0.19751626124600596, {"__complex__": [68154.40625, 1.9885898381807616e-16]}, 399660], [0.20251335405021748, {"__complex__": [68110.1484375, 7.323160988340982e-17]}, 420320], [0.20751594275294782, {"__complex__": [68273.203125, -5.419843015751495e-16]}, 442070], [0.21251689533718626, {"__complex__": [68144.9296875, -9.403937789685064e-17]}, 462644], [0.21751895130525958, {"__complex__": [67312.5625, -7.391806655968839e-16]}, 485820], [0.22252064263763735, {"__complex__": [67450.5078125, -5.223071438752809e-16]}, 507304], [0.22751949683857262, {"__complex__": [68044.15625, -2.7665422855027984e-17]}, 530776], [0.23252062744923513, {"__complex__": [67380.5390625, -7.247830642572513e-17]}, 554524], [0.23751988845699762, {"__complex__": [67203.4375, 3.227093165438081e-18]}, 578008], [0.24251952417933192, {"__complex__": [67665.5, -7.39145103447989e-17]}, 603272], [0.24751886354741093, {"__complex__": [67165.0859375, -3.3148012350976404e-16]}, 627748], [0.2525158523431189, {"__complex__": [67420.859375, 3.90422340512553e-16]}, 653304], [0.2575140585584922, {"__complex__": [67147.5703125, -1.0560880901749501e-16]}, 679896], [0.2625126084722789, {"__complex__": [67257.484375, 4.1426772087608046e-16]}, 706092], [0.26751303339828036, {"__complex__": [67180.640625, -8.831125141659443e-17]}, 734258], [0.2725141980302592, {"__complex__": [66852.0625, 2.8450087045840276e-16]}, 761190], [0.27751499291909654, {"__complex__": [66660.8046875, 3.1046094798408937e-16]}, 789966], [0.2825156597003922, {"__complex__": [66551.0703125, -9.691453197463185e-17]}, 818248], [0.2875141801620819, {"__complex__": [66925.78125, -1.1086920787474434e-16]}, 847024], [0.29251195304227423, {"__complex__": [66712.171875, -1.5064834338475414e-16]}, 877004], [0.2975142527009851, {"__complex__": [66756.578125, 7.203848456786334e-17]}, 908602], [0.30251615798691667, {"__complex__": [66793.0078125, 3.8907693455495797e-16]}, 937802], [0.30751506635382575, {"__complex__": [66461.1171875, -1.1384449712875878e-16]}, 969706], [0.31251223811931306, {"__complex__": [66598.0390625, -3.1112496225773264e-17]}, 999956], [0.3175098816792195, {"__complex__": [66164.8359375, 1.4940507107175224e-16]}, 1034060], [0.3225110492752749, {"__complex__": [66695.8125, 1.5821114322876317e-16]}, 1066386], [0.3275123331358606, {"__complex__": [66848.0078125, 4.2922385441764355e-17]}, 1100278], [0.3325123291547583, {"__complex__": [66653.5625, 1.086160208257091e-16]}, 1133070], [0.3375117534479973, {"__complex__": [66291.1484375, -1.733062000998433e-17]}, 1168082], [0.3425129583700723, {"__complex__": [66535.109375, 1.3375178309248456e-16]}, 1203258], [0.3475132726509487, {"__complex__": [66508.0234375, -1.2359948441471093e-16]}, 1237894], [0.35251300538197095, {"__complex__": [66531.25, 1.0181322791106889e-16]}, 1274124], [0.3575125695577228, {"__complex__": [66256.6640625, 1.0573166849951629e-16]}, 1310242], [0.36251151779301266, {"__complex__": [66325.9453125, 2.402201584978753e-16]}, 1346914], [0.3675115630015573, {"__complex__": [66342.546875, 5.1301268443228396e-17]}, 1385312], [0.3725118957087531, {"__complex__": [66293.5859375, -1.257048112748911e-16]}, 1422310], [0.37751124096797295, {"__complex__": [66141.921875, 1.1052280448654183e-16]}, 1461198], [0.3825103314725004, {"__complex__": [66420.7890625, -1.0048868675724488e-16]}, 1499520], [0.38750966779422413, {"__complex__": [66277.3125, -1.1866677481148571e-16]}, 1539692], [0.3925103292814964, {"__complex__": 