{"edges": {"__dtype__": "<f8", "__shape__": [116], "__data__": [0.0, 0.005, 0.01, 0.015, 0.02, 0.025, 0.03, 0.035, 0.04, 0.045, 0.05, 0.055, 0.06, 0.065, 0.07, 0.075, 0.08, 0.085, 0.09, 0.095, 0.1, 0.105, 0.11, 0.115, 0.12, 0.125, 0.13, 0.135, 0.14, 0.145, 0.15, 0.155, 0.16, 0.165, 0.17, 0.17500000000000002, 0.18, 0.185, 0.19, 0.195, 0.2, 0.20500000000000002, 0.21, 0.215, 0.22, 0.225, 0.23, 0.23500000000000001, 0.24, 0.245, 0.25, 0.255, 0.26, 0.265, 0.27, 0.275, 0.28, 0.28500000000000003, 0.29, 0.295, 0.3, 0.305, 0.31, 0.315, 0.32, 0.325, 0.33, 0.335, 0.34, 0.34500000000000003, 0.35000000000000003, 0.355, 0.36, 0.365, 0.37, 0.375, 0.38, 0.385, 0.39, 0.395, 0.4, 0.405, 0.41000000000000003, 0.41500000000000004, 0.42, 0.425, 0.43, 0.435, 0.44, 0.445, 0.45, 0.455, 0.46, 0.465, 0.47000000000000003, 0.47500000000000003, 0.48, 0.485, 0.49, 0.495, 0.5, 0.505, 0.51, 0.515, 0.52, 0.525, 0.53, 0.535, 0.54, 0.545, 0.55, 0.555, 0.56, 0.5650000000000001, 0.5700000000000001, 0.5750000000000001]}, "poles": {"__dtype__": [["k", "<f8"], ["power_2", "<c8"], ["modes", "<i8"]], "__shape__": [115], "__data__": [[0.0037054420134658554, {"__complex__": [-14002.1611328125, 3.5064856834104985e-12]}, 83], [0.008002706039259398, {"__complex__": [-16140.08984375, -9.766386104784891e-14]}, 596], [0.012849701484846114, {"__complex__": [-7567.205078125, 0.0]}, 1648], [0.0177641384261076, {"__complex__": [29792.3125, -1.84434919051589e-14]}, 3156], [0.022684229681789413, {"__complex__": [14858.9501953125, 1.1386254623619446e-13]}, 5176], [0.027646384376179004, {"__complex__": [9467.2470703125, 2.9834784003122256e-14]}, 7804], [0.032636129245414154, {"__complex__": [6719.974609375, 4.2823366787304515e-14]}, 10874], [0.037622935176432226, {"__complex__": [-2943.379150390625, 3.2243545805337934e-14]}, 14442], [0.0426065943302704, {"__complex__": [2347.517333984375, -1.8833367618252897e-14]}, 18544], [0.047584168879418735, {"__complex__": [7965.078125, 3.0316491640225776e-14]}, 23040], [0.052572163944886785, {"__complex__": [4481.64111328125, 6.566471135284815e-14]}, 28366], [0.05756591012932392, {"__complex__": [9441.2373046875, 1.376962847671366e-14]}, 33818], [0.06255885577973451, {"__complex__": [10354.1357421875, -9.428103507321331e-15]}, 40130], [0.06756290621144688, {"__complex__": [10436.11328125, 1.988391039548041e-14]}, 46838], [0.07256050504780319, {"__complex__": [11350.9267578125, -4.7581784432676466e-14]}, 53826], [0.0775516441986681, {"__complex__": [4761.65185546875, -7.561400439701042e-15]}, 61584], [0.08254999402587553, {"__complex__": [4999.47802734375, 1.999576109616534e-14]}, 69864], [0.08754547074829418, {"__complex__": [4504.5849609375, 8.908881628016865e-15]}, 78404], [0.09254370656486871, {"__complex__": [3436.928955078125, 1.0595009976776745e-14]}, 87902], [0.09754153604884025, {"__complex__": [3479.756591796875, 1.1963345963286916e-14]}, 97310], [0.10253422913940137, {"__complex__": [218.5370635986328, -2.485751845516821e-14]}, 107716], [0.1075359850070505, {"__complex__": [708.5449829101562, 6.8679290600697895e-15]}, 118654], [0.11253957840084304, {"__complex__": [397.7276916503906, -7.168982780732334e-15]}, 129910], [0.11753653834673844, {"__complex__": [844.2885131835938, -9.881336437837004e-15]}, 141376], [0.12253336603812491, {"__complex__": [1030.4979248046875, 1.814759619162866e-14]}, 153958], [0.12753369323485178, {"__complex__": [-266.9425048828125, 1.955175150741232e-14]}, 166718], [0.1325298054599073, {"__complex__": [829.0687866210938, 8.416844424121578e-15]}, 179806], [0.13753126919241337, {"__complex__": [1901.111083984375, 1.4380991447053397e-14]}, 194282], [0.14252978867508304, {"__complex__": [2032.2354736328125, 3.3617869467752245e-15]}, 207774], [0.14752584639061916, {"__complex__": [-13.373125076293945, -5.213918083087424e-15]}, 223278], [0.1525273402624495, {"__complex__": [-1960.541259765625, 0.0]}, 238496], [0.15752777994300757, {"__complex__": [-409.971923828125, 0.0]}, 254444], [0.16252677921627748, {"__complex__": [-1239.20458984375, 6.021140905337246e-15]}, 270682], [0.16752582095517576, {"__complex__": [-2103.07177734375, -6.474036716739911e-15]}, 287710], [0.1725259295419247, {"__complex__": [192.3008270263672, 0.0]}, 305202], [0.17752572093623975, {"__complex__": [-316.8072509765625, -3.604100203095104e-15]}, 323008], [0.18252702152554795, {"__complex__": [-619.0338134765625, 4.0869949568742014e-15]}, 341812], [0.18752508561671835, {"__complex__": [-223.6790771484375, 0.0]}, 360020], [0.19252006361125312, {"__complex__": [-505.89910888671875, 4.905208878647595e-15]}, 379728], [0.19751626124600596, {"__complex__": [-1703.33447265625, -3.495430746401824e-15]}, 399660], [0.20251335405021748, {"__complex__": [-192.37974548339844, -7.201175961958628e-15]}, 420320], [0.20751594275294782, {"__complex__": [314.17730712890625, 6.320193087145428e-15]}, 442070], [0.21251689533718626, {"__complex__": [42.44246292114258, -6.03913103810398e-15]}, 462644], [0.21751895130525958, {"__complex__": [-461.07830810546875, -1.9170115307312737e-15]}, 485820], [0.22252064263763735, {"__complex__": [-156.69586181640625, 9.179137230717243e-16]}, 507304], [0.22751949683857262, {"__complex__": [-321.4518127441406, -2.6319649364543165e-15]}, 530776], [0.23252062744923513, {"__complex__": [-2.6267571449279785, -1.049686956313431e-15]}, 554524], [0.23751988845699762, {"__complex__": [98.04261016845703, 4.028156236709655e-15]}, 578008], [0.24251952417933192, {"__complex__": [-855.5064697265625, 7.718927603824898e-16]}, 603272], [0.24751886354741093, {"__complex__": [-472.45703125, 2.7817368786713483e-15]}, 627748], [0.2525158523431189, {"__complex__": [279.6221618652344, -1.0691682905838063e-15]}, 653304], [0.2575140585584922, {"__complex__": [-458.6745300292969, -2.5683777495874626e-15]}, 679896], [0.2625126084722789, {"__complex__": [-1372.56103515625, -3.2974547944312604e-15]}, 706092], [0.26751303339828036, {"__complex__": [-181.3709259033203, 5.70773702078726e-15]}, 734258], [0.2725141980302592, {"__complex__": [-352.8522644042969, -6.11754352500927e-16]}, 761190], [0.27751499291909654, {"__complex__": [-291.1828308105469, 5.3052303523838055e-15]}, 789966], [0.2825156597003922, {"__complex__": [-331.1221618652344, -1.7072865965075826e-15]}, 818248], [0.2875141801620819, {"__complex__": [-100.17620086669922, 0.0]}, 847024], [0.29251195304227423, {"__complex__": [-1219.3919677734375, 0.0]}, 877004], [0.2975142527009851, {"__complex__": [-16.718597412109375, -2.5625152228012787e-15]}, 908602], [0.30251615798691667, {"__complex__": [-126.12715911865234, 1.3654999084445263e-15]}, 937802], [0.30751506635382575, {"__complex__": [367.4522705078125, 1.2005218190001485e-15]}, 969706], [0.31251223811931306, {"__complex__": [-449.7745666503906, -4.656817737414692e-16]}, 999956], [0.3175098816792195, {"__complex__": [-695.6481323242188, 6.754848996941038e-16]}, 1034060], [0.3225110492752749, {"__complex__": [-119.77665710449219, -1.7466894045435502e-15]}, 1066386], [0.3275123331358606, {"__complex__": [-46.00154495239258, 2.539328966419613e-15]}, 1100278], [0.3325123291547583, {"__complex__": [-937.7898559570312, 1.4384058341597168e-15]}, 1133070], [0.3375117534479973, {"__complex__": [153.17535400390625, -2.3919276576637094e-15]}, 1168082], [0.3425129583700723, {"__complex__": [-726.8052368164062, 9.191258272192452e-16]}, 1203258], [0.3475132726509487, {"__complex__": [-125.38502502441406, -4.514066004264504e-15]}, 1237894], [0.35251300538197095, {"__complex__": [418.4725646972656, 0.0]}, 1274124], [0.3575125695577228, {"__complex__": [-537.199951171875, -2.8432077537194874e-15]}, 1310242], [0.36251151779301266, {"__complex__": [-857.8115234375, 0.0]}, 1346914], [0.3675115630015573, {"__complex__": [-494.228271484375, -2.0168508807076645e-15]}, 1385312], [0.3725118957087531, {"__complex__": [-696.8548583984375, 3.273978852781634e-15]}, 1422310], [0.37751124096797295, {"__complex__": [-367.7809753417969, 1.2747383164429782e-15]}, 1461198], [0.3825103314725004, 