{"edges": {"__dtype__": "<f8", "__shape__": [128], "__data__": [0.0, 0.005, 0.01, 0.015, 0.02, 0.025, 0.03, 0.035, 0.04, 0.045, 0.05, 0.055, 0.06, 0.065, 0.07, 0.075, 0.08, 0.085, 0.09, 0.095, 0.1, 0.105, 0.11, 0.115, 0.12, 0.125, 0.13, 0.135, 0.14, 0.145, 0.15, 0.155, 0.16, 0.165, 0.17, 0.17500000000000002, 0.18, 0.185, 0.19, 0.195, 0.2, 0.20500000000000002, 0.21, 0.215, 0.22, 0.225, 0.23, 0.23500000000000001, 0.24, 0.245, 0.25, 0.255, 0.26, 0.265, 0.27, 0.275, 0.28, 0.28500000000000003, 0.29, 0.295, 0.3, 0.305, 0.31, 0.315, 0.32, 0.325, 0.33, 0.335, 0.34, 0.34500000000000003, 0.35000000000000003, 0.355, 0.36, 0.365, 0.37, 0.375, 0.38, 0.385, 0.39, 0.395, 0.4, 0.405, 0.41000000000000003, 0.41500000000000004, 0.42, 0.425, 0.43, 0.435, 0.44, 0.445, 0.45, 0.455, 0.46, 0.465, 0.47000000000000003, 0.47500000000000003, 0.48, 0.485, 0.49, 0.495, 0.5, 0.505, 0.51, 0.515, 0.52, 0.525, 0.53, 0.535, 0.54, 0.545, 0.55, 0.555, 0.56, 0.5650000000000001, 0.5700000000000001, 0.5750000000000001, 0.58, 0.585, 0.59, 0.595, 0.6, 0.605, 0.61, 0.615, 0.62, 0.625, 0.63, 0.635]}, "poles": {"__dtype__": [["k", "<f8"], ["power_2", "<c8"], ["modes", "<i8"]], "__shape__": [127], "__data__": [[0.0037537781648676505, {"__complex__": [-81568.9453125, 3.0237745900912882e-12]}, 77], [0.008050398333474014, {"__complex__": [70304.0625, -1.2746202747784818e-12]}, 548], [0.012848609532355457, {"__complex__": [-41795.7265625, 0.0]}, 1480], [0.017751579213119567, {"__complex__": [7720.71435546875, 4.458804202592259e-13]}, 2872], [0.022691827324042853, {"__complex__": [21293.7109375, 0.0]}, 4736], [0.027648005536595924, {"__complex__": [22354.658203125, -6.618267538822595e-14]}, 7036], [0.032612636555868525, {"__complex__": [10717.4931640625, -2.3666461382320682e-14]}, 9838], [0.03761114292794433, {"__complex__": [26266.095703125, 2.9967602835009877e-13]}, 13208], [0.04261303922036164, {"__complex__": [10834.1279296875, -5.524513884010672e-14]}, 16858], [0.04760505554480107, {"__complex__": [13409.9853515625, -2.374695763380369e-13]}, 21080], [0.05259133615803475, {"__complex__": [14884.2021484375, 0.0]}, 25624], [0.05756841184374016, {"__complex__": [5098.5703125, 6.061719458631473e-14]}, 30728], [0.06256248327880025, {"__complex__": [6444.68896484375, -1.0206833750588118e-13]}, 36498], [0.06756661487904435, {"__complex__": [1595.6390380859375, 2.1899044128645753e-14]}, 42528], [0.07257304507008182, {"__complex__": [-1920.583740234375, 4.736951458796275e-14]}, 49152], [0.07756473030387098, {"__complex__": [-707.2850341796875, 0.0]}, 55744], [0.08254764044823601, {"__complex__": [1396.5732421875, -7.351076229667169e-15]}, 63346], [0.08754405971893497, {"__complex__": [7749.85693359375, 6.52296277972933e-14]}, 71388], [0.09254365223263855, {"__complex__": [4656.90966796875, -2.3352537419541082e-14]}, 79762], [0.09754150838846357, {"__complex__": [-242.39305114746094, -2.1031628180548725e-14]}, 88564], [0.10254123052801507, {"__complex__": [-783.1929321289062, 3.326559270015392e-14]}, 97988], [0.10754181638082774, {"__complex__": [639.7244262695312, 0.0]}, 107708], [0.11254085353408888, {"__complex__": [1593.671875, -7.895776012992097e-15]}, 117952], [0.11753281793039293, {"__complex__": [4481.9462890625, -9.981982586695654e-15]}, 128288], [0.12252442444514552, {"__complex__": [-1021.274169921875, -2.6653002992583358e-14]}, 139770], [0.12753052839909865, {"__complex__": [-429.2179260253906, -9.193949719382352e-15]}, 151946], [0.13253665927256145, {"__complex__": [1471.91650390625, -2.917819794372861e-14]}, 163582], [0.13753197887556465, {"__complex__": [1848.212890625, -1.323352501901218e-15]}, 175940], [0.1425260716253757, {"__complex__": [1753.0234375, 1.6933003884825196e-15]}, 189064], [0.14752506711896965, {"__complex__": [2505.16943359375, 1.2627386759649344e-14]}, 202824], [0.1525272624752809, {"__complex__": [1233.012451171875, -1.0739123315389645e-14]}, 216806], [0.15752484634575162, {"__complex__": [284.74920654296875, 1.0210720445969889e-14]}, 230876], [0.16252366735405163, {"__complex__": [-883.6552124023438, 0.0]}, 246232], [0.1675242007800524, {"__complex__": [132.52076721191406, 1.781889828018305e-14]}, 261330], [0.17252326579974073, {"__complex__": [-273.3756103515625, -2.6870241532565668e-14]}, 277280], [0.17752110470595878, {"__complex__": [1115.9459228515625, 1.6272426182667617e-14]}, 293320], [0.1825207522633753, {"__complex__": [1349.252197265625, 1.4993569062639496e-14]}, 310574], [0.18752231962759572, {"__complex__": [1170.805419921875, -5.686424401284921e-15]}, 327560], [0.19252167162300435, {"__complex__": [1130.5211181640625, 0.0]}, 345268], [0.19752225984779248, {"__complex__": [731.2474975585938, 1.0247151333031296e-14]}, 363544], [0.20251992290984697, {"__complex__": [-226.7571563720703, -9.15070868742502e-16]}, 381660], [0.20751551078768798, {"__complex__": [-1439.0345458984375, 6.970038458344822e-15]}, 400854], [0.21251512379553542, {"__complex__": [-1258.4700927734375, -1.49317763150714e-14]}, 421010], [0.21751870975885984, {"__complex__": [-1733.28955078125, 1.1083152523180557e-14]}, 441160], [0.2225209082741387, {"__complex__": [1263.1513671875, -8.328070289051644e-15]}, 461296], [0.22752039891934017, {"__complex__": [1490.2249755859375, -3.380011495910111e-15]}, 482192], [0.23252118259031918, {"__complex__": [-1110.0367431640625, -7.393502415929242e-15]}, 503860], [0.23751936566507853, {"__complex__": [-102.56824493408203, -5.765066751756273e-15]}, 525024], [0.24251707186595864, {"__complex__": [-458.4831237792969, -5.948727635160002e-15]}, 547954], [0.24751627666670906, {"__complex__": [172.36996459960938, 6.529365332371036e-15]}, 570544], [0.2525167544702008, {"__complex__": [-185.6686553955078, 6.267586411890305e-15]}, 594374], [0.25751857595461863, {"__complex__": [353.4244384765625, -2.6376671622552325e-15]}, 617900], [0.2625190906945416, {"__complex__": [105.35942840576172, 7.252093653516926e-15]}, 642106], [0.2675172479110602, {"__complex__": [346.70513916015625, 4.893514741777802e-15]}, 666112], [0.272514629608296, {"__complex__": [929.2556762695312, 4.7119036781064286e-15]}, 691786], [0.27751615229387816, {"__complex__": [29.491519927978516, -2.594227712830006e-15]}, 717996], [0.28251644607381426, {"__complex__": [706.1049194335938, 5.01282399107978e-15]}, 743152], [0.2875152531419474, {"__complex__": [262.2170104980469, 1.3301291254682549e-14]}, 770192], [0.2925134012698469, {"__complex__": [538.2210083007812, 7.016229282540967e-15]}, 796430], [0.2975118362281548, {"__complex__": [948.4971313476562, -5.645611177512657e-16]}, 824820], [0.3025125080826814, {"__complex__": [1151.8487548828125, -1.365476270931342e-16]}, 852562], [0.30751063191170563, {"__complex__": [1734.731689453125, -7.14064868161373e-15]}, 880372], [0.3125111278203564, {"__complex__": [580.4569702148438, -7.67024015001672e-16]}, 910652], [0.31751269361539736, {"__complex__": [761.978515625, -6.942796184695229e-15]}, 938996], [0.3225130904459611, {"__complex__": [469.19879150390625, -4.563648771897929e-15]}, 969352], [0.32751158760760724, {"__complex__": [-781.9161987304688, -6.996505696847677e-15]}, 998344], [0.3325089848249692, {"__complex__": [528.8722534179688, -3.617060654221042e-15]}, 1029922], [0.33751027924368393, {"__complex__": [747.51123046875, -4.385096344199091e-15]}, 1061918], [0.34251253316973607, {"__complex__": [261.04644775390625, -3.833402609828684e-15]}, 1093272], [0.34751415893089227, {"__complex__": [65.85297393798828, -3.878910725469342e-15]}, 1125464], [0.352514235068077, {"__complex__": [623.2376708984375, -3.2187271053904726e-15]}, 1157380], [0.357512374484406, {"__complex__": [344.4783020019531, 4.69506551014796e-15]}, 1190172], [0.3625118834929162, {"__complex__": [116.30111694335938, 7.604806325445734e-16]}, 1224650], [0.3675116774700016, {"__complex__": [-55.87265396118164, -4.997700217806555e-15]}, 1257864], [0.3725098709245497, {"__complex__": [-34.136661529541016, 2.882655560380778e-15]}, 1292312], [0.37751067052804127, {"__complex__": 