{"edges": {"__dtype__": "<f8", "__shape__": [128], "__data__": [0.0, 0.005, 0.01, 0.015, 0.02, 0.025, 0.03, 0.035, 0.04, 0.045, 0.05, 0.055, 0.06, 0.065, 0.07, 0.075, 0.08, 0.085, 0.09, 0.095, 0.1, 0.105, 0.11, 0.115, 0.12, 0.125, 0.13, 0.135, 0.14, 0.145, 0.15, 0.155, 0.16, 0.165, 0.17, 0.17500000000000002, 0.18, 0.185, 0.19, 0.195, 0.2, 0.20500000000000002, 0.21, 0.215, 0.22, 0.225, 0.23, 0.23500000000000001, 0.24, 0.245, 0.25, 0.255, 0.26, 0.265, 0.27, 0.275, 0.28, 0.28500000000000003, 0.29, 0.295, 0.3, 0.305, 0.31, 0.315, 0.32, 0.325, 0.33, 0.335, 0.34, 0.34500000000000003, 0.35000000000000003, 0.355, 0.36, 0.365, 0.37, 0.375, 0.38, 0.385, 0.39, 0.395, 0.4, 0.405, 0.41000000000000003, 0.41500000000000004, 0.42, 0.425, 0.43, 0.435, 0.44, 0.445, 0.45, 0.455, 0.46, 0.465, 0.47000000000000003, 0.47500000000000003, 0.48, 0.485, 0.49, 0.495, 0.5, 0.505, 0.51, 0.515, 0.52, 0.525, 0.53, 0.535, 0.54, 0.545, 0.55, 0.555, 0.56, 0.5650000000000001, 0.5700000000000001, 0.5750000000000001, 0.58, 0.585, 0.59, 0.595, 0.6, 0.605, 0.61, 0.615, 0.62, 0.625, 0.63, 0.635]}, "poles": {"__dtype__": [["k", "<f8"], ["power_0", "<c8"], ["modes", "<i8"]], "__shape__": [127], "__data__": [[0.0037537781648676505, {"__complex__": [93089.828125, 5.1934216475924e-13]}, 77], [0.008050398333474014, {"__complex__": [114988.640625, -4.107663238413564e-14]}, 548], [0.012848609532355457, {"__complex__": [104579.4765625, 3.4566943627129323e-14]}, 1480], [0.017751579213119567, {"__complex__": [107936.234375, -1.1687339430391155e-14]}, 2872], [0.022691827324042853, {"__complex__": [102536.703125, -2.933389276382932e-14]}, 4736], [0.027648005536595924, {"__complex__": [95869.7734375, 3.90414764861631e-15]}, 7036], [0.032612636555868525, {"__complex__": [98331.203125, 5.3019862161958215e-15]}, 9838], [0.03761114292794433, {"__complex__": [95651.828125, 1.4729989350112903e-14]}, 13208], [0.04261303922036164, {"__complex__": [92491.578125, -1.011568779621093e-15]}, 16858], [0.04760505554480107, {"__complex__": [93235.7421875, -5.918774009046248e-15]}, 21080], [0.05259133615803475, {"__complex__": [91753.7578125, -2.9947944640260115e-15]}, 25624], [0.05756841184374016, {"__complex__": [89766.671875, -6.104347810482233e-16]}, 30728], [0.06256248327880025, {"__complex__": [87708.7578125, 4.2917185850608296e-15]}, 36498], [0.06756661487904435, {"__complex__": [89271.453125, 2.936786259666248e-15]}, 42528], [0.07257304507008182, {"__complex__": [87547.0859375, 2.1499729080387553e-15]}, 49152], [0.07756473030387098, {"__complex__": [83651.984375, 7.789406568387968e-16]}, 55744], [0.08254764044823601, {"__complex__": [81967.9140625, 2.406242726230544e-15]}, 63346], [0.08754405971893497, {"__complex__": [82765.40625, 1.4797499358316728e-15]}, 71388], [0.09254365223263855, {"__complex__": [81666.5625, 7.394768624306269e-16]}, 79762], [0.09754150838846357, {"__complex__": [81101.8203125, -8.40803019927245e-16]}, 88564], [0.10254123052801507, {"__complex__": [81391.9375, -5.376493987093388e-16]}, 97988], [0.10754181638082774, {"__complex__": [81268.5234375, -9.160175339401771e-16]}, 107708], [0.11254085353408888, {"__complex__": [79894.1796875, -9.957670358829292e-17]}, 117952], [0.11753281793039293, {"__complex__": [78560.9921875, 1.5488843150003156e-16]}, 128288], [0.12252442444514552, {"__complex__": [79427.9609375, -1.1487158016384178e-15]}, 139770], [0.12753052839909865, {"__complex__": [79293.6171875, 4.152774635585464e-16]}, 151946], [0.13253665927256145, {"__complex__": [78540.828125, -1.322412930604476e-15]}, 163582], [0.13753197887556465, {"__complex__": [77528.859375, 4.1051875305153293e-16]}, 175940], [0.1425260716253757, {"__complex__": [76919.328125, 4.624011092576349e-16]}, 189064], [0.14752506711896965, {"__complex__": [76468.1328125, -5.647454532964119e-16]}, 202824], [0.1525272624752809, {"__complex__": [76174.3125, 5.173741828091495e-16]}, 216806], [0.15752484634575162, {"__complex__": [76520.90625, 2.878704998714784e-16]}, 230876], [0.16252366735405163, {"__complex__": [76062.734375, -7.233456890504302e-17]}, 246232], [0.1675242007800524, {"__complex__": [75881.4140625, 4.263030532049392e-16]}, 261330], [0.17252326579974073, {"__complex__": [76153.3046875, -2.2062239690192194e-16]}, 277280], [0.17752110470595878, {"__complex__": [75758.4453125, 2.9884727924428566e-16]}, 293320], [0.1825207522633753, {"__complex__": [74736.2265625, 2.404745595496272e-16]}, 310574], [0.18752231962759572, {"__complex__": [74694.3203125, 8.63137743499124e-16]}, 327560], [0.19252167162300435, {"__complex__": [75568.3671875, 3.6389363918146276e-16]}, 345268], [0.19752225984779248, {"__complex__": [75031.1875, 3.5665545147959914e-16]}, 363544], [0.20251992290984697, {"__complex__": [75704.515625, 1.2062061512300537e-16]}, 381660], [0.20751551078768798, {"__complex__": [74916.796875, -3.926602280289785e-16]}, 400854], [0.21251512379553542, {"__complex__": [75183.6328125, 9.844306248495634e-17]}, 421010], [0.21751870975885984, {"__complex__": [74808.5390625, 3.8059037910751913e-16]}, 441160], [0.2225209082741387, {"__complex__": [74918.71875, 5.292924128330503e-16]}, 461296], [0.22752039891934017, {"__complex__": [74548.984375, -1.7785598132773813e-16]}, 482192], [0.23252118259031918, {"__complex__": [74601.296875, -4.120688762845675e-16]}, 503860], [0.23751936566507853, {"__complex__": [73820.4921875, -3.258702507698784e-16]}, 525024], [0.24251707186595864, {"__complex__": [74225.8671875, -2.7246754983279375e-16]}, 547954], [0.24751627666670906, {"__complex__": [74257.796875, -3.9027023192407187e-17]}, 570544], [0.2525167544702008, {"__complex__": [74039.3125, -2.21990063944162e-16]}, 594374], [0.25751857595461863, {"__complex__": [74312.265625, -4.4182168279792815e-17]}, 617900], [0.2625190906945416, {"__complex__": [74351.953125, 1.579590053431672e-16]}, 642106], [0.2675172479110602, {"__complex__": [74410.421875, 1.1339038158991206e-16]}, 666112], [0.272514629608296, {"__complex__": [74358.6328125, 2.965302206170715e-16]}, 691786], [0.27751615229387816, {"__complex__": [74137.9765625, -1.0127269515926754e-16]}, 717996], [0.28251644607381426, {"__complex__": [73917.5546875, 6.922789028253066e-17]}, 743152], [0.2875152531419474, {"__complex__": [74158.578125, 1.4876855228167023e-16]}, 770192], [0.2925134012698469, {"__complex__": [73343.21875, 1.9775806597977218e-16]}, 796430], [0.2975118362281548, {"__complex__": [73577.2734375, -1.2547477565526255e-16]}, 824820], [0.3025125080826814, {"__complex__": [73724.5703125, -1.2155648065060296e-16]}, 852562], [0.30751063191170563, {"__complex__": [73675.1171875, 4.3148242144938284e-17]}, 880372], [0.3125111278203564, {"__complex__": [73548.0390625, -1.5784578086092094e-16]}, 910652], [0.31751269361539736, {"__complex__": [73840.8359375, 4.3729968491244776e-17]}, 938996], [0.3225130904459611, {"__complex__": [73831.1875, 1.862573173197493e-17]}, 969352], [0.32751158760760724, {"__complex__": [73732.6796875, -3.416840581100957e-17]}, 998344], [0.3325089848249692, {"__complex__": [73292.3359375, 7.205526640813081e-17]}, 1029922], [0.33751027924368393, {"__complex__": [73294.6796875, -9.058865169652032e-17]}, 1061918], [0.34251253316973607, {"__complex__": [73277.2890625, 2.3595622111117673e-16]}, 1093272], [0.34751415893089227, {"__complex__": [73285.1328125, -1.475232285607492e-16]}, 1125464], [0.352514235068077, {"__complex__": [73449.9140625, -3.4400779373921434e-16]}, 1157380], [0.357512374484406, {"__complex__": [73387.96875, -6.489705714533372e-17]}, 1190172], [0.3625118834929162, {"__complex__": [73279.3359375, -3.0278277960568635e-16]}, 1224650], [0.3675116774700016, {"__complex__": [73408.3828125, 5.789600558147681e-17]}, 1257864], [0.3725098709245497, {"__complex__": [73289.6484375, 2.1283378336813083e-16]}, 1292312], [0.37751067052804127, {"__complex__": [73424.3984375, 7.438788264830585e-17]}, 1328534], [0.3825116981355865, {"__complex__": [73391.09375, -2.3546343322433194e-16]}, 1362848], [0.3875116125361288, {"__complex__": [73489.0234375, 