{"poles": {"dims": ["k"], "edges": [{"__dtype__": "<f8", "__shape__": [94], "__data__": [0.0, 0.005, 0.01, 0.015, 0.02, 0.025, 0.03, 0.035, 0.04, 0.045, 0.05, 0.055, 0.06, 0.065, 0.07, 0.075, 0.08, 0.085, 0.09, 0.095, 0.1, 0.105, 0.11, 0.115, 0.12, 0.125, 0.13, 0.135, 0.14, 0.145, 0.15, 0.155, 0.16, 0.165, 0.17, 0.17500000000000002, 0.18, 0.185, 0.19, 0.195, 0.2, 0.20500000000000002, 0.21, 0.215, 0.22, 0.225, 0.23, 0.23500000000000001, 0.24, 0.245, 0.25, 0.255, 0.26, 0.265, 0.27, 0.275, 0.28, 0.28500000000000003, 0.29, 0.295, 0.3, 0.305, 0.31, 0.315, 0.32, 0.325, 0.33, 0.335, 0.34, 0.34500000000000003, 0.35000000000000003, 0.355, 0.36, 0.365, 0.37, 0.375, 0.38, 0.385, 0.39, 0.395, 0.4, 0.405, 0.41000000000000003, 0.41500000000000004, 0.42, 0.425, 0.43, 0.435, 0.44, 0.445, 0.45, 0.455, 0.46, 0.465]}], "coords": [{"__dtype__": "<f8", "__shape__": [93], "__data__": [0.0025, 0.0075, 0.0125, 0.0175, 0.0225, 0.0275, 0.0325, 0.037500000000000006, 0.042499999999999996, 0.0475, 0.052500000000000005, 0.057499999999999996, 0.0625, 0.0675, 0.07250000000000001, 0.0775, 0.0825, 0.0875, 0.0925, 0.0975, 0.10250000000000001, 0.1075, 0.1125, 0.1175, 0.1225, 0.1275, 0.1325, 0.1375, 0.14250000000000002, 0.1475, 0.1525, 0.1575, 0.1625, 0.1675, 0.17250000000000001, 0.1775, 0.1825, 0.1875, 0.1925, 0.1975, 0.2025, 0.20750000000000002, 0.2125, 0.2175, 0.2225, 0.2275, 0.2325, 0.2375, 0.2425, 0.2475, 0.2525, 0.2575, 0.2625, 0.2675, 0.2725, 0.2775, 0.28250000000000003, 0.2875, 0.2925, 0.2975, 0.3025, 0.3075, 0.3125, 0.3175, 0.3225, 0.3275, 0.3325, 0.3375, 0.3425, 0.34750000000000003, 0.35250000000000004, 0.3575, 0.3625, 0.3675, 0.3725, 0.3775, 0.3825, 0.3875, 0.3925, 0.3975, 0.4025, 0.40750000000000003, 0.41250000000000003, 0.4175, 0.4225, 0.4275, 0.4325, 0.4375, 0.4425, 0.4475, 0.4525, 0.4575, 0.4625]}], "data": {"__dtype__": [["k", "<f8"], ["power_2", "<c8"], ["modes", "<i8"]], "__shape__": [93], "__data__": [[0.0037081367915242675, {"__complex__": [13762.103515625, 2.438017236011669e-12]}, 191], [0.008018577791264523, {"__complex__": [35888.8984375, -1.1810250043556292e-12]}, 1380], [0.012844085612331841, {"__complex__": [21912.701171875, 0.0]}, 3770], [0.01775141230162106, {"__complex__": [15510.76171875, 2.567041360295591e-13]}, 7256], [0.022691010615224643, {"__complex__": [20619.02734375, 1.744775791944278e-13]}, 12010], [0.027661296094027222, {"__complex__": [24860.0078125, -7.79392894082083e-14]}, 17924], [0.03263163473973046, {"__complex__": [3506.346923828125, -1.3319296295229155e-13]}, 24910], [0.03760885918999335, {"__complex__": [5686.0205078125, 1.0506797932770609e-13]}, 33240], [0.04258994605322728, {"__complex__": [-2541.123046875, -1.5315645886943008e-13]}, 42566], [0.047583805693835864, {"__complex__": [9753.8388671875, -8.707530037993256e-15]}, 53478], [0.052589415944125126, {"__complex__": [8362.7275390625, 7.135696249377724e-14]}, 65258], [0.057576993125266096, {"__complex__": [5474.18603515625, -2.3945147080428608e-14]}, 77788], [0.0625679362273907, {"__complex__": [6627.68115234375, 2.6447151963543934e-14]}, 92438], [0.06756372941029527, {"__complex__": [7003.6162109375, -8.670563826109184e-15]}, 107412], [0.07255867544245412, {"__complex__": [1659.0125732421875, 1.4992073202454645e-14]}, 124242], [0.07755343255815964, {"__complex__": [4242.63330078125, -1.8091214290527624e-14]}, 141568], [0.08254944316463679, {"__complex__": [-1550.7611083984375, 0.0]}, 160886], [0.0875469705282893, {"__complex__": [2905.311279296875, 4.642581824076779e-14]}, 180544], [0.09254207143002044, {"__complex__": [6389.36962890625, -1.8441665702124618e-14]}, 202004], [0.09754200795670145, {"__complex__": [2845.54736328125, 4.147728066225282e-15]}, 224538], [0.10254171329034444, {"__complex__": [3323.772705078125, 7.50951543651698e-15]}, 248038], [0.10754099109209159, {"__complex__": [2845.92333984375, -5.119482379798042e-15]}, 272876], [0.11253870054955198, {"__complex__": [261.84039306640625, 2.4952211656473558e-14]}, 298594], [0.11753608765430268, {"__complex__": [633.1824340820312, 0.0]}, 325916], [0.12253572907412832, {"__complex__": [-2916.065185546875, 1.248478029264961e-14]}, 354334], [0.1275331697481456, {"__complex__": [-863.6161499023438, 4.857925381949492e-15]}, 383424], [0.13252928315027618, {"__complex__": [-263.75030517578125, -1.1241612058821102e-14]}, 414230], [0.13752809598823948, {"__complex__": [1418.1138916015625, 1.2518617564826525e-14]}, 446370], [0.1425292748907053, {"__complex__": [807.8716430664062, 7.768174734652973e-15]}, 479558], [0.14752984329410787, {"__complex__": [-1344.321533203125, -9.067814866833162e-16]}, 513532], [0.15252898535896237, {"__complex__": [-907.294921875, 3.393229021535541e-15]}, 548930], [0.15752847498756622, {"__complex__": [-475.48309326171875, 0.0]}, 585548], [0.16252705956276423, {"__complex__": [1252.47265625, 1.0462719524041621e-14]}, 623094], [0.16752723347134682, {"__complex__": [1809.2900390625, -5.622061332238382e-15]}, 662620], [0.17252557298757182, {"__complex__": [1449.556396484375, -2.6545735163659547e-15]}, 701674], [0.1775232051718564, {"__complex__": [1490.24658203125, 6.260874205178907e-16]}, 743764], [0.1825215844754662, {"__complex__": [-327.9555969238281, -5.92730956005573e-15]}, 785620], [0.18752064712987349, {"__complex__": [-36.19630813598633, -5.609701003955574e-15]}, 830100], [0.19252067437217257, {"__complex__": [550.7997436523438, 3.1952312584665856e-15]}, 874418], [0.19751987908784707, {"__complex__": [1636.3870849609375, -8.092457910377493e-15]}, 920682], [0.20251936794243589, {"__complex__": [-373.6878662109375, -9.62390470219982e-16]}, 967718], [0.20751955964231095, {"__complex__": [675.4996337890625, 3.664575814430219e-15]}, 1016568], [0.2125192859071403, {"__complex__": [-310.0447082519531, -9.614978457243416e-15]}, 1065478], [0.21751870204394746, {"__complex__": [-642.1942138671875, 4.169976657134337e-15]}, 1116700], [0.22251763655620238, {"__complex__": [886.0712280273438, -3.189662863871336e-15]}, 1167926], [0.2275173612096972, {"__complex__": [89.92681121826172, -4.5726514615778216e-15]}, 1222034], [0.23251753944930767, {"__complex__": [199.46780395507812, -6.5710833990892045e-15]}, 1275574], [0.237518608068736, {"__complex__": [-574.2139282226562, 3.4953572662936496e-15]}, 1332228], [0.24251933382685822, {"__complex__": [253.2781982421875, 1.3423753795888918e-15]}, 1387574], [0.2475188275283454, {"__complex__": [-54.23468780517578, 5.152531064301063e-15]}, 1446004], [0.2525176353551358, {"__complex__": [-174.63662719726562, -1.2384592600373661e-15]}, 1504002], [0.25751592740199597, {"__complex__": [-984.2820434570312, -1.1903498003365716e-15]}, 1564788], [0.2625152321376914, {"__complex__": [-137.71527099609375, 2.434098039975712e-15]}, 1626114], [0.2675142035428968, {"__complex__": [245.0330810546875, 8.273598659004904e-16]}, 1688484], [0.27251407722071946, {"__complex__": [58.09272766113281, 1.0625956325504681e-15]}, 1752920], [0.277514999580621, {"__complex__": [344.7060546875, 0.0]}, 1817892], [0.28251513318998955, {"__complex__": [-334.2536926269531, -3.4615297349956282e-15]}, 1883346], [0.2875150555774266, {"__complex__": [-125.17173767089844, -5.250652631460422e-15]}, 1951100], [0.2925143032383768, {"__complex__": [-451.0096435546875, 5.3060083521458586e-15]}, 2018506], [0.2975129983065177, {"__complex__": [601.5814819335938, -3.2327711234141857e-15]}, 2088638], [0.30251265006104155, {"__complex__": [458.14739990234375, -1.832673730722584e-15]}, 2159752], [0.3075131135075962, {"__complex__": [-741.731689453125, -5.006998521985039e-15]}, 2232050], [0.31251255553945134, {"__complex__": [-658.8768310546875, 1.4147400512507869e-15]}, 2304048], [0.3175120364779517, {"__complex__": [-134.02354431152344, 1.5655427266855087e-15]}, 2379552], [0.3225126598898453, {"__complex__": [-299.2920227050781, 3.509090846742194e-15]}, 2454976], [0.3275133985704822, {"__complex__": [-844.63623046875, -2.7586721715176137e-15]}, 2531986], [0.33251410375899365, {"__complex__": [-575.7173461914062, 