{"edges": {"__dtype__": "<f8", "__shape__": [128], "__data__": [0.0, 0.005, 0.01, 0.015, 0.02, 0.025, 0.03, 0.035, 0.04, 0.045, 0.05, 0.055, 0.06, 0.065, 0.07, 0.075, 0.08, 0.085, 0.09, 0.095, 0.1, 0.105, 0.11, 0.115, 0.12, 0.125, 0.13, 0.135, 0.14, 0.145, 0.15, 0.155, 0.16, 0.165, 0.17, 0.17500000000000002, 0.18, 0.185, 0.19, 0.195, 0.2, 0.20500000000000002, 0.21, 0.215, 0.22, 0.225, 0.23, 0.23500000000000001, 0.24, 0.245, 0.25, 0.255, 0.26, 0.265, 0.27, 0.275, 0.28, 0.28500000000000003, 0.29, 0.295, 0.3, 0.305, 0.31, 0.315, 0.32, 0.325, 0.33, 0.335, 0.34, 0.34500000000000003, 0.35000000000000003, 0.355, 0.36, 0.365, 0.37, 0.375, 0.38, 0.385, 0.39, 0.395, 0.4, 0.405, 0.41000000000000003, 0.41500000000000004, 0.42, 0.425, 0.43, 0.435, 0.44, 0.445, 0.45, 0.455, 0.46, 0.465, 0.47000000000000003, 0.47500000000000003, 0.48, 0.485, 0.49, 0.495, 0.5, 0.505, 0.51, 0.515, 0.52, 0.525, 0.53, 0.535, 0.54, 0.545, 0.55, 0.555, 0.56, 0.5650000000000001, 0.5700000000000001, 0.5750000000000001, 0.58, 0.585, 0.59, 0.595, 0.6, 0.605, 0.61, 0.615, 0.62, 0.625, 0.63, 0.635]}, "poles": {"__dtype__": [["k", "<f8"], ["power_0", "<c8"], ["modes", "<i8"]], "__shape__": [127], "__data__": [[0.0037537781648676505, {"__complex__": [97553.875, -1.8898591188070551e-13]}, 77], [0.008050398333474014, {"__complex__": [91669.640625, 9.543056042659107e-14]}, 548], [0.012848609532355457, {"__complex__": [104968.5546875, -4.75679540787137e-14]}, 1480], [0.017751579213119567, {"__complex__": [115350.8828125, 1.8030764937213874e-14]}, 2872], [0.022691827324042853, {"__complex__": [112736.546875, -4.056814749447057e-15]}, 4736], [0.027648005536595924, {"__complex__": [104067.0625, 1.2663737602097236e-15]}, 7036], [0.032612636555868525, {"__complex__": [99237.5625, 1.7544728961749884e-14]}, 9838], [0.03761114292794433, {"__complex__": [100663.5, 4.790568474950883e-15]}, 13208], [0.04261303922036164, {"__complex__": [95318.140625, -8.62519758848719e-15]}, 16858], [0.04760505554480107, {"__complex__": [94530.78125, 2.3320161702714655e-15]}, 21080], [0.05259133615803475, {"__complex__": [92567.5, 1.0606563506177294e-15]}, 25624], [0.05756841184374016, {"__complex__": [91136.5234375, -1.2926106057509256e-15]}, 30728], [0.06256248327880025, {"__complex__": [91569.4296875, 8.947732064692104e-16]}, 36498], [0.06756661487904435, {"__complex__": [89230.484375, -1.892474892073448e-15]}, 42528], [0.07257304507008182, {"__complex__": [87449.8359375, -3.5518463170625125e-16]}, 49152], [0.07756473030387098, {"__complex__": [85835.640625, 2.28048226224404e-15]}, 55744], [0.08254764044823601, {"__complex__": [83398.09375, 1.9508350386227957e-15]}, 63346], [0.08754405971893497, {"__complex__": [83874.90625, 6.501463855330242e-16]}, 71388], [0.09254365223263855, {"__complex__": [83200.7421875, -1.4173083610259803e-15]}, 79762], [0.09754150838846357, {"__complex__": [80364.9453125, -2.05731978558687e-15]}, 88564], [0.10254123052801507, {"__complex__": [79401.15625, -7.264376372405942e-16]}, 97988], [0.10754181638082774, {"__complex__": [79701.4375, 1.0266151552587631e-15]}, 107708], [0.11254085353408888, {"__complex__": [79048.9453125, 7.328477178876187e-16]}, 117952], [0.11753281793039293, {"__complex__": [80197.6171875, 6.685015895000249e-16]}, 128288], [0.12252442444514552, {"__complex__": [78365.703125, 1.2669871179426541e-15]}, 139770], [0.12753052839909865, {"__complex__": [78602.0625, -8.434175988771822e-16]}, 151946], [0.13253665927256145, {"__complex__": [79026.78125, -8.373685660239248e-16]}, 163582], [0.13753197887556465, {"__complex__": [77637.8125, 5.915972976968796e-16]}, 175940], [0.1425260716253757, {"__complex__": [77465.4140625, -2.6835282259370997e-16]}, 189064], [0.14752506711896965, {"__complex__": [77395.921875, -5.710294120610792e-18]}, 202824], [0.1525272624752809, {"__complex__": [76586.8984375, -8.661958103713978e-17]}, 216806], [0.15752484634575162, {"__complex__": [76323.234375, 1.3856676835093123e-16]}, 230876], [0.16252366735405163, {"__complex__": [76432.7890625, 7.138410529399509e-17]}, 246232], [0.1675242007800524, {"__complex__": [76458.390625, 2.1190122656298345e-16]}, 261330], [0.17252326579974073, {"__complex__": [76495.4453125, -5.048920406006141e-16]}, 277280], [0.17752110470595878, {"__complex__": [76045.890625, 1.7665990463176605e-16]}, 293320], [0.1825207522633753, {"__complex__": [75761.5546875, 5.661024000779133e-16]}, 310574], [0.18752231962759572, {"__complex__": [76127.6484375, 4.451209489193776e-16]}, 327560], [0.19252167162300435, {"__complex__": [75202.375, -8.797716805643529e-18]}, 345268], [0.19752225984779248, {"__complex__": [74978.578125, -4.0379863187603373e-16]}, 363544], [0.20251992290984697, {"__complex__": [75224.453125, 2.1837935439591904e-17]}, 381660], [0.20751551078768798, {"__complex__": [75342.4921875, -3.6142750275553186e-16]}, 400854], [0.21251512379553542, {"__complex__": [75476.7890625, -6.239041401567835e-16]}, 421010], [0.21751870975885984, {"__complex__": [74522.5859375, -3.8526119009392026e-17]}, 441160], [0.2225209082741387, {"__complex__": [74753.890625, 2.042693273593242e-16]}, 461296], [0.22752039891934017, {"__complex__": [74823.65625, -3.4246367914614936e-16]}, 482192], [0.23252118259031918, {"__complex__": [74710.75, -1.2524504443809942e-16]}, 503860], [0.23751936566507853, {"__complex__": [75186.4765625, -1.8931968553120843e-16]}, 525024], [0.24251707186595864, {"__complex__": [75025.5703125, 6.12651453036298e-17]}, 547954], [0.24751627666670906, {"__complex__": [74887.3515625, -7.256659637558659e-17]}, 570544], [0.2525167544702008, {"__complex__": [74380.5546875, -4.466803365752727e-16]}, 594374], [0.25751857595461863, {"__complex__": [73923.9609375, 2.4398098478368437e-16]}, 617900], [0.2625190906945416, {"__complex__": [74281.6015625, 9.312300074448479e-17]}, 642106], [0.2675172479110602, {"__complex__": [73956.75, 3.800017706185162e-16]}, 666112], [0.272514629608296, {"__complex__": [74290.171875, 2.79169459799927e-16]}, 691786], [0.27751615229387816, {"__complex__": [73874.578125, -4.750803983846438e-16]}, 717996], [0.28251644607381426, {"__complex__": [73986.578125, -3.4600440921457034e-16]}, 743152], [0.2875152531419474, {"__complex__": [74136.21875, 1.6135446926113407e-16]}, 770192], [0.2925134012698469, {"__complex__": [73906.3984375, -1.3235077736283615e-16]}, 796430], [0.2975118362281548, {"__complex__": [74073.5, 1.95424662263654e-16]}, 824820], [0.3025125080826814, {"__complex__": [73936.640625, -9.438905030283395e-17]}, 852562], [0.30751063191170563, {"__complex__": [73589.1171875, 8.417029262592536e-17]}, 880372], [0.3125111278203564, {"__complex__": [73519.53125, -3.8495935188839966e-18]}, 910652], [0.31751269361539736, {"__complex__": [74095.21875, -3.0575100142854713e-17]}, 938996], [0.3225130904459611, {"__complex__": [73743.84375, -8.895784857525978e-17]}, 969352], [0.32751158760760724, {"__complex__": [73546.578125, 7.510795329770061e-17]}, 998344], [0.3325089848249692, {"__complex__": [73927.515625, -1.4183558760839379e-16]}, 1029922], [0.33751027924368393, {"__complex__": [73638.7109375, 3.2130371086277326e-16]}, 1061918], [0.34251253316973607, {"__complex__": [73667.875, 1.2196456524272232e-16]}, 1093272], [0.34751415893089227, {"__complex__": [73637.125, -6.114106159430194e-17]}, 1125464], [0.352514235068077, {"__complex__": [73569.2265625, 3.6584006795469394e-16]}, 1157380], [0.357512374484406, {"__complex__": [73668.6796875, -2.0601416229110885e-16]}, 1190172], [0.3625118834929162, {"__complex__": [73677.5078125, -9.338184210176489e-17]}, 1224650], [0.3675116774700016, {"__complex__": [74000.9921875, -1.7668329068204415e-16]}, 1257864], [0.3725098709245497, {"__complex__": [73350.953125, -1.9462493081254793e-16]}, 1292312], [0.37751067052804127, {"__complex__": [73043.0078125, 8.851389081433522e-17]}, 1328534], [0.3825116981355865, {"__complex__": [73337.1640625, -1.3115746675883245e-16]}, 1362848], [0.3875116125361288, {"__complex__": [73457.484375, -1.6290142935550624e-16]}, 1399204], 