{"edges": {"__dtype__": "<f8", "__shape__": [128], "__data__": [0.0, 0.005, 0.01, 0.015, 0.02, 0.025, 0.03, 0.035, 0.04, 0.045, 0.05, 0.055, 0.06, 0.065, 0.07, 0.075, 0.08, 0.085, 0.09, 0.095, 0.1, 0.105, 0.11, 0.115, 0.12, 0.125, 0.13, 0.135, 0.14, 0.145, 0.15, 0.155, 0.16, 0.165, 0.17, 0.17500000000000002, 0.18, 0.185, 0.19, 0.195, 0.2, 0.20500000000000002, 0.21, 0.215, 0.22, 0.225, 0.23, 0.23500000000000001, 0.24, 0.245, 0.25, 0.255, 0.26, 0.265, 0.27, 0.275, 0.28, 0.28500000000000003, 0.29, 0.295, 0.3, 0.305, 0.31, 0.315, 0.32, 0.325, 0.33, 0.335, 0.34, 0.34500000000000003, 0.35000000000000003, 0.355, 0.36, 0.365, 0.37, 0.375, 0.38, 0.385, 0.39, 0.395, 0.4, 0.405, 0.41000000000000003, 0.41500000000000004, 0.42, 0.425, 0.43, 0.435, 0.44, 0.445, 0.45, 0.455, 0.46, 0.465, 0.47000000000000003, 0.47500000000000003, 0.48, 0.485, 0.49, 0.495, 0.5, 0.505, 0.51, 0.515, 0.52, 0.525, 0.53, 0.535, 0.54, 0.545, 0.55, 0.555, 0.56, 0.5650000000000001, 0.5700000000000001, 0.5750000000000001, 0.58, 0.585, 0.59, 0.595, 0.6, 0.605, 0.61, 0.615, 0.62, 0.625, 0.63, 0.635]}, "poles": {"__dtype__": [["k", "<f8"], ["power_0", "<c8"], ["modes", "<i8"]], "__shape__": [127], "__data__": [[0.0037537781648676505, {"__complex__": [105193.3828125, -1.5118872950456441e-12]}, 77], [0.008050398333474014, {"__complex__": [124022.734375, -4.779826165944578e-13]}, 548], [0.012848609532355457, {"__complex__": [118416.4296875, -3.9329501569547454e-14]}, 1480], [0.017751579213119567, {"__complex__": [113988.0703125, -4.0534582119869725e-14]}, 2872], [0.022691827324042853, {"__complex__": [116228.703125, -2.458093848096716e-14]}, 4736], [0.027648005536595924, {"__complex__": [113852.6328125, -3.3091337694112974e-14]}, 7036], [0.032612636555868525, {"__complex__": [112035.1328125, 7.987430568302464e-14]}, 9838], [0.03761114292794433, {"__complex__": [108504.7734375, -8.814000385397227e-15]}, 13208], [0.04261303922036164, {"__complex__": [101834.03125, -3.452821389264907e-14]}, 16858], [0.04760505554480107, {"__complex__": [100552.0234375, 3.3135291927811894e-14]}, 21080], [0.05259133615803475, {"__complex__": [98571.3203125, -3.2938302557466645e-14]}, 25624], [0.05756841184374016, {"__complex__": [97490.2421875, -7.577149323289342e-15]}, 30728], [0.06256248327880025, {"__complex__": [91992.9140625, -9.56890664117636e-15]}, 36498], [0.06756661487904435, {"__complex__": [92337.6640625, -1.6424283943517262e-14]}, 42528], [0.07257304507008182, {"__complex__": [91360.1015625, -4.736951712906159e-15]}, 49152], [0.07756473030387098, {"__complex__": [91834.7109375, 1.3574547471598575e-14]}, 55744], [0.08254764044823601, {"__complex__": [88360.46875, 9.18884528708396e-16]}, 63346], [0.08754405971893497, {"__complex__": [86935.75, -4.076851737330831e-15]}, 71388], [0.09254365223263855, {"__complex__": [89010.265625, -1.824417065310986e-15]}, 79762], [0.09754150838846357, {"__complex__": [88115.0546875, 2.6289535225685907e-15]}, 88564], [0.10254123052801507, {"__complex__": [85591.5, 4.752227528593417e-15]}, 97988], [0.10754181638082774, {"__complex__": [84381.1796875, -5.4042095404022595e-15]}, 107708], [0.11254085353408888, {"__complex__": [84452.4765625, 0.0]}, 117952], [0.11753281793039293, {"__complex__": [85344.953125, -9.07452972052252e-16]}, 128288], [0.12252442444514552, {"__complex__": [84699.453125, 1.4992313759811665e-14]}, 139770], [0.12753052839909865, {"__complex__": [85302.4765625, 3.83081238307598e-15]}, 151946], [0.13253665927256145, {"__complex__": [83563.953125, -4.269980331502495e-15]}, 163582], [0.13753197887556465, {"__complex__": [84038.84375, -3.639219459637688e-15]}, 175940], [0.1425260716253757, {"__complex__": [82510.28125, -6.311391991306982e-15]}, 189064], [0.14752506711896965, {"__complex__": [81682.0703125, 8.60958168907161e-16]}, 202824], [0.1525272624752809, {"__complex__": [81693.2421875, 2.1478246207262816e-15]}, 216806], [0.15752484634575162, {"__complex__": [81017.5, 4.0338648152576755e-15]}, 230876], [0.16252366735405163, {"__complex__": [82170.1484375, -2.3639355480975597e-16]}, 246232], [0.1675242007800524, {"__complex__": [81875.8359375, -4.009252155392834e-15]}, 261330], [0.17252326579974073, {"__complex__": [81001.8125, -2.099237540322354e-15]}, 277280], [0.17752110470595878, {"__complex__": [80489.3671875, -3.968884682709062e-15]}, 293320], [0.1825207522633753, {"__complex__": [81094.90625, 1.124517764401257e-15]}, 310574], [0.18752231962759572, {"__complex__": [80755.6171875, 7.818833234129411e-15]}, 327560], [0.19252167162300435, {"__complex__": [80349.1953125, -8.42934472459892e-16]}, 345268], [0.19752225984779248, {"__complex__": [79733.625, 1.280893916628912e-15]}, 363544], [0.20251992290984697, {"__complex__": [79219.46875, -1.2200945269497088e-15]}, 381660], [0.20751551078768798, {"__complex__": [79310.3203125, 8.712548072931027e-16]}, 400854], [0.21251512379553542, {"__complex__": [80086.390625, -2.765143820871992e-16]}, 421010], [0.21751870975885984, {"__complex__": [80115.2734375, 1.055538365792182e-15]}, 441160], [0.2225209082741387, {"__complex__": [79470.2578125, 2.523657639285547e-16]}, 461296], [0.22752039891934017, {"__complex__": [80216.8828125, 2.0521499199933034e-15]}, 482192], [0.23252118259031918, {"__complex__": [79891.6875, -1.6173287328938605e-15]}, 503860], [0.23751936566507853, {"__complex__": [79739.515625, 1.3304000277806105e-15]}, 525024], [0.24251707186595864, {"__complex__": [79719.15625, -4.2490910167155465e-16]}, 547954], [0.24751627666670906, {"__complex__": [79962.515625, 3.0606400524884822e-15]}, 570544], [0.2525167544702008, {"__complex__": [79323.2734375, -2.4482758892050913e-15]}, 594374], [0.25751857595461863, {"__complex__": [79371.2734375, -2.260857567647342e-15]}, 617900], [0.2625190906945416, {"__complex__": [79080.7578125, 7.252093865275163e-16]}, 642106], [0.2675172479110602, {"__complex__": [79223.1640625, -1.7476839271027451e-15]}, 666112], [0.272514629608296, {"__complex__": [79138.7890625, -9.88658338342877e-16]}, 691786], [0.27751615229387816, {"__complex__": [79003.796875, 1.621392373458313e-15]}, 717996], [0.28251644607381426, {"__complex__": [78763.1875, -1.1748806493791031e-15]}, 743152], [0.2875152531419474, {"__complex__": [79028.4375, -3.0230208840811954e-16]}, 770192], [0.2925134012698469, {"__complex__": [79352.7578125, -1.6078859037187512e-15]}, 796430], [0.2975118362281548, {"__complex__": [78931.234375, 7.057013707193025e-16]}, 824820], [0.3025125080826814, {"__complex__": [79343.359375, 0.0]}, 852562], [0.30751063191170563, {"__complex__": [79315.5390625, 6.611712075558086e-16]}, 880372], [0.3125111278203564, {"__complex__": [79300.0703125, 1.6938446071511305e-15]}, 910652], [0.31751269361539736, {"__complex__": [78575.1640625, -2.7895164527754054e-15]}, 938996], [0.3225130904459611, {"__complex__": [78710.1953125, -2.2818243859489646e-15]}, 969352], [0.32751158760760724, {"__complex__": [78480.2734375, -9.328674544807885e-16]}, 998344], [0.3325089848249692, {"__complex__": [78463.140625, -2.260662908888151e-16]}, 1029922], [0.33751027924368393, {"__complex__": [78621.8203125, 1.000350145872065e-15]}, 1061918], [0.34251253316973607, {"__complex__": [78952.4765625, 4.259336144910383e-16]}, 1093272], [0.34751415893089227, {"__complex__": [78810.015625, 4.137505013826633e-16]}, 1125464], [0.352514235068077, {"__complex__": [78791.546875, -6.035113454956034e-16]}, 1157380], [0.357512374484406, {"__complex__": [78449.7734375, -4.8906931294467103e-17]}, 1190172], [0.3625118834929162, {"__complex__": [78915.8671875, -5.228303984784472e-16]}, 1224650], [0.3675116774700016, {"__complex__": [78673.5078125, 1.8510001885089372e-16]}, 1257864], [0.3725098709245497, {"__complex__": [78529.5703125, -1.8016597252379861e-16]}, 1292312], [0.37751067052804127, {"__complex__": [78636.1484375, -2.6288072505665117e-16]}, 1328534], [0.3825116981355865, {"__complex__": [78563.3046875, 2.5626185078812846e-16]}, 1362848], [0.3875116125361288, {"__complex__": [78416.359375, -3.3280443305301654e-16]}, 1399204], 