{"edges": {"__dtype__": "<f8", "__shape__": [116], "__data__": [0.0, 0.005, 0.01, 0.015, 0.02, 0.025, 0.03, 0.035, 0.04, 0.045, 0.05, 0.055, 0.06, 0.065, 0.07, 0.075, 0.08, 0.085, 0.09, 0.095, 0.1, 0.105, 0.11, 0.115, 0.12, 0.125, 0.13, 0.135, 0.14, 0.145, 0.15, 0.155, 0.16, 0.165, 0.17, 0.17500000000000002, 0.18, 0.185, 0.19, 0.195, 0.2, 0.20500000000000002, 0.21, 0.215, 0.22, 0.225, 0.23, 0.23500000000000001, 0.24, 0.245, 0.25, 0.255, 0.26, 0.265, 0.27, 0.275, 0.28, 0.28500000000000003, 0.29, 0.295, 0.3, 0.305, 0.31, 0.315, 0.32, 0.325, 0.33, 0.335, 0.34, 0.34500000000000003, 0.35000000000000003, 0.355, 0.36, 0.365, 0.37, 0.375, 0.38, 0.385, 0.39, 0.395, 0.4, 0.405, 0.41000000000000003, 0.41500000000000004, 0.42, 0.425, 0.43, 0.435, 0.44, 0.445, 0.45, 0.455, 0.46, 0.465, 0.47000000000000003, 0.47500000000000003, 0.48, 0.485, 0.49, 0.495, 0.5, 0.505, 0.51, 0.515, 0.52, 0.525, 0.53, 0.535, 0.54, 0.545, 0.55, 0.555, 0.56, 0.5650000000000001, 0.5700000000000001, 0.5750000000000001]}, "poles": {"__dtype__": [["k", "<f8"], ["power_0", "<c8"], ["modes", "<i8"]], "__shape__": [115], "__data__": [[0.0037054420134658554, {"__complex__": [112170.875, 2.1038912799420384e-12]}, 83], [0.008002706039259398, {"__complex__": [94394.09375, 9.766386104784891e-14]}, 596], [0.012849701484846114, {"__complex__": [94823.28125, -4.415022695851943e-14]}, 1648], [0.0177641384261076, {"__complex__": [107263.28125, -1.7521316971087775e-13]}, 3156], [0.022684229681789413, {"__complex__": [108858.1796875, -1.0402257804046841e-13]}, 5176], [0.027646384376179004, {"__complex__": [101787.6171875, -7.458696000780564e-15]}, 7804], [0.032636129245414154, {"__complex__": [99093.0625, 0.0]}, 10874], [0.037622935176432226, {"__complex__": [94801.015625, 2.8213102156154218e-14]}, 14442], [0.0426065943302704, {"__complex__": [97241.3046875, -1.2555578694512914e-14]}, 18544], [0.047584168879418735, {"__complex__": [91991.9609375, 0.0]}, 23040], [0.052572163944886785, {"__complex__": [88829.8203125, 8.20808891910602e-15]}, 28366], [0.05756591012932392, {"__complex__": [88149.1171875, -6.88481423835683e-15]}, 33818], [0.06255885577973451, {"__complex__": [88032.90625, 2.6108594588592285e-14]}, 40130], [0.06756290621144688, {"__complex__": [87999.5546875, -9.941955197740205e-15]}, 46838], [0.07256050504780319, {"__complex__": [87012.796875, 7.029127053228808e-15]}, 53826], [0.0775516441986681, {"__complex__": [84584.953125, 1.6067976146122952e-14]}, 61584], [0.08254999402587553, {"__complex__": [82104.7109375, -8.33156684105791e-15]}, 69864], [0.08754547074829418, {"__complex__": [80596.046875, 2.598423702292467e-15]}, 78404], [0.09254370656486871, {"__complex__": [80349.2421875, 1.3243762470970932e-14]}, 87902], [0.09754153604884025, {"__complex__": [79093.3203125, -9.570676940036122e-15]}, 97310], [0.10253422913940137, {"__complex__": [78735.8671875, 1.8913328799023124e-15]}, 107716], [0.1075359850070505, {"__complex__": [80108.3203125, -3.4339645300348947e-15]}, 118654], [0.11253957840084304, {"__complex__": [78060.5546875, 8.96122826415718e-15]}, 129910], [0.11753653834673844, {"__complex__": [77380.8984375, -6.587557766396827e-15]}, 141376], [0.12253336603812491, {"__complex__": [79174.5078125, 5.293049171569341e-15]}, 153958], [0.12753369323485178, {"__complex__": [78579.4140625, 4.1896612793120534e-15]}, 166718], [0.1325298054599073, {"__complex__": [77236.9296875, -1.6186239521493308e-15]}, 179806], [0.13753126919241337, {"__complex__": [77434.8515625, -2.9960397083375937e-16]}, 194282], [0.14252978867508304, {"__complex__": [77334.328125, -1.1205956842181143e-15]}, 207774], [0.14752584639061916, {"__complex__": [77142.484375, 3.649742573457902e-15]}, 223278], [0.1525273402624495, {"__complex__": [75277.203125, -5.8574729641040334e-15]}, 238496], [0.15752777994300757, {"__complex__": [75401.6015625, -2.745169619305433e-15]}, 254444], [0.16252677921627748, {"__complex__": [75920.7109375, -3.010570452668623e-15]}, 270682], [0.16752582095517576, {"__complex__": [74721.3671875, -1.6185091791849778e-15]}, 287710], [0.1725259295419247, {"__complex__": [74315.9140625, 4.577243650701361e-15]}, 305202], [0.17752572093623975, {"__complex__": [74915.71875, 0.0]}, 323008], [0.18252702152554795, {"__complex__": [73699.2578125, -3.405828954263304e-16]}, 341812], [0.18752508561671835, {"__complex__": [74471.09375, -3.2335791928458663e-15]}, 360020], [0.19252006361125312, {"__complex__": [74420.328125, -3.065755549154747e-16]}, 379728], [0.19751626124600596, {"__complex__": [74206.4765625, 2.0754119858237483e-15]}, 399660], [0.20251335405021748, {"__complex__": [73735.9375, -1.1078732493503547e-15]}, 420320], [0.20751594275294782, {"__complex__": [73868.1328125, 5.26682757262119e-16]}, 442070], [0.21251689533718626, {"__complex__": [73769.7578125, 7.548913797629975e-16]}, 462644], [0.21751895130525958, {"__complex__": [73807.921875, 1.0783189992712313e-15]}, 485820], [0.22252064263763735, {"__complex__": [74078.78125, 1.8358274461434485e-15]}, 507304], [0.22751949683857262, {"__complex__": [73349.328125, 5.263929872908633e-15]}, 530776], [0.23252062744923513, {"__complex__": [73612.0625, -2.519248779855529e-15]}, 554524], [0.23751988845699762, {"__complex__": [73133.7109375, 2.3161897831684925e-15]}, 578008], [0.24251952417933192, {"__complex__": [73460.8984375, -2.7016247142782734e-15]}, 603272], [0.24751886354741093, {"__complex__": [73182.984375, -1.112694772644363e-15]}, 627748], [0.2525158523431189, {"__complex__": [73123.5625, -3.2075049776305372e-15]}, 653304], [0.2575140585584922, {"__complex__": [72987.6015625, -5.650431430257244e-15]}, 679896], [0.2625126084722789, {"__complex__": [73193.828125, -6.594909588862521e-16]}, 706092], [0.26751303339828036, {"__complex__": [73436.9296875, 3.8051578726860154e-15]}, 734258], [0.2725141980302592, {"__complex__": [72847.921875, -3.058771762504635e-16]}, 761190], [0.27751499291909654, {"__complex__": [72928.0859375, 5.894700273894097e-16]}, 789966], [0.2825156597003922, {"__complex__": [73103.90625, 8.536432982537913e-16]}, 818248], [0.2875141801620819, {"__complex__": [73315.7734375, 2.1990463971126436e-15]}, 847024], [0.29251195304227423, {"__complex__": [73155.53125, -1.0619365350383859e-15]}, 877004], [0.2975142527009851, {"__complex__": [73439.5234375, -8.968803068046239e-16]}, 908602], [0.30251615798691667, {"__complex__": [72974.671875, -1.427568047599598e-15]}, 937802], [0.30751506635382575, {"__complex__": [72747.1875, -3.601565562879564e-16]}, 969706], [0.31251223811931306, {"__complex__": [73216.609375, 4.656817737414692e-16]}, 999956], [0.3175098816792195, {"__complex__": [72908.2421875, 1.1258082190963989e-15]}, 1034060], [0.3225110492752749, {"__complex__": [72833.7734375, -4.3667235113588755e-16]}, 1066386], [0.3275123331358606, {"__complex__": [72713.3359375, -1.3490184472359705e-15]}, 1100278], [0.3325123291547583, {"__complex__": [72705.7265625, -1.2329192410458494e-15]}, 1133070], [0.3375117534479973, {"__complex__": [72781.4140625, 3.78721898541259e-15]}, 1168082], [0.3425129583700723, {"__complex__": [72233.9140625, 1.548001415501701e-15]}, 1203258], [0.3475132726509487, {"__complex__": [72558.53125, 1.3166026022236668e-15]}, 1237894], [0.35251300538197095, {"__complex__": [73008.421875, 1.461902528116551e-15]}, 1274124], [0.3575125695577228, {"__complex__": [72478.7265625, 7.108019384298718e-16]}, 1310242], [0.36251151779301266, {"__complex__": [72569.546875, -2.6793655354573776e-15]}, 1346914], [0.3675115630015573, {"__complex__": [72704.328125, -1.6807090319633476e-15]}, 1385312], [0.3725118957087531, {"__complex__": [72628.6953125, 1.3095914987610062e-15]}, 1422310], [0.37751124096797295, {"__complex__": [72530.1640625, -1.912107633483145e-15]}, 1461198], [0.3825103314725004, {"__complex__": [72381.2890625, -1.3974310388527636e-15]}, 1499520], [0.38750966779422413, {"__complex__": [72213.234375, -1.2097518311472602e-15]}, 1539692], [0.3925103292814964, {"__complex__": [72361.0078125, -1.7684235288162667e-15]}, 1579920], 