{"poles": {"dims": ["k"], "edges": [{"__dtype__": "<f8", "__shape__": [94], "__data__": [0.0, 0.005, 0.01, 0.015, 0.02, 0.025, 0.03, 0.035, 0.04, 0.045, 0.05, 0.055, 0.06, 0.065, 0.07, 0.075, 0.08, 0.085, 0.09, 0.095, 0.1, 0.105, 0.11, 0.115, 0.12, 0.125, 0.13, 0.135, 0.14, 0.145, 0.15, 0.155, 0.16, 0.165, 0.17, 0.17500000000000002, 0.18, 0.185, 0.19, 0.195, 0.2, 0.20500000000000002, 0.21, 0.215, 0.22, 0.225, 0.23, 0.23500000000000001, 0.24, 0.245, 0.25, 0.255, 0.26, 0.265, 0.27, 0.275, 0.28, 0.28500000000000003, 0.29, 0.295, 0.3, 0.305, 0.31, 0.315, 0.32, 0.325, 0.33, 0.335, 0.34, 0.34500000000000003, 0.35000000000000003, 0.355, 0.36, 0.365, 0.37, 0.375, 0.38, 0.385, 0.39, 0.395, 0.4, 0.405, 0.41000000000000003, 0.41500000000000004, 0.42, 0.425, 0.43, 0.435, 0.44, 0.445, 0.45, 0.455, 0.46, 0.465]}], "coords": [{"__dtype__": "<f8", "__shape__": [93], "__data__": [0.0025, 0.0075, 0.0125, 0.0175, 0.0225, 0.0275, 0.0325, 0.037500000000000006, 0.042499999999999996, 0.0475, 0.052500000000000005, 0.057499999999999996, 0.0625, 0.0675, 0.07250000000000001, 0.0775, 0.0825, 0.0875, 0.0925, 0.0975, 0.10250000000000001, 0.1075, 0.1125, 0.1175, 0.1225, 0.1275, 0.1325, 0.1375, 0.14250000000000002, 0.1475, 0.1525, 0.1575, 0.1625, 0.1675, 0.17250000000000001, 0.1775, 0.1825, 0.1875, 0.1925, 0.1975, 0.2025, 0.20750000000000002, 0.2125, 0.2175, 0.2225, 0.2275, 0.2325, 0.2375, 0.2425, 0.2475, 0.2525, 0.2575, 0.2625, 0.2675, 0.2725, 0.2775, 0.28250000000000003, 0.2875, 0.2925, 0.2975, 0.3025, 0.3075, 0.3125, 0.3175, 0.3225, 0.3275, 0.3325, 0.3375, 0.3425, 0.34750000000000003, 0.35250000000000004, 0.3575, 0.3625, 0.3675, 0.3725, 0.3775, 0.3825, 0.3875, 0.3925, 0.3975, 0.4025, 0.40750000000000003, 0.41250000000000003, 0.4175, 0.4225, 0.4275, 0.4325, 0.4375, 0.4425, 0.4475, 0.4525, 0.4575, 0.4625]}], "data": {"__dtype__": [["k", "<f8"], ["power_0", "<c8"], ["modes", "<i8"]], "__shape__": [93], "__data__": [[0.0037081367915242675, {"__complex__": [110392.78125, -5.618868001086574e-13]}, 191], [0.008018577791264523, {"__complex__": [101125.59375, -5.272433151962824e-14]}, 1380], [0.012844085612331841, {"__complex__": [120522.1015625, -1.389572864326366e-13]}, 3770], [0.01775141230162106, {"__complex__": [113700.8203125, 4.311826977822057e-14]}, 7256], [0.022691010615224643, {"__complex__": [117421.0546875, 0.0]}, 12010], [0.027661296094027222, {"__complex__": [109935.9453125, 1.9484822352052074e-14]}, 17924], [0.03263163473973046, {"__complex__": [102810.484375, 9.346874741745538e-15]}, 24910], [0.03760885918999335, {"__complex__": [103940.1015625, 0.0]}, 33240], [0.04258994605322728, {"__complex__": [98736.765625, 7.521076589214054e-15]}, 42566], [0.047583805693835864, {"__complex__": [96600.703125, 1.687083971330973e-14]}, 53478], [0.052589415944125126, {"__complex__": [94559.25, 8.919620311722155e-15]}, 65258], [0.057576993125266096, {"__complex__": [91340.9453125, -2.6938290465482184e-14]}, 77788], [0.0625679362273907, {"__complex__": [92461.59375, 3.7781646267229154e-15]}, 92438], [0.06756372941029527, {"__complex__": [91118.9140625, -5.148147245282548e-15]}, 107412], [0.07255867544245412, {"__complex__": [90958.2109375, -4.216520694069487e-15]}, 124242], [0.07755343255815964, {"__complex__": [90222.6484375, -5.7562957255874545e-15]}, 141568], [0.08254944316463679, {"__complex__": [88220.390625, -5.788711252962403e-15]}, 160886], [0.0875469705282893, {"__complex__": [86810.6875, -8.866042089676531e-15]}, 180544], [0.09254207143002044, {"__complex__": [84474.21875, -2.8815102659569716e-16]}, 202004], [0.09754200795670145, {"__complex__": [83536.828125, -1.5553980248344808e-15]}, 224538], [0.10254171329034444, {"__complex__": [84775.296875, 5.866809067127789e-16]}, 248038], [0.10754099109209159, {"__complex__": [83661.296875, 1.2798705949495105e-15]}, 272876], [0.11253870054955198, {"__complex__": [82287.1484375, -2.680413315213131e-15]}, 298594], [0.11753608765430268, {"__complex__": [81086.6875, 3.5719425972525944e-15]}, 325916], [0.12253572907412832, {"__complex__": [82322.0234375, 2.2998280712428548e-15]}, 354334], [0.1275331697481456, {"__complex__": [81622.9375, 0.0]}, 383424], [0.13252928315027618, {"__complex__": [81039.25, -2.2483223270609257e-15]}, 414230], [0.13752809598823948, {"__complex__": [80853.375, -1.4344249910658584e-15]}, 446370], [0.1425292748907053, {"__complex__": [80288.0546875, 0.0]}, 479558], [0.14752984329410787, {"__complex__": [80033.046875, 1.8135629733666324e-15]}, 513532], [0.15252898535896237, {"__complex__": [79333.515625, -8.483072553838852e-16]}, 548930], [0.15752847498756622, {"__complex__": [79486.3359375, -1.7893287254709764e-15]}, 585548], [0.16252705956276423, {"__complex__": [78775.7265625, 7.006285433377557e-16]}, 623094], [0.16752723347134682, {"__complex__": [79394.71875, 1.2298258767224767e-15]}, 662620], [0.17252557298757182, {"__complex__": [79735.5859375, -1.6591084477287217e-16]}, 701674], [0.1775232051718564, {"__complex__": [78770.703125, 1.4086966829303642e-15]}, 743764], [0.1825215844754662, {"__complex__": [79134.546875, -1.4818273900139324e-15]}, 785620], [0.18752064712987349, {"__complex__": [78056.8046875, -4.207275911785358e-16]}, 830100], [0.19252067437217257, {"__complex__": [77675.03125, -5.32538560724284e-16]}, 874418], [0.19751987908784707, {"__complex__": [77938.7578125, -1.770225273774195e-15]}, 920682], [0.20251936794243589, {"__complex__": [77575.96875, 4.81195235109991e-16]}, 967718], [0.20751955964231095, {"__complex__": [77317.0390625, -5.725899313000524e-16]}, 1016568], [0.2125192859071403, {"__complex__": [77420.46875, -5.46305598974245e-16]}, 1065478], [0.21751870204394746, {"__complex__": [77374.484375, -1.0424941642835843e-15]}, 1116700], [0.22251763655620238, {"__complex__": [77575.7109375, -1.594831431935668e-15]}, 1167926], [0.2275173612096972, {"__complex__": [77071.3984375, 1.0478992932782508e-15]}, 1222034], [0.23251753944930767, {"__complex__": [77267.828125, -1.3689757081435843e-15]}, 1275574], [0.237518608068736, {"__complex__": [76868.59375, -4.369196582867062e-16]}, 1332228], [0.24251933382685822, {"__complex__": [76995.09375, 1.9296645088973585e-15]}, 1387574], [0.2475188275283454, {"__complex__": [76759.265625, -6.038122539501155e-16]}, 1446004], [0.2525176353551358, {"__complex__": [76853.4765625, 1.315862930702477e-15]}, 1504002], [0.25751592740199597, {"__complex__": [77287.109375, -1.0787545859643568e-15]}, 1564788], [0.2625152321376914, {"__complex__": [76454.3125, -1.4318223764563012e-16]}, 1626114], [0.2675142035428968, {"__complex__": [77042.59375, 1.6547197318009807e-15]}, 1688484], [0.27251407722071946, {"__complex__": [76447.28125, 5.312978162752341e-16]}, 1752920], [0.277514999580621, {"__complex__": [76840.6015625, 1.3928403320368822e-15]}, 1817892], [0.28251513318998955, {"__complex__": [76639.0859375, -8.653824337489071e-16]}, 1883346], [0.2875150555774266, {"__complex__": [76444.8671875, -1.4319961240896067e-15]}, 1951100], [0.2925143032383768, {"__complex__": [76392.3671875, 2.88370011082342e-16]}, 2018506], [0.2975129983065177, {"__complex__": [76016.2109375, 0.0]}, 2088638], [0.30251265006104155, {"__complex__": [76005.75, 1.1319456080739667e-15]}, 2159752], [0.3075131135075962, {"__complex__": [76117.1640625, -3.650936466397057e-16]}, 2232050], [0.31251255553945134, {"__complex__": [76070.015625, -4.421062792507607e-16]}, 2304048], [0.3175120364779517, {"__complex__": [76336.7421875, -5.381552891370865e-16]}, 2379552], [0.3225126598898453, {"__complex__": [76337.5234375, -6.875921239443607e-16]}, 2454976], [0.3275133985704822, {"__complex__": [76219.4921875, -9.195573640360916e-17]}, 2531986], [0.33251410375899365, {"__complex__": [76033.21875, -6.468717561589391e-16]}, 2609516], [0.3375135412275565, {"__complex__": [75937.6953125, 6.064123804003902e-16]}, 2687634], [0.34251245849241974, {"__complex__": [75943.453125, -6.308205082782497e-17]}, 2768188], [0.3475114266102975, {"__complex__": [75802.6640625, -1.0622678307998807e-15]}, 2849374], [0.3525113295973211,