{"edges": {"__dtype__": "<f8", "__shape__": [128], "__data__": [0.0, 0.005, 0.01, 0.015, 0.02, 0.025, 0.03, 0.035, 0.04, 0.045, 0.05, 0.055, 0.06, 0.065, 0.07, 0.075, 0.08, 0.085, 0.09, 0.095, 0.1, 0.105, 0.11, 0.115, 0.12, 0.125, 0.13, 0.135, 0.14, 0.145, 0.15, 0.155, 0.16, 0.165, 0.17, 0.17500000000000002, 0.18, 0.185, 0.19, 0.195, 0.2, 0.20500000000000002, 0.21, 0.215, 0.22, 0.225, 0.23, 0.23500000000000001, 0.24, 0.245, 0.25, 0.255, 0.26, 0.265, 0.27, 0.275, 0.28, 0.28500000000000003, 0.29, 0.295, 0.3, 0.305, 0.31, 0.315, 0.32, 0.325, 0.33, 0.335, 0.34, 0.34500000000000003, 0.35000000000000003, 0.355, 0.36, 0.365, 0.37, 0.375, 0.38, 0.385, 0.39, 0.395, 0.4, 0.405, 0.41000000000000003, 0.41500000000000004, 0.42, 0.425, 0.43, 0.435, 0.44, 0.445, 0.45, 0.455, 0.46, 0.465, 0.47000000000000003, 0.47500000000000003, 0.48, 0.485, 0.49, 0.495, 0.5, 0.505, 0.51, 0.515, 0.52, 0.525, 0.53, 0.535, 0.54, 0.545, 0.55, 0.555, 0.56, 0.5650000000000001, 0.5700000000000001, 0.5750000000000001, 0.58, 0.585, 0.59, 0.595, 0.6, 0.605, 0.61, 0.615, 0.62, 0.625, 0.63, 0.635]}, "poles": {"__dtype__": [["k", "<f8"], ["power_0", "<c8"], ["modes", "<i8"]], "__shape__": [127], "__data__": [[0.0037537781648676505, {"__complex__": [192412.59375, 2.64580284764504e-12]}, 77], [0.008050398333474014, {"__complex__": [105547.5234375, -3.1865506869462046e-13]}, 548], [0.012848609532355457, {"__complex__": [123230.5625, 1.376532487171525e-13]}, 1480], [0.017751579213119567, {"__complex__": [127304.1953125, -7.093551955680497e-14]}, 2872], [0.022691827324042853, {"__complex__": [119135.109375, 3.6871405180351896e-14]}, 4736], [0.027648005536595924, {"__complex__": [110141.8203125, -2.688671124119208e-14]}, 7036], [0.032612636555868525, {"__complex__": [105170.9765625, 5.916615260876876e-14]}, 9838], [0.03761114292794433, {"__complex__": [99471.234375, -2.203500138700954e-14]}, 13208], [0.04261303922036164, {"__complex__": [94579.3828125, 6.90564235501334e-15]}, 16858], [0.04760505554480107, {"__complex__": [95281.109375, -3.037401534173971e-14]}, 21080], [0.05259133615803475, {"__complex__": [91313.203125, 2.2716071780776517e-14]}, 25624], [0.05756841184374016, {"__complex__": [93461.0859375, -1.3260011103998111e-14]}, 30728], [0.06256248327880025, {"__complex__": [92638.7734375, -9.56890664117636e-15]}, 36498], [0.06756661487904435, {"__complex__": [93027.6484375, 5.474761032161438e-15]}, 42528], [0.07257304507008182, {"__complex__": [92148.9921875, 1.3026617104612819e-14]}, 49152], [0.07756473030387098, {"__complex__": [89592.1015625, -1.3052449915438181e-14]}, 55744], [0.08254764044823601, {"__complex__": [89320.6171875, 9.188845498842198e-15]}, 63346], [0.08754405971893497, {"__complex__": [89092.6328125, -8.153703474661662e-15]}, 71388], [0.09254365223263855, {"__complex__": [86028.84375, 1.7514403488172285e-14]}, 79762], [0.09754150838846357, {"__complex__": [86890.15625, 5.257907045137181e-15]}, 88564], [0.10254123052801507, {"__complex__": [87128.2890625, 2.3761137642967084e-15]}, 97988], [0.10754181638082774, {"__complex__": [85191.8359375, 0.0]}, 107708], [0.11254085353408888, {"__complex__": [84581.5625, -1.0856692335501489e-14]}, 117952], [0.11753281793039293, {"__complex__": [84011.125, 5.4447176205552755e-15]}, 128288], [0.12252442444514552, {"__complex__": [83788.5234375, 2.915172308192923e-15]}, 139770], [0.12753052839909865, {"__complex__": [84491.921875, 7.66162476615196e-16]}, 151946], [0.13253665927256145, {"__complex__": [82939.046875, 1.423326741874459e-15]}, 163582], [0.13753197887556465, {"__complex__": [82646.046875, 5.293410007604872e-15]}, 175940], [0.1425260716253757, {"__complex__": [82671.015625, 0.0]}, 189064], [0.14752506711896965, {"__complex__": [82932.1953125, 2.582874506721483e-15]}, 202824], [0.1525272624752809, {"__complex__": [81679.5859375, -1.6108685184842704e-15]}, 216806], [0.15752484634575162, {"__complex__": [81187.296875, -1.7648159096147922e-15]}, 230876], [0.16252366735405163, {"__complex__": [81438.2890625, 2.3639355480975597e-16]}, 246232], [0.1675242007800524, {"__complex__": [81330.2421875, -2.2273622850228813e-15]}, 261330], [0.17252326579974073, {"__complex__": [80052.734375, 1.259542545369236e-15]}, 277280], [0.17752110470595878, {"__complex__": [80139.53125, -3.9688845768299434e-16]}, 293320], [0.1825207522633753, {"__complex__": [79948.0234375, 2.436455120909684e-15]}, 310574], [0.18752231962759572, {"__complex__": [79608.046875, 1.4216061003212302e-15]}, 327560], [0.19252167162300435, {"__complex__": [80719.8359375, -4.383259129736496e-15]}, 345268], [0.19752225984779248, {"__complex__": [79637.078125, 0.0]}, 363544], [0.20251992290984697, {"__complex__": [80055.4375, 2.745212817985743e-15]}, 381660], [0.20751551078768798, {"__complex__": [79793.5703125, -1.7425096145862054e-15]}, 400854], [0.21251512379553542, {"__complex__": [79148.390625, 5.530287641743984e-16]}, 421010], [0.21751870975885984, {"__complex__": [79215.1328125, 2.111076731584364e-15]}, 441160], [0.2225209082741387, {"__complex__": [79444.4140625, 2.523657639285547e-16]}, 461296], [0.22752039891934017, {"__complex__": [78811.6640625, -2.4142939861524328e-15]}, 482192], [0.23252118259031918, {"__complex__": [79937.21875, -2.3104695579174474e-15]}, 503860], [0.23751936566507853, {"__complex__": [79442.0703125, 2.8825333758781364e-15]}, 525024], [0.24251707186595864, {"__complex__": [79016.5546875, -2.1245455083577732e-16]}, 547954], [0.24751627666670906, {"__complex__": [78989.53125, -1.8363839467897946e-15]}, 570544], [0.2525167544702008, {"__complex__": [78717.015625, 2.154482723208174e-15]}, 594374], [0.25751857595461863, {"__complex__": [79180.3671875, -3.7680959460789035e-15]}, 617900], [0.2625190906945416, {"__complex__": [79033.3203125, 1.8130234133792314e-15]}, 642106], [0.2675172479110602, {"__complex__": [79254.4921875, 0.0]}, 666112], [0.272514629608296, {"__complex__": [79222.84375, -4.038774641736435e-15]}, 691786], [0.27751615229387816, {"__complex__": [79158.6640625, 4.8641772262540575e-16]}, 717996], [0.28251644607381426, {"__complex__": [79092.6640625, -2.50641199553989e-15]}, 743152], [0.2875152531419474, {"__complex__": [78516.1640625, -7.557551945505192e-16]}, 770192], [0.2925134012698469, {"__complex__": [78444.078125, -1.0232001301736706e-15]}, 796430], [0.2975118362281548, {"__complex__": [78249.0859375, -4.2342083831344924e-16]}, 824820], [0.3025125080826814, {"__complex__": [78768.0, -1.1606548369090855e-15]}, 852562], [0.30751063191170563, {"__complex__": [78660.734375, 2.314099094096432e-15]}, 880372], [0.3125111278203564, {"__complex__": [78908.8984375, -2.045397373337792e-15]}, 910652], [0.31751269361539736, {"__complex__": [78730.6640625, -2.479570156716112e-15]}, 938996], [0.3225130904459611, {"__complex__": [78523.390625, 0.0]}, 969352], [0.32751158760760724, {"__complex__": [78240.3984375, -1.1660842122218672e-15]}, 998344], [0.3325089848249692, {"__complex__": [78043.2578125, -1.6672388787613993e-15]}, 1029922], [0.33751027924368393, {"__complex__": [77952.953125, 4.3850964500782093e-16]}, 1061918], [0.34251253316973607, {"__complex__": [78131.46875, 7.453838055069824e-16]}, 1093272], [0.34751415893089227, {"__complex__": [78122.8203125, -2.172190158728762e-15]}, 1125464], [0.352514235068077, {"__complex__": [78174.25, -2.0117044408690454e-16]}, 1157380], [0.357512374484406, {"__complex__": [78201.9453125, 1.17376637753699e-15]}, 1190172], [0.3625118834929162, {"__complex__": [78492.703125, -8.555407049952001e-16]}, 1224650], [0.3675116774700016, {"__complex__": [78014.890625, 1.2031500563563602e-15]}, 1257864], [0.3725098709245497, {"__complex__": [77670.953125, 1.8917426320905466e-15]}, 1292312], [0.37751067052804127, {"__complex__": [78473.375, 1.4896573625783512e-15]}, 1328534], [0.3825116981355865, {"__complex__": [78247.0234375, -5.552340144525749e-16]}, 1362848], [0.3875116125361288, {"__complex__": [78235.5234375, -1.0400138532906767e-16]}, 1399204], [0.3925104655048909, {"__complex__": [78180.609375, 