{"poles": {"dims": ["k"], "edges": [{"__dtype__": "<f8", "__shape__": [86], "__data__": [0.0, 0.005, 0.01, 0.015, 0.02, 0.025, 0.03, 0.035, 0.04, 0.045, 0.05, 0.055, 0.06, 0.065, 0.07, 0.075, 0.08, 0.085, 0.09, 0.095, 0.1, 0.105, 0.11, 0.115, 0.12, 0.125, 0.13, 0.135, 0.14, 0.145, 0.15, 0.155, 0.16, 0.165, 0.17, 0.17500000000000002, 0.18, 0.185, 0.19, 0.195, 0.2, 0.20500000000000002, 0.21, 0.215, 0.22, 0.225, 0.23, 0.23500000000000001, 0.24, 0.245, 0.25, 0.255, 0.26, 0.265, 0.27, 0.275, 0.28, 0.28500000000000003, 0.29, 0.295, 0.3, 0.305, 0.31, 0.315, 0.32, 0.325, 0.33, 0.335, 0.34, 0.34500000000000003, 0.35000000000000003, 0.355, 0.36, 0.365, 0.37, 0.375, 0.38, 0.385, 0.39, 0.395, 0.4, 0.405, 0.41000000000000003, 0.41500000000000004, 0.42, 0.425]}], "coords": [{"__dtype__": "<f8", "__shape__": [85], "__data__": [0.0025, 0.0075, 0.0125, 0.0175, 0.0225, 0.0275, 0.0325, 0.037500000000000006, 0.042499999999999996, 0.0475, 0.052500000000000005, 0.057499999999999996, 0.0625, 0.0675, 0.07250000000000001, 0.0775, 0.0825, 0.0875, 0.0925, 0.0975, 0.10250000000000001, 0.1075, 0.1125, 0.1175, 0.1225, 0.1275, 0.1325, 0.1375, 0.14250000000000002, 0.1475, 0.1525, 0.1575, 0.1625, 0.1675, 0.17250000000000001, 0.1775, 0.1825, 0.1875, 0.1925, 0.1975, 0.2025, 0.20750000000000002, 0.2125, 0.2175, 0.2225, 0.2275, 0.2325, 0.2375, 0.2425, 0.2475, 0.2525, 0.2575, 0.2625, 0.2675, 0.2725, 0.2775, 0.28250000000000003, 0.2875, 0.2925, 0.2975, 0.3025, 0.3075, 0.3125, 0.3175, 0.3225, 0.3275, 0.3325, 0.3375, 0.3425, 0.34750000000000003, 0.35250000000000004, 0.3575, 0.3625, 0.3675, 0.3725, 0.3775, 0.3825, 0.3875, 0.3925, 0.3975, 0.4025, 0.40750000000000003, 0.41250000000000003, 0.4175, 0.4225]}], "data": {"__dtype__": [["k", "<f8"], ["power_2", "<c8"], ["modes", "<i8"]], "__shape__": [85], "__data__": [[0.003785962175218714, {"__complex__": [39143.953125, 3.9153134402149237e-13]}, 223], [0.008055650047333739, {"__complex__": [13864.98046875, -6.143289002502605e-13]}, 1516], [0.012838659412058445, {"__complex__": [26115.21484375, -1.691263773993812e-13]}, 4130], [0.017758445021159877, {"__complex__": [15706.6796875, 1.4447172841727807e-13]}, 8058], [0.022686221993372543, {"__complex__": [30886.44921875, -2.484852059357612e-13]}, 13118], [0.02764503576190599, {"__complex__": [4243.03466796875, -2.3537266835007772e-14]}, 19784], [0.032626124011193657, {"__complex__": [1839.3563232421875, 0.0]}, 27482], [0.03761517664423396, {"__complex__": [8547.4912109375, 5.695156125124987e-14]}, 36794], [0.042612076216348424, {"__complex__": [13702.74609375, -1.793478763396049e-14]}, 47060], [0.04758810749327745, {"__complex__": [5565.369140625, -2.8529628204147783e-14]}, 58466], [0.05257639262811682, {"__complex__": [3754.390869140625, 3.236726004948211e-14]}, 71934], [0.057576644294676294, {"__complex__": [9102.5703125, -1.1493335851184977e-14]}, 86096], [0.06257060468948772, {"__complex__": [3954.722900390625, -2.0611372783768504e-14]}, 101666], [0.06756431050677218, {"__complex__": [6042.8115234375, 7.859660222187068e-15]}, 118494], [0.07255460479533274, {"__complex__": [1242.392822265625, -1.363676034750851e-14]}, 136590], [0.07755203808236072, {"__complex__": [2917.524658203125, -5.9495742445907825e-15]}, 156536], [0.08254994891496988, {"__complex__": [4403.369140625, 0.0]}, 176896], [0.0875465852208996, {"__complex__": [4378.7783203125, 8.246572166998624e-15]}, 199400], [0.09254606261661012, {"__complex__": [5101.36767578125, 1.0460631376068403e-15]}, 222578], [0.09754095165434574, {"__complex__": [2870.623779296875, -1.4133219063388464e-15]}, 247110], [0.10253878096196406, {"__complex__": [3126.006103515625, -1.596059735588305e-15]}, 273522], [0.1075376536617221, {"__complex__": [5037.6357421875, 0.0]}, 300528], [0.11253874421958751, {"__complex__": [1283.8695068359375, -2.8236785620875922e-15]}, 329826], [0.11753930483919833, {"__complex__": [36.375125885009766, 2.1084795168098457e-15]}, 358884], [0.12253435939470513, {"__complex__": [1598.61279296875, 3.580063949150869e-15]}, 390212], [0.1275324928771181, {"__complex__": [2963.72314453125, -4.953749795755897e-15]}, 423008], [0.13253098558293935, {"__complex__": [1654.8563232421875, 6.119767727649642e-15]}, 456548], [0.1375294182229233, {"__complex__": [1806.355712890625, -9.46504473173346e-16]}, 491980], [0.14252928720123362, {"__complex__": [1033.489501953125, 4.407500789170441e-15]}, 528260], [0.14752710781464048, {"__complex__": [1390.09033203125, -6.584693524485687e-15]}, 565750], [0.15252590457329984, {"__complex__": [844.7968139648438, -6.1563243991037166e-15]}, 605116], [0.15752627544450365, {"__complex__": [1717.0257568359375, 5.77176042962195e-15]}, 645434], [0.1625268432433497, {"__complex__": [171.02255249023438, -1.1857163183568538e-15]}, 687270], [0.16752762298865234, {"__complex__": [1449.8380126953125, -2.2328305179721182e-15]}, 729932], [0.17252411279445126, {"__complex__": [-220.5459747314453, 3.0113069478162604e-15]}, 773188], [0.17752203527930777, {"__complex__": [23.66993522644043, -6.8143559202218495e-15]}, 820024], [0.18252363779831107, {"__complex__": [-421.9481201171875, -3.2236775894507004e-15]}, 866702], [0.18752234050808908, {"__complex__": [-428.1816101074219, -2.0377310898904303e-15]}, 914078], [0.19252201016210274, {"__complex__": [-293.0408020019531, -1.448525336780564e-15]}, 964418], [0.19752271477956754, {"__complex__": [-1090.616943359375, 1.8354619514267083e-15]}, 1014810], [0.20252178570627094, {"__complex__": [-519.775146484375, 1.3099605933677722e-15]}, 1066432], [0.20751974798690762, {"__complex__": [474.7166442871094, 3.327524675817025e-15]}, 1119538], [0.2125197454352182, {"__complex__": [-575.41796875, 0.0]}, 1175486], [0.2175192296548309, {"__complex__": [308.90966796875, 3.5975772023682986e-15]}, 1229656], [0.22251681667262319, {"__complex__": [-292.71820068359375, -1.2656374768203228e-15]}, 1287742], [0.22751746426403283, {"__complex__": [-1382.6851806640625, 1.3829024121041027e-15]}, 1346910], [0.23251730364615478, {"__complex__": [454.0614929199219, 1.3251261888927684e-15]}, 1405636], [0.23751678657474465, {"__complex__": [-56.411949157714844, -5.710435667757212e-15]}, 1467822], [0.2425174971485461, {"__complex__": [881.3035888671875, 2.7396675050383058e-15]}, 1529730], [0.24751707342858845, {"__complex__": [18.20722198486328, -1.7534166460897622e-15]}, 1593442], [0.2525171832510974, {"__complex__": [409.69091796875, 1.1228763204285965e-15]}, 1658816], [0.2575157181508458, {"__complex__": [151.78753662109375, -6.754242838988159e-16]}, 1723588], [0.2625146768272274, {"__complex__": [-644.4953002929688, 3.635600934887018e-15]}, 1793172], [0.2675153728644548, {"__complex__": [465.60052490234375, -5.003537968879031e-16]}, 1861328], [0.2725140790996068, {"__complex__": [-507.5495910644531, -6.029070404272967e-16]}, 1930900], [0.2775148647609448, {"__complex__": [354.10931396484375, 2.0906359207429866e-15]}, 2004630], [0.28251520974118804, {"__complex__": [-122.68750762939453, 4.712934517203237e-15]}, 2074904], [0.28751406015515885, {"__complex__": [-306.1192321777344, 1.7322629511441518e-15]}, 2150534], [0.29251361364437867, {"__complex__": [-130.1905059814453, -1.4651546052384156e-15]}, 2224768], [0.2975131524186939, {"__complex__": [-870.3897094726562, -1.617649017227041e-15]}, 2302904], [0.3025147259314174, {"__complex__": [374.6852722167969, -2.5909310605992924e-15]}, 2381388], [0.3075149652713783, {"__complex__": [-89.72354888916016, -1.514986082920978e-15]}, 2458960], [0.31251335064096714, {"__complex__": [-73.14988708496094, 2.5669684985214682e-15]}, 2539672], [0.31751349612987984, {"__complex__": [-365.4386291503906, 5.325682068774379e-16]}, 2623108], [0.32251268944270295, {"__complex__": [-793.433837890625, -6.888393799591927e-16]}, 2704034], [0.32751171630842707, {"__complex__": [-146.5429229736328, -3.337461219321265e-16]}, 2790512], [0.33251237563902225, {"__complex__": [-76.9346923828125, -1.6190437893235933e-16]}, 2876150], [0.3375123279265873, {"__complex__": [584.7382202148438, 