{"poles": {"dims": ["k"], "edges": [{"__dtype__": "<f8", "__shape__": [94], "__data__": [0.0, 0.005, 0.01, 0.015, 0.02, 0.025, 0.03, 0.035, 0.04, 0.045, 0.05, 0.055, 0.06, 0.065, 0.07, 0.075, 0.08, 0.085, 0.09, 0.095, 0.1, 0.105, 0.11, 0.115, 0.12, 0.125, 0.13, 0.135, 0.14, 0.145, 0.15, 0.155, 0.16, 0.165, 0.17, 0.17500000000000002, 0.18, 0.185, 0.19, 0.195, 0.2, 0.20500000000000002, 0.21, 0.215, 0.22, 0.225, 0.23, 0.23500000000000001, 0.24, 0.245, 0.25, 0.255, 0.26, 0.265, 0.27, 0.275, 0.28, 0.28500000000000003, 0.29, 0.295, 0.3, 0.305, 0.31, 0.315, 0.32, 0.325, 0.33, 0.335, 0.34, 0.34500000000000003, 0.35000000000000003, 0.355, 0.36, 0.365, 0.37, 0.375, 0.38, 0.385, 0.39, 0.395, 0.4, 0.405, 0.41000000000000003, 0.41500000000000004, 0.42, 0.425, 0.43, 0.435, 0.44, 0.445, 0.45, 0.455, 0.46, 0.465]}], "coords": [{"__dtype__": "<f8", "__shape__": [93], "__data__": [0.0025, 0.0075, 0.0125, 0.0175, 0.0225, 0.0275, 0.0325, 0.037500000000000006, 0.042499999999999996, 0.0475, 0.052500000000000005, 0.057499999999999996, 0.0625, 0.0675, 0.07250000000000001, 0.0775, 0.0825, 0.0875, 0.0925, 0.0975, 0.10250000000000001, 0.1075, 0.1125, 0.1175, 0.1225, 0.1275, 0.1325, 0.1375, 0.14250000000000002, 0.1475, 0.1525, 0.1575, 0.1625, 0.1675, 0.17250000000000001, 0.1775, 0.1825, 0.1875, 0.1925, 0.1975, 0.2025, 0.20750000000000002, 0.2125, 0.2175, 0.2225, 0.2275, 0.2325, 0.2375, 0.2425, 0.2475, 0.2525, 0.2575, 0.2625, 0.2675, 0.2725, 0.2775, 0.28250000000000003, 0.2875, 0.2925, 0.2975, 0.3025, 0.3075, 0.3125, 0.3175, 0.3225, 0.3275, 0.3325, 0.3375, 0.3425, 0.34750000000000003, 0.35250000000000004, 0.3575, 0.3625, 0.3675, 0.3725, 0.3775, 0.3825, 0.3875, 0.3925, 0.3975, 0.4025, 0.40750000000000003, 0.41250000000000003, 0.4175, 0.4225, 0.4275, 0.4325, 0.4375, 0.4425, 0.4475, 0.4525, 0.4575, 0.4625]}], "data": {"__dtype__": [["k", "<f8"], ["power_0", "<c8"], ["modes", "<i8"]], "__shape__": [93], "__data__": [[0.0037081367915242675, {"__complex__": [108174.9140625, 1.3713846681515096e-12]}, 191], [0.008018577791264523, {"__complex__": [114038.015625, 2.1089732607851297e-13]}, 1380], [0.012844085612331841, {"__complex__": [101087.6015625, -3.0879395855653094e-14]}, 3770], [0.01775141230162106, {"__complex__": [111140.046875, 2.406601190573822e-14]}, 7256], [0.022691010615224643, {"__complex__": [108150.6796875, 0.0]}, 12010], [0.027661296094027222, {"__complex__": [111291.890625, -1.9484822352052074e-14]}, 17924], [0.03263163473973046, {"__complex__": [101534.8125, 9.346874741745538e-15]}, 24910], [0.03760885918999335, {"__complex__": [103173.328125, 5.253399135791894e-15]}, 33240], [0.04258994605322728, {"__complex__": [99545.6875, 1.0256013627000181e-15]}, 42566], [0.047583805693835864, {"__complex__": [99846.125, -1.7415060075986512e-14]}, 53478], [0.052589415944125126, {"__complex__": [96120.96875, 2.6758861358682938e-15]}, 65258], [0.057576993125266096, {"__complex__": [95972.9140625, -8.979430155160728e-15]}, 77788], [0.0625679362273907, {"__complex__": [92592.0546875, 6.2969407621938766e-15]}, 92438], [0.06756372941029527, {"__complex__": [91272.421875, -2.9805062887552523e-15]}, 107412], [0.07255867544245412, {"__complex__": [91155.5625, -1.4055068415542993e-14]}, 124242], [0.07755343255815964, {"__complex__": [89692.015625, -1.4596320774772596e-14]}, 141568], [0.08254944316463679, {"__complex__": [87726.484375, -1.0672936160891194e-14]}, 160886], [0.0875469705282893, {"__complex__": [88207.7578125, 5.158424296031585e-15]}, 180544], [0.09254207143002044, {"__complex__": [86642.8359375, -6.843586815473359e-16]}, 202004], [0.09754200795670145, {"__complex__": [86921.2109375, -2.5923301472699197e-15]}, 224538], [0.10254171329034444, {"__complex__": [84897.3125, 3.75475771825849e-15]}, 248038], [0.10754099109209159, {"__complex__": [83887.0, -8.532470456531539e-16]}, 272876], [0.11253870054955198, {"__complex__": [84029.984375, 3.6551089506952315e-15]}, 298594], [0.11753608765430268, {"__complex__": [82102.1484375, -7.679676732323844e-15]}, 325916], [0.12253572907412832, {"__complex__": [81801.8671875, -2.5873063948597544e-15]}, 354334], [0.1275331697481456, {"__complex__": [82463.2578125, 7.590508409296081e-16]}, 383424], [0.13252928315027618, {"__complex__": [82789.5390625, -3.653523728534445e-15]}, 414230], [0.13752809598823948, {"__complex__": [83171.140625, -3.260056767797656e-17]}, 446370], [0.1425292748907053, {"__complex__": [82681.703125, 3.8840873673264865e-15]}, 479558], [0.14752984329410787, {"__complex__": [82941.4140625, 9.067814866833162e-16]}, 513532], [0.15252898535896237, {"__complex__": [81168.0859375, -1.6966145107677705e-15]}, 548930], [0.15752847498756622, {"__complex__": [80894.671875, 7.952572642599932e-16]}, 585548], [0.16252705956276423, {"__complex__": [80732.8515625, -7.4733711642291e-16]}, 623094], [0.16752723347134682, {"__complex__": [80580.9375, 1.7568941398547148e-15]}, 662620], [0.17252557298757182, {"__complex__": [79945.84375, 1.2443313159442066e-15]}, 701674], [0.1775232051718564, {"__complex__": [79660.140625, 6.260874205178907e-16]}, 743764], [0.1825215844754662, {"__complex__": [80185.484375, 1.0372791941855764e-15]}, 785620], [0.18752064712987349, {"__complex__": [80097.734375, 9.816977392196964e-16]}, 830100], [0.19252067437217257, {"__complex__": [79475.7421875, -1.065077121448568e-15]}, 874418], [0.19751987908784707, {"__complex__": [79907.0, 8.218903094622733e-16]}, 920682], [0.20251936794243589, {"__complex__": [79643.9296875, 7.217928261952068e-16]}, 967718], [0.20751955964231095, {"__complex__": [79552.796875, 1.8322879072151096e-15]}, 1016568], [0.2125192859071403, {"__complex__": [78994.4609375, -6.555667081811821e-16]}, 1065478], [0.21751870204394746, {"__complex__": [78959.5625, -4.1699765512552187e-16]}, 1116700], [0.22251763655620238, {"__complex__": [79161.046875, 1.9935392634498053e-15]}, 1167926], [0.2275173612096972, {"__complex__": [79200.5078125, 9.526357211620462e-17]}, 1222034], [0.23251753944930767, {"__complex__": [79509.1484375, -1.0951805665148674e-15]}, 1275574], [0.237518608068736, {"__complex__": [79353.703125, -7.864553743281593e-16]}, 1332228], [0.24251933382685822, {"__complex__": [79144.8125, 8.389846122430574e-17]}, 1387574], [0.2475188275283454, {"__complex__": [78737.5703125, 9.660996274960085e-16]}, 1446004], [0.2525176353551358, {"__complex__": [78593.3515625, 2.3221109669862737e-15]}, 1504002], [0.25751592740199597, {"__complex__": [78936.7109375, 2.975874500841429e-16]}, 1564788], [0.2625152321376914, {"__complex__": [78772.4609375, -1.2528445793992635e-16]}, 1626114], [0.2675142035428968, {"__complex__": [79267.9609375, -3.4473327745853765e-16]}, 1688484], [0.27251407722071946, {"__complex__": [78817.5546875, 1.5938934488257022e-15]}, 1752920], [0.277514999580621, {"__complex__": [78833.1328125, -1.2807726850383363e-15]}, 1817892], [0.28251513318998955, {"__complex__": [78398.6015625, 4.945042402937241e-16]}, 1883346], [0.2875150555774266, {"__complex__": [78405.3125, 0.0]}, 1951100], [0.2925143032383768, {"__complex__": [78880.5234375, 8.074360627942931e-16]}, 2018506], [0.2975129983065177, {"__complex__": [78683.171875, -3.344245953228772e-16]}, 2088638], [0.30251265006104155, {"__complex__": [78032.6796875, -2.695108489815046e-16]}, 2159752], [0.3075131135075962, {"__complex__": [78267.0234375, -4.1724985918556684e-16]}, 2232050], [0.31251255553945134, {"__complex__": [78297.7265625, -2.0210572463237294e-15]}, 2304048], [0.3175120364779517, {"__complex__": [78248.84375, 9.78464204178443e-17]}, 2379552], [0.3225126598898453, {"__complex__": [77991.296875, -2.0864865180926246e-15]}, 2454976], [0.3275133985704822, {"__complex__": [78250.921875, 1.1034688897828692e-15]}, 2531986], [0.33251410375899365, {"__complex__": [77895.203125, 8.030131743810864e-16]}, 2609516], [0.3375135412275565, {"__complex__": [78164.703125, 4.3315168516040465e-16]}, 2687634], [0.34251245849241974, {"__complex__": [78052.734375, 4.20547014342093e-16]}, 2768188], [0.3475114266102975, {"__complex__": [78152.15625, 