{"edges": {"__dtype__": "<f8", "__shape__": [128], "__data__": [0.0, 0.005, 0.01, 0.015, 0.02, 0.025, 0.03, 0.035, 0.04, 0.045, 0.05, 0.055, 0.06, 0.065, 0.07, 0.075, 0.08, 0.085, 0.09, 0.095, 0.1, 0.105, 0.11, 0.115, 0.12, 0.125, 0.13, 0.135, 0.14, 0.145, 0.15, 0.155, 0.16, 0.165, 0.17, 0.17500000000000002, 0.18, 0.185, 0.19, 0.195, 0.2, 0.20500000000000002, 0.21, 0.215, 0.22, 0.225, 0.23, 0.23500000000000001, 0.24, 0.245, 0.25, 0.255, 0.26, 0.265, 0.27, 0.275, 0.28, 0.28500000000000003, 0.29, 0.295, 0.3, 0.305, 0.31, 0.315, 0.32, 0.325, 0.33, 0.335, 0.34, 0.34500000000000003, 0.35000000000000003, 0.355, 0.36, 0.365, 0.37, 0.375, 0.38, 0.385, 0.39, 0.395, 0.4, 0.405, 0.41000000000000003, 0.41500000000000004, 0.42, 0.425, 0.43, 0.435, 0.44, 0.445, 0.45, 0.455, 0.46, 0.465, 0.47000000000000003, 0.47500000000000003, 0.48, 0.485, 0.49, 0.495, 0.5, 0.505, 0.51, 0.515, 0.52, 0.525, 0.53, 0.535, 0.54, 0.545, 0.55, 0.555, 0.56, 0.5650000000000001, 0.5700000000000001, 0.5750000000000001, 0.58, 0.585, 0.59, 0.595, 0.6, 0.605, 0.61, 0.615, 0.62, 0.625, 0.63, 0.635]}, "poles": {"__dtype__": [["k", "<f8"], ["power_0", "<c8"], ["modes", "<i8"]], "__shape__": [127], "__data__": [[0.0037537781648676505, {"__complex__": [148547.0, -3.0237745900912882e-12]}, 77], [0.008050398333474014, {"__complex__": [93126.671875, -7.435285026557992e-13]}, 548], [0.012848609532355457, {"__complex__": [103634.3671875, -1.9664750784773727e-14]}, 1480], [0.017751579213119567, {"__complex__": [124315.984375, -1.0640328272333924e-13]}, 2872], [0.022691827324042853, {"__complex__": [116620.546875, -3.6871405180351896e-14]}, 4736], [0.027648005536595924, {"__complex__": [105470.4140625, -2.0682084788271188e-14]}, 7036], [0.032612636555868525, {"__complex__": [109650.15625, 3.9567365361795406e-14]}, 9838], [0.03761114292794433, {"__complex__": [104426.953125, 2.6442002003224628e-14]}, 13208], [0.04261303922036164, {"__complex__": [102650.1796875, 1.035846416779472e-14]}, 16858], [0.04760505554480107, {"__complex__": [96099.2421875, -1.3806371071899658e-14]}, 21080], [0.05259133615803475, {"__complex__": [95182.6796875, 1.4765446149284968e-14]}, 25624], [0.05756841184374016, {"__complex__": [94059.3203125, 8.524293094579628e-15]}, 30728], [0.06256248327880025, {"__complex__": [92535.34375, 7.97408929116344e-15]}, 36498], [0.06756661487904435, {"__complex__": [92716.1953125, 2.737380516080719e-15]}, 42528], [0.07257304507008182, {"__complex__": [93648.4921875, -2.960594661747672e-15]}, 49152], [0.07756473030387098, {"__complex__": [93325.7265625, 1.0964057996730708e-14]}, 55744], [0.08254764044823601, {"__complex__": [90295.8046875, 6.891634124131648e-15]}, 63346], [0.08754405971893497, {"__complex__": [87187.6796875, 2.6499537986716297e-15]}, 71388], [0.09254365223263855, {"__complex__": [86643.5625, 1.1676268709770541e-14]}, 79762], [0.09754150838846357, {"__complex__": [85043.6015625, -4.929288119513904e-16]}, 88564], [0.10254123052801507, {"__complex__": [85625.578125, -1.4850711873887375e-14]}, 97988], [0.10754181638082774, {"__complex__": [85249.1171875, 4.053157261180813e-15]}, 107708], [0.11254085353408888, {"__complex__": [85567.5703125, -9.869720016240121e-16]}, 117952], [0.11753281793039293, {"__complex__": [84726.53125, -6.8058970256940944e-15]}, 128288], [0.12252442444514552, {"__complex__": [84771.46875, 1.1660689232771693e-14]}, 139770], [0.12753052839909865, {"__complex__": [84847.3984375, -2.106946810691789e-15]}, 151946], [0.13253665927256145, {"__complex__": [83852.859375, 2.846653483748918e-15]}, 163582], [0.13753197887556465, {"__complex__": [83843.390625, 4.6317337037147036e-15]}, 175940], [0.1425260716253757, {"__complex__": [83012.5, 1.847236768184727e-15]}, 189064], [0.14752506711896965, {"__complex__": [83174.203125, 2.7981140489482734e-15]}, 202824], [0.1525272624752809, {"__complex__": [82340.703125, 4.295649241452563e-15]}, 216806], [0.15752484634575162, {"__complex__": [81497.296875, 3.0253986114432566e-15]}, 230876], [0.16252366735405163, {"__complex__": [81250.8203125, -2.8367228694753084e-15]}, 246232], [0.1675242007800524, {"__complex__": [81249.6796875, 1.3364174557170235e-15]}, 261330], [0.17252326579974073, {"__complex__": [80765.7734375, -5.4580177318930626e-15]}, 277280], [0.17752110470595878, {"__complex__": [80503.1875, 2.4805529266931636e-16]}, 293320], [0.1825207522633753, {"__complex__": [80924.3984375, -1.7336314387495595e-15]}, 310574], [0.18752231962759572, {"__complex__": [80211.3671875, -3.5540152508030756e-16]}, 327560], [0.19252167162300435, {"__complex__": [80145.8359375, 6.743475991437373e-16]}, 345268], [0.19752225984779248, {"__complex__": [80475.8828125, -1.1207821373456286e-15]}, 363544], [0.20251992290984697, {"__complex__": [80343.3984375, 0.0]}, 381660], [0.20751551078768798, {"__complex__": [79899.84375, 2.831577991353686e-15]}, 400854], [0.21251512379553542, {"__complex__": [80189.59375, 1.1060575283487967e-15]}, 421010], [0.21751870975885984, {"__complex__": [80363.1953125, -3.958268818781124e-15]}, 441160], [0.2225209082741387, {"__complex__": [80075.25, -1.3249203598865856e-15]}, 461296], [0.22752039891934017, {"__complex__": [79395.6171875, -1.0864323043565066e-15]}, 482192], [0.23252118259031918, {"__complex__": [80059.9609375, -6.931408779631461e-16]}, 503860], [0.23751936566507853, {"__complex__": [79548.1953125, -2.660800055561221e-15]}, 525024], [0.24251707186595864, {"__complex__": [79166.609375, -1.6996364066862186e-15]}, 547954], [0.24751627666670906, {"__complex__": [79261.96875, 2.652554825094411e-15]}, 570544], [0.2525167544702008, {"__complex__": [78721.6640625, -2.693103562828895e-15]}, 594374], [0.25751857595461863, {"__complex__": [79483.3671875, -2.260857567647342e-15]}, 617900], [0.2625190906945416, {"__complex__": [79091.515625, 2.719535067129288e-16]}, 642106], [0.2675172479110602, {"__complex__": [79225.8984375, -1.7476839271027451e-15]}, 666112], [0.272514629608296, {"__complex__": [78773.21875, 2.3559518390532143e-15]}, 691786], [0.27751615229387816, {"__complex__": [79013.2421875, -2.736099590506234e-16]}, 717996], [0.28251644607381426, {"__complex__": [78869.203125, -3.1330149944248627e-16]}, 743152], [0.2875152531419474, {"__complex__": [79093.8828125, -3.929927096365995e-15]}, 770192], [0.2925134012698469, {"__complex__": [78361.578125, -2.6310859280133034e-15]}, 796430], [0.2975118362281548, {"__complex__": [78621.75, 1.1291222355025313e-15]}, 824820], [0.3025125080826814, {"__complex__": [78526.0703125, 9.558333764170496e-16]}, 852562], [0.30751063191170563, {"__complex__": [78888.6015625, -1.851279444683735e-15]}, 880372], [0.3125111278203564, {"__complex__": [78514.5859375, -7.67024015001672e-16]}, 910652], [0.31751269361539736, {"__complex__": [78779.0, -7.438710576027454e-16]}, 938996], [0.3225130904459611, {"__complex__": [78702.609375, -1.080864227398612e-15]}, 969352], [0.32751158760760724, {"__complex__": [78677.6328125, -6.12194227298348e-16]}, 998344], [0.3325089848249692, {"__complex__": [78558.6875, 1.2433645337140342e-15]}, 1029922], [0.33751027924368393, {"__complex__": [78526.8984375, -2.1925482250391046e-16]}, 1061918], [0.34251253316973607, {"__complex__": [78277.84375, -3.1945021748572364e-16]}, 1093272], [0.34751415893089227, {"__complex__": [78129.25, 5.171881002585495e-16]}, 1125464], [0.352514235068077, {"__complex__": [78157.8828125, 5.029260771300368e-16]}, 1157380], [0.357512374484406, {"__complex__": [78616.6328125, 1.9562772517786841e-16]}, 1190172], [0.3625118834929162, {"__complex__": [78409.8671875, -9.506007245062677e-16]}, 1224650], [0.3675116774700016, {"__complex__": [78340.9765625, -7.404000754035749e-16]}, 1257864], [0.3725098709245497, {"__complex__": [78758.046875, -6.75622383729355e-16]}, 1292312], [0.37751067052804127, {"__complex__": [78540.234375, -1.840164890108101e-15]}, 1328534], [0.3825116981355865, {"__complex__": [78413.28125, 6.83364953081529e-16]}, 1362848], [0.3875116125361288, {"__complex__": [78627.0703125, -9.15212217365575e-16]}, 1399204], 