{"poles": {"dims": ["k"], "edges": [{"__dtype__": "<f8", "__shape__": [86], "__data__": [0.0, 0.005, 0.01, 0.015, 0.02, 0.025, 0.03, 0.035, 0.04, 0.045, 0.05, 0.055, 0.06, 0.065, 0.07, 0.075, 0.08, 0.085, 0.09, 0.095, 0.1, 0.105, 0.11, 0.115, 0.12, 0.125, 0.13, 0.135, 0.14, 0.145, 0.15, 0.155, 0.16, 0.165, 0.17, 0.17500000000000002, 0.18, 0.185, 0.19, 0.195, 0.2, 0.20500000000000002, 0.21, 0.215, 0.22, 0.225, 0.23, 0.23500000000000001, 0.24, 0.245, 0.25, 0.255, 0.26, 0.265, 0.27, 0.275, 0.28, 0.28500000000000003, 0.29, 0.295, 0.3, 0.305, 0.31, 0.315, 0.32, 0.325, 0.33, 0.335, 0.34, 0.34500000000000003, 0.35000000000000003, 0.355, 0.36, 0.365, 0.37, 0.375, 0.38, 0.385, 0.39, 0.395, 0.4, 0.405, 0.41000000000000003, 0.41500000000000004, 0.42, 0.425]}], "coords": [{"__dtype__": "<f8", "__shape__": [85], "__data__": [0.0025, 0.0075, 0.0125, 0.0175, 0.0225, 0.0275, 0.0325, 0.037500000000000006, 0.042499999999999996, 0.0475, 0.052500000000000005, 0.057499999999999996, 0.0625, 0.0675, 0.07250000000000001, 0.0775, 0.0825, 0.0875, 0.0925, 0.0975, 0.10250000000000001, 0.1075, 0.1125, 0.1175, 0.1225, 0.1275, 0.1325, 0.1375, 0.14250000000000002, 0.1475, 0.1525, 0.1575, 0.1625, 0.1675, 0.17250000000000001, 0.1775, 0.1825, 0.1875, 0.1925, 0.1975, 0.2025, 0.20750000000000002, 0.2125, 0.2175, 0.2225, 0.2275, 0.2325, 0.2375, 0.2425, 0.2475, 0.2525, 0.2575, 0.2625, 0.2675, 0.2725, 0.2775, 0.28250000000000003, 0.2875, 0.2925, 0.2975, 0.3025, 0.3075, 0.3125, 0.3175, 0.3225, 0.3275, 0.3325, 0.3375, 0.3425, 0.34750000000000003, 0.35250000000000004, 0.3575, 0.3625, 0.3675, 0.3725, 0.3775, 0.3825, 0.3875, 0.3925, 0.3975, 0.4025, 0.40750000000000003, 0.41250000000000003, 0.4175, 0.4225]}], "data": {"__dtype__": [["k", "<f8"], ["power_2", "<c8"], ["modes", "<i8"]], "__shape__": [85], "__data__": [[0.003785962175218714, {"__complex__": [-21054.216796875, 1.3051045704218223e-13]}, 223], [0.008055650047333739, {"__complex__": [28820.21484375, -3.0716445012513027e-13]}, 1516], [0.012838659412058445, {"__complex__": [2064.2568359375, -1.0570398587461324e-14]}, 4130], [0.017758445021159877, {"__complex__": [3722.027099609375, -1.7336608223224997e-13]}, 8058], [0.022686221993372543, {"__complex__": [11532.2265625, -9.761919191834251e-14]}, 13118], [0.02764503576190599, {"__complex__": [21439.666015625, -1.1768633417503886e-14]}, 19784], [0.032626124011193657, {"__complex__": [12436.9384765625, -6.777691336770295e-14]}, 27482], [0.03761517664423396, {"__complex__": [12725.044921875, 1.8983854879793885e-14]}, 36794], [0.042612076216348424, {"__complex__": [11444.369140625, -2.844828254802527e-14]}, 47060], [0.04758810749327745, {"__complex__": [6091.10986328125, 0.0]}, 58466], [0.05257639262811682, {"__complex__": [7567.57470703125, 2.5893807361959328e-14]}, 71934], [0.057576644294676294, {"__complex__": [6477.89208984375, -1.6225885110347782e-14]}, 86096], [0.06257060468948772, {"__complex__": [3236.646728515625, 6.8704574534173436e-15]}, 101666], [0.06756431050677218, {"__complex__": [5472.58349609375, -3.929830111093534e-15]}, 118494], [0.07255460479533274, {"__complex__": [-1207.428955078125, -5.454704139003404e-14]}, 136590], [0.07755203808236072, {"__complex__": [653.6954345703125, -2.6773085159449705e-14]}, 156536], [0.08254994891496988, {"__complex__": [1512.93603515625, -2.6324013701803893e-15]}, 176896], [0.0875465852208996, {"__complex__": [1319.975341796875, -4.670624797971411e-15]}, 199400], [0.09254606261661012, {"__complex__": [4057.568603515625, 8.368505100854722e-15]}, 222578], [0.09754095165434574, {"__complex__": [937.9620971679688, 1.8844290955140688e-14]}, 247110], [0.10253878096196406, {"__complex__": [1607.9747314453125, -6.80985478714014e-15]}, 273522], [0.1075376536617221, {"__complex__": [239.31968688964844, 1.2395817269232438e-14]}, 300528], [0.11253874421958751, {"__complex__": [-379.1139221191406, -2.8236785620875922e-15]}, 329826], [0.11753930483919833, {"__complex__": [-369.5942077636719, 0.0]}, 358884], [0.12253435939470513, {"__complex__": [-521.2901000976562, -7.160127898301737e-15]}, 390212], [0.1275324928771181, {"__complex__": [-1073.4324951171875, 0.0]}, 423008], [0.13253098558293935, {"__complex__": [102.25938415527344, 2.039922575883214e-15]}, 456548], [0.1375294182229233, {"__complex__": [613.6744384765625, 1.0411549416665042e-14]}, 491980], [0.14252928720123362, {"__complex__": [-912.1358032226562, 7.933502013429856e-15]}, 528260], [0.14752710781464048, {"__complex__": [-1976.8314208984375, 3.2923467622428433e-15]}, 565750], [0.15252590457329984, {"__complex__": [2172.197265625, 3.0781621995518583e-15]}, 605116], [0.15752627544450365, {"__complex__": [-997.2122192382812, 0.0]}, 645434], [0.1625268432433497, {"__complex__": [1279.819580078125, 4.0653130310068595e-15]}, 687270], [0.16752762298865234, {"__complex__": [-1323.871337890625, 8.771834555887316e-16]}, 729932], [0.17252411279445126, {"__complex__": [-1353.922119140625, -3.6135683373795125e-15]}, 773188], [0.17752203527930777, {"__complex__": [179.55340576171875, -2.8393150549917026e-16]}, 820024], [0.18252363779831107, {"__complex__": [164.87818908691406, 5.372795629487439e-15]}, 866702], [0.18752234050808908, {"__complex__": [1470.408203125, -5.094327618846957e-15]}, 914078], [0.19252201016210274, {"__complex__": [187.92543029785156, 0.0]}, 964418], [0.19752271477956754, {"__complex__": [-2466.480224609375, -5.506385854280125e-15]}, 1014810], [0.20252178570627094, {"__complex__": [-559.3457641601562, 3.493228248980726e-15]}, 1066432], [0.20751974798690762, {"__complex__": [-181.7581329345703, -1.6637623379085124e-15]}, 1119538], [0.2125197454352182, {"__complex__": [-751.7167358398438, -7.922872491095644e-16]}, 1175486], [0.2175192296548309, {"__complex__": [-1540.4715576171875, 3.7869233709139985e-15]}, 1229656], [0.22251681667262319, {"__complex__": [421.84881591796875, -1.6272481239809188e-15]}, 1287742], [0.22751746426403283, {"__complex__": [-872.9422607421875, -2.074353618156154e-15]}, 1346910], [0.23251730364615478, {"__complex__": [-449.8265075683594, -1.4907669757392543e-15]}, 1405636], [0.23751678657474465, {"__complex__": [-597.4308471679688, 1.9034784853329918e-15]}, 1467822], [0.2425174971485461, {"__complex__": [-1374.469482421875, 1.217629978710554e-15]}, 1529730], [0.24751707342858845, {"__complex__": [-82.94873809814453, -5.844722153632541e-16]}, 1593442], [0.2525171832510974, {"__complex__": [-130.92935180664062, -2.245752640857193e-15]}, 1658816], [0.2575157181508458, {"__complex__": [358.8858642578125, 3.782376074536664e-15]}, 1723588], [0.2625146768272274, {"__complex__": [-277.97564697265625, 3.116229554267361e-15]}, 1793172], [0.2675153728644548, {"__complex__": [-770.72998046875, 0.0]}, 1861328], [0.2725140790996068, {"__complex__": [252.31837463378906, -1.929302614070644e-15]}, 1930900], [0.2775148647609448, {"__complex__": [-739.125732421875, 4.645857660472814e-16]}, 2004630], [0.28251520974118804, {"__complex__": [-368.9592590332031, -4.4885093261799475e-15]}, 2074904], [0.28751406015515885, {"__complex__": [199.09710693359375, -2.598394479655787e-15]}, 2150534], [0.29251361364437867, {"__complex__": [-48.02254104614258, 4.18615593933896e-16]}, 2224768], [0.2975131524186939, {"__complex__": [380.7912902832031, -1.617649017227041e-15]}, 2302904], [0.3025147259314174, {"__complex__": [-620.0455932617188, 1.9554196044498096e-15]}, 2381388], [0.3075149652713783, {"__complex__": [-1168.985595703125, 1.514986082920978e-15]}, 2458960], [0.31251335064096714, {"__complex__": [-930.8005981445312, -1.4668391420122676e-15]}, 2539672], [0.31751349612987984, {"__complex__": [91.66781616210938, 1.0651364137548758e-15]}, 2623108], [0.32251268944270295, {"__complex__": [262.1978454589844, 6.888393799591927e-16]}, 2704034], [0.32751171630842707, {"__complex__": [-64.86685943603516, -1.5018576016341285e-15]}, 2790512], [0.33251237563902225, {"__complex__": [-711.062255859375, 3.2380875786471865e-16]}, 2876150], [0.3375123279265873, {"__complex__": [-68.6989517211914, 