{"edges": {"__dtype__": "<f8", "__shape__": [128], "__data__": [0.0, 0.005, 0.01, 0.015, 0.02, 0.025, 0.03, 0.035, 0.04, 0.045, 0.05, 0.055, 0.06, 0.065, 0.07, 0.075, 0.08, 0.085, 0.09, 0.095, 0.1, 0.105, 0.11, 0.115, 0.12, 0.125, 0.13, 0.135, 0.14, 0.145, 0.15, 0.155, 0.16, 0.165, 0.17, 0.17500000000000002, 0.18, 0.185, 0.19, 0.195, 0.2, 0.20500000000000002, 0.21, 0.215, 0.22, 0.225, 0.23, 0.23500000000000001, 0.24, 0.245, 0.25, 0.255, 0.26, 0.265, 0.27, 0.275, 0.28, 0.28500000000000003, 0.29, 0.295, 0.3, 0.305, 0.31, 0.315, 0.32, 0.325, 0.33, 0.335, 0.34, 0.34500000000000003, 0.35000000000000003, 0.355, 0.36, 0.365, 0.37, 0.375, 0.38, 0.385, 0.39, 0.395, 0.4, 0.405, 0.41000000000000003, 0.41500000000000004, 0.42, 0.425, 0.43, 0.435, 0.44, 0.445, 0.45, 0.455, 0.46, 0.465, 0.47000000000000003, 0.47500000000000003, 0.48, 0.485, 0.49, 0.495, 0.5, 0.505, 0.51, 0.515, 0.52, 0.525, 0.53, 0.535, 0.54, 0.545, 0.55, 0.555, 0.56, 0.5650000000000001, 0.5700000000000001, 0.5750000000000001, 0.58, 0.585, 0.59, 0.595, 0.6, 0.605, 0.61, 0.615, 0.62, 0.625, 0.63, 0.635]}, "poles": {"__dtype__": [["k", "<f8"], ["power_2", "<c8"], ["modes", "<i8"]], "__shape__": [127], "__data__": [[0.0037537781648676505, {"__complex__": [-49393.4375, 3.0237745900912882e-12]}, 77], [0.008050398333474014, {"__complex__": [-58483.20703125, -1.2746202747784818e-12]}, 548], [0.012848609532355457, {"__complex__": [11990.6005859375, -3.1463601255637963e-13]}, 1480], [0.017751579213119567, {"__complex__": [13166.251953125, -8.106916423973945e-14]}, 2872], [0.022691827324042853, {"__complex__": [14044.873046875, -9.832375392386863e-14]}, 4736], [0.027648005536595924, {"__complex__": [-2140.89697265625, -1.1581968023532951e-13]}, 7036], [0.032612636555868525, {"__complex__": [4706.25390625, -9.466584552928273e-14]}, 9838], [0.03761114292794433, {"__complex__": [5293.76708984375, -5.2884004006449256e-14]}, 13208], [0.04261303922036164, {"__complex__": [2602.98486328125, 4.143385667117888e-14]}, 16858], [0.04760505554480107, {"__complex__": [12154.4306640625, -5.522548428759863e-14]}, 21080], [0.05259133615803475, {"__complex__": [-62.21034622192383, 3.6345712816363354e-14]}, 25624], [0.05756841184374016, {"__complex__": [607.9881591796875, -3.0308597293157366e-14]}, 30728], [0.06256248327880025, {"__complex__": [3828.3740234375, 3.827562656470544e-14]}, 36498], [0.06756661487904435, {"__complex__": [3975.04345703125, 3.2848567887034524e-14]}, 42528], [0.07257304507008182, {"__complex__": [5671.13427734375, 5.684341886080802e-14]}, 49152], [0.07756473030387098, {"__complex__": [3064.587158203125, 2.5060703024489678e-14]}, 55744], [0.08254764044823601, {"__complex__": [3451.40087890625, -5.513307384008613e-15]}, 63346], [0.08754405971893497, {"__complex__": [5046.5830078125, 0.0]}, 71388], [0.09254365223263855, {"__complex__": [-2026.3629150390625, -6.421947663318855e-14]}, 79762], [0.09754150838846357, {"__complex__": [3403.737548828125, -6.309488792977797e-14]}, 88564], [0.10254123052801507, {"__complex__": [3530.290771484375, -4.752227528593417e-15]}, 97988], [0.10754181638082774, {"__complex__": [2600.395263671875, -4.323367547618513e-15]}, 107708], [0.11254085353408888, {"__complex__": [-33.37293243408203, 2.368732888600924e-14]}, 117952], [0.11753281793039293, {"__complex__": [4857.509765625, -1.4519247552836033e-14]}, 128288], [0.12252442444514552, {"__complex__": [3270.478271484375, -4.9974380611093796e-15]}, 139770], [0.12753052839909865, {"__complex__": [4147.353515625, -1.149243714922794e-14]}, 151946], [0.13253665927256145, {"__complex__": [4234.49560546875, 3.202485206275224e-14]}, 163582], [0.13753197887556465, {"__complex__": [2186.300537109375, -1.588022959929814e-14]}, 175940], [0.1425260716253757, {"__complex__": [-142.2636260986328, -1.3546403107860157e-14]}, 189064], [0.14752506711896965, {"__complex__": [2279.362060546875, 9.901018942432352e-15]}, 202824], [0.1525272624752809, {"__complex__": [613.5951538085938, 2.1478246207262816e-15]}, 216806], [0.15752484634575162, {"__complex__": [1258.6080322265625, 6.050797222886513e-15]}, 230876], [0.16252366735405163, {"__complex__": [-72.043701171875, 3.7822968769560955e-15]}, 246232], [0.1675242007800524, {"__complex__": [162.3872528076172, 0.0]}, 261330], [0.17252326579974073, {"__complex__": [-74.2421646118164, 8.396950478926771e-16]}, 277280], [0.17752110470595878, {"__complex__": [1003.0472412109375, 6.3502153229279094e-15]}, 293320], [0.1825207522633753, {"__complex__": [-626.455078125, -1.4993569062639496e-14]}, 310574], [0.18752231962759572, {"__complex__": [-185.31153869628906, 5.686424401284921e-15]}, 327560], [0.19252167162300435, {"__complex__": [-932.3401489257812, 0.0]}, 345268], [0.19752225984779248, {"__complex__": [240.39772033691406, 0.0]}, 363544], [0.20251992290984697, {"__complex__": [-254.03662109375, -4.880378107798835e-15]}, 381660], [0.20751551078768798, {"__complex__": [-1800.4659423828125, 1.7425096145862054e-15]}, 400854], [0.21251512379553542, {"__complex__": [-428.9112548828125, 0.0]}, 421010], [0.21751870975885984, {"__complex__": [627.52734375, -3.1666148856183095e-15]}, 441160], [0.2225209082741387, {"__complex__": [1219.6524658203125, -1.41324829917573e-14]}, 461296], [0.22752039891934017, {"__complex__": [-402.1527404785156, 9.657176156367968e-16]}, 482192], [0.23252118259031918, {"__complex__": [-585.0203247070312, -1.8483756039823105e-15]}, 503860], [0.23751936566507853, {"__complex__": [400.8982238769531, 8.869333659709561e-15]}, 525024], [0.24251707186595864, {"__complex__": [-1357.734619140625, -1.6996364066862186e-15]}, 547954], [0.24751627666670906, {"__complex__": [-596.6515502929688, -3.264682666185518e-15]}, 570544], [0.2525167544702008, {"__complex__": [-184.4983367919922, -7.834483014862881e-15]}, 594374], [0.25751857595461863, {"__complex__": [267.777099609375, -3.7680959460789035e-15]}, 617900], [0.2625190906945416, {"__complex__": [498.8917236328125, 2.900837546110065e-15]}, 642106], [0.2675172479110602, {"__complex__": [984.505126953125, 4.893514741777802e-15]}, 666112], [0.272514629608296, {"__complex__": [770.4807739257812, -1.3462581786191055e-15]}, 691786], [0.27751615229387816, {"__complex__": [-301.4383850097656, -5.512733942703322e-15]}, 717996], [0.28251644607381426, {"__complex__": [-393.7880859375, -7.51923598661967e-15]}, 743152], [0.2875152531419474, {"__complex__": [327.7087707519531, 0.0]}, 770192], [0.2925134012698469, {"__complex__": [88.32608795166016, 3.5081146412704834e-15]}, 796430], [0.2975118362281548, {"__complex__": [-390.0950622558594, 3.951927506621504e-15]}, 824820], [0.3025125080826814, {"__complex__": [544.0245971679688, 6.008095750916582e-15]}, 852562], [0.30751063191170563, {"__complex__": [660.8982543945312, 2.6446848302232344e-15]}, 880372], [0.3125111278203564, {"__complex__": [-110.79125213623047, -2.55674671667224e-15]}, 910652], [0.31751269361539736, {"__complex__": [44.274234771728516, 4.959140313432224e-15]}, 938996], [0.3225130904459611, {"__complex__": [584.9216918945312, 2.161728454797224e-15]}, 969352], [0.32751158760760724, {"__complex__": [143.92779541015625, -2.7986021516841287e-15]}, 998344], [0.3325089848249692, {"__complex__": [764.5670776367188, 0.0]}, 1029922], [0.33751027924368393, {"__complex__": [250.94708251953125, -4.385096344199091e-15]}, 1061918], [0.34251253316973607, {"__complex__": [856.6552734375, -4.685269574112964e-15]}, 1093272], [0.34751415893089227, {"__complex__": [-224.99330139160156, -4.137504802068396e-15]}, 1125464], [0.352514235068077, {"__complex__": [-234.93836975097656, 8.046817763476182e-16]}, 1157380], [0.357512374484406, {"__complex__": [502.0229187011719, 4.69506551014796e-15]}, 1190172], [0.3625118834929162, {"__complex__": [1160.9599609375, 1.7110814099904003e-15]}, 1224650], [0.3675116774700016, {"__complex__": [615.1716918945312, -9.25500067784689e-16]}, 1257864], [0.3725098709245497, {"__complex__": [-256.3070373535156, -1.0809958351427917e-15]}, 1292312], [0.37751067052804127, {"__complex__": 