{"edges": {"__dtype__": "<f8", "__shape__": [116], "__data__": [0.0, 0.005, 0.01, 0.015, 0.02, 0.025, 0.03, 0.035, 0.04, 0.045, 0.05, 0.055, 0.06, 0.065, 0.07, 0.075, 0.08, 0.085, 0.09, 0.095, 0.1, 0.105, 0.11, 0.115, 0.12, 0.125, 0.13, 0.135, 0.14, 0.145, 0.15, 0.155, 0.16, 0.165, 0.17, 0.17500000000000002, 0.18, 0.185, 0.19, 0.195, 0.2, 0.20500000000000002, 0.21, 0.215, 0.22, 0.225, 0.23, 0.23500000000000001, 0.24, 0.245, 0.25, 0.255, 0.26, 0.265, 0.27, 0.275, 0.28, 0.28500000000000003, 0.29, 0.295, 0.3, 0.305, 0.31, 0.315, 0.32, 0.325, 0.33, 0.335, 0.34, 0.34500000000000003, 0.35000000000000003, 0.355, 0.36, 0.365, 0.37, 0.375, 0.38, 0.385, 0.39, 0.395, 0.4, 0.405, 0.41000000000000003, 0.41500000000000004, 0.42, 0.425, 0.43, 0.435, 0.44, 0.445, 0.45, 0.455, 0.46, 0.465, 0.47000000000000003, 0.47500000000000003, 0.48, 0.485, 0.49, 0.495, 0.5, 0.505, 0.51, 0.515, 0.52, 0.525, 0.53, 0.535, 0.54, 0.545, 0.55, 0.555, 0.56, 0.5650000000000001, 0.5700000000000001, 0.5750000000000001]}, "poles": {"__dtype__": [["k", "<f8"], ["power_0", "<c8"], ["modes", "<i8"]], "__shape__": [115], "__data__": [[0.0037054420134658554, {"__complex__": [109138.03125, 2.805188373256051e-12]}, 83], [0.008002706039259398, {"__complex__": [114689.5390625, -2.9299156959101957e-13]}, 596], [0.012849701484846114, {"__complex__": [111249.7421875, -2.1192109753240956e-13]}, 1648], [0.0177641384261076, {"__complex__": [112212.734375, 1.8443491905158899e-13]}, 3156], [0.022684229681789413, {"__complex__": [113545.609375, -1.3494820495438264e-13]}, 5176], [0.027646384376179004, {"__complex__": [109045.3984375, -4.4752172616551594e-14]}, 7804], [0.032636129245414154, {"__complex__": [101635.2890625, 2.6764604665581795e-14]}, 10874], [0.037622935176432226, {"__complex__": [99377.6015625, 4.0304433103705364e-14]}, 14442], [0.0426065943302704, {"__complex__": [96520.34375, 6.277789347256457e-15]}, 18544], [0.047584168879418735, {"__complex__": [92119.5625, -1.3895057962576025e-14]}, 23040], [0.052572163944886785, {"__complex__": [90201.765625, -3.283235567642408e-14]}, 28366], [0.05756591012932392, {"__complex__": [94418.984375, -1.0327221357535245e-14]}, 33818], [0.06255885577973451, {"__complex__": [90026.625, -2.6471214475509534e-14]}, 40130], [0.06756290621144688, {"__complex__": [85898.9921875, -8.699210480385324e-15]}, 46838], [0.07256050504780319, {"__complex__": [86081.0625, -1.7302467374439787e-14]}, 53826], [0.0775516441986681, {"__complex__": [85228.0, -1.8903501946285553e-14]}, 61584], [0.08254999402587553, {"__complex__": [82512.796875, -1.3330507115099244e-14]}, 69864], [0.08754547074829418, {"__complex__": [81886.875, -7.424068023347387e-16]}, 78404], [0.09254370656486871, {"__complex__": [81846.8046875, 3.310940617742733e-15]}, 87902], [0.09754153604884025, {"__complex__": [80813.1015625, 2.3926692350090305e-15]}, 97310], [0.10253422913940137, {"__complex__": [78885.8203125, -1.0807616093570522e-14]}, 107716], [0.1075359850070505, {"__complex__": [78304.5078125, 5.88679639770503e-15]}, 118654], [0.11253957840084304, {"__complex__": [78778.4453125, -1.7922456951830834e-15]}, 129910], [0.11753653834673844, {"__complex__": [78473.6796875, 0.0]}, 141376], [0.12253336603812491, {"__complex__": [76752.21875, -3.024599435857522e-15]}, 153958], [0.12753369323485178, {"__complex__": [76992.296875, 2.79310744895529e-15]}, 166718], [0.1325298054599073, {"__complex__": [77102.4375, 0.0]}, 179806], [0.13753126919241337, {"__complex__": [76141.7578125, 7.190495723526698e-15]}, 194282], [0.14252978867508304, {"__complex__": [75861.25, 5.60297852696969e-15]}, 207774], [0.14752584639061916, {"__complex__": [76194.3828125, 7.299485146915804e-15]}, 223278], [0.1525273402624495, {"__complex__": [76208.5546875, 0.0]}, 238496], [0.15752777994300757, {"__complex__": [75550.4765625, 4.575282769428467e-15]}, 254444], [0.16252677921627748, {"__complex__": [74538.2109375, -1.290244525091889e-15]}, 270682], [0.16752582095517576, {"__complex__": [74665.21875, 1.2138819637980722e-15]}, 287710], [0.1725259295419247, {"__complex__": [74086.21875, 0.0]}, 305202], [0.17752572093623975, {"__complex__": [73957.21875, 5.04574053844303e-15]}, 323008], [0.18252702152554795, {"__complex__": [74161.796875, -1.3623315817053215e-15]}, 341812], [0.18752508561671835, {"__complex__": [73140.0390625, 2.5868633966283404e-15]}, 360020], [0.19252006361125312, {"__complex__": [73051.609375, 3.678906764864815e-15]}, 379728], [0.19751626124600596, {"__complex__": [73721.21875, -1.1651435821339413e-15]}, 399660], [0.20251335405021748, {"__complex__": [74284.1640625, 3.600587980979314e-15]}, 420320], [0.20751594275294782, {"__complex__": [73674.015625, 0.0]}, 442070], [0.21251689533718626, {"__complex__": [74229.3671875, 2.516304493330873e-15]}, 462644], [0.21751895130525958, {"__complex__": [73474.5546875, 2.3962644663536514e-15]}, 485820], [0.22252064263763735, {"__complex__": [73381.203125, 1.7210881513501442e-15]}, 507304], [0.22751949683857262, {"__complex__": [73233.65625, 1.7546433615556233e-15]}, 530776], [0.23252062744923513, {"__complex__": [73619.375, 0.0]}, 554524], [0.23751988845699762, {"__complex__": [72998.328125, -1.6112623888047436e-15]}, 578008], [0.24251952417933192, {"__complex__": [72585.2890625, -2.315678175268351e-15]}, 603272], [0.24751886354741093, {"__complex__": [73305.6484375, -7.41796515096242e-16]}, 627748], [0.2525158523431189, {"__complex__": [73205.1796875, -3.563894513704258e-15]}, 653304], [0.2575140585584922, {"__complex__": [72736.3515625, 6.849007826335786e-16]}, 679896], [0.2625126084722789, {"__complex__": [72636.0078125, 2.3082183561018823e-15]}, 706092], [0.26751303339828036, {"__complex__": [72872.421875, 9.512894681715039e-16]}, 734258], [0.2725141980302592, {"__complex__": [72488.5546875, -1.8352631104423403e-15]}, 761190], [0.27751499291909654, {"__complex__": [72295.640625, -1.1789400547788194e-15]}, 789966], [0.2825156597003922, {"__complex__": [72439.953125, 1.4227388745392848e-16]}, 818248], [0.2875141801620819, {"__complex__": [72379.6171875, -1.3744040246651819e-15]}, 847024], [0.29251195304227423, {"__complex__": [72398.109375, -2.9203254448857815e-15]}, 877004], [0.2975142527009851, {"__complex__": [72476.2265625, 2.001965017813499e-16]}, 908602], [0.30251615798691667, {"__complex__": [72314.046875, -2.110318001821861e-15]}, 937802], [0.30751506635382575, {"__complex__": [72092.140625, -2.641148044151974e-15]}, 969706], [0.31251223811931306, {"__complex__": [72134.125, -9.313635474829385e-16]}, 999956], [0.3175098816792195, {"__complex__": [72228.0234375, 4.503232664627359e-16]}, 1034060], [0.3225110492752749, {"__complex__": [72133.7578125, 8.733447022717751e-16]}, 1066386], [0.3275123331358606, {"__complex__": [72217.0234375, 0.0]}, 1100278], [0.3325123291547583, {"__complex__": [72054.9296875, 4.1097310681839606e-16]}, 1133070], [0.3375117534479973, {"__complex__": [72180.9453125, 5.979819144159273e-16]}, 1168082], [0.3425129583700723, {"__complex__": [71953.28125, -7.740007077508505e-16]}, 1203258], [0.3475132726509487, {"__complex__": [72436.703125, 0.0]}, 1237894], [0.35251300538197095, {"__complex__": [72387.5625, -7.309512640582755e-16]}, 1274124], [0.3575125695577228, {"__complex__": [72195.484375, 0.0]}, 1310242], [0.36251151779301266, {"__complex__": [72127.734375, 2.6793655354573776e-15]}, 1346914], [0.3675115630015573, {"__complex__": [71855.8515625, -1.0084254403538323e-15]}, 1385312], [0.3725118957087531, {"__complex__": [72045.8203125, -3.601376568653208e-15]}, 1422310], [0.37751124096797295, {"__complex__": [71904.7890625, -8.763826388766618e-16]}, 1461198], [0.3825103314725004, {"__complex__": [71705.234375, 4.658103639307743e-16]}, 1499520], [0.38750966779422413, {"__complex__": [71698.3359375, -1.3231660487737036e-15]}, 1539692], [0.3925103292814964, {"__complex__": [71973.3671875, -2.94737263625971e-16]}, 1579920], [0.3975099588994165, {"__complex__": [72164.0, -1.1501800039668652e-15]}, 1619438], [0.4025095615803663, {"__complex__": [71842.5234375, 