{"poles": {"dims": ["k"], "edges": [{"__dtype__": "<f8", "__shape__": [94], "__data__": [0.0, 0.005, 0.01, 0.015, 0.02, 0.025, 0.03, 0.035, 0.04, 0.045, 0.05, 0.055, 0.06, 0.065, 0.07, 0.075, 0.08, 0.085, 0.09, 0.095, 0.1, 0.105, 0.11, 0.115, 0.12, 0.125, 0.13, 0.135, 0.14, 0.145, 0.15, 0.155, 0.16, 0.165, 0.17, 0.17500000000000002, 0.18, 0.185, 0.19, 0.195, 0.2, 0.20500000000000002, 0.21, 0.215, 0.22, 0.225, 0.23, 0.23500000000000001, 0.24, 0.245, 0.25, 0.255, 0.26, 0.265, 0.27, 0.275, 0.28, 0.28500000000000003, 0.29, 0.295, 0.3, 0.305, 0.31, 0.315, 0.32, 0.325, 0.33, 0.335, 0.34, 0.34500000000000003, 0.35000000000000003, 0.355, 0.36, 0.365, 0.37, 0.375, 0.38, 0.385, 0.39, 0.395, 0.4, 0.405, 0.41000000000000003, 0.41500000000000004, 0.42, 0.425, 0.43, 0.435, 0.44, 0.445, 0.45, 0.455, 0.46, 0.465]}], "coords": [{"__dtype__": "<f8", "__shape__": [93], "__data__": [0.0025, 0.0075, 0.0125, 0.0175, 0.0225, 0.0275, 0.0325, 0.037500000000000006, 0.042499999999999996, 0.0475, 0.052500000000000005, 0.057499999999999996, 0.0625, 0.0675, 0.07250000000000001, 0.0775, 0.0825, 0.0875, 0.0925, 0.0975, 0.10250000000000001, 0.1075, 0.1125, 0.1175, 0.1225, 0.1275, 0.1325, 0.1375, 0.14250000000000002, 0.1475, 0.1525, 0.1575, 0.1625, 0.1675, 0.17250000000000001, 0.1775, 0.1825, 0.1875, 0.1925, 0.1975, 0.2025, 0.20750000000000002, 0.2125, 0.2175, 0.2225, 0.2275, 0.2325, 0.2375, 0.2425, 0.2475, 0.2525, 0.2575, 0.2625, 0.2675, 0.2725, 0.2775, 0.28250000000000003, 0.2875, 0.2925, 0.2975, 0.3025, 0.3075, 0.3125, 0.3175, 0.3225, 0.3275, 0.3325, 0.3375, 0.3425, 0.34750000000000003, 0.35250000000000004, 0.3575, 0.3625, 0.3675, 0.3725, 0.3775, 0.3825, 0.3875, 0.3925, 0.3975, 0.4025, 0.40750000000000003, 0.41250000000000003, 0.4175, 0.4225, 0.4275, 0.4325, 0.4375, 0.4425, 0.4475, 0.4525, 0.4575, 0.4625]}], "data": {"__dtype__": [["k", "<f8"], ["power_2", "<c8"], ["modes", "<i8"]], "__shape__": [93], "__data__": [[0.0037081367915242675, {"__complex__": [62098.79296875, 1.2190086180058346e-12]}, 191], [0.008018577791264523, {"__complex__": [-11292.3173828125, 6.748714542932632e-13]}, 1380], [0.012844085612331841, {"__complex__": [8393.2802734375, 1.8527636835765499e-13]}, 3770], [0.01775141230162106, {"__complex__": [25135.255859375, 3.2088014970815815e-13]}, 7256], [0.022691010615224643, {"__complex__": [34931.0546875, 7.754559527058807e-14]}, 12010], [0.027661296094027222, {"__complex__": [27015.359375, -2.5979764265446695e-14]}, 17924], [0.03263163473973046, {"__complex__": [5640.28466796875, -5.140780853850162e-14]}, 24910], [0.03760885918999335, {"__complex__": [3449.5224609375, 3.502266090527929e-14]}, 33240], [0.04258994605322728, {"__complex__": [11958.0126953125, 8.75179784328925e-14]}, 42566], [0.047583805693835864, {"__complex__": [841.7975463867188, -5.659894482343969e-14]}, 53478], [0.052589415944125126, {"__complex__": [-1321.14453125, 0.0]}, 65258], [0.057576993125266096, {"__complex__": [9984.8681640625, 2.993143385053576e-15]}, 77788], [0.0625679362273907, {"__complex__": [6642.4033203125, 5.037552694458396e-15]}, 92438], [0.06756372941029527, {"__complex__": [2616.0927734375, 2.5605258812213573e-14]}, 107412], [0.07255867544245412, {"__complex__": [4960.8037109375, 3.37321655525559e-14]}, 124242], [0.07755343255815964, {"__complex__": [4596.611328125, -1.3157247372771325e-14]}, 141568], [0.08254944316463679, {"__complex__": [1752.7913818359375, 1.4471778132406007e-15]}, 160886], [0.0875469705282893, {"__complex__": [531.3792724609375, -5.158424296031585e-15]}, 180544], [0.09254207143002044, {"__complex__": [1538.760986328125, 0.0]}, 202004], [0.09754200795670145, {"__complex__": [-57.19320297241211, 2.799716465877889e-14]}, 224538], [0.10254171329034444, {"__complex__": [-516.9951171875, -1.501903087303396e-14]}, 248038], [0.10754099109209159, {"__complex__": [-2018.2357177734375, 1.0238964759596084e-14]}, 272876], [0.11253870054955198, {"__complex__": [-1672.3125, 1.5595132285295974e-15]}, 298594], [0.11753608765430268, {"__complex__": [1427.9857177734375, 8.572662063999637e-15]}, 325916], [0.12253572907412832, {"__complex__": [-1960.2706298828125, -2.1026998298459033e-14]}, 354334], [0.1275331697481456, {"__complex__": [-337.8625183105469, -1.214481345487373e-14]}, 383424], [0.13252928315027618, {"__complex__": [199.60484313964844, 1.3489933962365554e-14]}, 414230], [0.13752809598823948, {"__complex__": [1974.9986572265625, -8.084940492970611e-15]}, 446370], [0.1425292748907053, {"__complex__": [-606.8262939453125, 3.8840873673264865e-15]}, 479558], [0.14752984329410787, {"__complex__": [1012.7684936523438, 1.8135629733666324e-15]}, 513532], [0.15252898535896237, {"__complex__": [-1073.67236328125, 1.0179686852848386e-14]}, 548930], [0.15752847498756622, {"__complex__": [764.2944946289062, 7.95257211320434e-15]}, 585548], [0.16252705956276423, {"__complex__": [802.5518798828125, -5.97869693138328e-15]}, 623094], [0.16752723347134682, {"__complex__": [936.0104370117188, -1.7568941398547148e-15]}, 662620], [0.17252557298757182, {"__complex__": [1035.48388671875, -4.935847330899204e-15]}, 701674], [0.1775232051718564, {"__complex__": [692.9569091796875, 3.1304370496498942e-15]}, 743764], [0.1825215844754662, {"__complex__": [-114.96546173095703, -2.5191064783203904e-15]}, 785620], [0.18752064712987349, {"__complex__": [1224.5684814453125, 3.3658207294282863e-15]}, 830100], [0.19252067437217257, {"__complex__": [480.9993896484375, -6.390462516933171e-15]}, 874418], [0.19751987908784707, {"__complex__": [-1169.1148681640625, 8.092457910377493e-15]}, 920682], [0.20251936794243589, {"__complex__": [-1106.905517578125, 8.902112140702408e-15]}, 967718], [0.20751955964231095, {"__complex__": [-813.522216796875, 2.748431754943546e-15]}, 1016568], [0.2125192859071403, {"__complex__": [-781.9842529296875, 3.4963559181384624e-15]}, 1065478], [0.21751870204394746, {"__complex__": [439.21875, 5.42096978132958e-15]}, 1116700], [0.22251763655620238, {"__complex__": [779.3524169921875, -5.581910276472634e-15]}, 1167926], [0.2275173612096972, {"__complex__": [698.1292724609375, 5.3347600385074585e-15]}, 1222034], [0.23251753944930767, {"__complex__": [-933.546142578125, 4.38072226605947e-15]}, 1275574], [0.237518608068736, {"__complex__": [1063.862548828125, 6.990714850224654e-16]}, 1332228], [0.24251933382685822, {"__complex__": [-1060.338623046875, 0.0]}, 1387574], [0.2475188275283454, {"__complex__": [2.08046817779541, 1.2881327660752657e-15]}, 1446004], [0.2525176353551358, {"__complex__": [-71.57798767089844, -3.096148097153856e-15]}, 1504002], [0.25751592740199597, {"__complex__": [234.5516357421875, -5.951749001682858e-16]}, 1564788], [0.2625152321376914, {"__complex__": [448.4172668457031, 3.1500092282038625e-15]}, 1626114], [0.2675142035428968, {"__complex__": [-172.1522674560547, 0.0]}, 1688484], [0.27251407722071946, {"__complex__": [768.0746459960938, -9.297712314212188e-16]}, 1752920], [0.277514999580621, {"__complex__": [1692.126708984375, 0.0]}, 1817892], [0.28251513318998955, {"__complex__": [101.70365905761719, 5.934050671766453e-15]}, 1883346], [0.2875150555774266, {"__complex__": [-1451.8084716796875, 4.773320766562417e-15]}, 1951100], [0.2925143032383768, {"__complex__": [-406.35687255859375, 4.61392028319659e-16]}, 2018506], [0.2975129983065177, {"__complex__": [-740.6530151367188, -1.1147486951925567e-16]}, 2088638], [0.30251265006104155, {"__complex__": [1243.9105224609375, 1.2936521386386931e-15]}, 2159752], [0.3075131135075962, {"__complex__": [545.0017700195312, -3.546623935426216e-15]}, 2232050], [0.31251255553945134, {"__complex__": [-425.15655517578125, 5.305275456888247e-16]}, 2304048], [0.3175120364779517, {"__complex__": [-133.65513610839844, -4.6966282859356445e-15]}, 2379552], [0.3225126598898453, {"__complex__": [-502.4813232421875, -5.3110562449950206e-15]}, 2454976], [0.3275133985704822, {"__complex__": [148.36424255371094, 1.1034688897828692e-15]}, 2531986], [0.33251410375899365, {"__complex__": [-23.602294921875, -2.8551581180558247e-15]}, 