{"edges": {"__dtype__": "<f8", "__shape__": [128], "__data__": [0.0, 0.005, 0.01, 0.015, 0.02, 0.025, 0.03, 0.035, 0.04, 0.045, 0.05, 0.055, 0.06, 0.065, 0.07, 0.075, 0.08, 0.085, 0.09, 0.095, 0.1, 0.105, 0.11, 0.115, 0.12, 0.125, 0.13, 0.135, 0.14, 0.145, 0.15, 0.155, 0.16, 0.165, 0.17, 0.17500000000000002, 0.18, 0.185, 0.19, 0.195, 0.2, 0.20500000000000002, 0.21, 0.215, 0.22, 0.225, 0.23, 0.23500000000000001, 0.24, 0.245, 0.25, 0.255, 0.26, 0.265, 0.27, 0.275, 0.28, 0.28500000000000003, 0.29, 0.295, 0.3, 0.305, 0.31, 0.315, 0.32, 0.325, 0.33, 0.335, 0.34, 0.34500000000000003, 0.35000000000000003, 0.355, 0.36, 0.365, 0.37, 0.375, 0.38, 0.385, 0.39, 0.395, 0.4, 0.405, 0.41000000000000003, 0.41500000000000004, 0.42, 0.425, 0.43, 0.435, 0.44, 0.445, 0.45, 0.455, 0.46, 0.465, 0.47000000000000003, 0.47500000000000003, 0.48, 0.485, 0.49, 0.495, 0.5, 0.505, 0.51, 0.515, 0.52, 0.525, 0.53, 0.535, 0.54, 0.545, 0.55, 0.555, 0.56, 0.5650000000000001, 0.5700000000000001, 0.5750000000000001, 0.58, 0.585, 0.59, 0.595, 0.6, 0.605, 0.61, 0.615, 0.62, 0.625, 0.63, 0.635]}, "poles": {"__dtype__": [["k", "<f8"], ["power_2", "<c8"], ["modes", "<i8"]], "__shape__": [127], "__data__": [[0.0037537781648676505, {"__complex__": [-7609.1513671875, -4.535661776716715e-12]}, 77], [0.008050398333474014, {"__complex__": [40333.20703125, -4.248734339611787e-13]}, 548], [0.012848609532355457, {"__complex__": [15089.919921875, -3.1463601255637963e-13]}, 1480], [0.017751579213119567, {"__complex__": [-505.9676513671875, 8.106916423973945e-14]}, 2872], [0.022691827324042853, {"__complex__": [7921.8642578125, 2.458093848096716e-14]}, 4736], [0.027648005536595924, {"__complex__": [19268.056640625, -1.4891100776504712e-13]}, 7036], [0.032612636555868525, {"__complex__": [1870.99267578125, 4.7332922764641364e-14]}, 9838], [0.03761114292794433, {"__complex__": [12544.7333984375, 5.2884004006449256e-14]}, 13208], [0.04261303922036164, {"__complex__": [5897.8798828125, 2.0716926980336725e-13]}, 16858], [0.04760505554480107, {"__complex__": [7151.1171875, 7.179313025150458e-14]}, 21080], [0.05259133615803475, {"__complex__": [8399.7646484375, 3.6345712816363354e-14]}, 25624], [0.05756841184374016, {"__complex__": [3161.33935546875, -1.5154298646578683e-14]}, 30728], [0.06256248327880025, {"__complex__": [139.9734344482422, 6.379271094117574e-15]}, 36498], [0.06756661487904435, {"__complex__": [3814.6826171875, 6.159106563522268e-14]}, 42528], [0.07257304507008182, {"__complex__": [7125.51611328125, -5.684341886080802e-14]}, 49152], [0.07756473030387098, {"__complex__": [5199.91357421875, 5.2209799661752723e-14]}, 55744], [0.08254764044823601, {"__complex__": [4614.22412109375, -3.307984515108463e-14]}, 63346], [0.08754405971893497, {"__complex__": [1223.3770751953125, 1.3045926067678428e-14]}, 71388], [0.09254365223263855, {"__complex__": [6709.53076171875, 3.502880697634457e-14]}, 79762], [0.09754150838846357, {"__complex__": [447.0697326660156, 1.4459245432918433e-14]}, 88564], [0.10254123052801507, {"__complex__": [2688.176513671875, -1.1880568821483542e-14]}, 97988], [0.10754181638082774, {"__complex__": [-1197.9466552734375, -1.0808419080804519e-14]}, 107708], [0.11254085353408888, {"__complex__": [-638.5176391601562, 2.7635215621955866e-14]}, 117952], [0.11753281793039293, {"__complex__": [-247.31057739257812, -3.743243152373515e-15]}, 128288], [0.12252442444514552, {"__complex__": [1215.96533203125, -2.3321378465543385e-14]}, 139770], [0.12753052839909865, {"__complex__": [5338.154296875, 0.0]}, 151946], [0.13253665927256145, {"__complex__": [-866.5661010742188, -1.1386613934995671e-14]}, 163582], [0.13753197887556465, {"__complex__": [2304.764892578125, -1.3233525230770416e-14]}, 175940], [0.1425260716253757, {"__complex__": [3558.5205078125, -2.339833140880144e-14]}, 189064], [0.14752506711896965, {"__complex__": [251.97117614746094, -1.6214712745773498e-14]}, 202824], [0.1525272624752809, {"__complex__": [207.97445678710938, -1.1813035731631904e-14]}, 216806], [0.15752484634575162, {"__complex__": [1036.582763671875, 1.0084662461660662e-14]}, 230876], [0.16252366735405163, {"__complex__": [2910.016845703125, 1.5129187507824382e-14]}, 246232], [0.1675242007800524, {"__complex__": [1003.9058227539062, -7.12755948147981e-15]}, 261330], [0.17252326579974073, {"__complex__": [2527.9365234375, 1.6793900322578832e-14]}, 277280], [0.17752110470595878, {"__complex__": [2877.231201171875, -1.3891095542448769e-14]}, 293320], [0.1825207522633753, {"__complex__": [120.74968719482422, -2.998713897231194e-15]}, 310574], [0.18752231962759572, {"__complex__": [-279.08294677734375, 2.8432122006424605e-15]}, 327560], [0.19252167162300435, {"__complex__": [949.8933715820312, 1.3486951982874746e-15]}, 345268], [0.19752225984779248, {"__complex__": [-245.90475463867188, -5.123575666515648e-15]}, 363544], [0.20251992290984697, {"__complex__": [21.118722915649414, -1.0980851271942971e-14]}, 381660], [0.20751551078768798, {"__complex__": [1579.466796875, -5.808365381954018e-15]}, 400854], [0.21251512379553542, {"__complex__": [57.03950881958008, 2.765143820871992e-16]}, 421010], [0.21751870975885984, {"__complex__": [-433.647705078125, -2.111076731584364e-15]}, 441160], [0.2225209082741387, {"__complex__": [797.203125, -1.0094630557142188e-15]}, 461296], [0.22752039891934017, {"__complex__": [2851.55810546875, -5.794305482062544e-15]}, 482192], [0.23252118259031918, {"__complex__": [-543.3955078125, 1.8483756039823105e-15]}, 503860], [0.23751936566507853, {"__complex__": [181.93377685546875, -8.869333342072206e-16]}, 525024], [0.24251707186595864, {"__complex__": [-198.77685546875, -4.2490910167155465e-16]}, 547954], [0.24751627666670906, {"__complex__": [-1360.56396484375, -1.0610219300377643e-14]}, 570544], [0.2525167544702008, {"__complex__": [173.6442108154297, 1.7627586783441483e-15]}, 594374], [0.25751857595461863, {"__complex__": [425.6189270019531, -2.260857567647342e-15]}, 617900], [0.2625190906945416, {"__complex__": [1333.35205078125, -1.4504187730550325e-15]}, 642106], [0.2675172479110602, {"__complex__": [497.7071533203125, -1.3981470993305488e-15]}, 666112], [0.272514629608296, {"__complex__": [667.052734375, -9.423807356212857e-15]}, 691786], [0.27751615229387816, {"__complex__": [232.82566833496094, 1.2322581953579884e-14]}, 717996], [0.28251644607381426, {"__complex__": [1284.8541259765625, -1.8171487602938914e-14]}, 743152], [0.2875152531419474, {"__complex__": [818.1943359375, -4.8368334145299126e-15]}, 770192], [0.2925134012698469, {"__complex__": [161.53359985351562, 3.5081146412704834e-15]}, 796430], [0.2975118362281548, {"__complex__": [-448.5701599121094, 0.0]}, 824820], [0.3025125080826814, {"__complex__": [42.81671142578125, -5.461905189604486e-15]}, 852562], [0.30751063191170563, {"__complex__": [169.41845703125, 2.115747906530235e-15]}, 880372], [0.3125111278203564, {"__complex__": [333.12640380859375, -1.022698686668896e-15]}, 910652], [0.31751269361539736, {"__complex__": [-468.7963562011719, 9.918280626864447e-15]}, 938996], [0.3225130904459611, {"__complex__": [-75.20418548583984, -4.323456909594448e-15]}, 969352], [0.32751158760760724, {"__complex__": [-798.3720092773438, -2.6819938786927077e-15]}, 998344], [0.3325089848249692, {"__complex__": [-790.20947265625, -1.808530327110521e-15]}, 1029922], [0.33751027924368393, {"__complex__": [-414.53515625, -2.1925481720995454e-15]}, 1061918], [0.34251253316973607, {"__complex__": [1164.9072265625, -1.2778008699428946e-15]}, 1093272], [0.34751415893089227, {"__complex__": [-464.5394592285156, -3.3100040110613065e-15]}, 1125464], [0.352514235068077, {"__complex__": [-424.46484375, -4.224579365529665e-15]}, 1157380], [0.357512374484406, {"__complex__": [1003.403564453125, -2.34753275507398e-15]}, 1190172], [0.3625118834929162, {"__complex__": [678.0550537109375, 1.5209612650891467e-15]}, 1224650], [0.3675116774700016, {"__complex__": [-67.8520736694336, -7.404000754035749e-16]}, 1257864], [0.3725098709245497, {"__complex__": 