{"edges": {"__dtype__": "<f8", "__shape__": [128], "__data__": [0.0, 0.005, 0.01, 0.015, 0.02, 0.025, 0.03, 0.035, 0.04, 0.045, 0.05, 0.055, 0.06, 0.065, 0.07, 0.075, 0.08, 0.085, 0.09, 0.095, 0.1, 0.105, 0.11, 0.115, 0.12, 0.125, 0.13, 0.135, 0.14, 0.145, 0.15, 0.155, 0.16, 0.165, 0.17, 0.17500000000000002, 0.18, 0.185, 0.19, 0.195, 0.2, 0.20500000000000002, 0.21, 0.215, 0.22, 0.225, 0.23, 0.23500000000000001, 0.24, 0.245, 0.25, 0.255, 0.26, 0.265, 0.27, 0.275, 0.28, 0.28500000000000003, 0.29, 0.295, 0.3, 0.305, 0.31, 0.315, 0.32, 0.325, 0.33, 0.335, 0.34, 0.34500000000000003, 0.35000000000000003, 0.355, 0.36, 0.365, 0.37, 0.375, 0.38, 0.385, 0.39, 0.395, 0.4, 0.405, 0.41000000000000003, 0.41500000000000004, 0.42, 0.425, 0.43, 0.435, 0.44, 0.445, 0.45, 0.455, 0.46, 0.465, 0.47000000000000003, 0.47500000000000003, 0.48, 0.485, 0.49, 0.495, 0.5, 0.505, 0.51, 0.515, 0.52, 0.525, 0.53, 0.535, 0.54, 0.545, 0.55, 0.555, 0.56, 0.5650000000000001, 0.5700000000000001, 0.5750000000000001, 0.58, 0.585, 0.59, 0.595, 0.6, 0.605, 0.61, 0.615, 0.62, 0.625, 0.63, 0.635]}, "poles": {"__dtype__": [["k", "<f8"], ["power_0", "<c8"], ["modes", "<i8"]], "__shape__": [127], "__data__": [[0.0037537781648676505, {"__complex__": [92801.578125, 1.6063802848673148e-12]}, 77], [0.008050398333474014, {"__complex__": [112290.7265625, 7.435285026557992e-13]}, 548], [0.012848609532355457, {"__complex__": [116979.703125, -1.6223418550405377e-13]}, 1480], [0.017751579213119567, {"__complex__": [114850.96875, -1.520046871846762e-14]}, 2872], [0.022691827324042853, {"__complex__": [116173.625, -2.458093848096716e-14]}, 4736], [0.027648005536595924, {"__complex__": [102700.46875, -5.3256369854457614e-14]}, 7036], [0.032612636555868525, {"__complex__": [104146.265625, 3.254138291838328e-14]}, 9838], [0.03761114292794433, {"__complex__": [105133.28125, 1.652625146377363e-14]}, 13208], [0.04261303922036164, {"__complex__": [99162.7578125, 2.4169748030788453e-14]}, 16858], [0.04760505554480107, {"__complex__": [97092.1875, -1.6567645963905947e-14]}, 21080], [0.05259133615803475, {"__complex__": [93986.4453125, 2.0444464941512044e-14]}, 25624], [0.05756841184374016, {"__complex__": [95797.6875, -1.2312867332707825e-14]}, 30728], [0.06256248327880025, {"__complex__": [92001.2109375, -2.0732632326431535e-14]}, 36498], [0.06756661487904435, {"__complex__": [90193.3515625, -6.843451501960035e-15]}, 42528], [0.07257304507008182, {"__complex__": [89404.796875, -1.0658141036401503e-14]}, 49152], [0.07756473030387098, {"__complex__": [89929.1171875, 1.1747205178004247e-14]}, 55744], [0.08254764044823601, {"__complex__": [89143.765625, -3.216096009298064e-15]}, 63346], [0.08754405971893497, {"__complex__": [86507.984375, -4.892222169500292e-15]}, 71388], [0.09254365223263855, {"__complex__": [85553.546875, -1.641975379955711e-15]}, 79762], [0.09754150838846357, {"__complex__": [82230.2734375, 5.915145319900211e-15]}, 88564], [0.10254123052801507, {"__complex__": [83016.4296875, -5.940284410741771e-15]}, 97988], [0.10754181638082774, {"__complex__": [83865.4453125, -3.7829465512266396e-15]}, 107708], [0.11254085353408888, {"__complex__": [82762.03125, 0.0]}, 117952], [0.11753281793039293, {"__complex__": [81805.875, 1.3611794051388189e-15]}, 128288], [0.12252442444514552, {"__complex__": [81885.3515625, 3.852191918181152e-15]}, 139770], [0.12753052839909865, {"__complex__": [81095.84375, 7.90105048715465e-15]}, 151946], [0.13253665927256145, {"__complex__": [80570.4765625, 3.558316801746588e-15]}, 163582], [0.13753197887556465, {"__complex__": [81139.25, 2.97754315574752e-15]}, 175940], [0.1425260716253757, {"__complex__": [79946.2734375, -4.618091920461818e-16]}, 189064], [0.14752506711896965, {"__complex__": [79721.8359375, -1.1479442605025875e-15]}, 202824], [0.1525272624752809, {"__complex__": [80448.203125, 2.4163027247868464e-15]}, 216806], [0.15752484634575162, {"__complex__": [79339.1640625, -1.0084662038144189e-15]}, 230876], [0.16252366735405163, {"__complex__": [79256.2109375, 2.3639355480975597e-16]}, 246232], [0.1675242007800524, {"__complex__": [79668.5546875, -3.118307326086976e-15]}, 261330], [0.17252326579974073, {"__complex__": [79131.8203125, -2.7290088659465313e-15]}, 277280], [0.17752110470595878, {"__complex__": [78897.09375, 3.1751076614639547e-15]}, 293320], [0.1825207522633753, {"__complex__": [78386.953125, 8.433882703613835e-16]}, 310574], [0.18752231962759572, {"__complex__": [78742.4609375, -8.885037862309893e-16]}, 327560], [0.19252167162300435, {"__complex__": [78107.28125, 1.0115213457760467e-15]}, 345268], [0.19752225984779248, {"__complex__": [78238.5625, 9.606704639414636e-16]}, 363544], [0.20251992290984697, {"__complex__": [78525.5703125, 1.5251181851569156e-15]}, 381660], [0.20751551078768798, {"__complex__": [78754.5, 2.686369015623513e-15]}, 400854], [0.21251512379553542, {"__complex__": [77969.9921875, 1.7973435629761335e-15]}, 421010], [0.21751870975885984, {"__complex__": [78098.78125, 2.638845914480455e-16]}, 441160], [0.2225209082741387, {"__complex__": [77801.71875, -2.7760234296838812e-15]}, 461296], [0.22752039891934017, {"__complex__": [77781.3828125, -7.24288185257818e-16]}, 482192], [0.23252118259031918, {"__complex__": [77583.0390625, 4.0433218322346513e-16]}, 503860], [0.23751936566507853, {"__complex__": [76884.8828125, 4.434666671036103e-16]}, 525024], [0.24251707186595864, {"__complex__": [77274.5234375, -2.0183181535305458e-15]}, 547954], [0.24751627666670906, {"__complex__": [77800.4375, 4.0808533327318973e-16]}, 570544], [0.2525167544702008, {"__complex__": [77385.65625, -1.5668966029725763e-15]}, 594374], [0.25751857595461863, {"__complex__": [77434.8515625, -9.420239865197259e-16]}, 617900], [0.2625190906945416, {"__complex__": [77052.8671875, -2.4929071669266636e-16]}, 642106], [0.2675172479110602, {"__complex__": [76662.0625, -1.3981470993305488e-15]}, 666112], [0.272514629608296, {"__complex__": [76792.9609375, -2.0193873208682175e-15]}, 691786], [0.27751615229387816, {"__complex__": [76781.390625, 1.013370206941666e-15]}, 717996], [0.28251644607381426, {"__complex__": [76409.359375, -1.4490194746261684e-15]}, 743152], [0.2875152531419474, {"__complex__": [76638.703125, -4.534531061423997e-16]}, 770192], [0.2925134012698469, {"__complex__": [76947.8359375, 2.6310859280133034e-15]}, 796430], [0.2975118362281548, {"__complex__": [76979.9765625, -7.762714972033209e-16]}, 824820], [0.3025125080826814, {"__complex__": [76727.9609375, 1.365476270931342e-16]}, 852562], [0.30751063191170563, {"__complex__": [76553.34375, -3.9670271923952923e-16]}, 880372], [0.3125111278203564, {"__complex__": [76811.8984375, -1.022698686668896e-15]}, 910652], [0.31751269361539736, {"__complex__": [76917.7265625, 1.3947582263877027e-15]}, 938996], [0.3225130904459611, {"__complex__": [77217.140625, 9.907922260952474e-16]}, 969352], [0.32751158760760724, {"__complex__": [77047.4453125, 1.7491263448025804e-16]}, 998344], [0.3325089848249692, {"__complex__": [76711.9609375, -9.042651635552605e-16]}, 1029922], [0.33751027924368393, {"__complex__": [76566.546875, 8.222055645373295e-16]}, 1061918], [0.34251253316973607, {"__complex__": [76425.3046875, 1.5972510874286182e-16]}, 1093272], [0.34751415893089227, {"__complex__": [76299.4296875, 9.050791622175719e-16]}, 1125464], [0.352514235068077, {"__complex__": [76357.34375, -1.1064374226256403e-15]}, 1157380], [0.357512374484406, {"__complex__": [76619.1796875, -5.86883188768495e-16]}, 1190172], [0.3625118834929162, {"__complex__": [76482.5546875, 3.802403162722867e-16]}, 1224650], [0.3675116774700016, {"__complex__": [76589.8671875, 3.7020003770178744e-16]}, 1257864], [0.3725098709245497, {"__complex__": [76326.8828125, -9.008298096794339e-16]}, 1292312], [0.37751067052804127, {"__complex__": [76660.5625, -1.7525380346954431e-16]}, 1328534], [0.3825116981355865, {"__complex__": [76519.8203125, 1.2813092804104219e-15]}, 1362848], [0.3875116125361288, {"__complex__": [76457.4296875, 1.1232149218492614e-15]}, 1399204], 