{"edges": {"__dtype__": "<f8", "__shape__": [116], "__data__": [0.0, 0.005, 0.01, 0.015, 0.02, 0.025, 0.03, 0.035, 0.04, 0.045, 0.05, 0.055, 0.06, 0.065, 0.07, 0.075, 0.08, 0.085, 0.09, 0.095, 0.1, 0.105, 0.11, 0.115, 0.12, 0.125, 0.13, 0.135, 0.14, 0.145, 0.15, 0.155, 0.16, 0.165, 0.17, 0.17500000000000002, 0.18, 0.185, 0.19, 0.195, 0.2, 0.20500000000000002, 0.21, 0.215, 0.22, 0.225, 0.23, 0.23500000000000001, 0.24, 0.245, 0.25, 0.255, 0.26, 0.265, 0.27, 0.275, 0.28, 0.28500000000000003, 0.29, 0.295, 0.3, 0.305, 0.31, 0.315, 0.32, 0.325, 0.33, 0.335, 0.34, 0.34500000000000003, 0.35000000000000003, 0.355, 0.36, 0.365, 0.37, 0.375, 0.38, 0.385, 0.39, 0.395, 0.4, 0.405, 0.41000000000000003, 0.41500000000000004, 0.42, 0.425, 0.43, 0.435, 0.44, 0.445, 0.45, 0.455, 0.46, 0.465, 0.47000000000000003, 0.47500000000000003, 0.48, 0.485, 0.49, 0.495, 0.5, 0.505, 0.51, 0.515, 0.52, 0.525, 0.53, 0.535, 0.54, 0.545, 0.55, 0.555, 0.56, 0.5650000000000001, 0.5700000000000001, 0.5750000000000001]}, "poles": {"__dtype__": [["k", "<f8"], ["power_0", "<c8"], ["modes", "<i8"]], "__shape__": [115], "__data__": [[0.0037054420134658554, {"__complex__": [92298.578125, 3.506485466570064e-13]}, 83], [0.008002706039259398, {"__complex__": [99053.546875, -4.8831930523924455e-14]}, 596], [0.012849701484846114, {"__complex__": [103394.8515625, -2.4724127367821425e-13]}, 1648], [0.0177641384261076, {"__complex__": [112519.7265625, 0.0]}, 3156], [0.022684229681789413, {"__complex__": [101206.1328125, 7.871978622338988e-14]}, 5176], [0.027646384376179004, {"__complex__": [106969.53125, -5.966956800624451e-14]}, 7804], [0.032636129245414154, {"__complex__": [99988.0078125, -2.1411683393652257e-14]}, 10874], [0.037622935176432226, {"__complex__": [92664.609375, -8.060886451334483e-15]}, 14442], [0.0426065943302704, {"__complex__": [97745.34375, 1.2555578694512914e-14]}, 18544], [0.047584168879418735, {"__complex__": [89846.796875, -4.0421987724257105e-14]}, 23040], [0.052572163944886785, {"__complex__": [91534.65625, -1.2312132955142555e-14]}, 28366], [0.05756591012932392, {"__complex__": [91389.296875, 2.409684898721596e-14]}, 33818], [0.06255885577973451, {"__complex__": [89851.9375, -2.3207638881386078e-14]}, 40130], [0.06756290621144688, {"__complex__": [88455.03125, 0.0]}, 46838], [0.07256050504780319, {"__complex__": [86574.59375, -1.0814041685508393e-14]}, 53826], [0.0775516441986681, {"__complex__": [83565.3203125, 1.1342100659551563e-14]}, 61584], [0.08254999402587553, {"__complex__": [84914.7421875, 0.0]}, 69864], [0.08754547074829418, {"__complex__": [82946.140625, 2.227220279949274e-14]}, 78404], [0.09254370656486871, {"__complex__": [82081.21875, 1.0595009976776745e-14]}, 87902], [0.09754153604884025, {"__complex__": [81002.71875, 9.570676940036122e-15]}, 97310], [0.10253422913940137, {"__complex__": [79772.5390625, 2.9720946163143067e-15]}, 107716], [0.1075359850070505, {"__complex__": [79346.78125, 9.198119239065211e-16]}, 118654], [0.11253957840084304, {"__complex__": [78611.109375, 3.584491390366167e-15]}, 129910], [0.11753653834673844, {"__complex__": [77407.09375, -4.117223603998017e-16]}, 141376], [0.12253336603812491, {"__complex__": [78630.265625, 2.2684495239535824e-15]}, 153958], [0.12753369323485178, {"__complex__": [77179.9453125, -3.4913842582545533e-15]}, 166718], [0.1325298054599073, {"__complex__": [77493.0625, 1.2301542502203035e-14]}, 179806], [0.13753126919241337, {"__complex__": [76705.9375, 7.490099747300017e-15]}, 194282], [0.14252978867508304, {"__complex__": [76944.3203125, 1.4007446317424225e-15]}, 207774], [0.14752584639061916, {"__complex__": [76324.6796875, 2.085567275586617e-15]}, 223278], [0.1525273402624495, {"__complex__": [75160.734375, -3.904981976069356e-15]}, 238496], [0.15752777994300757, {"__complex__": [74643.75, -6.862923942384464e-15]}, 254444], [0.16252677921627748, {"__complex__": [74863.1640625, -1.290244525091889e-15]}, 270682], [0.16752582095517576, {"__complex__": [74875.234375, 0.0]}, 287710], [0.1725259295419247, {"__complex__": [74602.0078125, 2.2886218253506804e-15]}, 305202], [0.17752572093623975, {"__complex__": [74824.5703125, 1.8020501544871112e-16]}, 323008], [0.18252702152554795, {"__complex__": [74521.5546875, 2.086070201399049e-15]}, 341812], [0.18752508561671835, {"__complex__": [74459.2578125, 6.790516601437851e-15]}, 360020], [0.19252006361125312, {"__complex__": [74326.0234375, -1.2263022196618988e-15]}, 379728], [0.19751626124600596, {"__complex__": [74267.015625, -5.825717910669707e-16]}, 399660], [0.20251335405021748, {"__complex__": [73909.5, -2.2157464987007094e-15]}, 420320], [0.20751594275294782, {"__complex__": [74019.0546875, 1.3167068931552975e-15]}, 442070], [0.21251689533718626, {"__complex__": [73807.78125, -2.516304493330873e-15]}, 462644], [0.21751895130525958, {"__complex__": [73428.71875, -2.875517401976029e-15]}, 485820], [0.22252064263763735, {"__complex__": [73758.46875, -1.4342401261251202e-15]}, 507304], [0.22751949683857262, {"__complex__": [73293.6796875, -5.483260372512425e-16]}, 530776], [0.23252062744923513, {"__complex__": [73607.59375, 1.2596243899277645e-15]}, 554524], [0.23751988845699762, {"__complex__": [73425.046875, 8.056311944023718e-16]}, 578008], [0.24251952417933192, {"__complex__": [73398.875, -1.881488662989323e-15]}, 603272], [0.24751886354741093, {"__complex__": [72894.15625, 0.0]}, 627748], [0.2525158523431189, {"__complex__": [72560.78125, 3.563894301946021e-16]}, 653304], [0.2575140585584922, {"__complex__": [72823.390625, 3.424503913167893e-16]}, 679896], [0.2625126084722789, {"__complex__": [73124.3984375, 6.594909588862521e-16]}, 706092], [0.26751303339828036, {"__complex__": [73076.578125, 2.5367719857100892e-15]}, 734258], [0.2725141980302592, {"__complex__": [72620.5078125, 3.058771709565076e-15]}, 761190], [0.27751499291909654, {"__complex__": [73465.2578125, 8.842050410841145e-16]}, 789966], [0.2825156597003922, {"__complex__": [73353.390625, 2.134108192694919e-15]}, 818248], [0.2875141801620819, {"__complex__": [73643.5390625, 8.24642425387021e-16]}, 847024], [0.29251195304227423, {"__complex__": [72775.6328125, -1.2610496287406383e-15]}, 877004], [0.2975142527009851, {"__complex__": [72663.9765625, -5.125030551481676e-16]}, 908602], [0.30251615798691667, {"__complex__": [72129.875, 2.482727154389647e-16]}, 937802], [0.30751506635382575, {"__complex__": [72495.6796875, -2.4010435321211786e-16]}, 969706], [0.31251223811931306, {"__complex__": [72216.7890625, 0.0]}, 999956], [0.3175098816792195, {"__complex__": [72028.375, 6.754848996941038e-16]}, 1034060], [0.3225110492752749, {"__complex__": [72183.828125, 2.401697970952051e-15]}, 1066386], [0.3275123331358606, {"__complex__": [72466.984375, -8.199916321714436e-16]}, 1100278], [0.3325123291547583, {"__complex__": [72217.2734375, 1.2329192410458494e-15]}, 1133070], [0.3375117534479973, {"__complex__": [72498.3671875, 1.9932730833461306e-15]}, 1168082], [0.3425129583700723, {"__complex__": [72372.3203125, 1.7415016453789728e-15]}, 1203258], [0.3475132726509487, {"__complex__": [72512.9609375, -1.3166026022236668e-15]}, 1237894], [0.35251300538197095, {"__complex__": [72122.25, -1.461902528116551e-15]}, 1274124], [0.3575125695577228, {"__complex__": [72252.453125, 1.2439034584267247e-15]}, 1310242], [0.36251151779301266, {"__complex__": [72340.9453125, -1.728622985872004e-16]}, 1346914], [0.3675115630015573, {"__complex__": [72325.765625, -6.722836445490746e-16]}, 1385312], [0.3725118957087531, {"__complex__": [72382.3046875, -2.864731602063048e-16]}, 1422310], [0.37751124096797295, {"__complex__": [72549.6640625, 3.1868457911074456e-16]}, 1461198], [0.3825103314725004, {"__complex__": [72501.140625, -2.3290518196538714e-16]}, 1499520], [0.38750966779422413, {"__complex__": [72034.921875, 2.2682845642871046e-15]}, 1539692], [0.3925103292814964, {"__complex__": [72555.3984375, -3.6842155968012903e-16]}, 1579920], [0.3975099588994165, {"__complex__": [72338.3984375, 7.188624627746214e-16]}, 1619438], 