{"poles": {"dims": ["k"], "edges": [{"__dtype__": "<f8", "__shape__": [94], "__data__": [0.0, 0.005, 0.01, 0.015, 0.02, 0.025, 0.03, 0.035, 0.04, 0.045, 0.05, 0.055, 0.06, 0.065, 0.07, 0.075, 0.08, 0.085, 0.09, 0.095, 0.1, 0.105, 0.11, 0.115, 0.12, 0.125, 0.13, 0.135, 0.14, 0.145, 0.15, 0.155, 0.16, 0.165, 0.17, 0.17500000000000002, 0.18, 0.185, 0.19, 0.195, 0.2, 0.20500000000000002, 0.21, 0.215, 0.22, 0.225, 0.23, 0.23500000000000001, 0.24, 0.245, 0.25, 0.255, 0.26, 0.265, 0.27, 0.275, 0.28, 0.28500000000000003, 0.29, 0.295, 0.3, 0.305, 0.31, 0.315, 0.32, 0.325, 0.33, 0.335, 0.34, 0.34500000000000003, 0.35000000000000003, 0.355, 0.36, 0.365, 0.37, 0.375, 0.38, 0.385, 0.39, 0.395, 0.4, 0.405, 0.41000000000000003, 0.41500000000000004, 0.42, 0.425, 0.43, 0.435, 0.44, 0.445, 0.45, 0.455, 0.46, 0.465]}], "coords": [{"__dtype__": "<f8", "__shape__": [93], "__data__": [0.0025, 0.0075, 0.0125, 0.0175, 0.0225, 0.0275, 0.0325, 0.037500000000000006, 0.042499999999999996, 0.0475, 0.052500000000000005, 0.057499999999999996, 0.0625, 0.0675, 0.07250000000000001, 0.0775, 0.0825, 0.0875, 0.0925, 0.0975, 0.10250000000000001, 0.1075, 0.1125, 0.1175, 0.1225, 0.1275, 0.1325, 0.1375, 0.14250000000000002, 0.1475, 0.1525, 0.1575, 0.1625, 0.1675, 0.17250000000000001, 0.1775, 0.1825, 0.1875, 0.1925, 0.1975, 0.2025, 0.20750000000000002, 0.2125, 0.2175, 0.2225, 0.2275, 0.2325, 0.2375, 0.2425, 0.2475, 0.2525, 0.2575, 0.2625, 0.2675, 0.2725, 0.2775, 0.28250000000000003, 0.2875, 0.2925, 0.2975, 0.3025, 0.3075, 0.3125, 0.3175, 0.3225, 0.3275, 0.3325, 0.3375, 0.3425, 0.34750000000000003, 0.35250000000000004, 0.3575, 0.3625, 0.3675, 0.3725, 0.3775, 0.3825, 0.3875, 0.3925, 0.3975, 0.4025, 0.40750000000000003, 0.41250000000000003, 0.4175, 0.4225, 0.4275, 0.4325, 0.4375, 0.4425, 0.4475, 0.4525, 0.4575, 0.4625]}], "data": {"__dtype__": [["k", "<f8"], ["power_0", "<c8"], ["modes", "<i8"]], "__shape__": [93], "__data__": [[0.0037081367915242675, {"__complex__": [81488.03125, -2.095171096078846e-13]}, 191], [0.008018577791264523, {"__complex__": [88556.4765625, -1.3708325653002257e-13]}, 1380], [0.012844085612331841, {"__complex__": [115202.171875, -1.1579773869386384e-13]}, 3770], [0.01775141230162106, {"__complex__": [115278.5390625, 4.41210212624981e-14]}, 7256], [0.022691010615224643, {"__complex__": [119962.875, -9.69319940882351e-15]}, 12010], [0.027661296094027222, {"__complex__": [112211.1796875, -4.5464588311564663e-14]}, 17924], [0.03263163473973046, {"__complex__": [106008.3828125, -2.8040624225236614e-14]}, 24910], [0.03760885918999335, {"__complex__": [100171.1171875, 8.755665226319823e-15]}, 33240], [0.04258994605322728, {"__complex__": [103017.2734375, 9.57227867933938e-15]}, 42566], [0.047583805693835864, {"__complex__": [99327.140625, -3.0476353862426975e-14]}, 53478], [0.052589415944125126, {"__complex__": [98228.3046875, -1.4271393854008163e-14]}, 65258], [0.057576993125266096, {"__complex__": [96353.2109375, -1.9455432002848244e-14]}, 77788], [0.0625679362273907, {"__complex__": [92848.125, 2.518776347229198e-15]}, 92438], [0.06756372941029527, {"__complex__": [92597.5625, 2.70955119565912e-16]}, 107412], [0.07255867544245412, {"__complex__": [91458.8046875, 2.34251133200442e-15]}, 124242], [0.07755343255815964, {"__complex__": [89404.1171875, 2.4669838823946234e-15]}, 141568], [0.08254944316463679, {"__complex__": [88543.4375, 1.4471778132406007e-15]}, 160886], [0.0875469705282893, {"__complex__": [86384.9453125, 5.8032272800959735e-15]}, 180544], [0.09254207143002044, {"__complex__": [87051.6953125, -3.457812319148366e-15]}, 202004], [0.09754200795670145, {"__complex__": [85425.2109375, -2.073864033112641e-15]}, 224538], [0.10254171329034444, {"__complex__": [84844.0625, 1.2202962266702738e-14]}, 248038], [0.10754099109209159, {"__complex__": [84710.40625, 9.599029673879565e-15]}, 272876], [0.11253870054955198, {"__complex__": [84064.5, 3.898782965444875e-15]}, 298594], [0.11753608765430268, {"__complex__": [84339.0234375, 4.8221225698184735e-15]}, 325916], [0.12253572907412832, {"__complex__": [84038.546875, -2.1355545014523558e-15]}, 354334], [0.1275331697481456, {"__complex__": [82298.4296875, 5.76878649694414e-15]}, 383424], [0.13252928315027618, {"__complex__": [83139.75, 1.6862417452956943e-15]}, 414230], [0.13752809598823948, {"__complex__": [82445.859375, 5.216090828476249e-16]}, 446370], [0.1425292748907053, {"__complex__": [82562.1796875, -4.855109209158108e-16]}, 479558], [0.14752984329410787, {"__complex__": [80871.6328125, 3.400430495653097e-15]}, 513532], [0.15252898535896237, {"__complex__": [80843.6484375, -2.2268064196512456e-15]}, 548930], [0.15752847498756622, {"__complex__": [80591.9296875, 2.1869573311311934e-15]}, 585548], [0.16252705956276423, {"__complex__": [81042.25, 7.940456895080643e-16]}, 623094], [0.16752723347134682, {"__complex__": [80421.1484375, 1.8447388680232742e-15]}, 662620], [0.17252557298757182, {"__complex__": [80132.4453125, -1.4931975367814005e-15]}, 701674], [0.1775232051718564, {"__complex__": [80732.578125, -1.5652185248249471e-15]}, 743764], [0.1825215844754662, {"__complex__": [79945.6953125, 1.1854618908353222e-15]}, 785620], [0.18752064712987349, {"__complex__": [79088.8046875, -7.012126254944467e-16]}, 830100], [0.19252067437217257, {"__complex__": [79560.921875, -5.32538560724284e-16]}, 874418], [0.19751987908784707, {"__complex__": [79280.859375, 1.2644465484964833e-15]}, 920682], [0.20251936794243589, {"__complex__": [79676.546875, 3.12776910762428e-15]}, 967718], [0.20751955964231095, {"__complex__": [78917.2265625, -1.946805702892707e-15]}, 1016568], [0.2125192859071403, {"__complex__": [78933.890625, -1.3111334163623642e-15]}, 1065478], [0.21751870204394746, {"__complex__": [78793.3203125, 8.339953102510437e-16]}, 1116700], [0.22251763655620238, {"__complex__": [78622.3984375, 4.983848158624513e-16]}, 1167926], [0.2275173612096972, {"__complex__": [78835.9609375, 3.8105428846481847e-16]}, 1222034], [0.23251753944930767, {"__complex__": [78810.609375, -1.7340358969818734e-15]}, 1275574], [0.237518608068736, {"__complex__": [78663.484375, 0.0]}, 1332228], [0.24251933382685822, {"__complex__": [78759.171875, -1.1011672895069424e-15]}, 1387574], [0.2475188275283454, {"__complex__": [78608.125, -9.660996274960085e-16]}, 1446004], [0.2525176353551358, {"__complex__": [78429.59375, 5.41825906414013e-16]}, 1504002], [0.25751592740199597, {"__complex__": [78861.0546875, -1.115952990755095e-15]}, 1564788], [0.2625152321376914, {"__complex__": [78624.3515625, -1.4318223764563012e-15]}, 1626114], [0.2675142035428968, {"__complex__": [78383.2109375, 6.894665549170753e-17]}, 1688484], [0.27251407722071946, {"__complex__": [78718.078125, 1.129007886054652e-15]}, 1752920], [0.277514999580621, {"__complex__": [78524.703125, -5.123090846032464e-16]}, 1817892], [0.28251513318998955, {"__complex__": [78332.453125, 2.5343342248878914e-15]}, 1883346], [0.2875150555774266, {"__complex__": [78148.53125, -1.5513291961932263e-15]}, 1951100], [0.2925143032383768, {"__complex__": [78176.3125, -1.153480044329368e-15]}, 2018506], [0.2975129983065177, {"__complex__": [78527.9140625, 1.1147487216623363e-15]}, 2088638], [0.30251265006104155, {"__complex__": [78215.90625, -1.4014564570554713e-15]}, 2159752], [0.3075131135075962, {"__complex__": [78297.96875, -7.301872932794114e-16]}, 2232050], [0.31251255553945134, {"__complex__": [78317.5234375, 4.042114545587018e-16]}, 2304048], [0.3175120364779517, {"__complex__": [77855.8671875, -9.78464204178443e-17]}, 2379552], [0.3225126598898453, {"__complex__": [78117.1640625, -1.0521344580145223e-15]}, 2454976], [0.3275133985704822, {"__complex__": [78103.6640625, -4.597786952529356e-16]}, 2531986], [0.33251410375899365, {"__complex__": [77809.171875, 8.922368721877758e-16]}, 2609516], [0.3375135412275565, {"__complex__": [77807.2265625, 4.3315168516040465e-16]}, 2687634], [0.34251245849241974, {"__complex__": [77422.015625, 1.345750488246345e-15]}, 2768188], [0.3475114266102975, {"__complex__": 