{"edges": {"__dtype__": "<f8", "__shape__": [116], "__data__": [0.0, 0.005, 0.01, 0.015, 0.02, 0.025, 0.03, 0.035, 0.04, 0.045, 0.05, 0.055, 0.06, 0.065, 0.07, 0.075, 0.08, 0.085, 0.09, 0.095, 0.1, 0.105, 0.11, 0.115, 0.12, 0.125, 0.13, 0.135, 0.14, 0.145, 0.15, 0.155, 0.16, 0.165, 0.17, 0.17500000000000002, 0.18, 0.185, 0.19, 0.195, 0.2, 0.20500000000000002, 0.21, 0.215, 0.22, 0.225, 0.23, 0.23500000000000001, 0.24, 0.245, 0.25, 0.255, 0.26, 0.265, 0.27, 0.275, 0.28, 0.28500000000000003, 0.29, 0.295, 0.3, 0.305, 0.31, 0.315, 0.32, 0.325, 0.33, 0.335, 0.34, 0.34500000000000003, 0.35000000000000003, 0.355, 0.36, 0.365, 0.37, 0.375, 0.38, 0.385, 0.39, 0.395, 0.4, 0.405, 0.41000000000000003, 0.41500000000000004, 0.42, 0.425, 0.43, 0.435, 0.44, 0.445, 0.45, 0.455, 0.46, 0.465, 0.47000000000000003, 0.47500000000000003, 0.48, 0.485, 0.49, 0.495, 0.5, 0.505, 0.51, 0.515, 0.52, 0.525, 0.53, 0.535, 0.54, 0.545, 0.55, 0.555, 0.56, 0.5650000000000001, 0.5700000000000001, 0.5750000000000001]}, "poles": {"__dtype__": [["k", "<f8"], ["power_2", "<c8"], ["modes", "<i8"]], "__shape__": [115], "__data__": [[0.0037054420134658554, {"__complex__": [3254.947998046875, -1.4025941866280256e-12]}, 83], [0.008002706039259398, {"__complex__": [-14945.615234375, 0.0]}, 596], [0.012849701484846114, {"__complex__": [-10238.609375, 1.4128073168827304e-13]}, 1648], [0.0177641384261076, {"__complex__": [9808.662109375, 3.68869838103178e-14]}, 3156], [0.022684229681789413, {"__complex__": [31672.55859375, -2.586507397150939e-13]}, 5176], [0.027646384376179004, {"__complex__": [10053.98828125, 1.491739132393477e-13]}, 7804], [0.032636129245414154, {"__complex__": [18179.09765625, 6.958797145288631e-14]}, 10874], [0.037622935176432226, {"__complex__": [6948.001953125, 3.2243545805337934e-14]}, 14442], [0.0426065943302704, {"__complex__": [9695.8046875, -6.277789431959752e-14]}, 18544], [0.047584168879418735, {"__complex__": [4162.03076171875, -5.052748465532138e-15]}, 23040], [0.052572163944886785, {"__complex__": [7496.486328125, 1.641617783821204e-14]}, 28366], [0.05756591012932392, {"__complex__": [8352.1279296875, 5.507851390685464e-14]}, 33818], [0.06255885577973451, {"__complex__": [6839.69384765625, -2.900955029579849e-14]}, 40130], [0.06756290621144688, {"__complex__": [6486.0234375, 2.485488757083404e-14]}, 46838], [0.07256050504780319, {"__complex__": [5663.10888671875, 1.946527452569534e-14]}, 53826], [0.0775516441986681, {"__complex__": [4015.17333984375, -2.6464902385986595e-14]}, 61584], [0.08254999402587553, {"__complex__": [1381.3348388671875, -1.3330507115099244e-14]}, 69864], [0.08754547074829418, {"__complex__": [4593.63623046875, -1.187850883735582e-14]}, 78404], [0.09254370656486871, {"__complex__": [5793.2734375, -5.297504988388373e-15]}, 87902], [0.09754153604884025, {"__complex__": [6458.54443359375, 1.5851433867223284e-14]}, 97310], [0.10253422913940137, {"__complex__": [4734.42138671875, 1.7292186088526014e-14]}, 107716], [0.1075359850070505, {"__complex__": [1102.052734375, -1.7660389616631564e-14]}, 118654], [0.11253957840084304, {"__complex__": [3709.991943359375, 1.2545720078039821e-14]}, 129910], [0.11753653834673844, {"__complex__": [-445.8985595703125, 9.881336437837004e-15]}, 141376], [0.12253336603812491, {"__complex__": [1084.8475341796875, -5.293049171569341e-15]}, 153958], [0.12753369323485178, {"__complex__": [2199.9765625, -2.79310744895529e-15]}, 166718], [0.1325298054599073, {"__complex__": [1379.1539306640625, 0.0]}, 179806], [0.13753126919241337, {"__complex__": [1178.323486328125, -1.4380991447053397e-14]}, 194282], [0.14252978867508304, {"__complex__": [1893.9317626953125, 6.723573893550449e-15]}, 207774], [0.14752584639061916, {"__complex__": [1071.6683349609375, 2.8676550304013778e-15]}, 223278], [0.1525273402624495, {"__complex__": [411.1109313964844, -1.0006516048979928e-14]}, 238496], [0.15752777994300757, {"__complex__": [242.7076416015625, -9.150565538856934e-15]}, 254444], [0.16252677921627748, {"__complex__": [804.7425537109375, 5.160978100367556e-15]}, 270682], [0.16752582095517576, {"__complex__": [1126.185791015625, 1.6185091791849778e-15]}, 287710], [0.1725259295419247, {"__complex__": [-176.23419189453125, 1.1443109126753402e-15]}, 305202], [0.17752572093623975, {"__complex__": [442.9330749511719, 0.0]}, 323008], [0.18252702152554795, {"__complex__": [-395.044677734375, 1.3623315817053215e-15]}, 341812], [0.18752508561671835, {"__complex__": [455.82373046875, -2.5868633966283404e-15]}, 360020], [0.19252006361125312, {"__complex__": [1312.8358154296875, 1.6095216302190176e-15]}, 379728], [0.19751626124600596, {"__complex__": [901.9271850585938, 3.495430746401824e-15]}, 399660], [0.20251335405021748, {"__complex__": [890.1045532226562, -6.924208046667733e-15]}, 420320], [0.20751594275294782, {"__complex__": [-26.83078384399414, 7.373558178153192e-15]}, 442070], [0.21251689533718626, {"__complex__": [119.09445190429688, -9.058696345397733e-15]}, 462644], [0.21751895130525958, {"__complex__": [7.6911821365356445, -6.35010097348003e-15]}, 485820], [0.22252064263763735, {"__complex__": [183.57809448242188, 1.8358274461434485e-15]}, 507304], [0.22751949683857262, {"__complex__": [1819.673095703125, -8.773216807778116e-16]}, 530776], [0.23252062744923513, {"__complex__": [1198.7554931640625, -4.408685364747176e-15]}, 554524], [0.23751988845699762, {"__complex__": [797.7608642578125, -5.035195295887069e-16]}, 578008], [0.24251952417933192, {"__complex__": [701.44189453125, 0.0]}, 603272], [0.24751886354741093, {"__complex__": [718.5366821289062, -1.483593030192484e-15]}, 627748], [0.2525158523431189, {"__complex__": [-470.123779296875, -3.563894513704258e-15]}, 653304], [0.2575140585584922, {"__complex__": [97.59246826171875, 3.766954145666005e-15]}, 679896], [0.2625126084722789, {"__complex__": [36.961219787597656, 6.594909588862521e-16]}, 706092], [0.26751303339828036, {"__complex__": [1246.5684814453125, 2.5367719857100892e-15]}, 734258], [0.2725141980302592, {"__complex__": [-29.207542419433594, 3.670526220884681e-15]}, 761190], [0.27751499291909654, {"__complex__": [-454.0428161621094, -4.42102536423925e-15]}, 789966], [0.2825156597003922, {"__complex__": [580.4972534179688, -3.4145731930151652e-15]}, 818248], [0.2875141801620819, {"__complex__": [615.7327270507812, -5.497615992781609e-16]}, 847024], [0.29251195304227423, {"__complex__": [127.59259033203125, -1.5929047496180196e-15]}, 877004], [0.2975142527009851, {"__complex__": [370.3025207519531, -1.921886417100959e-15]}, 908602], [0.30251615798691667, {"__complex__": [-443.78826904296875, -3.599954400334768e-15]}, 937802], [0.30751506635382575, {"__complex__": [-680.2542114257812, 7.683339302787771e-15]}, 969706], [0.31251223811931306, {"__complex__": [-886.6919555664062, -1.3970453212244077e-15]}, 999956], [0.3175098816792195, {"__complex__": [-531.5636596679688, -1.6887123286445983e-15]}, 1034060], [0.3225110492752749, {"__complex__": [44.8840446472168, 2.620034053875766e-15]}, 1066386], [0.3275123331358606, {"__complex__": [204.88780212402344, -2.3277181133388603e-15]}, 1100278], [0.3325123291547583, {"__complex__": [-252.63906860351562, 1.4384058341597168e-15]}, 1133070], [0.3375117534479973, {"__complex__": [-61.37282943725586, 3.9865462725713796e-16]}, 1168082], [0.3425129583700723, {"__complex__": [-72.46416473388672, 7.740007077508505e-16]}, 1203258], [0.3475132726509487, {"__complex__": [-107.50715637207031, 1.128516501066126e-15]}, 1237894], [0.35251300538197095, {"__complex__": [-608.4186401367188, 5.482134877483761e-16]}, 1274124], [0.3575125695577228, {"__complex__": [-437.4427795410156, -3.554009692149359e-16]}, 1310242], [0.36251151779301266, {"__complex__": [-687.3466796875, 2.2472097492847072e-15]}, 1346914], [0.3675115630015573, {"__complex__": [-324.30584716796875, -1.6807090319633476e-15]}, 1385312], [0.3725118957087531, {"__complex__": [-882.4912719726562, 4.583570563300877e-15]}, 1422310], [0.37751124096797295, {"__complex__": [396.0377502441406, 