{"poles": {"dims": ["k"], "edges": [{"__dtype__": "<f8", "__shape__": [94], "__data__": [0.0, 0.005, 0.01, 0.015, 0.02, 0.025, 0.03, 0.035, 0.04, 0.045, 0.05, 0.055, 0.06, 0.065, 0.07, 0.075, 0.08, 0.085, 0.09, 0.095, 0.1, 0.105, 0.11, 0.115, 0.12, 0.125, 0.13, 0.135, 0.14, 0.145, 0.15, 0.155, 0.16, 0.165, 0.17, 0.17500000000000002, 0.18, 0.185, 0.19, 0.195, 0.2, 0.20500000000000002, 0.21, 0.215, 0.22, 0.225, 0.23, 0.23500000000000001, 0.24, 0.245, 0.25, 0.255, 0.26, 0.265, 0.27, 0.275, 0.28, 0.28500000000000003, 0.29, 0.295, 0.3, 0.305, 0.31, 0.315, 0.32, 0.325, 0.33, 0.335, 0.34, 0.34500000000000003, 0.35000000000000003, 0.355, 0.36, 0.365, 0.37, 0.375, 0.38, 0.385, 0.39, 0.395, 0.4, 0.405, 0.41000000000000003, 0.41500000000000004, 0.42, 0.425, 0.43, 0.435, 0.44, 0.445, 0.45, 0.455, 0.46, 0.465]}], "coords": [{"__dtype__": "<f8", "__shape__": [93], "__data__": [0.0025, 0.0075, 0.0125, 0.0175, 0.0225, 0.0275, 0.0325, 0.037500000000000006, 0.042499999999999996, 0.0475, 0.052500000000000005, 0.057499999999999996, 0.0625, 0.0675, 0.07250000000000001, 0.0775, 0.0825, 0.0875, 0.0925, 0.0975, 0.10250000000000001, 0.1075, 0.1125, 0.1175, 0.1225, 0.1275, 0.1325, 0.1375, 0.14250000000000002, 0.1475, 0.1525, 0.1575, 0.1625, 0.1675, 0.17250000000000001, 0.1775, 0.1825, 0.1875, 0.1925, 0.1975, 0.2025, 0.20750000000000002, 0.2125, 0.2175, 0.2225, 0.2275, 0.2325, 0.2375, 0.2425, 0.2475, 0.2525, 0.2575, 0.2625, 0.2675, 0.2725, 0.2775, 0.28250000000000003, 0.2875, 0.2925, 0.2975, 0.3025, 0.3075, 0.3125, 0.3175, 0.3225, 0.3275, 0.3325, 0.3375, 0.3425, 0.34750000000000003, 0.35250000000000004, 0.3575, 0.3625, 0.3675, 0.3725, 0.3775, 0.3825, 0.3875, 0.3925, 0.3975, 0.4025, 0.40750000000000003, 0.41250000000000003, 0.4175, 0.4225, 0.4275, 0.4325, 0.4375, 0.4425, 0.4475, 0.4525, 0.4575, 0.4625]}], "data": {"__dtype__": [["k", "<f8"], ["power_2", "<c8"], ["modes", "<i8"]], "__shape__": [93], "__data__": [[0.0037081367915242675, {"__complex__": [51382.66796875, -1.5237607725072932e-13]}, 191], [0.008018577791264523, {"__complex__": [30956.470703125, -3.374357271466316e-13]}, 1380], [0.012844085612331841, {"__complex__": [44840.31640625, 0.0]}, 3770], [0.01775141230162106, {"__complex__": [15071.3076171875, 0.0]}, 7256], [0.022691010615224643, {"__complex__": [8434.8056640625, 0.0]}, 12010], [0.027661296094027222, {"__complex__": [16767.76171875, -2.5979764265446695e-14]}, 17924], [0.03263163473973046, {"__complex__": [23043.484375, 3.738749896698215e-14]}, 24910], [0.03760885918999335, {"__complex__": [8398.7919921875, 8.755665056913234e-14]}, 33240], [0.04258994605322728, {"__complex__": [401.5716247558594, 4.375898921644625e-14]}, 42566], [0.047583805693835864, {"__complex__": [1316.5528564453125, 7.183712175465318e-14]}, 53478], [0.052589415944125126, {"__complex__": [10201.298828125, 1.4271393854008163e-14]}, 65258], [0.057576993125266096, {"__complex__": [1198.480712890625, 5.612143846975455e-15]}, 77788], [0.0625679362273907, {"__complex__": [1448.7633056640625, -2.7706539184246468e-14]}, 92438], [0.06756372941029527, {"__complex__": [2142.142333984375, 3.0346971273799775e-14]}, 107412], [0.07255867544245412, {"__complex__": [6582.5888671875, -4.4976219607363935e-14]}, 124242], [0.07755343255815964, {"__complex__": [10249.220703125, -6.578623686385662e-15]}, 141568], [0.08254944316463679, {"__complex__": [5062.92529296875, 0.0]}, 160886], [0.0875469705282893, {"__complex__": [5108.29541015625, 0.0]}, 180544], [0.09254207143002044, {"__complex__": [5078.2451171875, -9.220832851062309e-15]}, 202004], [0.09754200795670145, {"__complex__": [1823.8394775390625, 1.451704865530496e-14]}, 224538], [0.10254171329034444, {"__complex__": [407.2723388671875, -1.07949283870536e-14]}, 248038], [0.10754099109209159, {"__complex__": [-1405.822021484375, 5.012826532178622e-15]}, 272876], [0.11253870054955198, {"__complex__": [3057.0576171875, 2.8850995892467854e-14]}, 298594], [0.11753608765430268, {"__complex__": [1199.82568359375, 1.1430215802988534e-14]}, 325916], [0.12253572907412832, {"__complex__": [2004.722412109375, 0.0]}, 354334], [0.1275331697481456, {"__complex__": [4058.4296875, 2.914755229169695e-14]}, 383424], [0.13252928315027618, {"__complex__": [1382.115966796875, -1.1241612058821102e-14]}, 414230], [0.13752809598823948, {"__complex__": [3144.282958984375, 1.0432181656952499e-15]}, 446370], [0.1425292748907053, {"__complex__": [3783.23828125, -8.739196364726358e-15]}, 479558], [0.14752984329410787, {"__complex__": [952.853759765625, -8.161032850754254e-15]}, 513532], [0.15252898535896237, {"__complex__": [2618.63330078125, -9.7555334104449e-15]}, 548930], [0.15752847498756622, {"__complex__": [1740.6124267578125, 3.97628605660217e-15]}, 585548], [0.16252705956276423, {"__complex__": [244.6351776123047, 2.98934846569164e-15]}, 623094], [0.16752723347134682, {"__complex__": [-58.529476165771484, -4.919303506889907e-15]}, 662620], [0.17252557298757182, {"__complex__": [-1723.0196533203125, 4.645503494821743e-15]}, 701674], [0.1775232051718564, {"__complex__": [-380.75128173828125, 7.513049257972925e-15]}, 743764], [0.1825215844754662, {"__complex__": [-712.4338989257812, -5.92730956005573e-15]}, 785620], [0.18752064712987349, {"__complex__": [1363.85009765625, -8.975521945142097e-15]}, 830100], [0.19252067437217257, {"__complex__": [-116.83661651611328, -3.1952312584665856e-15]}, 874418], [0.19751987908784707, {"__complex__": [-30.50358009338379, 4.0462289551887465e-15]}, 920682], [0.20251936794243589, {"__complex__": [-139.3285675048828, 6.736733397418992e-15]}, 967718], [0.20751955964231095, {"__complex__": [-544.5426635742188, 0.0]}, 1016568], [0.2125192859071403, {"__complex__": [-469.144775390625, -9.396456662346016e-15]}, 1065478], [0.21751870204394746, {"__complex__": [1483.9256591796875, -1.0424941642835843e-15]}, 1116700], [0.22251763655620238, {"__complex__": [2072.487548828125, -2.392247200843061e-15]}, 1167926], [0.2275173612096972, {"__complex__": [550.5289306640625, -8.383194346226006e-15]}, 1222034], [0.23251753944930767, {"__complex__": [640.3179321289062, 7.301203776765783e-16]}, 1275574], [0.237518608068736, {"__complex__": [859.9611206054688, 5.243036005319593e-16]}, 1332228], [0.24251933382685822, {"__complex__": [-176.19784545898438, 2.6847507591777836e-15]}, 1387574], [0.2475188275283454, {"__complex__": [-35.03567886352539, -7.728797019968068e-15]}, 1446004], [0.2525176353551358, {"__complex__": [-0.8029627203941345, 1.2384592600373661e-15]}, 1504002], [0.25751592740199597, {"__complex__": [-508.5966491699219, 3.8686370628520945e-15]}, 1564788], [0.2625152321376914, {"__complex__": [-629.76611328125, -2.8636447529126023e-15]}, 1626114], [0.2675142035428968, {"__complex__": [-516.8994140625, 2.7578662196683012e-15]}, 1688484], [0.27251407722071946, {"__complex__": [-451.9866638183594, -5.312978162752341e-16]}, 1752920], [0.277514999580621, {"__complex__": [319.321533203125, -6.6600180469026434e-15]}, 1817892], [0.28251513318998955, {"__complex__": [-352.05157470703125, 3.3379035822779686e-15]}, 1883346], [0.2875150555774266, {"__complex__": [-330.0632629394531, -9.546641533124834e-16]}, 1951100], [0.2925143032383768, {"__complex__": [-516.7081298828125, 9.22784056639318e-16]}, 2018506], [0.2975129983065177, {"__complex__": [-468.611328125, 0.0]}, 2088638], [0.30251265006104155, {"__complex__": [-728.3540649414062, 1.2936521386386931e-15]}, 2159752], [0.3075131135075962, {"__complex__": [-617.937744140625, -5.841498346235291e-15]}, 2232050], [0.31251255553945134, {"__complex__": [-360.43359375, 5.254748882793344e-15]}, 2304048], [0.3175120364779517, {"__complex__": [-1587.5697021484375, 1.5655427266855087e-15]}, 2379552], [0.3225126598898453, {"__complex__": [-922.3609619140625, -7.587223509647511e-16]}, 2454976], [0.3275133985704822, {"__complex__": [-506.13043212890625, -1.4712917824577466e-15]}, 2531986], [0.33251410375899365, {"__complex__": [-351.96978759765625, 3.2120526975243455e-15]}, 2609516], [0.3375135412275565, {"__complex__": 