{"edges": {"__dtype__": "<f8", "__shape__": [128], "__data__": [0.0, 0.005, 0.01, 0.015, 0.02, 0.025, 0.03, 0.035, 0.04, 0.045, 0.05, 0.055, 0.06, 0.065, 0.07, 0.075, 0.08, 0.085, 0.09, 0.095, 0.1, 0.105, 0.11, 0.115, 0.12, 0.125, 0.13, 0.135, 0.14, 0.145, 0.15, 0.155, 0.16, 0.165, 0.17, 0.17500000000000002, 0.18, 0.185, 0.19, 0.195, 0.2, 0.20500000000000002, 0.21, 0.215, 0.22, 0.225, 0.23, 0.23500000000000001, 0.24, 0.245, 0.25, 0.255, 0.26, 0.265, 0.27, 0.275, 0.28, 0.28500000000000003, 0.29, 0.295, 0.3, 0.305, 0.31, 0.315, 0.32, 0.325, 0.33, 0.335, 0.34, 0.34500000000000003, 0.35000000000000003, 0.355, 0.36, 0.365, 0.37, 0.375, 0.38, 0.385, 0.39, 0.395, 0.4, 0.405, 0.41000000000000003, 0.41500000000000004, 0.42, 0.425, 0.43, 0.435, 0.44, 0.445, 0.45, 0.455, 0.46, 0.465, 0.47000000000000003, 0.47500000000000003, 0.48, 0.485, 0.49, 0.495, 0.5, 0.505, 0.51, 0.515, 0.52, 0.525, 0.53, 0.535, 0.54, 0.545, 0.55, 0.555, 0.56, 0.5650000000000001, 0.5700000000000001, 0.5750000000000001, 0.58, 0.585, 0.59, 0.595, 0.6, 0.605, 0.61, 0.615, 0.62, 0.625, 0.63, 0.635]}, "poles": {"__dtype__": [["k", "<f8"], ["power_0", "<c8"], ["modes", "<i8"]], "__shape__": [127], "__data__": [[0.0037537781648676505, {"__complex__": [128049.5078125, -1.4764524365680118e-15]}, 77], [0.008050398333474014, {"__complex__": [125629.640625, 2.4065097110155184e-14]}, 548], [0.012848609532355457, {"__complex__": [127905.0859375, 7.739154538847094e-15]}, 1480], [0.017751579213119567, {"__complex__": [116785.8359375, -4.6650397168271004e-14]}, 2872], [0.022691827324042853, {"__complex__": [106529.5234375, 1.6167248407541156e-14]}, 4736], [0.027648005536595924, {"__complex__": [105813.6875, 5.033179463351722e-15]}, 7036], [0.032612636555868525, {"__complex__": [99642.6484375, -1.4086989699193218e-14]}, 9838], [0.03761114292794433, {"__complex__": [98630.3515625, 4.465100432482052e-17]}, 13208], [0.04261303922036164, {"__complex__": [96354.2109375, -1.2771581836941654e-15]}, 16858], [0.04760505554480107, {"__complex__": [92045.5234375, -2.1176397546179273e-15]}, 21080], [0.05259133615803475, {"__complex__": [93126.234375, 5.3608901578973064e-15]}, 25624], [0.05756841184374016, {"__complex__": [93485.171875, 3.0407856002048414e-15]}, 30728], [0.06256248327880025, {"__complex__": [87869.171875, -1.7270297698377779e-15]}, 36498], [0.06756661487904435, {"__complex__": [87168.671875, -2.982648858595332e-15]}, 42528], [0.07257304507008182, {"__complex__": [86768.5859375, -1.7457100226982874e-15]}, 49152], [0.07756473030387098, {"__complex__": [86365.890625, 1.2490327723179416e-15]}, 55744], [0.08254764044823601, {"__complex__": [85693.078125, 3.462642365711406e-16]}, 63346], [0.08754405971893497, {"__complex__": [83928.8046875, -3.76220483193075e-16]}, 71388], [0.09254365223263855, {"__complex__": [81022.953125, 3.3936115627903446e-16]}, 79762], [0.09754150838846357, {"__complex__": [80305.3671875, 6.252268879830395e-16]}, 88564], [0.10254123052801507, {"__complex__": [81185.0, -1.1704384909663463e-15]}, 97988], [0.10754181638082774, {"__complex__": [80595.390625, 4.4159885357579617e-16]}, 107708], [0.11254085353408888, {"__complex__": [78661.5078125, 3.3800659177769723e-16]}, 117952], [0.11753281793039293, {"__complex__": [78170.953125, 1.1797262072329897e-15]}, 128288], [0.12252442444514552, {"__complex__": [78650.5234375, 9.732661615044903e-16]}, 139770], [0.12753052839909865, {"__complex__": [78528.3671875, 2.4606463289437075e-16]}, 151946], [0.13253665927256145, {"__complex__": [77747.0234375, 6.284173963975505e-16]}, 163582], [0.13753197887556465, {"__complex__": [78688.9765625, 1.1171137699999683e-16]}, 175940], [0.1425260716253757, {"__complex__": [77734.3828125, 7.194064696849954e-16]}, 189064], [0.14752506711896965, {"__complex__": [77196.8984375, 9.852731711691752e-16]}, 202824], [0.1525272624752809, {"__complex__": [77053.40625, -1.453921783687521e-15]}, 216806], [0.15752484634575162, {"__complex__": [76564.6484375, 6.804331073532858e-16]}, 230876], [0.16252366735405163, {"__complex__": [76420.6875, -3.237281838556111e-16]}, 246232], [0.1675242007800524, {"__complex__": [75605.6875, -3.488410431455862e-16]}, 261330], [0.17252326579974073, {"__complex__": [75423.0859375, 4.2011579516260176e-16]}, 277280], [0.17752110470595878, {"__complex__": [76394.3671875, -2.6351028229469793e-16]}, 293320], [0.1825207522633753, {"__complex__": [76418.2421875, 7.194275396295584e-16]}, 310574], [0.18752231962759572, {"__complex__": [75863.921875, -4.830317613583159e-16]}, 327560], [0.19252167162300435, {"__complex__": [75073.6953125, -6.172241736369401e-16]}, 345268], [0.19752225984779248, {"__complex__": [75521.921875, 1.3879315114097475e-16]}, 363544], [0.20251992290984697, {"__complex__": [74907.984375, 3.194181890524056e-16]}, 381660], [0.20751551078768798, {"__complex__": [74386.484375, 5.370717222393114e-16]}, 400854], [0.21251512379553542, {"__complex__": [74561.140625, 3.8794437209514017e-16]}, 421010], [0.21751870975885984, {"__complex__": [74953.65625, -3.330689190907967e-16]}, 441160], [0.2225209082741387, {"__complex__": [74755.0078125, 2.267618372874089e-16]}, 461296], [0.22752039891934017, {"__complex__": [75077.953125, -2.227823176825306e-16]}, 482192], [0.23252118259031918, {"__complex__": [74883.671875, 1.5612662161534994e-16]}, 503860], [0.23751936566507853, {"__complex__": [74481.3203125, 2.0639307718610714e-16]}, 525024], [0.24251707186595864, {"__complex__": [74490.2734375, -1.3537753710328608e-17]}, 547954], [0.24751627666670906, {"__complex__": [74508.71875, -6.149908124528265e-16]}, 570544], [0.2525167544702008, {"__complex__": [74365.8515625, 1.545053873194154e-16]}, 594374], [0.25751857595461863, {"__complex__": [74446.5546875, -7.591920572037832e-17]}, 617900], [0.2625190906945416, {"__complex__": [74134.5078125, -3.7174020829769177e-16]}, 642106], [0.2675172479110602, {"__complex__": [73979.515625, -3.0074518891150693e-16]}, 666112], [0.272514629608296, {"__complex__": [73945.4296875, -2.4622350451154013e-16]}, 691786], [0.27751615229387816, {"__complex__": [74393.4453125, -2.0438731640189876e-16]}, 717996], [0.28251644607381426, {"__complex__": [74408.4140625, -1.7190684542269755e-16]}, 743152], [0.2875152531419474, {"__complex__": [74510.390625, 6.326174754409599e-17]}, 770192], [0.2925134012698469, {"__complex__": [73822.546875, 1.051672269192897e-16]}, 796430], [0.2975118362281548, {"__complex__": [74103.203125, 2.073730049705742e-17]}, 824820], [0.3025125080826814, {"__complex__": [74142.4453125, -1.6866245777180736e-16]}, 852562], [0.30751063191170563, {"__complex__": [73900.3671875, -4.1639644702142853e-16]}, 880372], [0.3125111278203564, {"__complex__": [74135.96875, -1.9107230257819598e-16]}, 910652], [0.31751269361539736, {"__complex__": [73974.4609375, -4.2256167558969246e-17]}, 938996], [0.3225130904459611, {"__complex__": [73817.9140625, -1.0805350492194853e-16]}, 969352], [0.32751158760760724, {"__complex__": [74071.1640625, 1.4432819381392638e-16]}, 998344], [0.3325089848249692, {"__complex__": [73794.9609375, 9.812786696690424e-17]}, 1029922], [0.33751027924368393, {"__complex__": [73911.84375, -6.655141175299488e-17]}, 1061918], [0.34251253316973607, {"__complex__": [73884.640625, -1.7758661161562146e-16]}, 1093272], [0.34751415893089227, {"__complex__": [73811.3515625, 2.4311850672003248e-17]}, 1125464], [0.352514235068077, {"__complex__": [74043.5, 1.1169320549630026e-16]}, 1157380], [0.357512374484406, {"__complex__": [73816.9921875, 3.762645669566404e-18]}, 1190172], [0.3625118834929162, {"__complex__": [73582.2734375, -1.749776442589598e-16]}, 1224650], [0.3675116774700016, {"__complex__": [73810.609375, 2.303370574786509e-16]}, 1257864], [0.3725098709245497, {"__complex__": [73771.0703125, -5.620152278793948e-17]}, 1292312], [0.37751067052804127, {"__complex__": [73706.203125, 8.874654032469943e-17]}, 1328534], [0.3825116981355865, {"__complex__": [73862.7734375, -3.1488100413087873e-16]}, 1362848], [0.3875116125361288, {"__complex__": 