{"poles": {"dims": ["k"], "edges": [{"__dtype__": "<f8", "__shape__": [86], "__data__": [0.0, 0.005, 0.01, 0.015, 0.02, 0.025, 0.03, 0.035, 0.04, 0.045, 0.05, 0.055, 0.06, 0.065, 0.07, 0.075, 0.08, 0.085, 0.09, 0.095, 0.1, 0.105, 0.11, 0.115, 0.12, 0.125, 0.13, 0.135, 0.14, 0.145, 0.15, 0.155, 0.16, 0.165, 0.17, 0.17500000000000002, 0.18, 0.185, 0.19, 0.195, 0.2, 0.20500000000000002, 0.21, 0.215, 0.22, 0.225, 0.23, 0.23500000000000001, 0.24, 0.245, 0.25, 0.255, 0.26, 0.265, 0.27, 0.275, 0.28, 0.28500000000000003, 0.29, 0.295, 0.3, 0.305, 0.31, 0.315, 0.32, 0.325, 0.33, 0.335, 0.34, 0.34500000000000003, 0.35000000000000003, 0.355, 0.36, 0.365, 0.37, 0.375, 0.38, 0.385, 0.39, 0.395, 0.4, 0.405, 0.41000000000000003, 0.41500000000000004, 0.42, 0.425]}], "coords": [{"__dtype__": "<f8", "__shape__": [85], "__data__": [0.0025, 0.0075, 0.0125, 0.0175, 0.0225, 0.0275, 0.0325, 0.037500000000000006, 0.042499999999999996, 0.0475, 0.052500000000000005, 0.057499999999999996, 0.0625, 0.0675, 0.07250000000000001, 0.0775, 0.0825, 0.0875, 0.0925, 0.0975, 0.10250000000000001, 0.1075, 0.1125, 0.1175, 0.1225, 0.1275, 0.1325, 0.1375, 0.14250000000000002, 0.1475, 0.1525, 0.1575, 0.1625, 0.1675, 0.17250000000000001, 0.1775, 0.1825, 0.1875, 0.1925, 0.1975, 0.2025, 0.20750000000000002, 0.2125, 0.2175, 0.2225, 0.2275, 0.2325, 0.2375, 0.2425, 0.2475, 0.2525, 0.2575, 0.2625, 0.2675, 0.2725, 0.2775, 0.28250000000000003, 0.2875, 0.2925, 0.2975, 0.3025, 0.3075, 0.3125, 0.3175, 0.3225, 0.3275, 0.3325, 0.3375, 0.3425, 0.34750000000000003, 0.35250000000000004, 0.3575, 0.3625, 0.3675, 0.3725, 0.3775, 0.3825, 0.3875, 0.3925, 0.3975, 0.4025, 0.40750000000000003, 0.41250000000000003, 0.4175, 0.4225]}], "data": {"__dtype__": [["k", "<f8"], ["power_0", "<c8"], ["modes", "<i8"]], "__shape__": [85], "__data__": [[0.003785962175218714, {"__complex__": [105547.6953125, 0.0]}, 223], [0.008055650047333739, {"__complex__": [99719.09375, 5.759333439846193e-14]}, 1516], [0.012838659412058445, {"__complex__": [107910.9765625, -1.691263773993812e-13]}, 4130], [0.017758445021159877, {"__complex__": [108134.359375, 0.0]}, 8058], [0.022686221993372543, {"__complex__": [104787.5078125, 3.5497887046270424e-14]}, 13118], [0.02764503576190599, {"__complex__": [101693.125, 5.2958851225800435e-14]}, 19784], [0.032626124011193657, {"__complex__": [99749.640625, 1.6944228341925736e-14]}, 27482], [0.03761517664423396, {"__complex__": [99300.21875, -6.327951485425804e-15]}, 36794], [0.042612076216348424, {"__complex__": [94896.0234375, -9.895054983450734e-15]}, 47060], [0.04758810749327745, {"__complex__": [91999.34375, -1.5929301606064372e-14]}, 58466], [0.05257639262811682, {"__complex__": [89427.2109375, 7.28263342643018e-15]}, 71934], [0.057576644294676294, {"__complex__": [87556.109375, 5.408628511288085e-15]}, 86096], [0.06257060468948772, {"__complex__": [85989.515625, 5.725381140595041e-15]}, 101666], [0.06756431050677218, {"__complex__": [85367.8203125, 1.1789489909764129e-14]}, 118494], [0.07255460479533274, {"__complex__": [87184.703125, 0.0]}, 136590], [0.07755203808236072, {"__complex__": [85262.0703125, -1.859241977904399e-15]}, 156536], [0.08254994891496988, {"__complex__": [82295.625, 5.264802740360779e-15]}, 176896], [0.0875465852208996, {"__complex__": [80174.109375, -8.173593502329088e-15]}, 199400], [0.09254606261661012, {"__complex__": [80258.8828125, -1.2552758074798557e-14]}, 222578], [0.09754095165434574, {"__complex__": [78363.1484375, 0.0]}, 247110], [0.10253878096196406, {"__complex__": [77837.421875, -2.3408875698445334e-15]}, 273522], [0.1075376536617221, {"__complex__": [77846.96875, -1.5494771586540548e-15]}, 300528], [0.11253874421958751, {"__complex__": [77755.328125, -5.6473571241751844e-15]}, 329826], [0.11753930483919833, {"__complex__": [76248.7578125, -3.89257760207329e-15]}, 358884], [0.12253435939470513, {"__complex__": [76494.4296875, 5.966773248584781e-16]}, 390212], [0.1275324928771181, {"__complex__": [76247.765625, -1.100833240888369e-15]}, 423008], [0.13253098558293935, {"__complex__": [76514.7265625, 0.0]}, 456548], [0.1375294182229233, {"__complex__": [76064.5, -5.6790268390400755e-15]}, 491980], [0.14252928720123362, {"__complex__": [76271.0859375, -4.4075010009286776e-16]}, 528260], [0.14752710781464048, {"__complex__": [74818.484375, 0.0]}, 565750], [0.15252590457329984, {"__complex__": [74930.078125, 1.9238513217803522e-15]}, 605116], [0.15752627544450365, {"__complex__": [74556.6484375, 7.214700537027437e-16]}, 645434], [0.1625268432433497, {"__complex__": [74761.4453125, 4.404089363975374e-15]}, 687270], [0.16752762298865234, {"__complex__": [75248.6015625, 7.655419402780375e-15]}, 729932], [0.17252411279445126, {"__complex__": [74058.6796875, 1.2045227791265042e-15]}, 773188], [0.17752203527930777, {"__complex__": [73945.90625, 2.271452043993362e-15]}, 820024], [0.18252363779831107, {"__complex__": [73770.8828125, -2.6863978147437196e-15]}, 866702], [0.18752234050808908, {"__complex__": [73381.1953125, -2.547163862363038e-16]}, 914078], [0.19252201016210274, {"__complex__": [73286.53125, -3.138471368912838e-15]}, 964418], [0.19752271477956754, {"__complex__": [72917.90625, 3.2120584149967395e-15]}, 1014810], [0.20252178570627094, {"__complex__": [72587.421875, 8.733070622451815e-16]}, 1066432], [0.20751974798690762, {"__complex__": [72817.4296875, -1.2478217269616047e-15]}, 1119538], [0.2125197454352182, {"__complex__": [72839.7265625, 2.1787900276955307e-15]}, 1175486], [0.2175192296548309, {"__complex__": [72662.8203125, 0.0]}, 1229656], [0.22251681667262319, {"__complex__": [72178.4765625, 1.808053500500776e-16]}, 1287742], [0.22751746426403283, {"__complex__": [72060.53125, 0.0]}, 1346910], [0.23251730364615478, {"__complex__": [71893.84375, -4.969223605394576e-16]}, 1405636], [0.23751678657474465, {"__complex__": [72233.1015625, 0.0]}, 1467822], [0.2425174971485461, {"__complex__": [72535.6953125, 1.217629978710554e-15]}, 1529730], [0.24751707342858845, {"__complex__": [71866.0625, 0.0]}, 1593442], [0.2525171832510974, {"__complex__": [71975.59375, 9.123369640261204e-16]}, 1658816], [0.2575157181508458, {"__complex__": [72316.6015625, -1.6210183025329819e-15]}, 1723588], [0.2625146768272274, {"__complex__": [72256.25, -2.5968579618894675e-16]}, 1793172], [0.2675153728644548, {"__complex__": [71664.96875, 0.0]}, 1861328], [0.2725140790996068, {"__complex__": [71556.453125, -4.82325653517661e-16]}, 1930900], [0.2775148647609448, {"__complex__": [72113.8671875, 0.0]}, 2004630], [0.28251520974118804, {"__complex__": [72218.4765625, -8.977018228843421e-16]}, 2074904], [0.28751406015515885, {"__complex__": [72238.171875, 1.0826642782906458e-15]}, 2150534], [0.29251361364437867, {"__complex__": [71891.3125, 1.674462375735584e-15]}, 2224768], [0.2975131524186939, {"__complex__": [71905.59375, -2.0220612715338013e-16]}, 2302904], [0.3025147259314174, {"__complex__": [72278.9921875, 2.737587403878086e-15]}, 2381388], [0.3075149652713783, {"__complex__": [71740.6484375, -1.1362396416000724e-15]}, 2458960], [0.31251335064096714, {"__complex__": [71704.5390625, 5.500646782546003e-16]}, 2539672], [0.31751349612987984, {"__complex__": [71823.046875, 0.0]}, 2623108], [0.32251268944270295, {"__complex__": [72218.8828125, -5.166295349693945e-16]}, 2704034], [0.32751171630842707, {"__complex__": [71532.8515625, -7.71787940055267e-16]}, 2790512], [0.33251237563902225, {"__complex__": [71577.0234375, 0.0]}, 2876150], [0.3375123279265873, {"__complex__": [71925.8203125, 1.5716009445522879e-16]}, 2962974], [0.34251273719712905, {"__complex__": [71560.2109375, -3.0515396893218596e-16]}, 3051976], [0.34751247641754474, {"__complex__": [71422.046875, 4.448199875253063e-16]}, 3140560], [0.35251198333721223, {"__complex__": [71609.453125, 1.440571565056948e-16]}, 3232476], [0.3575118605439826, {"__complex__": [71881.4140625, -1.4008271909850002e-16]}, 3324188], [0.3625108396720908, {"__complex__": [71637.296875, 1.36257558013369e-16]}, 3417508], [0.3675109733296399, 