{"edges": {"__dtype__": "<f8", "__shape__": [128], "__data__": [0.0, 0.005, 0.01, 0.015, 0.02, 0.025, 0.03, 0.035, 0.04, 0.045, 0.05, 0.055, 0.06, 0.065, 0.07, 0.075, 0.08, 0.085, 0.09, 0.095, 0.1, 0.105, 0.11, 0.115, 0.12, 0.125, 0.13, 0.135, 0.14, 0.145, 0.15, 0.155, 0.16, 0.165, 0.17, 0.17500000000000002, 0.18, 0.185, 0.19, 0.195, 0.2, 0.20500000000000002, 0.21, 0.215, 0.22, 0.225, 0.23, 0.23500000000000001, 0.24, 0.245, 0.25, 0.255, 0.26, 0.265, 0.27, 0.275, 0.28, 0.28500000000000003, 0.29, 0.295, 0.3, 0.305, 0.31, 0.315, 0.32, 0.325, 0.33, 0.335, 0.34, 0.34500000000000003, 0.35000000000000003, 0.355, 0.36, 0.365, 0.37, 0.375, 0.38, 0.385, 0.39, 0.395, 0.4, 0.405, 0.41000000000000003, 0.41500000000000004, 0.42, 0.425, 0.43, 0.435, 0.44, 0.445, 0.45, 0.455, 0.46, 0.465, 0.47000000000000003, 0.47500000000000003, 0.48, 0.485, 0.49, 0.495, 0.5, 0.505, 0.51, 0.515, 0.52, 0.525, 0.53, 0.535, 0.54, 0.545, 0.55, 0.555, 0.56, 0.5650000000000001, 0.5700000000000001, 0.5750000000000001, 0.58, 0.585, 0.59, 0.595, 0.6, 0.605, 0.61, 0.615, 0.62, 0.625, 0.63, 0.635]}, "poles": {"__dtype__": [["k", "<f8"], ["power_2", "<c8"], ["modes", "<i8"]], "__shape__": [127], "__data__": [[0.0037537781648676505, {"__complex__": [7436.52734375, -4.535661776716715e-12]}, 77], [0.008050398333474014, {"__complex__": [20280.92578125, 6.373101373892409e-13]}, 548], [0.012848609532355457, {"__complex__": [-12404.9833984375, -3.1463601255637963e-13]}, 1480], [0.017751579213119567, {"__complex__": [26953.04296875, 3.242766569589578e-13]}, 2872], [0.022691827324042853, {"__complex__": [28174.875, -6.145234196725316e-14]}, 4736], [0.027648005536595924, {"__complex__": [25692.630859375, -1.323653507764519e-13]}, 7036], [0.032612636555868525, {"__complex__": [21166.841796875, 1.6270692475631177e-13]}, 9838], [0.03761114292794433, {"__complex__": [7968.0166015625, 1.2339600370149528e-13]}, 13208], [0.04261303922036164, {"__complex__": [12477.923828125, 1.381128471002668e-14]}, 16858], [0.04760505554480107, {"__complex__": [12462.357421875, -2.485146894585892e-14]}, 21080], [0.05259133615803475, {"__complex__": [10719.671875, 1.8172856408181677e-14]}, 25624], [0.05756841184374016, {"__complex__": [2997.099365234375, -3.0308597293157366e-14]}, 30728], [0.06256248327880025, {"__complex__": [5536.89697265625, 8.532275363667963e-14]}, 36498], [0.06756661487904435, {"__complex__": [5402.232421875, -4.3798088257291506e-14]}, 42528], [0.07257304507008182, {"__complex__": [8744.3798828125, 1.4210854715202004e-14]}, 49152], [0.07756473030387098, {"__complex__": [441.6394348144531, 5.0121406048979356e-14]}, 55744], [0.08254764044823601, {"__complex__": [4498.45751953125, 0.0]}, 63346], [0.08754405971893497, {"__complex__": [5765.79638671875, -1.3045926067678428e-14]}, 71388], [0.09254365223263855, {"__complex__": [3242.402587890625, 5.838134608995155e-14]}, 79762], [0.09754150838846357, {"__complex__": [3321.673828125, 1.577372198244449e-14]}, 88564], [0.10254123052801507, {"__complex__": [1217.462158203125, -3.4453651276368166e-14]}, 97988], [0.10754181638082774, {"__complex__": [1798.3682861328125, 1.729347019047405e-14]}, 107708], [0.11254085353408888, {"__complex__": [1367.2218017578125, 1.0856692335501489e-14]}, 117952], [0.11753281793039293, {"__complex__": [1244.24267578125, 3.629811888209008e-15]}, 128288], [0.12252442444514552, {"__complex__": [1786.24853515625, -1.6658127717397546e-14]}, 139770], [0.12753052839909865, {"__complex__": [-915.722900390625, -3.064649906460784e-15]}, 151946], [0.13253665927256145, {"__complex__": [-568.3705444335938, 4.447896213941472e-15]}, 163582], [0.13753197887556465, {"__complex__": [4178.48583984375, 9.263467407429407e-15]}, 175940], [0.1425260716253757, {"__complex__": [849.5315551757812, 8.004692591547739e-15]}, 189064], [0.14752506711896965, {"__complex__": [2019.1473388671875, 2.4680801971382546e-14]}, 202824], [0.1525272624752809, {"__complex__": [922.758056640625, -1.2886948147874163e-14]}, 216806], [0.15752484634575162, {"__complex__": [254.37022399902344, 6.555030430672841e-15]}, 230876], [0.16252366735405163, {"__complex__": [249.55006408691406, 1.2292465697140258e-14]}, 246232], [0.1675242007800524, {"__complex__": [2875.291259765625, -2.2273622850228813e-15]}, 261330], [0.17252326579974073, {"__complex__": [2627.420654296875, 5.877865282309181e-15]}, 277280], [0.17752110470595878, {"__complex__": [2088.66015625, 1.5875538307319774e-15]}, 293320], [0.1825207522633753, {"__complex__": [-560.9527587890625, -1.499356948615597e-15]}, 310574], [0.18752231962759572, {"__complex__": [-994.8704833984375, 4.975621457003424e-15]}, 327560], [0.19252167162300435, {"__complex__": [-2066.02099609375, 1.3486951982874746e-15]}, 345268], [0.19752225984779248, {"__complex__": [-567.6387329101562, -1.4089832341764204e-14]}, 363544], [0.20251992290984697, {"__complex__": [445.7767028808594, 1.2200945269497088e-15]}, 381660], [0.20751551078768798, {"__complex__": [300.1253967285156, 2.904182690977009e-16]}, 400854], [0.21251512379553542, {"__complex__": [1436.2791748046875, -6.0833165117975e-15]}, 421010], [0.21751870975885984, {"__complex__": [1351.3756103515625, -7.388768348787038e-15]}, 441160], [0.2225209082741387, {"__complex__": [-125.63688659667969, 4.037852222856875e-15]}, 461296], [0.22752039891934017, {"__complex__": [246.01171875, -5.794305482062544e-15]}, 482192], [0.23252118259031918, {"__complex__": [-351.5511779785156, -4.620939009955776e-16]}, 503860], [0.23751936566507853, {"__complex__": [-451.8818359375, -1.0975800414478494e-14]}, 525024], [0.24251707186595864, {"__complex__": [-1485.9312744140625, 1.1897455270320004e-14]}, 547954], [0.24751627666670906, {"__complex__": [-1480.78662109375, 4.0808533327318973e-16]}, 570544], [0.2525167544702008, {"__complex__": [-1291.0762939453125, -3.917241507431441e-15]}, 594374], [0.25751857595461863, {"__complex__": [609.4188232421875, 2.260857567647342e-15]}, 617900], [0.2625190906945416, {"__complex__": [-788.4728393554688, -6.708186693030627e-15]}, 642106], [0.2675172479110602, {"__complex__": [-162.42071533203125, 2.0972207548749415e-15]}, 666112], [0.272514629608296, {"__complex__": [362.5888366699219, 3.3656453936082046e-15]}, 691786], [0.27751615229387816, {"__complex__": [742.6369018554688, -3.242784746916626e-15]}, 717996], [0.28251644607381426, {"__complex__": [-226.61941528320312, -3.4463165997464674e-15]}, 743152], [0.2875152531419474, {"__complex__": [650.761962890625, -3.627624849139198e-15]}, 770192], [0.2925134012698469, {"__complex__": [695.8751220703125, -3.5081146412704834e-15]}, 796430], [0.2975118362281548, {"__complex__": [704.9000244140625, -2.7522353563931914e-15]}, 824820], [0.3025125080826814, {"__complex__": [-997.2468872070312, 0.0]}, 852562], [0.30751063191170563, {"__complex__": [-640.26953125, 7.934054384790585e-16]}, 880372], [0.3125111278203564, {"__complex__": [-697.2753295898438, 0.0]}, 910652], [0.31751269361539736, {"__complex__": [-143.7618865966797, -1.983656083021242e-15]}, 938996], [0.3225130904459611, {"__complex__": [-510.750732421875, 1.9215363807355062e-15]}, 969352], [0.32751158760760724, {"__complex__": [-130.71095275878906, -3.964686363905996e-15]}, 998344], [0.3325089848249692, {"__complex__": [-274.13421630859375, -8.590519212593652e-15]}, 1029922], [0.33751027924368393, {"__complex__": [-38.478179931640625, 2.1925481720995454e-15]}, 1061918], [0.34251253316973607, {"__complex__": [-20.654579162597656, -8.518672289820766e-16]}, 1093272], [0.34751415893089227, {"__complex__": [-229.68508911132812, 0.0]}, 1125464], [0.352514235068077, {"__complex__": [30.009204864501953, -3.2187271053904726e-15]}, 1157380], [0.357512374484406, {"__complex__": [-478.1797790527344, 2.1519049901914424e-15]}, 1190172], [0.3625118834929162, {"__complex__": [-939.984130859375, 4.753003622531339e-16]}, 1224650], [0.3675116774700016, {"__complex__": [-461.2232360839844, 7.404000754035749e-16]}, 1257864], [0.3725098709245497, {"__complex__": [10.289469718933105, 