{"poles": {"dims": ["k"], "edges": [{"__dtype__": "<f8", "__shape__": [94], "__data__": [0.0, 0.005, 0.01, 0.015, 0.02, 0.025, 0.03, 0.035, 0.04, 0.045, 0.05, 0.055, 0.06, 0.065, 0.07, 0.075, 0.08, 0.085, 0.09, 0.095, 0.1, 0.105, 0.11, 0.115, 0.12, 0.125, 0.13, 0.135, 0.14, 0.145, 0.15, 0.155, 0.16, 0.165, 0.17, 0.17500000000000002, 0.18, 0.185, 0.19, 0.195, 0.2, 0.20500000000000002, 0.21, 0.215, 0.22, 0.225, 0.23, 0.23500000000000001, 0.24, 0.245, 0.25, 0.255, 0.26, 0.265, 0.27, 0.275, 0.28, 0.28500000000000003, 0.29, 0.295, 0.3, 0.305, 0.31, 0.315, 0.32, 0.325, 0.33, 0.335, 0.34, 0.34500000000000003, 0.35000000000000003, 0.355, 0.36, 0.365, 0.37, 0.375, 0.38, 0.385, 0.39, 0.395, 0.4, 0.405, 0.41000000000000003, 0.41500000000000004, 0.42, 0.425, 0.43, 0.435, 0.44, 0.445, 0.45, 0.455, 0.46, 0.465]}], "coords": [{"__dtype__": "<f8", "__shape__": [93], "__data__": [0.0025, 0.0075, 0.0125, 0.0175, 0.0225, 0.0275, 0.0325, 0.037500000000000006, 0.042499999999999996, 0.0475, 0.052500000000000005, 0.057499999999999996, 0.0625, 0.0675, 0.07250000000000001, 0.0775, 0.0825, 0.0875, 0.0925, 0.0975, 0.10250000000000001, 0.1075, 0.1125, 0.1175, 0.1225, 0.1275, 0.1325, 0.1375, 0.14250000000000002, 0.1475, 0.1525, 0.1575, 0.1625, 0.1675, 0.17250000000000001, 0.1775, 0.1825, 0.1875, 0.1925, 0.1975, 0.2025, 0.20750000000000002, 0.2125, 0.2175, 0.2225, 0.2275, 0.2325, 0.2375, 0.2425, 0.2475, 0.2525, 0.2575, 0.2625, 0.2675, 0.2725, 0.2775, 0.28250000000000003, 0.2875, 0.2925, 0.2975, 0.3025, 0.3075, 0.3125, 0.3175, 0.3225, 0.3275, 0.3325, 0.3375, 0.3425, 0.34750000000000003, 0.35250000000000004, 0.3575, 0.3625, 0.3675, 0.3725, 0.3775, 0.3825, 0.3875, 0.3925, 0.3975, 0.4025, 0.40750000000000003, 0.41250000000000003, 0.4175, 0.4225, 0.4275, 0.4325, 0.4375, 0.4425, 0.4475, 0.4525, 0.4575, 0.4625]}], "data": {"__dtype__": [["k", "<f8"], ["power_2", "<c8"], ["modes", "<i8"]], "__shape__": [93], "__data__": [[0.0037081367915242675, {"__complex__": [15156.8046875, 2.438017236011669e-12]}, 191], [0.008018577791264523, {"__complex__": [-19080.0, -3.374357271466316e-13]}, 1380], [0.012844085612331841, {"__complex__": [6388.31201171875, 1.3123742815136091e-13]}, 3770], [0.01775141230162106, {"__complex__": [6163.892578125, -3.529681700999848e-13]}, 7256], [0.022691010615224643, {"__complex__": [41430.76171875, 0.0]}, 12010], [0.027661296094027222, {"__complex__": [17909.8671875, -8.443422962753702e-14]}, 17924], [0.03263163473973046, {"__complex__": [19726.91796875, 7.01015580219927e-14]}, 24910], [0.03760885918999335, {"__complex__": [6955.38671875, 7.004532181055859e-14]}, 33240], [0.04258994605322728, {"__complex__": [9141.1689453125, -4.9228863715534976e-14]}, 42566], [0.047583805693835864, {"__complex__": [13412.4169921875, -1.7415060075986512e-14]}, 53478], [0.052589415944125126, {"__complex__": [6091.36474609375, 5.708557541603265e-14]}, 65258], [0.057576993125266096, {"__complex__": [-1147.3692626953125, 2.993143385053576e-14]}, 77788], [0.0625679362273907, {"__complex__": [-594.1691284179688, 3.0225317013783323e-14]}, 92438], [0.06756372941029527, {"__complex__": [1180.384033203125, 1.7341127652218367e-14]}, 107412], [0.07255867544245412, {"__complex__": [550.99462890625, 0.0]}, 124242], [0.07755343255815964, {"__complex__": [4632.720703125, 1.9735871059156987e-14]}, 141568], [0.08254944316463679, {"__complex__": [3370.248779296875, 0.0]}, 160886], [0.0875469705282893, {"__complex__": [-2037.038330078125, 4.352420777709335e-15]}, 180544], [0.09254207143002044, {"__complex__": [-289.2799072265625, 2.074687433840667e-14]}, 202004], [0.09754200795670145, {"__complex__": [-276.4687194824219, 2.0738641178159357e-14]}, 224538], [0.10254171329034444, {"__complex__": [2646.824462890625, -1.1264272731258997e-14]}, 248038], [0.10754099109209159, {"__complex__": [3086.4345703125, 1.877143595728145e-14]}, 272876], [0.11253870054955198, {"__complex__": [2860.888427734375, 0.0]}, 298594], [0.11753608765430268, {"__complex__": [3264.56396484375, 8.215467423109551e-15]}, 325916], [0.12253572907412832, {"__complex__": [7005.419921875, 1.577024914736075e-14]}, 354334], [0.1275331697481456, {"__complex__": [1854.3685302734375, 4.857925381949492e-15]}, 383424], [0.13252928315027618, {"__complex__": [1570.5582275390625, -4.4966446541218515e-15]}, 414230], [0.13752809598823948, {"__complex__": [-1109.0611572265625, -3.1296543912066313e-15]}, 446370], [0.1425292748907053, {"__complex__": [2465.75830078125, -1.0681240471906075e-14]}, 479558], [0.14752984329410787, {"__complex__": [2969.818359375, 2.7203443541708302e-15]}, 513532], [0.15252898535896237, {"__complex__": [686.3610229492188, 1.2724608354302246e-14]}, 548930], [0.15752847498756622, {"__complex__": [1346.093017578125, -1.1133601805519023e-14]}, 585548], [0.16252705956276423, {"__complex__": [3268.395263671875, -4.484023016174815e-15]}, 623094], [0.16752723347134682, {"__complex__": [1065.107177734375, -4.216546105057905e-15]}, 662620], [0.17252557298757182, {"__complex__": [1552.0943603515625, 0.0]}, 701674], [0.1775232051718564, {"__complex__": [738.7648315429688, -3.7565246289864625e-15]}, 743764], [0.1825215844754662, {"__complex__": [-444.96875, -5.92730956005573e-15]}, 785620], [0.18752064712987349, {"__complex__": [1170.8192138671875, -1.0097461976526622e-14]}, 830100], [0.19252067437217257, {"__complex__": [750.5192260742188, 3.1952312584665856e-15]}, 874418], [0.19751987908784707, {"__complex__": [-558.0209350585938, 1.2644465484964833e-15]}, 920682], [0.20251936794243589, {"__complex__": [141.11727905273438, 0.0]}, 967718], [0.20751955964231095, {"__complex__": [-401.25225830078125, 1.2826014291714583e-14]}, 1016568], [0.2125192859071403, {"__complex__": [732.4839477539062, 6.118622962621428e-15]}, 1065478], [0.21751870204394746, {"__complex__": [310.20050048828125, 1.1675934131756376e-14]}, 1116700], [0.22251763655620238, {"__complex__": [-551.4127197265625, 5.581910276472634e-15]}, 1167926], [0.2275173612096972, {"__complex__": [-1645.3194580078125, -1.5242171538592739e-15]}, 1222034], [0.23251753944930767, {"__complex__": [-61.257728576660156, 1.4602407553531566e-15]}, 1275574], [0.237518608068736, {"__complex__": [-62.52631759643555, 0.0]}, 1332228], [0.24251933382685822, {"__complex__": [-291.863037109375, 4.6983138815006806e-15]}, 1387574], [0.2475188275283454, {"__complex__": [-377.83599853515625, 1.2881327660752657e-15]}, 1446004], [0.2525176353551358, {"__complex__": [1004.7318725585938, -1.2384592600373661e-15]}, 1504002], [0.25751592740199597, {"__complex__": [1073.780517578125, 2.975874500841429e-16]}, 1564788], [0.2625152321376914, {"__complex__": [13.951663970947266, -2.577280277621342e-15]}, 1626114], [0.2675142035428968, {"__complex__": [501.5445861816406, -5.5157324393366024e-15]}, 1688484], [0.27251407722071946, {"__complex__": [-1478.41064453125, -4.516031544218608e-15]}, 1752920], [0.277514999580621, {"__complex__": [148.72691345214844, 5.635399983575269e-15]}, 1817892], [0.28251513318998955, {"__complex__": [155.22705078125, 3.956033922349793e-15]}, 1883346], [0.2875150555774266, {"__complex__": [-344.25762939453125, 4.773320766562417e-15]}, 1951100], [0.2925143032383768, {"__complex__": [-731.083251953125, 3.691136226557272e-15]}, 2018506], [0.2975129983065177, {"__complex__": [-1871.97607421875, 0.0]}, 2088638], [0.30251265006104155, {"__complex__": [-7.840076923370361, -2.5873042772773863e-15]}, 2159752], [0.3075131135075962, {"__complex__": [412.0633850097656, -3.1293740762406493e-16]}, 2232050], [0.31251255553945134, {"__complex__": [642.2747192382812, 3.2336916364696143e-15]}, 2304048], [0.3175120364779517, {"__complex__": [808.5764770507812, 3.718163777354736e-15]}, 2379552], [0.3225126598898453, {"__complex__": [217.28250122070312, 3.0348894038590042e-15]}, 2454976], [0.3275133985704822, {"__complex__": [1090.04248046875, 2.9425835649154932e-15]}, 2531986], [0.33251410375899365, {"__complex__": [221.68032836914062, 2.8551581180558247e-15]}, 2609516], [0.3375135412275565, {"__complex__": 