{"poles": {"dims": ["k"], "edges": [{"__dtype__": "<f8", "__shape__": [86], "__data__": [0.0, 0.005, 0.01, 0.015, 0.02, 0.025, 0.03, 0.035, 0.04, 0.045, 0.05, 0.055, 0.06, 0.065, 0.07, 0.075, 0.08, 0.085, 0.09, 0.095, 0.1, 0.105, 0.11, 0.115, 0.12, 0.125, 0.13, 0.135, 0.14, 0.145, 0.15, 0.155, 0.16, 0.165, 0.17, 0.17500000000000002, 0.18, 0.185, 0.19, 0.195, 0.2, 0.20500000000000002, 0.21, 0.215, 0.22, 0.225, 0.23, 0.23500000000000001, 0.24, 0.245, 0.25, 0.255, 0.26, 0.265, 0.27, 0.275, 0.28, 0.28500000000000003, 0.29, 0.295, 0.3, 0.305, 0.31, 0.315, 0.32, 0.325, 0.33, 0.335, 0.34, 0.34500000000000003, 0.35000000000000003, 0.355, 0.36, 0.365, 0.37, 0.375, 0.38, 0.385, 0.39, 0.395, 0.4, 0.405, 0.41000000000000003, 0.41500000000000004, 0.42, 0.425]}], "coords": [{"__dtype__": "<f8", "__shape__": [85], "__data__": [0.0025, 0.0075, 0.0125, 0.0175, 0.0225, 0.0275, 0.0325, 0.037500000000000006, 0.042499999999999996, 0.0475, 0.052500000000000005, 0.057499999999999996, 0.0625, 0.0675, 0.07250000000000001, 0.0775, 0.0825, 0.0875, 0.0925, 0.0975, 0.10250000000000001, 0.1075, 0.1125, 0.1175, 0.1225, 0.1275, 0.1325, 0.1375, 0.14250000000000002, 0.1475, 0.1525, 0.1575, 0.1625, 0.1675, 0.17250000000000001, 0.1775, 0.1825, 0.1875, 0.1925, 0.1975, 0.2025, 0.20750000000000002, 0.2125, 0.2175, 0.2225, 0.2275, 0.2325, 0.2375, 0.2425, 0.2475, 0.2525, 0.2575, 0.2625, 0.2675, 0.2725, 0.2775, 0.28250000000000003, 0.2875, 0.2925, 0.2975, 0.3025, 0.3075, 0.3125, 0.3175, 0.3225, 0.3275, 0.3325, 0.3375, 0.3425, 0.34750000000000003, 0.35250000000000004, 0.3575, 0.3625, 0.3675, 0.3725, 0.3775, 0.3825, 0.3875, 0.3925, 0.3975, 0.4025, 0.40750000000000003, 0.41250000000000003, 0.4175, 0.4225]}], "data": {"__dtype__": [["k", "<f8"], ["power_2", "<c8"], ["modes", "<i8"]], "__shape__": [85], "__data__": [[0.003785962175218714, {"__complex__": [-29633.556640625, 1.3051045704218223e-13]}, 223], [0.008055650047333739, {"__complex__": [30009.48046875, 2.303733375938477e-13]}, 1516], [0.012838659412058445, {"__complex__": [7292.099609375, 1.1275091374874507e-13]}, 4130], [0.017758445021159877, {"__complex__": [20046.1796875, -1.661424903903752e-13]}, 8058], [0.022686221993372543, {"__complex__": [6671.16796875, 0.0]}, 13118], [0.02764503576190599, {"__complex__": [14881.56640625, -3.530590194657755e-14]}, 19784], [0.032626124011193657, {"__complex__": [6997.15673828125, 6.777691336770295e-14]}, 27482], [0.03761517664423396, {"__complex__": [5741.7509765625, 2.2147829563715603e-14]}, 36794], [0.042612076216348424, {"__complex__": [5071.99072265625, 1.979010996690147e-14]}, 47060], [0.04758810749327745, {"__complex__": [-1904.3602294921875, -1.0354046043941842e-13]}, 58466], [0.05257639262811682, {"__complex__": [3304.3740234375, -3.236725920244916e-15]}, 71934], [0.057576644294676294, {"__complex__": [7241.7626953125, -5.23960901589412e-15]}, 86096], [0.06257060468948772, {"__complex__": [9585.5810546875, 2.175644952010728e-14]}, 101666], [0.06756431050677218, {"__complex__": [2609.5185546875, 5.649130811166735e-15]}, 118494], [0.07255460479533274, {"__complex__": [2117.468994140625, -1.0227570472389619e-14]}, 136590], [0.07755203808236072, {"__complex__": [4068.826904296875, -2.379829697836313e-14]}, 156536], [0.08254994891496988, {"__complex__": [3641.290283203125, 1.3162006850901947e-14]}, 176896], [0.0875465852208996, {"__complex__": [5298.341796875, -4.670624797971411e-15]}, 199400], [0.09254606261661012, {"__complex__": [4470.04541015625, 0.0]}, 222578], [0.09754095165434574, {"__complex__": [1175.8873291015625, -1.1306575250710771e-14]}, 247110], [0.10253878096196406, {"__complex__": [1657.64404296875, 3.19211947117661e-15]}, 273522], [0.1075376536617221, {"__complex__": [-255.36732482910156, -4.648431687720401e-15]}, 300528], [0.11253874421958751, {"__complex__": [1914.4371337890625, -5.6473571241751844e-15]}, 329826], [0.11753930483919833, {"__complex__": [1382.162353515625, -1.0380207503550738e-14]}, 358884], [0.12253435939470513, {"__complex__": [1199.052734375, -9.54683719773565e-15]}, 390212], [0.1275324928771181, {"__complex__": [1060.8861083984375, 0.0]}, 423008], [0.13253098558293935, {"__complex__": [1498.374267578125, 2.039922575883214e-15]}, 456548], [0.1375294182229233, {"__complex__": [2430.214599609375, -1.893008946346692e-15]}, 491980], [0.14252928720123362, {"__complex__": [3090.451171875, 1.8731879518644676e-15]}, 528260], [0.14752710781464048, {"__complex__": [254.8795166015625, -8.230866482090635e-15]}, 565750], [0.15252590457329984, {"__complex__": [-1530.13232421875, -5.7715541770992935e-15]}, 605116], [0.15752627544450365, {"__complex__": [685.7811279296875, 3.607350268513719e-15]}, 645434], [0.1625268432433497, {"__complex__": [2253.0380859375, -2.202044681987687e-15]}, 687270], [0.16752762298865234, {"__complex__": [712.7499389648438, 2.5518063970073794e-15]}, 729932], [0.17252411279445126, {"__complex__": [-507.2209777832031, -2.7101763589137528e-15]}, 773188], [0.17752203527930777, {"__complex__": [-1379.0648193359375, 8.517944582639957e-15]}, 820024], [0.18252363779831107, {"__complex__": [-1231.61572265625, 1.880478576199722e-15]}, 866702], [0.18752234050808908, {"__complex__": [-779.149169921875, 0.0]}, 914078], [0.19252201016210274, {"__complex__": [-1122.353759765625, 2.4142088064016745e-16]}, 964418], [0.19752271477956754, {"__complex__": [76.65837860107422, -1.8354619514267083e-15]}, 1014810], [0.20252178570627094, {"__complex__": [-1491.3450927734375, -8.733070622451815e-16]}, 1066432], [0.20751974798690762, {"__complex__": [-1293.1234130859375, -3.327524675817025e-15]}, 1119538], [0.2125197454352182, {"__complex__": [-335.78411865234375, 4.357580055391061e-15]}, 1175486], [0.2175192296548309, {"__complex__": [-583.541259765625, -3.029538484972962e-15]}, 1229656], [0.22251681667262319, {"__complex__": [-735.9393310546875, 7.232213790244867e-15]}, 1287742], [0.22751746426403283, {"__complex__": [-468.1783752441406, -1.3829024121041027e-15]}, 1346910], [0.23251730364615478, {"__complex__": [-1316.0565185546875, -1.3251261888927684e-15]}, 1405636], [0.23751678657474465, {"__complex__": [-560.8377075195312, 5.075942768726803e-15]}, 1467822], [0.2425174971485461, {"__complex__": [929.6622924804688, 2.435259957421108e-15]}, 1529730], [0.24751707342858845, {"__complex__": [93.11000061035156, -5.844722153632541e-16]}, 1593442], [0.2525171832510974, {"__complex__": [-599.8994140625, 1.1228763204285965e-15]}, 1658816], [0.2575157181508458, {"__complex__": [-129.82205200195312, 3.512206445680432e-15]}, 1723588], [0.2625146768272274, {"__complex__": [-365.4438781738281, 2.5968579618894675e-15]}, 1793172], [0.2675153728644548, {"__complex__": [-535.6552734375, 2.751946094641704e-15]}, 1861328], [0.2725140790996068, {"__complex__": [119.93949127197266, 1.929302614070644e-15]}, 1930900], [0.2775148647609448, {"__complex__": [425.4170227050781, -1.8583430641891255e-15]}, 2004630], [0.28251520974118804, {"__complex__": [1491.4990234375, 0.0]}, 2074904], [0.28751406015515885, {"__complex__": [555.6730346679688, 2.1653285565812917e-15]}, 2150534], [0.29251361364437867, {"__complex__": [896.6599731445312, 8.37231187867792e-16]}, 2224768], [0.2975131524186939, {"__complex__": [-632.24658203125, 1.4154428768387711e-15]}, 2302904], [0.3025147259314174, {"__complex__": [-94.60389709472656, 2.346503610043066e-15]}, 2381388], [0.3075149652713783, {"__complex__": [-1475.1461181640625, 2.840598892241944e-15]}, 2458960], [0.31251335064096714, {"__complex__": [-157.17845153808594, -7.334195710061338e-16]}, 2539672], [0.31751349612987984, {"__complex__": [-280.8563537597656, 7.100909072102111e-16]}, 2623108], [0.32251268944270295, {"__complex__": [132.60317993164062, 1.7220984498979817e-15]}, 2704034], [0.32751171630842707, {"__complex__": [-204.4963836669922, 0.0]}, 2790512], [0.33251237563902225, {"__complex__": [-543.1934204101562, -3.2380875786471865e-16]}, 2876150], [0.3375123279265873, {"__complex__": [-1038.001708984375, 0.0]}, 2962974], [0.34251273719712905, 