{"edges": {"__dtype__": "<f8", "__shape__": [128], "__data__": [0.0, 0.005, 0.01, 0.015, 0.02, 0.025, 0.03, 0.035, 0.04, 0.045, 0.05, 0.055, 0.06, 0.065, 0.07, 0.075, 0.08, 0.085, 0.09, 0.095, 0.1, 0.105, 0.11, 0.115, 0.12, 0.125, 0.13, 0.135, 0.14, 0.145, 0.15, 0.155, 0.16, 0.165, 0.17, 0.17500000000000002, 0.18, 0.185, 0.19, 0.195, 0.2, 0.20500000000000002, 0.21, 0.215, 0.22, 0.225, 0.23, 0.23500000000000001, 0.24, 0.245, 0.25, 0.255, 0.26, 0.265, 0.27, 0.275, 0.28, 0.28500000000000003, 0.29, 0.295, 0.3, 0.305, 0.31, 0.315, 0.32, 0.325, 0.33, 0.335, 0.34, 0.34500000000000003, 0.35000000000000003, 0.355, 0.36, 0.365, 0.37, 0.375, 0.38, 0.385, 0.39, 0.395, 0.4, 0.405, 0.41000000000000003, 0.41500000000000004, 0.42, 0.425, 0.43, 0.435, 0.44, 0.445, 0.45, 0.455, 0.46, 0.465, 0.47000000000000003, 0.47500000000000003, 0.48, 0.485, 0.49, 0.495, 0.5, 0.505, 0.51, 0.515, 0.52, 0.525, 0.53, 0.535, 0.54, 0.545, 0.55, 0.555, 0.56, 0.5650000000000001, 0.5700000000000001, 0.5750000000000001, 0.58, 0.585, 0.59, 0.595, 0.6, 0.605, 0.61, 0.615, 0.62, 0.625, 0.63, 0.635]}, "poles": {"__dtype__": [["k", "<f8"], ["power_0", "<c8"], ["modes", "<i8"]], "__shape__": [127], "__data__": [[0.0037537781648676505, {"__complex__": [73940.3125, 7.559436475228221e-13]}, 77], [0.008050398333474014, {"__complex__": [111694.546875, -1.858821256639498e-13]}, 548], [0.012848609532355457, {"__complex__": [113887.7109375, 7.865900313909491e-14]}, 1480], [0.017751579213119567, {"__complex__": [121230.3203125, 1.01336460381872e-13]}, 2872], [0.022691827324042853, {"__complex__": [124086.625, 2.458093848096716e-14]}, 4736], [0.027648005536595924, {"__complex__": [123497.421875, 5.480752773823726e-14]}, 7036], [0.032612636555868525, {"__complex__": [118439.609375, -7.691599906902574e-14]}, 9838], [0.03761114292794433, {"__complex__": [104807.8046875, -2.6442002003224628e-14]}, 13208], [0.04261303922036164, {"__complex__": [103552.9921875, 6.90564235501334e-15]}, 16858], [0.04760505554480107, {"__complex__": [97405.2421875, -1.3806371071899658e-14]}, 21080], [0.05259133615803475, {"__complex__": [98521.8984375, -2.2716071780776517e-14]}, 25624], [0.05756841184374016, {"__complex__": [96774.4765625, 1.3260011103998111e-14]}, 30728], [0.06256248327880025, {"__complex__": [97077.9609375, -7.97408929116344e-15]}, 36498], [0.06756661487904435, {"__complex__": [95523.8671875, 1.0949522064322877e-14]}, 42528], [0.07257304507008182, {"__complex__": [92926.609375, 1.1842378646990687e-14]}, 49152], [0.07756473030387098, {"__complex__": [91851.5546875, -3.1325878780612097e-15]}, 55744], [0.08254764044823601, {"__complex__": [89798.796875, 3.675538114833584e-15]}, 63346], [0.08754405971893497, {"__complex__": [89030.2578125, 4.892222169500292e-15]}, 71388], [0.09254365223263855, {"__complex__": [88436.4765625, -6.567901519822844e-15]}, 79762], [0.09754150838846357, {"__complex__": [88149.9140625, 8.215480022724642e-16]}, 88564], [0.10254123052801507, {"__complex__": [86190.4140625, -1.009848349826101e-14]}, 97988], [0.10754181638082774, {"__complex__": [86589.90625, -4.323367547618513e-15]}, 107708], [0.11254085353408888, {"__complex__": [85445.796875, -7.895776012992097e-15]}, 117952], [0.11753281793039293, {"__complex__": [86419.375, 9.07452972052252e-16]}, 128288], [0.12252442444514552, {"__complex__": [84929.53125, 1.2233312515994043e-15]}, 139770], [0.12753052839909865, {"__complex__": [85227.4140625, 1.0726274672612744e-14]}, 151946], [0.13253665927256145, {"__complex__": [85953.5546875, 0.0]}, 163582], [0.13753197887556465, {"__complex__": [84626.90625, -6.61676250950609e-16]}, 175940], [0.1425260716253757, {"__complex__": [84380.96875, 9.851929147974229e-15]}, 189064], [0.14752506711896965, {"__complex__": [83524.8828125, 2.008902535288867e-15]}, 202824], [0.1525272624752809, {"__complex__": [82453.8046875, 1.2081513623934232e-15]}, 216806], [0.15752484634575162, {"__complex__": [81579.546875, 1.5126993057216283e-15]}, 230876], [0.16252366735405163, {"__complex__": [82753.3125, 1.5365582121425322e-15]}, 246232], [0.1675242007800524, {"__complex__": [82804.9765625, 1.7818898703699524e-15]}, 261330], [0.17252326579974073, {"__complex__": [82383.1953125, 1.1545806577652066e-15]}, 277280], [0.17752110470595878, {"__complex__": [81962.2578125, -1.5875538307319774e-15]}, 293320], [0.1825207522633753, {"__complex__": [82341.421875, -3.7483923715389924e-16]}, 310574], [0.18752231962759572, {"__complex__": [82537.5234375, -2.221259465577473e-16]}, 327560], [0.19252167162300435, {"__complex__": [81870.484375, -1.095814782434124e-15]}, 345268], [0.19752225984779248, {"__complex__": [81233.6484375, 4.803352319707318e-16]}, 363544], [0.20251992290984697, {"__complex__": [81511.6328125, 5.795448976541337e-15]}, 381660], [0.20751551078768798, {"__complex__": [81727.15625, 8.712548072931027e-16]}, 400854], [0.21251512379553542, {"__complex__": [80953.3671875, -1.1060575283487967e-15]}, 421010], [0.21751870975885984, {"__complex__": [80640.5546875, 7.256826132472354e-16]}, 441160], [0.2225209082741387, {"__complex__": [80827.1328125, -3.0283892730217747e-15]}, 461296], [0.22752039891934017, {"__complex__": [80426.859375, 2.8367952907922987e-15]}, 482192], [0.23252118259031918, {"__complex__": [80633.7421875, -1.8483756039823105e-15]}, 503860], [0.23751936566507853, {"__complex__": [80821.953125, 2.2173333355180515e-16]}, 525024], [0.24251707186595864, {"__complex__": [80814.28125, 5.311364035592229e-16]}, 547954], [0.24751627666670906, {"__complex__": [80424.5546875, -1.0202133331829743e-16]}, 570544], [0.2525167544702008, {"__complex__": [80751.078125, -2.7420690552020085e-15]}, 594374], [0.25751857595461863, {"__complex__": [81006.7578125, -1.8840479730394518e-15]}, 617900], [0.2625190906945416, {"__complex__": [80656.1953125, -1.631721093217132e-15]}, 642106], [0.2675172479110602, {"__complex__": [79779.59375, 8.738419635513726e-16]}, 666112], [0.272514629608296, {"__complex__": [80205.703125, -4.207056742010256e-16]}, 691786], [0.27751615229387816, {"__complex__": [80741.875, 1.945670890501623e-15]}, 717996], [0.28251644607381426, {"__complex__": [79934.0703125, -6.266029988849725e-16]}, 743152], [0.2875152531419474, {"__complex__": [79752.9765625, 6.801796856833792e-16]}, 770192], [0.2925134012698469, {"__complex__": [79553.8125, 2.0464002603473412e-15]}, 796430], [0.2975118362281548, {"__complex__": [79456.6640625, 2.681665229909173e-15]}, 824820], [0.3025125080826814, {"__complex__": [80005.796875, 2.457857314146195e-15]}, 852562], [0.30751063191170563, {"__complex__": [79623.2265625, -5.289369766325587e-16]}, 880372], [0.3125111278203564, {"__complex__": [80052.609375, 1.917559984564621e-15]}, 910652], [0.31751269361539736, {"__complex__": [79584.5546875, 1.1158065599343385e-15]}, 938996], [0.3225130904459611, {"__complex__": [79709.34375, 2.822256605527389e-15]}, 969352], [0.32751158760760724, {"__complex__": [79503.46875, 2.7986021516841287e-15]}, 998344], [0.3325089848249692, {"__complex__": [79810.2421875, -7.912320048759631e-16]}, 1029922], [0.33751027924368393, {"__complex__": [79959.8125, -1.4251563330405282e-15]}, 1061918], [0.34251253316973607, {"__complex__": [80189.0546875, -1.4907676110139647e-15]}, 1093272], [0.34751415893089227, {"__complex__": [79992.7734375, -4.137505013826633e-16]}, 1125464], [0.352514235068077, {"__complex__": [79714.9375, -1.6093635526952363e-15]}, 1157380], [0.357512374484406, {"__complex__": [79539.8828125, 2.836601955522088e-15]}, 1190172], [0.3625118834929162, {"__complex__": [79251.171875, -5.703604347037606e-16]}, 1224650], [0.3675116774700016, {"__complex__": [79576.4140625, 2.9616003016142995e-15]}, 1257864], [0.3725098709245497, {"__complex__": [79858.3125, 0.0]}, 1292312], [0.37751067052804127, {"__complex__": [79988.6640625, -7.886421487001739e-16]}, 1328534], [0.3825116981355865, {"__complex__": [79959.8125, 2.3490671552579313e-15]}, 1362848], [0.3875116125361288, {"__complex__": [79871.7578125, -1.7472232470585572e-15]}, 1399204], [0.3925104655048909, 