{"edges": {"__dtype__": "<f8", "__shape__": [128], "__data__": [0.0, 0.005, 0.01, 0.015, 0.02, 0.025, 0.03, 0.035, 0.04, 0.045, 0.05, 0.055, 0.06, 0.065, 0.07, 0.075, 0.08, 0.085, 0.09, 0.095, 0.1, 0.105, 0.11, 0.115, 0.12, 0.125, 0.13, 0.135, 0.14, 0.145, 0.15, 0.155, 0.16, 0.165, 0.17, 0.17500000000000002, 0.18, 0.185, 0.19, 0.195, 0.2, 0.20500000000000002, 0.21, 0.215, 0.22, 0.225, 0.23, 0.23500000000000001, 0.24, 0.245, 0.25, 0.255, 0.26, 0.265, 0.27, 0.275, 0.28, 0.28500000000000003, 0.29, 0.295, 0.3, 0.305, 0.31, 0.315, 0.32, 0.325, 0.33, 0.335, 0.34, 0.34500000000000003, 0.35000000000000003, 0.355, 0.36, 0.365, 0.37, 0.375, 0.38, 0.385, 0.39, 0.395, 0.4, 0.405, 0.41000000000000003, 0.41500000000000004, 0.42, 0.425, 0.43, 0.435, 0.44, 0.445, 0.45, 0.455, 0.46, 0.465, 0.47000000000000003, 0.47500000000000003, 0.48, 0.485, 0.49, 0.495, 0.5, 0.505, 0.51, 0.515, 0.52, 0.525, 0.53, 0.535, 0.54, 0.545, 0.55, 0.555, 0.56, 0.5650000000000001, 0.5700000000000001, 0.5750000000000001, 0.58, 0.585, 0.59, 0.595, 0.6, 0.605, 0.61, 0.615, 0.62, 0.625, 0.63, 0.635]}, "poles": {"__dtype__": [["k", "<f8"], ["power_2", "<c8"], ["modes", "<i8"]], "__shape__": [127], "__data__": [[0.0037537781648676505, {"__complex__": [-48062.93359375, 5.29160569529008e-12]}, 77], [0.008050398333474014, {"__complex__": [-37058.6484375, 5.045372214636246e-13]}, 548], [0.012848609532355457, {"__complex__": [25081.345703125, 5.5061299486861e-13]}, 1480], [0.017751579213119567, {"__complex__": [11706.7392578125, 2.4320749949548193e-13]}, 2872], [0.022691827324042853, {"__complex__": [9854.802734375, -2.2122844463463853e-13]}, 4736], [0.027648005536595924, {"__complex__": [7208.154296875, 6.618267538822595e-14]}, 7036], [0.032612636555868525, {"__complex__": [-5075.486328125, 1.0058245875728053e-13]}, 9838], [0.03761114292794433, {"__complex__": [-4849.90869140625, -2.4238501695117085e-14]}, 13208], [0.04261303922036164, {"__complex__": [4403.63525390625, -4.143385667117888e-14]}, 16858], [0.04760505554480107, {"__complex__": [5612.7490234375, 6.627058385562379e-14]}, 21080], [0.05259133615803475, {"__complex__": [9932.8681640625, -6.360499827566882e-14]}, 25624], [0.05756841184374016, {"__complex__": [10281.1357421875, -2.462573466541565e-14]}, 30728], [0.06256248327880025, {"__complex__": [12114.3720703125, -5.103416875294059e-14]}, 36498], [0.06756661487904435, {"__complex__": [6477.29248046875, 3.8323328072163015e-14]}, 42528], [0.07257304507008182, {"__complex__": [2159.48876953125, -1.8947806851624636e-14]}, 49152], [0.07756473030387098, {"__complex__": [5244.18603515625, -1.070300921865051e-14]}, 55744], [0.08254764044823601, {"__complex__": [112.6743392944336, 7.351076229667169e-15]}, 63346], [0.08754405971893497, {"__complex__": [4229.1162109375, -6.522963033839214e-15]}, 71388], [0.09254365223263855, {"__complex__": [5019.64013671875, 1.1676268709770541e-14]}, 79762], [0.09754150838846357, {"__complex__": [4348.31591796875, 2.2346104730074784e-14]}, 88564], [0.10254123052801507, {"__complex__": [-38.452171325683594, -1.9008910114373667e-14]}, 97988], [0.10754181638082774, {"__complex__": [1469.516845703125, 2.1616838161609038e-14]}, 107708], [0.11254085353408888, {"__complex__": [-1673.73486328125, 1.5791552025984194e-14]}, 117952], [0.11753281793039293, {"__complex__": [2265.4970703125, -1.4519247552836033e-14]}, 128288], [0.12252442444514552, {"__complex__": [1149.92138671875, 1.6658127717397546e-14]}, 139770], [0.12753052839909865, {"__complex__": [539.20068359375, -2.4517199251686272e-14]}, 151946], [0.13253665927256145, {"__complex__": [1311.4139404296875, -9.785371840077828e-15]}, 163582], [0.13753197887556465, {"__complex__": [871.0245361328125, 9.925144134836049e-15]}, 175940], [0.1425260716253757, {"__complex__": [2143.52197265625, 5.5417100927959446e-15]}, 189064], [0.14752506711896965, {"__complex__": [2209.404296875, -1.1479442605025875e-15]}, 202824], [0.1525272624752809, {"__complex__": [393.0738525390625, -7.517386913695814e-15]}, 216806], [0.15752484634575162, {"__complex__": [1033.4449462890625, -1.6135459261030702e-14]}, 230876], [0.16252366735405163, {"__complex__": [1139.82763671875, -1.1819678164004272e-14]}, 246232], [0.1675242007800524, {"__complex__": [1108.5703125, -1.0691339645736188e-14]}, 261330], [0.17252326579974073, {"__complex__": [2050.131103515625, 8.396950478926771e-16]}, 277280], [0.17752110470595878, {"__complex__": [847.20849609375, -7.937769365418124e-15]}, 293320], [0.1825207522633753, {"__complex__": [1794.4027099609375, -5.247749426033708e-15]}, 310574], [0.18752231962759572, {"__complex__": [726.7211303710938, 6.752628817707166e-15]}, 327560], [0.19252167162300435, {"__complex__": [657.3959350585938, -4.720433299885279e-15]}, 345268], [0.19752225984779248, {"__complex__": [845.3757934570312, 7.044916170882102e-15]}, 363544], [0.20251992290984697, {"__complex__": [775.2474975585938, -1.830141737485004e-15]}, 381660], [0.20751551078768798, {"__complex__": [53.09546661376953, 1.1616730763908036e-15]}, 400854], [0.21251512379553542, {"__complex__": [1324.974365234375, 0.0]}, 421010], [0.21751870975885984, {"__complex__": [1113.610595703125, -9.499844656854928e-15]}, 441160], [0.2225209082741387, {"__complex__": [2306.15234375, 0.0]}, 461296], [0.22752039891934017, {"__complex__": [1677.8338623046875, -9.657176156367968e-16]}, 482192], [0.23252118259031918, {"__complex__": [343.91314697265625, 5.776173894793618e-16]}, 503860], [0.23751936566507853, {"__complex__": [-84.82225799560547, -2.660800055561221e-15]}, 525024], [0.24251707186595864, {"__complex__": [388.3274230957031, 8.498182033431093e-16]}, 547954], [0.24751627666670906, {"__complex__": [-599.1494750976562, -4.0808533327318973e-16]}, 570544], [0.2525167544702008, {"__complex__": [-391.8184509277344, 7.834483014862881e-16]}, 594374], [0.25751857595461863, {"__complex__": [-754.4932250976562, 5.275334324510465e-15]}, 617900], [0.2625190906945416, {"__complex__": [-24.719324111938477, 2.1756280537034304e-15]}, 642106], [0.2675172479110602, {"__complex__": [79.98628997802734, 6.291662052866588e-15]}, 666112], [0.272514629608296, {"__complex__": [-995.1396484375, 3.1973632403948246e-15]}, 691786], [0.27751615229387816, {"__complex__": [-89.37979125976562, 8.106961867291565e-16]}, 717996], [0.28251644607381426, {"__complex__": [-562.9705810546875, -6.266029988849725e-16]}, 743152], [0.2875152531419474, {"__complex__": [-607.6965942382812, -7.85985419273199e-15]}, 770192], [0.2925134012698469, {"__complex__": [-1060.7841796875, 2.3387430941803223e-15]}, 796430], [0.2975118362281548, {"__complex__": [-632.1106567382812, -1.0409095562216846e-14]}, 824820], [0.3025125080826814, {"__complex__": [539.7908935546875, 3.823333505668198e-15]}, 852562], [0.30751063191170563, {"__complex__": [62.66105270385742, -2.6446848302232344e-15]}, 880372], [0.3125111278203564, {"__complex__": [-369.298095703125, 5.11349343334448e-16]}, 910652], [0.31751269361539736, {"__complex__": [28.62851333618164, 3.719355129195049e-15]}, 938996], [0.3225130904459611, {"__complex__": [367.9065856933594, 1.9215363807355062e-15]}, 969352], [0.32751158760760724, {"__complex__": [-93.7326431274414, 6.996505379210322e-16]}, 998344], [0.3325089848249692, {"__complex__": [152.87881469726562, 2.2606629618277104e-15]}, 1029922], [0.33751027924368393, {"__complex__": [294.06109619140625, 2.1925481720995454e-15]}, 1061918], [0.34251253316973607, {"__complex__": [-427.72430419921875, 1.7037344579641533e-15]}, 1093272], [0.34751415893089227, {"__complex__": [-525.1827392578125, -3.4134415569976335e-15]}, 1125464], [0.352514235068077, {"__complex__": [-643.7904663085938, 1.6093635526952363e-15]}, 1157380], [0.357512374484406, {"__complex__": [-368.2751159667969, 2.34753275507398e-15]}, 1190172], [0.3625118834929162, {"__complex__": [305.1499328613281, 7.604806325445734e-16]}, 1224650], [0.3675116774700016, {"__complex__": [-338.5069580078125, 5.923200603228599e-15]}, 1257864], [0.3725098709245497, {"__complex__": 