{"edges": {"__dtype__": "<f8", "__shape__": [116], "__data__": [0.0, 0.005, 0.01, 0.015, 0.02, 0.025, 0.03, 0.035, 0.04, 0.045, 0.05, 0.055, 0.06, 0.065, 0.07, 0.075, 0.08, 0.085, 0.09, 0.095, 0.1, 0.105, 0.11, 0.115, 0.12, 0.125, 0.13, 0.135, 0.14, 0.145, 0.15, 0.155, 0.16, 0.165, 0.17, 0.17500000000000002, 0.18, 0.185, 0.19, 0.195, 0.2, 0.20500000000000002, 0.21, 0.215, 0.22, 0.225, 0.23, 0.23500000000000001, 0.24, 0.245, 0.25, 0.255, 0.26, 0.265, 0.27, 0.275, 0.28, 0.28500000000000003, 0.29, 0.295, 0.3, 0.305, 0.31, 0.315, 0.32, 0.325, 0.33, 0.335, 0.34, 0.34500000000000003, 0.35000000000000003, 0.355, 0.36, 0.365, 0.37, 0.375, 0.38, 0.385, 0.39, 0.395, 0.4, 0.405, 0.41000000000000003, 0.41500000000000004, 0.42, 0.425, 0.43, 0.435, 0.44, 0.445, 0.45, 0.455, 0.46, 0.465, 0.47000000000000003, 0.47500000000000003, 0.48, 0.485, 0.49, 0.495, 0.5, 0.505, 0.51, 0.515, 0.52, 0.525, 0.53, 0.535, 0.54, 0.545, 0.55, 0.555, 0.56, 0.5650000000000001, 0.5700000000000001, 0.5750000000000001]}, "poles": {"__dtype__": [["k", "<f8"], ["power_0", "<c8"], ["modes", "<i8"]], "__shape__": [115], "__data__": [[0.0037054420134658554, {"__complex__": [86595.0859375, 8.766214208526246e-13]}, 83], [0.008002706039259398, {"__complex__": [109299.6328125, 4.883192916867174e-13]}, 596], [0.012849701484846114, {"__complex__": [102954.0234375, 1.3245069103995366e-13]}, 1648], [0.0177641384261076, {"__complex__": [100216.359375, -2.2132190286190678e-13]}, 3156], [0.022684229681789413, {"__complex__": [106758.734375, -1.1245683746198554e-14]}, 5176], [0.027646384376179004, {"__complex__": [101598.578125, 4.4752172616551594e-14]}, 7804], [0.032636129245414154, {"__complex__": [97903.046875, -1.8735223604720436e-14]}, 10874], [0.037622935176432226, {"__complex__": [93247.578125, -1.0076108275926341e-14]}, 14442], [0.0426065943302704, {"__complex__": [91105.5078125, 3.1388946736282284e-15]}, 18544], [0.047584168879418735, {"__complex__": [90109.015625, -3.0316491640225776e-14]}, 23040], [0.052572163944886785, {"__complex__": [85918.796875, -8.20808891910602e-15]}, 28366], [0.05756591012932392, {"__complex__": [84401.078125, -1.7212035595892076e-15]}, 33818], [0.06255885577973451, {"__complex__": [82858.9375, -1.7405729161039558e-14]}, 40130], [0.06756290621144688, {"__complex__": [84003.7109375, -1.6155676243415767e-14]}, 46838], [0.07256050504780319, {"__complex__": [84508.078125, 0.0]}, 53826], [0.0775516441986681, {"__complex__": [81163.4609375, -7.561400439701042e-15]}, 61584], [0.08254999402587553, {"__complex__": [80915.5859375, 9.99788054808267e-15]}, 69864], [0.08754547074829418, {"__complex__": [78581.421875, -5.568050699873185e-15]}, 78404], [0.09254370656486871, {"__complex__": [77709.1875, -7.946257482582559e-15]}, 87902], [0.09754153604884025, {"__complex__": [76897.1796875, -4.785338470018061e-15]}, 97310], [0.10253422913940137, {"__complex__": [77210.171875, -3.985308651556323e-15]}, 107716], [0.1075359850070505, {"__complex__": [75740.8203125, -9.811327470680541e-15]}, 118654], [0.11253957840084304, {"__complex__": [75344.6015625, -3.360460704938061e-15]}, 129910], [0.11753653834673844, {"__complex__": [75456.1015625, 8.131516293641283e-15]}, 141376], [0.12253336603812491, {"__complex__": [75440.6015625, -3.024599435857522e-15]}, 153958], [0.12753369323485178, {"__complex__": [74877.34375, 1.396553724477645e-15]}, 166718], [0.1325298054599073, {"__complex__": [73899.6875, 3.560972673552704e-15]}, 179806], [0.13753126919241337, {"__complex__": [73485.5078125, 6.591287675980061e-15]}, 194282], [0.14252978867508304, {"__complex__": [72982.6875, 1.2606701579802684e-15]}, 207774], [0.14752584639061916, {"__complex__": [72926.578125, 3.649742573457902e-15]}, 223278], [0.1525273402624495, {"__complex__": [72524.2109375, -9.76245494017339e-16]}, 238496], [0.15752777994300757, {"__complex__": [72664.2578125, 2.630787560657633e-15]}, 254444], [0.16252677921627748, {"__complex__": [72330.984375, -5.376018854549538e-17]}, 270682], [0.16752582095517576, {"__complex__": [72458.609375, 0.0]}, 287710], [0.1725259295419247, {"__complex__": [72137.8359375, -4.577243650701361e-15]}, 305202], [0.17752572093623975, {"__complex__": [71661.2109375, 1.0812300397527075e-15]}, 323008], [0.18252702152554795, {"__complex__": [71360.6640625, 2.426653255644057e-15]}, 341812], [0.18752508561671835, {"__complex__": [70902.3125, 3.2335791928458663e-15]}, 360020], [0.19252006361125312, {"__complex__": [71050.4140625, 1.3795899838847463e-15]}, 379728], [0.19751626124600596, {"__complex__": [71280.8125, -3.7867166948748684e-15]}, 399660], [0.20251335405021748, {"__complex__": [71267.5625, 3.0466515151228142e-15]}, 420320], [0.20751594275294782, {"__complex__": [70723.21875, -7.900241358931785e-16]}, 442070], [0.21251689533718626, {"__complex__": [71204.1328125, 1.509782759525995e-15]}, 462644], [0.21751895130525958, {"__complex__": [70099.546875, 0.0]}, 485820], [0.22252064263763735, {"__complex__": [70836.8203125, 4.589568615358621e-16]}, 507304], [0.22751949683857262, {"__complex__": [70677.3828125, 1.3159824682271583e-15]}, 530776], [0.23252062744923513, {"__complex__": [70834.390625, 5.248434781567155e-16]}, 554524], [0.23751988845699762, {"__complex__": [70700.1796875, 8.056311944023718e-16]}, 578008], [0.24251952417933192, {"__complex__": [70750.59375, -1.9297318480166652e-15]}, 603272], [0.24751886354741093, {"__complex__": [70364.4375, 0.0]}, 627748], [0.2525158523431189, {"__complex__": [70102.9375, -8.909736284260644e-16]}, 653304], [0.2575140585584922, {"__complex__": [70157.25, 1.7122519565839465e-16]}, 679896], [0.2625126084722789, {"__complex__": [70315.4609375, 3.2974547944312604e-16]}, 706092], [0.26751303339828036, {"__complex__": [70132.6015625, -4.756447340857519e-16]}, 734258], [0.2725141980302592, {"__complex__": [69803.921875, -1.5293858812523176e-16]}, 761190], [0.27751499291909654, {"__complex__": [69811.0703125, 3.6841878035327085e-16]}, 789966], [0.2825156597003922, {"__complex__": [70164.640625, 2.8454777490785697e-16]}, 818248], [0.2875141801620819, {"__complex__": [69920.2109375, 1.0308030317337762e-16]}, 847024], [0.29251195304227423, {"__complex__": [70182.2421875, -6.63710347633881e-16]}, 877004], [0.2975142527009851, {"__complex__": [70240.1328125, -1.0250061102963352e-15]}, 908602], [0.30251615798691667, {"__complex__": [70178.28125, 1.4353265517590922e-15]}, 937802], [0.30751506635382575, {"__complex__": [69558.359375, -6.602870110379935e-16]}, 969706], [0.31251223811931306, {"__complex__": [69948.9296875, -9.313635474829385e-16]}, 999956], [0.3175098816792195, {"__complex__": [69627.515625, -1.519841064016403e-15]}, 1034060], [0.3225110492752749, {"__complex__": [69655.7109375, -1.2008489854760255e-15]}, 1066386], [0.3275123331358606, {"__complex__": [69798.625, -1.2961158398449007e-15]}, 1100278], [0.3325123291547583, {"__complex__": [69835.25, -1.6438924272735842e-15]}, 1133070], [0.3375117534479973, {"__complex__": [69557.1953125, -2.790582443739525e-15]}, 1168082], [0.3425129583700723, {"__complex__": [69477.609375, -5.079379710789405e-16]}, 1203258], [0.3475132726509487, {"__complex__": [69880.234375, -3.761721758453019e-16]}, 1237894], [0.35251300538197095, {"__complex__": [69695.5859375, 1.6217982081191662e-15]}, 1274124], [0.3575125695577228, {"__complex__": [69582.765625, -1.1994782744091312e-15]}, 1310242], [0.36251151779301266, {"__complex__": [69497.3984375, 0.0]}, 1346914], [0.3675115630015573, {"__complex__": [69603.0390625, 3.781595268977973e-16]}, 1385312], [0.3725118957087531, {"__complex__": [69809.703125, -1.6369893734512577e-16]}, 1422310], [0.37751124096797295, {"__complex__": [69576.328125, 0.0]}, 1461198], [0.3825103314725004, {"__complex__": [69530.5390625, -1.2421608998959858e-15]}, 1499520], [0.38750966779422413, {"__complex__": [69700.6796875, 7.560948547623682e-16]}, 1539692], [0.3925103292814964, {"__complex__": [69534.4765625, -2.8000039912118345e-15]}, 1579920], [0.3975099588994165, {"__complex__": [69634.46875, -6.82919360811714e-16]},