{"edges": {"__dtype__": "<f8", "__shape__": [128], "__data__": [0.0, 0.005, 0.01, 0.015, 0.02, 0.025, 0.03, 0.035, 0.04, 0.045, 0.05, 0.055, 0.06, 0.065, 0.07, 0.075, 0.08, 0.085, 0.09, 0.095, 0.1, 0.105, 0.11, 0.115, 0.12, 0.125, 0.13, 0.135, 0.14, 0.145, 0.15, 0.155, 0.16, 0.165, 0.17, 0.17500000000000002, 0.18, 0.185, 0.19, 0.195, 0.2, 0.20500000000000002, 0.21, 0.215, 0.22, 0.225, 0.23, 0.23500000000000001, 0.24, 0.245, 0.25, 0.255, 0.26, 0.265, 0.27, 0.275, 0.28, 0.28500000000000003, 0.29, 0.295, 0.3, 0.305, 0.31, 0.315, 0.32, 0.325, 0.33, 0.335, 0.34, 0.34500000000000003, 0.35000000000000003, 0.355, 0.36, 0.365, 0.37, 0.375, 0.38, 0.385, 0.39, 0.395, 0.4, 0.405, 0.41000000000000003, 0.41500000000000004, 0.42, 0.425, 0.43, 0.435, 0.44, 0.445, 0.45, 0.455, 0.46, 0.465, 0.47000000000000003, 0.47500000000000003, 0.48, 0.485, 0.49, 0.495, 0.5, 0.505, 0.51, 0.515, 0.52, 0.525, 0.53, 0.535, 0.54, 0.545, 0.55, 0.555, 0.56, 0.5650000000000001, 0.5700000000000001, 0.5750000000000001, 0.58, 0.585, 0.59, 0.595, 0.6, 0.605, 0.61, 0.615, 0.62, 0.625, 0.63, 0.635]}, "poles": {"__dtype__": [["k", "<f8"], ["power_2", "<c8"], ["modes", "<i8"]], "__shape__": [127], "__data__": [[0.0037537781648676505, {"__complex__": [-46498.9609375, -7.559436475228221e-13]}, 77], [0.008050398333474014, {"__complex__": [-29650.87890625, 1.0621835442453653e-12]}, 548], [0.012848609532355457, {"__complex__": [21415.666015625, -3.9329501569547454e-13]}, 1480], [0.017751579213119567, {"__complex__": [17223.26171875, -8.106916423973945e-14]}, 2872], [0.022691827324042853, {"__complex__": [39090.42578125, -2.4580936786901264e-13]}, 4736], [0.027648005536595924, {"__complex__": [7098.2705078125, -4.9637004847103566e-14]}, 7036], [0.032612636555868525, {"__complex__": [10236.369140625, 0.0]}, 9838], [0.03761114292794433, {"__complex__": [16315.58984375, -7.051200308317782e-14]}, 13208], [0.04261303922036164, {"__complex__": [17049.08203125, -2.071692833558944e-14]}, 16858], [0.04760505554480107, {"__complex__": [4576.298828125, -8.836077621541052e-14]}, 21080], [0.05259133615803475, {"__complex__": [8133.0224609375, 3.6345712816363354e-14]}, 25624], [0.05756841184374016, {"__complex__": [14439.3662109375, -1.0608008883198489e-13]}, 30728], [0.06256248327880025, {"__complex__": [9566.71484375, -8.930979870577782e-14]}, 36498], [0.06756661487904435, {"__complex__": [8717.458984375, -1.7792973989799385e-14]}, 42528], [0.07257304507008182, {"__complex__": [1906.748291015625, -3.789561370324927e-14]}, 49152], [0.07756473030387098, {"__complex__": [1870.353759765625, -2.714909494319715e-14]}, 55744], [0.08254764044823601, {"__complex__": [7810.3125, -4.0430918839652955e-14]}, 63346], [0.08754405971893497, {"__complex__": [3566.581298828125, -1.6307406949323325e-14]}, 71388], [0.09254365223263855, {"__complex__": [2536.79443359375, 2.481207174941623e-14]}, 79762], [0.09754150838846357, {"__complex__": [1574.642822265625, -8.149755962314278e-14]}, 88564], [0.10254123052801507, {"__complex__": [1257.50341796875, -1.425668258578025e-14]}, 97988], [0.10754181638082774, {"__complex__": [1255.9580078125, -1.729347019047405e-14]}, 107708], [0.11254085353408888, {"__complex__": [-836.5809326171875, 5.92183222150231e-15]}, 117952], [0.11753281793039293, {"__complex__": [1405.3876953125, -2.5408682793946584e-14]}, 128288], [0.12252442444514552, {"__complex__": [3123.048828125, -4.9974380611093796e-15]}, 139770], [0.12753052839909865, {"__complex__": [2.756591558456421, 3.2753446087057866e-14]}, 151946], [0.13253665927256145, {"__complex__": [1476.3218994140625, 2.3840723164625204e-14]}, 163582], [0.13753197887556465, {"__complex__": [1307.5233154296875, 5.293410007604872e-15]}, 175940], [0.1425260716253757, {"__complex__": [2598.807861328125, 4.9259645739871145e-15]}, 189064], [0.14752506711896965, {"__complex__": [-260.1635437011719, -1.54972470403289e-14]}, 202824], [0.1525272624752809, {"__complex__": [-212.86187744140625, -8.591298482905126e-15]}, 216806], [0.15752484634575162, {"__complex__": [-344.4137878417969, 4.0338648152576755e-15]}, 230876], [0.16252366735405163, {"__complex__": [1335.6400146484375, 1.0637710601713729e-14]}, 246232], [0.1675242007800524, {"__complex__": [77.45262908935547, 1.425511896295962e-14]}, 261330], [0.17252326579974073, {"__complex__": [397.44110107421875, -5.038170181476944e-15]}, 277280], [0.17752110470595878, {"__complex__": [656.8781127929688, 8.731545963146757e-15]}, 293320], [0.1825207522633753, {"__complex__": [-1122.9478759765625, 1.1994855588924776e-14]}, 310574], [0.18752231962759572, {"__complex__": [-1655.367919921875, -9.951242914006848e-15]}, 327560], [0.19252167162300435, {"__complex__": [74.05358123779297, -5.394780793149898e-15]}, 345268], [0.19752225984779248, {"__complex__": [181.87852478027344, 6.404469477265442e-15]}, 363544], [0.20251992290984697, {"__complex__": [-192.7584991455078, -1.0980851271942971e-14]}, 381660], [0.20751551078768798, {"__complex__": [-1146.3973388671875, 1.7062072647745438e-14]}, 400854], [0.21251512379553542, {"__complex__": [-1425.01220703125, -9.401488885085654e-15]}, 421010], [0.21751870975885984, {"__complex__": [-1394.37841796875, 1.055538365792182e-15]}, 441160], [0.2225209082741387, {"__complex__": [-1463.7098388671875, 8.07570444571375e-15]}, 461296], [0.22752039891934017, {"__complex__": [309.2723388671875, 4.587158594865446e-15]}, 482192], [0.23252118259031918, {"__complex__": [200.99237060546875, 9.24187823166979e-15]}, 503860], [0.23751936566507853, {"__complex__": [-854.5957641601562, -5.321600111122442e-15]}, 525024], [0.24251707186595864, {"__complex__": [-625.8501586914062, -2.761909107925546e-15]}, 547954], [0.24751627666670906, {"__complex__": [-953.4696044921875, -1.3058730664742071e-14]}, 570544], [0.2525167544702008, {"__complex__": [-484.49920654296875, -1.1751724098777849e-14]}, 594374], [0.25751857595461863, {"__complex__": [53.425411224365234, 1.2246311295360844e-15]}, 617900], [0.2625190906945416, {"__complex__": [-44.5739860534668, 6.526884372868528e-15]}, 642106], [0.2675172479110602, {"__complex__": [-671.6821899414062, 4.194441509749883e-15]}, 666112], [0.272514629608296, {"__complex__": [51.86994171142578, -5.385032714476422e-15]}, 691786], [0.27751615229387816, {"__complex__": [-1051.2684326171875, -4.215620298046556e-15]}, 717996], [0.28251644607381426, {"__complex__": [-646.5460815429688, -3.759617993309835e-15]}, 743152], [0.2875152531419474, {"__complex__": [-661.5584716796875, 1.2092083536324781e-15]}, 770192], [0.2925134012698469, {"__complex__": [-911.148193359375, -1.1693715047385138e-14]}, 796430], [0.2975118362281548, {"__complex__": [-529.9829711914062, 3.951927506621504e-15]}, 824820], [0.3025125080826814, {"__complex__": [-917.3460693359375, -8.192857572648492e-15]}, 852562], [0.30751063191170563, {"__complex__": [-253.265380859375, 8.793576726973031e-15]}, 880372], [0.3125111278203564, {"__complex__": [-728.7547607421875, -8.820775801942314e-15]}, 910652], [0.31751269361539736, {"__complex__": [601.5814819335938, -1.0910108774254187e-14]}, 938996], [0.3225130904459611, {"__complex__": [-778.825439453125, 4.323456909594448e-15]}, 969352], [0.32751158760760724, {"__complex__": [-625.0841064453125, -6.063638242366888e-15]}, 998344], [0.3325089848249692, {"__complex__": [-96.16831970214844, -2.712795384786663e-15]}, 1029922], [0.33751027924368393, {"__complex__": [686.2013549804688, -2.631057975926044e-15]}, 1061918], [0.34251253316973607, {"__complex__": [241.5020751953125, -6.389003926197999e-15]}, 1093272], [0.34751415893089227, {"__complex__": [-451.3529052734375, 2.48250300829598e-15]}, 1125464], [0.352514235068077, {"__complex__": [-59.20319366455078, -1.6093635526952363e-15]}, 1157380], [0.357512374484406, {"__complex__": [-750.2249755859375, -1.5650218014229473e-15]}, 1190172], [0.3625118834929162, {"__complex__": [-132.29087829589844, -5.323364057235099e-15]}, 1224650], [0.3675116774700016, {"__complex__": [-595.1388549804688, 1.1106000601658031e-15]}, 1257864], 