{"edges": {"__dtype__": "<f8", "__shape__": [128], "__data__": [0.0, 0.005, 0.01, 0.015, 0.02, 0.025, 0.03, 0.035, 0.04, 0.045, 0.05, 0.055, 0.06, 0.065, 0.07, 0.075, 0.08, 0.085, 0.09, 0.095, 0.1, 0.105, 0.11, 0.115, 0.12, 0.125, 0.13, 0.135, 0.14, 0.145, 0.15, 0.155, 0.16, 0.165, 0.17, 0.17500000000000002, 0.18, 0.185, 0.19, 0.195, 0.2, 0.20500000000000002, 0.21, 0.215, 0.22, 0.225, 0.23, 0.23500000000000001, 0.24, 0.245, 0.25, 0.255, 0.26, 0.265, 0.27, 0.275, 0.28, 0.28500000000000003, 0.29, 0.295, 0.3, 0.305, 0.31, 0.315, 0.32, 0.325, 0.33, 0.335, 0.34, 0.34500000000000003, 0.35000000000000003, 0.355, 0.36, 0.365, 0.37, 0.375, 0.38, 0.385, 0.39, 0.395, 0.4, 0.405, 0.41000000000000003, 0.41500000000000004, 0.42, 0.425, 0.43, 0.435, 0.44, 0.445, 0.45, 0.455, 0.46, 0.465, 0.47000000000000003, 0.47500000000000003, 0.48, 0.485, 0.49, 0.495, 0.5, 0.505, 0.51, 0.515, 0.52, 0.525, 0.53, 0.535, 0.54, 0.545, 0.55, 0.555, 0.56, 0.5650000000000001, 0.5700000000000001, 0.5750000000000001, 0.58, 0.585, 0.59, 0.595, 0.6, 0.605, 0.61, 0.615, 0.62, 0.625, 0.63, 0.635]}, "poles": {"__dtype__": [["k", "<f8"], ["power_0", "<c8"], ["modes", "<i8"]], "__shape__": [127], "__data__": [[0.0037537781648676505, {"__complex__": [155302.171875, -1.8898591459121095e-12]}, 77], [0.008050398333474014, {"__complex__": [120904.7734375, -1.3277294303067066e-13]}, 548], [0.012848609532355457, {"__complex__": [110590.921875, -1.376532487171525e-13]}, 1480], [0.017751579213119567, {"__complex__": [116469.8359375, 0.0]}, 2872], [0.022691827324042853, {"__complex__": [114462.2734375, -4.916187696193432e-14]}, 4736], [0.027648005536595924, {"__complex__": [117691.0703125, -8.479654966479094e-14]}, 7036], [0.032612636555868525, {"__complex__": [105296.2109375, 3.62392678799478e-14]}, 9838], [0.03761114292794433, {"__complex__": [99915.203125, 1.9831501078901997e-14]}, 13208], [0.04261303922036164, {"__complex__": [94782.3671875, -8.632053473162267e-15]}, 16858], [0.04760505554480107, {"__complex__": [97512.2265625, 2.6232105544829118e-14]}, 21080], [0.05259133615803475, {"__complex__": [94039.84375, 3.038274655736001e-14]}, 25624], [0.05756841184374016, {"__complex__": [94309.65625, 7.577149323289342e-15]}, 30728], [0.06256248327880025, {"__complex__": [89461.578125, 1.993522195735918e-14]}, 36498], [0.06756661487904435, {"__complex__": [90383.984375, 8.896486994899692e-15]}, 42528], [0.07257304507008182, {"__complex__": [91642.53125, -2.3684758564530796e-15]}, 49152], [0.07756473030387098, {"__complex__": [90141.953125, -4.6988818170918146e-15]}, 55744], [0.08254764044823601, {"__complex__": [85482.609375, -5.513307384008613e-15]}, 63346], [0.08754405971893497, {"__complex__": [86440.765625, -1.1415185203339506e-14]}, 71388], [0.09254365223263855, {"__complex__": [86238.046875, 4.378600872043071e-15]}, 79762], [0.09754150838846357, {"__complex__": [85145.1171875, -5.75083596296769e-16]}, 88564], [0.10254123052801507, {"__complex__": [84063.1796875, -8.019384378017864e-15]}, 97988], [0.10754181638082774, {"__complex__": [84140.1484375, -4.323367547618513e-15]}, 107708], [0.11254085353408888, {"__complex__": [83929.796875, 4.934860008120061e-16]}, 117952], [0.11753281793039293, {"__complex__": [82150.484375, 1.134316215065315e-16]}, 128288], [0.12252442444514552, {"__complex__": [83114.203125, -2.915172308192923e-15]}, 139770], [0.12753052839909865, {"__complex__": [82245.4296875, -4.788515267086738e-15]}, 151946], [0.13253665927256145, {"__complex__": [81033.265625, -1.423326741874459e-15]}, 163582], [0.13753197887556465, {"__complex__": [80796.03125, -9.09804864909422e-15]}, 175940], [0.1425260716253757, {"__complex__": [80522.984375, -3.694473536369454e-15]}, 189064], [0.14752506711896965, {"__complex__": [79711.3046875, 5.3092423239384755e-15]}, 202824], [0.1525272624752809, {"__complex__": [79838.7578125, 1.8457868595372646e-15]}, 216806], [0.15752484634575162, {"__complex__": [79895.3046875, -2.7102530153954793e-15]}, 230876], [0.16252366735405163, {"__complex__": [79786.046875, -4.4914777531436e-15]}, 246232], [0.1675242007800524, {"__complex__": [79943.96875, -5.568405712557203e-16]}, 261330], [0.17252326579974073, {"__complex__": [79573.046875, -2.519085090738472e-15]}, 277280], [0.17752110470595878, {"__complex__": [78964.640625, 7.937769153659887e-16]}, 293320], [0.1825207522633753, {"__complex__": [79312.8515625, 7.496784743077985e-16]}, 310574], [0.18752231962759572, {"__complex__": [79133.125, -1.7770076254015378e-16]}, 327560], [0.19252167162300435, {"__complex__": [78850.6640625, -3.1188576857444543e-15]}, 345268], [0.19752225984779248, {"__complex__": [78167.5234375, -6.40446958314456e-16]}, 363544], [0.20251992290984697, {"__complex__": [77822.9765625, -6.100472634748544e-16]}, 381660], [0.20751551078768798, {"__complex__": [78146.0703125, -7.260456727442523e-17]}, 400854], [0.21251512379553542, {"__complex__": [78229.2578125, 8.986717814880667e-16]}, 421010], [0.21751870975885984, {"__complex__": [78520.3828125, 3.958268607022887e-16]}, 441160], [0.2225209082741387, {"__complex__": [78369.0859375, -1.0094630557142188e-15]}, 461296], [0.22752039891934017, {"__complex__": [78250.109375, -1.207147019545996e-16]}, 482192], [0.23252118259031918, {"__complex__": [78086.390625, 2.310469504977888e-16]}, 503860], [0.23751936566507853, {"__complex__": [78054.203125, -1.3304000277806105e-15]}, 525024], [0.24251707186595864, {"__complex__": [78136.0703125, 2.1245455083577732e-16]}, 547954], [0.24751627666670906, {"__complex__": [77264.9921875, 1.2242559998195692e-15]}, 570544], [0.2525167544702008, {"__complex__": [77085.5078125, -1.5668966029725763e-15]}, 594374], [0.25751857595461863, {"__complex__": [77282.6640625, -5.652143919118355e-16]}, 617900], [0.2625190906945416, {"__complex__": [77276.984375, -3.6260469326375813e-16]}, 642106], [0.2675172479110602, {"__complex__": [77721.1484375, -3.495367748326372e-16]}, 666112], [0.272514629608296, {"__complex__": [77603.3359375, -3.365645446547764e-16]}, 691786], [0.27751615229387816, {"__complex__": [77142.625, -8.91765815989984e-16]}, 717996], [0.28251644607381426, {"__complex__": [77359.2109375, -3.1330149944248627e-16]}, 743152], [0.2875152531419474, {"__complex__": [76967.4453125, 0.0]}, 770192], [0.2925134012698469, {"__complex__": [76855.6953125, 0.0]}, 796430], [0.2975118362281548, {"__complex__": [76943.921875, 4.2342083831344924e-16]}, 824820], [0.3025125080826814, {"__complex__": [76618.8046875, 5.461905083725368e-16]}, 852562], [0.30751063191170563, {"__complex__": [76698.953125, -6.611712207906984e-17]}, 880372], [0.3125111278203564, {"__complex__": [77255.3046875, 5.752679847814744e-16]}, 910652], [0.31751269361539736, {"__complex__": [76859.7109375, -6.19892539179028e-16]}, 938996], [0.3225130904459611, {"__complex__": [76534.296875, 5.104081309113709e-16]}, 969352], [0.32751158760760724, {"__complex__": [76678.65625, 0.0]}, 998344], [0.3325089848249692, {"__complex__": [76963.15625, 1.4129142717329802e-15]}, 1029922], [0.33751027924368393, {"__complex__": [76804.3671875, 1.7540385800312837e-15]}, 1061918], [0.34251253316973607, {"__complex__": [76802.3515625, -3.1945021748572364e-16]}, 1093272], [0.34751415893089227, {"__complex__": [76815.0390625, -2.844534630831361e-16]}, 1125464], [0.352514235068077, {"__complex__": [76537.90625, -9.052669917736255e-16]}, 1157380], [0.357512374484406, {"__complex__": [76551.84375, -1.9562772517786841e-16]}, 1190172], [0.3625118834929162, {"__complex__": [76701.7578125, 8.555407049952001e-16]}, 1224650], [0.3675116774700016, {"__complex__": [76122.3828125, 5.784375423654306e-17]}, 1257864], [0.3725098709245497, {"__complex__": [76365.34375, -6.531016305464353e-16]}, 1292312], [0.37751067052804127, {"__complex__": [76359.953125, -1.7525380346954431e-16]}, 1328534], [0.3825116981355865, {"__complex__": [76509.828125, -4.057479458552415e-16]}, 1362848], [0.3875116125361288, {"__complex__": [76415.4921875, -1.0400138400557869e-15]}, 1399204], [0.3925104655048909, {"__complex__": 