{"edges": {"__dtype__": "<f8", "__shape__": [116], "__data__": [0.0, 0.005, 0.01, 0.015, 0.02, 0.025, 0.03, 0.035, 0.04, 0.045, 0.05, 0.055, 0.06, 0.065, 0.07, 0.075, 0.08, 0.085, 0.09, 0.095, 0.1, 0.105, 0.11, 0.115, 0.12, 0.125, 0.13, 0.135, 0.14, 0.145, 0.15, 0.155, 0.16, 0.165, 0.17, 0.17500000000000002, 0.18, 0.185, 0.19, 0.195, 0.2, 0.20500000000000002, 0.21, 0.215, 0.22, 0.225, 0.23, 0.23500000000000001, 0.24, 0.245, 0.25, 0.255, 0.26, 0.265, 0.27, 0.275, 0.28, 0.28500000000000003, 0.29, 0.295, 0.3, 0.305, 0.31, 0.315, 0.32, 0.325, 0.33, 0.335, 0.34, 0.34500000000000003, 0.35000000000000003, 0.355, 0.36, 0.365, 0.37, 0.375, 0.38, 0.385, 0.39, 0.395, 0.4, 0.405, 0.41000000000000003, 0.41500000000000004, 0.42, 0.425, 0.43, 0.435, 0.44, 0.445, 0.45, 0.455, 0.46, 0.465, 0.47000000000000003, 0.47500000000000003, 0.48, 0.485, 0.49, 0.495, 0.5, 0.505, 0.51, 0.515, 0.52, 0.525, 0.53, 0.535, 0.54, 0.545, 0.55, 0.555, 0.56, 0.5650000000000001, 0.5700000000000001, 0.5750000000000001]}, "poles": {"__dtype__": [["k", "<f8"], ["power_2", "<c8"], ["modes", "<i8"]], "__shape__": [115], "__data__": [[0.0037054420134658554, {"__complex__": [-53153.13671875, 1.4025941866280256e-12]}, 83], [0.008002706039259398, {"__complex__": [-56626.03125, 9.766385833734348e-13]}, 596], [0.012849701484846114, {"__complex__": [15069.748046875, -2.1192109753240956e-13]}, 1648], [0.0177641384261076, {"__complex__": [29771.697265625, -5.5330475715476696e-14]}, 3156], [0.022684229681789413, {"__complex__": [1474.69091796875, -1.7993093993917686e-13]}, 5176], [0.027646384376179004, {"__complex__": [15987.98046875, 1.4917392001561128e-14]}, 7804], [0.032636129245414154, {"__complex__": [3764.5712890625, 3.211752424344544e-14]}, 10874], [0.037622935176432226, {"__complex__": [3946.15869140625, 0.0]}, 14442], [0.0426065943302704, {"__complex__": [13876.46875, 1.1770854337891587e-14]}, 18544], [0.047584168879418735, {"__complex__": [1045.3857421875, 3.0316491640225776e-14]}, 23040], [0.052572163944886785, {"__complex__": [2868.16064453125, -3.693639971246061e-14]}, 28366], [0.05756591012932392, {"__complex__": [5308.10009765625, 1.376962847671366e-14]}, 33818], [0.06255885577973451, {"__complex__": [6282.1220703125, -1.7405729161039558e-14]}, 40130], [0.06756290621144688, {"__complex__": [6383.87353515625, -6.21372189270851e-15]}, 46838], [0.07256050504780319, {"__complex__": [5315.49072265625, 2.3790892216338233e-14]}, 53826], [0.0775516441986681, {"__complex__": [5513.943359375, 1.1342100659551563e-14]}, 61584], [0.08254999402587553, {"__complex__": [3763.734130859375, -1.999576109616534e-14]}, 69864], [0.08754547074829418, {"__complex__": [5860.32421875, 1.187850883735582e-14]}, 78404], [0.09254370656486871, {"__complex__": [3449.466552734375, -1.3243762470970932e-15]}, 87902], [0.09754153604884025, {"__complex__": [4596.0712890625, 1.9141353880072244e-14]}, 97310], [0.10253422913940137, {"__complex__": [4384.68603515625, -8.646093044263007e-15]}, 107716], [0.1075359850070505, {"__complex__": [2151.76123046875, 1.3735858120139579e-14]}, 118654], [0.11253957840084304, {"__complex__": [3657.60107421875, -1.4337965561464668e-14]}, 129910], [0.11753653834673844, {"__complex__": [991.6260986328125, 8.234446890358679e-15]}, 141376], [0.12253336603812491, {"__complex__": [682.08837890625, 7.561498589643805e-16]}, 153958], [0.12753369323485178, {"__complex__": [562.5076904296875, -1.3965537033018213e-14]}, 166718], [0.1325298054599073, {"__complex__": [2817.447265625, -2.913523135044619e-15]}, 179806], [0.13753126919241337, {"__complex__": [2015.8717041015625, -4.194455909309986e-15]}, 194282], [0.14252978867508304, {"__complex__": [1453.302978515625, 1.792953094748983e-14]}, 207774], [0.14752584639061916, {"__complex__": [2185.0439453125, 1.0427836377933084e-15]}, 223278], [0.1525273402624495, {"__complex__": [1228.7802734375, 1.952490988034678e-15]}, 238496], [0.15752777994300757, {"__complex__": [360.4020690917969, 0.0]}, 254444], [0.16252677921627748, {"__complex__": [-370.3836364746094, -1.7203260334558521e-15]}, 270682], [0.16752582095517576, {"__complex__": [2264.1083984375, -4.855527855192289e-15]}, 287710], [0.1725259295419247, {"__complex__": [1346.5382080078125, 3.0514956965481616e-15]}, 305202], [0.17752572093623975, {"__complex__": [-456.6011657714844, 0.0]}, 323008], [0.18252702152554795, {"__complex__": [710.3082275390625, 5.449326326821286e-15]}, 341812], [0.18752508561671835, {"__complex__": [-11.049062728881836, -1.6167895964229332e-15]}, 360020], [0.19252006361125312, {"__complex__": [-724.0274047851562, 0.0]}, 379728], [0.19751626124600596, {"__complex__": [111.49592590332031, -4.660574328535765e-15]}, 399660], [0.20251335405021748, {"__complex__": [321.8668212890625, 0.0]}, 420320], [0.20751594275294782, {"__complex__": [-619.91259765625, 0.0]}, 442070], [0.21251689533718626, {"__complex__": [705.3728637695312, 3.5228263330148698e-15]}, 462644], [0.21751895130525958, {"__complex__": [-378.0508117675781, 1.9170115307312737e-15]}, 485820], [0.22252064263763735, {"__complex__": [-249.36749267578125, 0.0]}, 507304], [0.22751949683857262, {"__complex__": [-731.5634155273438, 4.38660829800994e-15]}, 530776], [0.23252062744923513, {"__complex__": [-191.7528533935547, 5.878246870651919e-15]}, 554524], [0.23751988845699762, {"__complex__": [-9.203633308410645, 1.6112623888047436e-15]}, 578008], [0.24251952417933192, {"__complex__": [-1025.922119140625, -4.631356350536702e-15]}, 603272], [0.24751886354741093, {"__complex__": [-209.006103515625, 5.378024787387314e-15]}, 627748], [0.2525158523431189, {"__complex__": [-461.14544677734375, 2.8511154415568167e-15]}, 653304], [0.2575140585584922, {"__complex__": [459.172119140625, -2.2259274112102325e-15]}, 679896], [0.2625126084722789, {"__complex__": [-106.31780242919922, 8.903127733206166e-15]}, 706092], [0.26751303339828036, {"__complex__": [15.194631576538086, -2.5367719857100892e-15]}, 734258], [0.2725141980302592, {"__complex__": [-481.8511047363281, 9.176315552211702e-16]}, 761190], [0.27751499291909654, {"__complex__": [344.29315185546875, -7.368375183548943e-15]}, 789966], [0.2825156597003922, {"__complex__": [-9.687324523925781, 8.536432982537913e-16]}, 818248], [0.2875141801620819, {"__complex__": [-40.51010513305664, 2.1990463971126436e-15]}, 847024], [0.29251195304227423, {"__complex__": [-1002.7112426757812, -5.5751666236630686e-15]}, 877004], [0.2975142527009851, {"__complex__": [-301.52886962890625, -2.0500122205926704e-15]}, 908602], [0.30251615798691667, {"__complex__": [-840.2164306640625, 2.7309998168890525e-15]}, 937802], [0.30751506635382575, {"__complex__": [-539.9258422851562, 9.604174128484714e-16]}, 969706], [0.31251223811931306, {"__complex__": [-19.007526397705078, 2.3284088687073462e-15]}, 999956], [0.3175098816792195, {"__complex__": [-487.0937805175781, -2.701939598776415e-15]}, 1034060], [0.3225110492752749, {"__complex__": [16.989013671875, -2.729202201216742e-15]}, 1066386], [0.3275123331358606, {"__complex__": [205.0107421875, 1.2696644832098066e-15]}, 1100278], [0.3325123291547583, {"__complex__": [-756.4722900390625, 0.0]}, 1133070], [0.3375117534479973, {"__complex__": [428.0968322753906, -1.5946185090285519e-15]}, 1168082], [0.3425129583700723, {"__complex__": [-202.3077392578125, -2.3220021232525515e-15]}, 1203258], [0.3475132726509487, {"__complex__": [-1344.8514404296875, -1.3166026022236668e-15]}, 1237894], [0.35251300538197095, {"__complex__": [-235.2528076171875, 5.938979450607407e-16]}, 1274124], [0.3575125695577228, {"__complex__": [124.45807647705078, -2.8432077537194874e-15]}, 1310242], [0.36251151779301266, {"__complex__": [105.87625885009766, 1.2964672526388928e-15]}, 1346914], [0.3675115630015573, {"__complex__": [-642.4417114257812, 2.0168508807076645e-15]}, 1385312], [0.3725118957087531, {"__complex__": [-1017.47314453125, 0.0]}, 1422310], [0.37751124096797295, {"__complex__": [-875.9568481445312, 1.2747383164429782e-15]}, 1461198], [0.3825103314725004, {"__complex__": 