{"edges": {"__dtype__": "<f8", "__shape__": [116], "__data__": [0.0, 0.005, 0.01, 0.015, 0.02, 0.025, 0.03, 0.035, 0.04, 0.045, 0.05, 0.055, 0.06, 0.065, 0.07, 0.075, 0.08, 0.085, 0.09, 0.095, 0.1, 0.105, 0.11, 0.115, 0.12, 0.125, 0.13, 0.135, 0.14, 0.145, 0.15, 0.155, 0.16, 0.165, 0.17, 0.17500000000000002, 0.18, 0.185, 0.19, 0.195, 0.2, 0.20500000000000002, 0.21, 0.215, 0.22, 0.225, 0.23, 0.23500000000000001, 0.24, 0.245, 0.25, 0.255, 0.26, 0.265, 0.27, 0.275, 0.28, 0.28500000000000003, 0.29, 0.295, 0.3, 0.305, 0.31, 0.315, 0.32, 0.325, 0.33, 0.335, 0.34, 0.34500000000000003, 0.35000000000000003, 0.355, 0.36, 0.365, 0.37, 0.375, 0.38, 0.385, 0.39, 0.395, 0.4, 0.405, 0.41000000000000003, 0.41500000000000004, 0.42, 0.425, 0.43, 0.435, 0.44, 0.445, 0.45, 0.455, 0.46, 0.465, 0.47000000000000003, 0.47500000000000003, 0.48, 0.485, 0.49, 0.495, 0.5, 0.505, 0.51, 0.515, 0.52, 0.525, 0.53, 0.535, 0.54, 0.545, 0.55, 0.555, 0.56, 0.5650000000000001, 0.5700000000000001, 0.5750000000000001]}, "poles": {"__dtype__": [["k", "<f8"], ["power_2", "<c8"], ["modes", "<i8"]], "__shape__": [115], "__data__": [[0.0037054420134658554, {"__complex__": [-69267.953125, 0.0]}, 83], [0.008002706039259398, {"__complex__": [30382.15625, -1.9532772209569782e-13]}, 596], [0.012849701484846114, {"__complex__": [14564.3564453125, 0.0]}, 1648], [0.0177641384261076, {"__complex__": [14813.248046875, -2.950958704825424e-13]}, 3156], [0.022684229681789413, {"__complex__": [17981.05859375, -1.0121115371578698e-13]}, 5176], [0.027646384376179004, {"__complex__": [15398.017578125, -5.966956800624451e-14]}, 7804], [0.032636129245414154, {"__complex__": [14811.388671875, -4.2823366787304515e-14]}, 10874], [0.037622935176432226, {"__complex__": [17445.955078125, -1.2292852282977385e-13]}, 14442], [0.0426065943302704, {"__complex__": [7141.64794921875, 5.0222314778051655e-14]}, 18544], [0.047584168879418735, {"__complex__": [10284.611328125, 0.0]}, 23040], [0.052572163944886785, {"__complex__": [6912.4990234375, -3.078033365840581e-14]}, 28366], [0.05756591012932392, {"__complex__": [5327.5849609375, 6.884813899543651e-14]}, 33818], [0.06255885577973451, {"__complex__": [10741.8583984375, 3.7712414029285324e-14]}, 40130], [0.06756290621144688, {"__complex__": [7435.35986328125, 2.3612142853479158e-14]}, 46838], [0.07256050504780319, {"__complex__": [3352.811767578125, 1.7302467374439787e-14]}, 53826], [0.0775516441986681, {"__complex__": [4829.22998046875, -4.1587701571322785e-14]}, 61584], [0.08254999402587553, {"__complex__": [5556.22216796875, 1.999576109616534e-14]}, 69864], [0.08754547074829418, {"__complex__": [3957.0966796875, 1.187850883735582e-14]}, 78404], [0.09254370656486871, {"__complex__": [4679.4736328125, 3.70825366127845e-14]}, 87902], [0.09754153604884025, {"__complex__": [1275.94482421875, 4.785338470018061e-15]}, 97310], [0.10253422913940137, {"__complex__": [-842.6296997070312, 0.0]}, 107716], [0.1075359850070505, {"__complex__": [2217.4931640625, -3.924531072975511e-15]}, 118654], [0.11253957840084304, {"__complex__": [984.4656372070312, 1.7922456951830834e-15]}, 129910], [0.11753653834673844, {"__complex__": [1849.123046875, -4.940668218918502e-15]}, 141376], [0.12253336603812491, {"__complex__": [1335.5321044921875, 6.049198871715044e-15]}, 153958], [0.12753369323485178, {"__complex__": [1167.344482421875, 3.631039831872643e-14]}, 166718], [0.1325298054599073, {"__complex__": [-108.52519989013672, 0.0]}, 179806], [0.13753126919241337, {"__complex__": [1454.55224609375, 4.79366353334015e-15]}, 194282], [0.14252978867508304, {"__complex__": [1231.699462890625, -2.801489263484845e-15]}, 207774], [0.14752584639061916, {"__complex__": [-1312.4407958984375, -8.342269102346467e-15]}, 223278], [0.1525273402624495, {"__complex__": [1148.66943359375, 1.952490988034678e-15]}, 238496], [0.15752777994300757, {"__complex__": [445.05224609375, -3.660226300246068e-15]}, 254444], [0.16252677921627748, {"__complex__": [-1022.1876831054688, -3.4406520669117042e-15]}, 270682], [0.16752582095517576, {"__complex__": [-711.9234008789062, 0.0]}, 287710], [0.1725259295419247, {"__complex__": [1729.7283935546875, -2.2886218253506804e-15]}, 305202], [0.17752572093623975, {"__complex__": [555.1304931640625, 2.883280247179378e-15]}, 323008], [0.18252702152554795, {"__complex__": [712.9423217773438, -2.724663163410643e-15]}, 341812], [0.18752508561671835, {"__complex__": [-180.8077850341797, 6.467158491570851e-16]}, 360020], [0.19252006361125312, {"__complex__": [-1041.369873046875, -7.35781352972963e-15]}, 379728], [0.19751626124600596, {"__complex__": [1353.1710205078125, 0.0]}, 399660], [0.20251335405021748, {"__complex__": [-1037.5902099609375, 6.647239707860365e-15]}, 420320], [0.20751594275294782, {"__complex__": [-840.2733154296875, -1.053365514524238e-15]}, 442070], [0.21251689533718626, {"__complex__": [-202.1177215576172, 2.0130436793679932e-15]}, 462644], [0.21751895130525958, {"__complex__": [-704.3408813476562, -8.62655199416985e-15]}, 485820], [0.22252064263763735, {"__complex__": [390.9423522949219, 2.7537411692151728e-15]}, 507304], [0.22751949683857262, {"__complex__": [-240.97952270507812, 0.0]}, 530776], [0.23252062744923513, {"__complex__": [330.5711364746094, -6.717996605109253e-15]}, 554524], [0.23751988845699762, {"__complex__": [-794.6856079101562, -4.833787484051586e-15]}, 578008], [0.24251952417933192, {"__complex__": [57.28425979614258, -6.175142083059918e-15]}, 603272], [0.24751886354741093, {"__complex__": [616.2686157226562, -7.41796515096242e-16]}, 627748], [0.2525158523431189, {"__complex__": [268.8404846191406, 4.276673162335225e-15]}, 653304], [0.2575140585584922, {"__complex__": [272.8430480957031, -6.849007826335786e-16]}, 679896], [0.2625126084722789, {"__complex__": [-959.8426513671875, 0.0]}, 706092], [0.26751303339828036, {"__complex__": [572.2858276367188, -7.610315745372031e-15]}, 734258], [0.2725141980302592, {"__complex__": [-77.8326416015625, -6.11754352500927e-16]}, 761190], [0.27751499291909654, {"__complex__": [-1085.4937744140625, -4.42102536423925e-15]}, 789966], [0.2825156597003922, {"__complex__": [-666.0026245117188, -1.1381910996314279e-15]}, 818248], [0.2875141801620819, {"__complex__": [-542.958251953125, 8.040263740167683e-15]}, 847024], [0.29251195304227423, {"__complex__": [190.30552673339844, 5.309682675191929e-16]}, 877004], [0.2975142527009851, {"__complex__": [-271.26617431640625, 5.125030551481676e-16]}, 908602], [0.30251615798691667, {"__complex__": [-111.3112564086914, 7.199908800669536e-15]}, 937802], [0.30751506635382575, {"__complex__": [781.9552612304688, -1.4406262251518255e-15]}, 969706], [0.31251223811931306, {"__complex__": [168.0323028564453, 1.193309545212515e-15]}, 999956], [0.3175098816792195, {"__complex__": [-63.35160446166992, 1.2383890621818624e-15]}, 1034060], [0.3225110492752749, {"__complex__": [-42.7511100769043, 4.3667235113588755e-16]}, 1066386], [0.3275123331358606, {"__complex__": [496.3185729980469, -2.1161074720163443e-15]}, 1100278], [0.3325123291547583, {"__complex__": [855.3049926757812, -3.082298261433301e-15]}, 1133070], [0.3375117534479973, {"__complex__": [95.9718246459961, -3.9865462725713796e-16]}, 1168082], [0.3425129583700723, {"__complex__": [98.35107421875, 2.902502812884367e-15]}, 1203258], [0.3475132726509487, {"__complex__": [-739.426513671875, -9.404304396132547e-17]}, 1237894], [0.35251300538197095, {"__complex__": [7.990269184112549, 1.0964269754967521e-15]}, 1274124], [0.3575125695577228, {"__complex__": [-301.8098449707031, 1.4216038768597437e-15]}, 1310242], [0.36251151779301266, {"__complex__": [69.37879180908203, -3.4572458658648896e-15]}, 1346914], [0.3675115630015573, {"__complex__": [297.2049255371094, -6.722836445490746e-16]}, 1385312], [0.3725118957087531, {"__complex__": [-565.8118896484375, -6.547957493805031e-16]}, 1422310], [0.37751124096797295, {"__complex__": [121.67194366455078, -6.373691582214891e-16]}, 1461198], [0.3825103314725004, {"__complex__": [-376.5723876953125, 