{"poles": {"dims": ["k"], "edges": [{"__dtype__": "<f8", "__shape__": [94], "__data__": [0.0, 0.005, 0.01, 0.015, 0.02, 0.025, 0.03, 0.035, 0.04, 0.045, 0.05, 0.055, 0.06, 0.065, 0.07, 0.075, 0.08, 0.085, 0.09, 0.095, 0.1, 0.105, 0.11, 0.115, 0.12, 0.125, 0.13, 0.135, 0.14, 0.145, 0.15, 0.155, 0.16, 0.165, 0.17, 0.17500000000000002, 0.18, 0.185, 0.19, 0.195, 0.2, 0.20500000000000002, 0.21, 0.215, 0.22, 0.225, 0.23, 0.23500000000000001, 0.24, 0.245, 0.25, 0.255, 0.26, 0.265, 0.27, 0.275, 0.28, 0.28500000000000003, 0.29, 0.295, 0.3, 0.305, 0.31, 0.315, 0.32, 0.325, 0.33, 0.335, 0.34, 0.34500000000000003, 0.35000000000000003, 0.355, 0.36, 0.365, 0.37, 0.375, 0.38, 0.385, 0.39, 0.395, 0.4, 0.405, 0.41000000000000003, 0.41500000000000004, 0.42, 0.425, 0.43, 0.435, 0.44, 0.445, 0.45, 0.455, 0.46, 0.465]}], "coords": [{"__dtype__": "<f8", "__shape__": [93], "__data__": [0.0025, 0.0075, 0.0125, 0.0175, 0.0225, 0.0275, 0.0325, 0.037500000000000006, 0.042499999999999996, 0.0475, 0.052500000000000005, 0.057499999999999996, 0.0625, 0.0675, 0.07250000000000001, 0.0775, 0.0825, 0.0875, 0.0925, 0.0975, 0.10250000000000001, 0.1075, 0.1125, 0.1175, 0.1225, 0.1275, 0.1325, 0.1375, 0.14250000000000002, 0.1475, 0.1525, 0.1575, 0.1625, 0.1675, 0.17250000000000001, 0.1775, 0.1825, 0.1875, 0.1925, 0.1975, 0.2025, 0.20750000000000002, 0.2125, 0.2175, 0.2225, 0.2275, 0.2325, 0.2375, 0.2425, 0.2475, 0.2525, 0.2575, 0.2625, 0.2675, 0.2725, 0.2775, 0.28250000000000003, 0.2875, 0.2925, 0.2975, 0.3025, 0.3075, 0.3125, 0.3175, 0.3225, 0.3275, 0.3325, 0.3375, 0.3425, 0.34750000000000003, 0.35250000000000004, 0.3575, 0.3625, 0.3675, 0.3725, 0.3775, 0.3825, 0.3875, 0.3925, 0.3975, 0.4025, 0.40750000000000003, 0.41250000000000003, 0.4175, 0.4225, 0.4275, 0.4325, 0.4375, 0.4425, 0.4475, 0.4525, 0.4575, 0.4625]}], "data": {"__dtype__": [["k", "<f8"], ["power_0", "<c8"], ["modes", "<i8"]], "__shape__": [93], "__data__": [[0.0037081367915242675, {"__complex__": [137137.375, 1.5237607182971846e-12]}, 191], [0.008018577791264523, {"__complex__": [104933.0234375, 2.1089732946664476e-14]}, 1380], [0.012844085612331841, {"__complex__": [93425.7734375, -1.3123742815136091e-13]}, 3770], [0.01775141230162106, {"__complex__": [103645.0625, 0.0]}, 7256], [0.022691010615224643, {"__complex__": [114298.8203125, 3.877279763529404e-14]}, 12010], [0.027661296094027222, {"__complex__": [104207.28125, -2.5979764265446695e-14]}, 17924], [0.03263163473973046, {"__complex__": [102222.7421875, 0.0]}, 24910], [0.03760885918999335, {"__complex__": [105502.6328125, 9.631231325435332e-15]}, 33240], [0.04258994605322728, {"__complex__": [97291.1484375, 1.3674684130139452e-15]}, 42566], [0.047583805693835864, {"__complex__": [93931.7265625, 1.687083971330973e-14]}, 53478], [0.052589415944125126, {"__complex__": [91731.9140625, 1.2487468775224195e-14]}, 65258], [0.057576993125266096, {"__complex__": [92048.328125, -2.244857538790182e-14]}, 77788], [0.0625679362273907, {"__complex__": [90600.3125, 6.6117879908859836e-15]}, 92438], [0.06756372941029527, {"__complex__": [89256.890625, 5.4191020736808846e-15]}, 107412], [0.07255867544245412, {"__complex__": [87736.8125, 1.3000938453783858e-14]}, 124242], [0.07755343255815964, {"__complex__": [85864.96875, 8.583047534965922e-15]}, 141568], [0.08254944316463679, {"__complex__": [88133.421875, -1.4471778132406007e-15]}, 160886], [0.0875469705282893, {"__complex__": [88056.046875, 1.2896060740078962e-15]}, 180544], [0.09254207143002044, {"__complex__": [85037.703125, 1.440755185918045e-15]}, 202004], [0.09754200795670145, {"__complex__": [83164.9453125, 2.073864033112641e-15]}, 224538], [0.10254171329034444, {"__complex__": [82475.359375, 2.816068182814749e-15]}, 248038], [0.10754099109209159, {"__complex__": [82415.1875, -2.9863647921349367e-15]}, 272876], [0.11253870054955198, {"__complex__": [82054.2734375, -2.5342088640116977e-15]}, 298594], [0.11753608765430268, {"__complex__": [82389.359375, 1.7859712986262972e-15]}, 325916], [0.12253572907412832, {"__complex__": [81806.5390625, -8.213671607382254e-16]}, 354334], [0.1275331697481456, {"__complex__": [81589.6640625, 6.072406727436865e-16]}, 383424], [0.13252928315027618, {"__complex__": [81444.828125, 1.9672820891178692e-15]}, 414230], [0.13752809598823948, {"__complex__": [80100.3203125, 1.0432181656952499e-15]}, 446370], [0.1425292748907053, {"__complex__": [81153.8984375, -2.1847990911815895e-15]}, 479558], [0.14752984329410787, {"__complex__": [80106.59375, 1.3601721770854151e-15]}, 513532], [0.15252898535896237, {"__complex__": [79459.6875, -9.87482656612088e-16]}, 548930], [0.15752847498756622, {"__complex__": [78581.09375, -1.3917002256898779e-15]}, 585548], [0.16252705956276423, {"__complex__": [77813.2734375, -1.868342923406173e-15]}, 623094], [0.16752723347134682, {"__complex__": [78042.671875, -7.027576665297978e-16]}, 662620], [0.17252557298757182, {"__complex__": [77711.421875, -6.636433790914887e-16]}, 701674], [0.1775232051718564, {"__complex__": [78430.421875, -1.5652185512947267e-16]}, 743764], [0.1825215844754662, {"__complex__": [78255.875, -2.3709237816706445e-15]}, 785620], [0.18752064712987349, {"__complex__": [77906.453125, -1.6829103647141431e-15]}, 830100], [0.19252067437217257, {"__complex__": [78021.46875, 1.3313463753409304e-15]}, 874418], [0.19751987908784707, {"__complex__": [77732.6171875, -1.2644465484964833e-15]}, 920682], [0.20251936794243589, {"__complex__": [77785.484375, 0.0]}, 967718], [0.20751955964231095, {"__complex__": [77085.015625, 2.290359884018887e-16]}, 1016568], [0.2125192859071403, {"__complex__": [77453.90625, 6.555667081811821e-16]}, 1065478], [0.21751870204394746, {"__complex__": [77084.7578125, -7.297458832347735e-16]}, 1116700], [0.22251763655620238, {"__complex__": [76938.6328125, 3.488693922795396e-16]}, 1167926], [0.2275173612096972, {"__complex__": [76498.7265625, -1.7623760312102262e-15]}, 1222034], [0.23251753944930767, {"__complex__": [77513.1484375, -4.106927124430753e-16]}, 1275574], [0.237518608068736, {"__complex__": [77093.125, 3.495357425112327e-16]}, 1332228], [0.24251933382685822, {"__complex__": [77402.203125, -1.4052992337789273e-15]}, 1387574], [0.2475188275283454, {"__complex__": [76600.9140625, -8.45337134354338e-16]}, 1446004], [0.2525176353551358, {"__complex__": [76416.0, -7.740370375233538e-17]}, 1504002], [0.25751592740199597, {"__complex__": [76401.3203125, 1.7297271462583092e-15]}, 1564788], [0.2625152321376914, {"__complex__": [76621.2109375, 1.4318223764563012e-15]}, 1626114], [0.2675142035428968, {"__complex__": [76465.9765625, 1.2065664049304328e-16]}, 1688484], [0.27251407722071946, {"__complex__": [76513.0703125, -4.648856157106094e-16]}, 1752920], [0.277514999580621, {"__complex__": [76518.40625, 1.1526953741828553e-15]}, 1817892], [0.28251513318998955, {"__complex__": [76771.0625, -8.3447589556949215e-16]}, 1883346], [0.2875150555774266, {"__complex__": [76716.4921875, 9.844973948686087e-16]}, 1951100], [0.2925143032383768, {"__complex__": [76257.03125, 5.76740022164684e-16]}, 2018506], [0.2975129983065177, {"__complex__": [76463.703125, -4.180307441535965e-16]}, 2088638], [0.30251265006104155, {"__complex__": [76348.9296875, 1.6170651732983664e-16]}, 2159752], [0.3075131135075962, {"__complex__": [76096.3046875, -2.0862492959278342e-16]}, 2232050], [0.31251255553945134, {"__complex__": [75803.3828125, -8.589493243936291e-16]}, 2304048], [0.3175120364779517, {"__complex__": [75637.2578125, -7.827713633427544e-16]}, 2379552], [0.3225126598898453, {"__complex__": [75828.453125, -1.404821824834031e-15]}, 2454976], [0.3275133985704822, {"__complex__": [76200.875, -6.896680428794034e-16]}, 2531986], [0.33251410375899365, {"__complex__": [76041.828125, -8.922369118924452e-17]}, 2609516], [0.3375135412275565, {"__complex__": [76171.4921875, -8.446457966507009e-16]}, 2687634], [0.34251245849241974, {"__complex__": [76043.25, -7.149299534983157e-16]}, 2768188], [0.3475114266102975, {"__complex__": [75952.671875, 4.0856454216309885e-16]}, 