{"poles": {"dims": ["k"], "edges": [{"__dtype__": "<f8", "__shape__": [86], "__data__": [0.0, 0.005, 0.01, 0.015, 0.02, 0.025, 0.03, 0.035, 0.04, 0.045, 0.05, 0.055, 0.06, 0.065, 0.07, 0.075, 0.08, 0.085, 0.09, 0.095, 0.1, 0.105, 0.11, 0.115, 0.12, 0.125, 0.13, 0.135, 0.14, 0.145, 0.15, 0.155, 0.16, 0.165, 0.17, 0.17500000000000002, 0.18, 0.185, 0.19, 0.195, 0.2, 0.20500000000000002, 0.21, 0.215, 0.22, 0.225, 0.23, 0.23500000000000001, 0.24, 0.245, 0.25, 0.255, 0.26, 0.265, 0.27, 0.275, 0.28, 0.28500000000000003, 0.29, 0.295, 0.3, 0.305, 0.31, 0.315, 0.32, 0.325, 0.33, 0.335, 0.34, 0.34500000000000003, 0.35000000000000003, 0.355, 0.36, 0.365, 0.37, 0.375, 0.38, 0.385, 0.39, 0.395, 0.4, 0.405, 0.41000000000000003, 0.41500000000000004, 0.42, 0.425]}], "coords": [{"__dtype__": "<f8", "__shape__": [85], "__data__": [0.0025, 0.0075, 0.0125, 0.0175, 0.0225, 0.0275, 0.0325, 0.037500000000000006, 0.042499999999999996, 0.0475, 0.052500000000000005, 0.057499999999999996, 0.0625, 0.0675, 0.07250000000000001, 0.0775, 0.0825, 0.0875, 0.0925, 0.0975, 0.10250000000000001, 0.1075, 0.1125, 0.1175, 0.1225, 0.1275, 0.1325, 0.1375, 0.14250000000000002, 0.1475, 0.1525, 0.1575, 0.1625, 0.1675, 0.17250000000000001, 0.1775, 0.1825, 0.1875, 0.1925, 0.1975, 0.2025, 0.20750000000000002, 0.2125, 0.2175, 0.2225, 0.2275, 0.2325, 0.2375, 0.2425, 0.2475, 0.2525, 0.2575, 0.2625, 0.2675, 0.2725, 0.2775, 0.28250000000000003, 0.2875, 0.2925, 0.2975, 0.3025, 0.3075, 0.3125, 0.3175, 0.3225, 0.3275, 0.3325, 0.3375, 0.3425, 0.34750000000000003, 0.35250000000000004, 0.3575, 0.3625, 0.3675, 0.3725, 0.3775, 0.3825, 0.3875, 0.3925, 0.3975, 0.4025, 0.40750000000000003, 0.41250000000000003, 0.4175, 0.4225]}], "data": {"__dtype__": [["k", "<f8"], ["power_0", "<c8"], ["modes", "<i8"]], "__shape__": [85], "__data__": [[0.003785962175218714, {"__complex__": [45230.1015625, -3.9153134402149237e-13]}, 223], [0.008055650047333739, {"__complex__": [102130.5859375, -4.991422314533367e-13]}, 1516], [0.012838659412058445, {"__complex__": [125789.4609375, -1.691263773993812e-13]}, 4130], [0.017758445021159877, {"__complex__": [106653.140625, 8.668304111612499e-14]}, 8058], [0.022686221993372543, {"__complex__": [108715.015625, 4.437235965487098e-14]}, 13118], [0.02764503576190599, {"__complex__": [111449.1171875, -4.7074533670015545e-14]}, 19784], [0.032626124011193657, {"__complex__": [102265.9765625, 2.5416343359921552e-14]}, 27482], [0.03761517664423396, {"__complex__": [96823.234375, 3.24307502510765e-14]}, 36794], [0.042612076216348424, {"__complex__": [101834.015625, 9.895054983450734e-15]}, 47060], [0.04758810749327745, {"__complex__": [94613.921875, -4.480116076705605e-15]}, 58466], [0.05257639262811682, {"__complex__": [92716.2890625, 0.0]}, 71934], [0.057576644294676294, {"__complex__": [88864.65625, 5.408628511288085e-15]}, 86096], [0.06257060468948772, {"__complex__": [86355.2265625, -1.4313452851487602e-15]}, 101666], [0.06756431050677218, {"__complex__": [88114.8671875, 1.5350898381768195e-14]}, 118494], [0.07255460479533274, {"__complex__": [88078.3203125, 7.670677854292214e-15]}, 136590], [0.07755203808236072, {"__complex__": [86298.234375, 1.003990693479364e-14]}, 156536], [0.08254994891496988, {"__complex__": [82742.453125, 6.25195357181578e-15]}, 176896], [0.0875465852208996, {"__complex__": [81371.5078125, -9.341249595942822e-15]}, 199400], [0.09254606261661012, {"__complex__": [80676.78125, 1.5690947593498196e-15]}, 222578], [0.09754095165434574, {"__complex__": [80933.9609375, 1.0364360364140558e-14]}, 247110], [0.10253878096196406, {"__complex__": [79528.046875, 1.106601450555876e-14]}, 273522], [0.1075376536617221, {"__complex__": [79050.8359375, -5.423170372926547e-15]}, 300528], [0.11253874421958751, {"__complex__": [78843.0546875, 0.0]}, 329826], [0.11753930483919833, {"__complex__": [78452.609375, -3.89257760207329e-15]}, 358884], [0.12253435939470513, {"__complex__": [77770.671875, -4.17674106225111e-15]}, 390212], [0.1275324928771181, {"__complex__": [77240.0, 3.3024999344233438e-15]}, 423008], [0.13253098558293935, {"__complex__": [77671.125, -1.019961287941607e-15]}, 456548], [0.1375294182229233, {"__complex__": [75839.921875, 0.0]}, 491980], [0.14252928720123362, {"__complex__": [76199.0859375, -6.170501189541912e-15]}, 528260], [0.14752710781464048, {"__complex__": [75306.96875, -8.230866905607108e-16]}, 565750], [0.15252590457329984, {"__complex__": [76280.5390625, 9.619256608901761e-16]}, 605116], [0.15752627544450365, {"__complex__": [75959.1015625, 1.1723887843273994e-15]}, 645434], [0.1625268432433497, {"__complex__": [75264.8828125, 2.7102087579239853e-15]}, 687270], [0.16752762298865234, {"__complex__": [74817.7265625, 6.379515992518449e-16]}, 729932], [0.17252411279445126, {"__complex__": [74693.453125, 3.312437748477005e-15]}, 773188], [0.17752203527930777, {"__complex__": [74353.578125, -1.135726021996681e-15]}, 820024], [0.18252363779831107, {"__complex__": [73760.25, -1.0745591258974879e-15]}, 866702], [0.18752234050808908, {"__complex__": [74427.15625, 1.5282982644782635e-15]}, 914078], [0.19252201016210274, {"__complex__": [73592.4140625, -1.9313670451213396e-15]}, 964418], [0.19752271477956754, {"__complex__": [73068.8828125, 4.588654878566771e-15]}, 1014810], [0.20252178570627094, {"__complex__": [73469.421875, -1.746614124490363e-15]}, 1066432], [0.20751974798690762, {"__complex__": [73082.4453125, 1.2478217269616047e-15]}, 1119538], [0.2125197454352182, {"__complex__": [73587.25, 1.9807181492436906e-15]}, 1175486], [0.2175192296548309, {"__complex__": [72777.546875, -3.7869231062162025e-16]}, 1229656], [0.22251681667262319, {"__complex__": [73057.2734375, -2.2600668623910802e-15]}, 1287742], [0.22751746426403283, {"__complex__": [72892.703125, 8.643140605046234e-16]}, 1346910], [0.23251730364615478, {"__complex__": [72879.984375, 3.561276758380768e-15]}, 1405636], [0.23751678657474465, {"__complex__": [72423.15625, -2.379348159605799e-15]}, 1467822], [0.2425174971485461, {"__complex__": [72512.734375, 0.0]}, 1529730], [0.24751707342858845, {"__complex__": [72609.7578125, 5.844722153632541e-16]}, 1593442], [0.2525171832510974, {"__complex__": [72791.4375, -7.017976605632034e-16]}, 1658816], [0.2575157181508458, {"__complex__": [72652.2578125, 2.7016970826557044e-16]}, 1723588], [0.2625146768272274, {"__complex__": [72290.578125, -1.428271826099648e-15]}, 1793172], [0.2675153728644548, {"__complex__": [72912.6171875, 1.0632518713263534e-15]}, 1861328], [0.2725140790996068, {"__complex__": [72181.2265625, -1.2058141337941526e-16]}, 1930900], [0.2775148647609448, {"__complex__": [72027.6875, -2.322928830236407e-16]}, 2004630], [0.28251520974118804, {"__complex__": [72071.6640625, -5.610636393027138e-17]}, 2074904], [0.28751406015515885, {"__complex__": [72577.4296875, -1.7322629511441518e-15]}, 2150534], [0.29251361364437867, {"__complex__": [72227.46875, 1.2558467288621288e-15]}, 2224768], [0.2975131524186939, {"__complex__": [71833.96875, 0.0]}, 2302904], [0.3025147259314174, {"__complex__": [72095.671875, -1.2710228064198473e-15]}, 2381388], [0.3075149652713783, {"__complex__": [72307.7890625, 1.3256129152000844e-15]}, 2458960], [0.31251335064096714, {"__complex__": [72094.9296875, -2.7503233912730017e-16]}, 2539672], [0.31751349612987984, {"__complex__": [72144.453125, -3.5504545360510553e-16]}, 2623108], [0.32251268944270295, {"__complex__": [71978.9140625, 8.610492249489909e-17]}, 2704034], [0.32751171630842707, {"__complex__": [71931.1328125, -8.343653048303163e-16]}, 2790512], [0.33251237563902225, {"__complex__": [71807.0625, -1.942852600127871e-15]}, 2876150], [0.3375123279265873, {"__complex__": [71726.90625, 8.643805525909828e-16]}, 2962974], [0.34251273719712905, {"__complex__": [71960.5625, 0.0]}, 3051976], [0.34751247641754474, {"__complex__": [72068.359375, -5.189566521128573e-16]}, 3140560], [0.35251198333721223, {"__complex__": [72455.6875, 5.762286260227792e-16]}, 3232476], [0.3575118605439826, {"__complex__": [72186.0, 