{"edges": {"__dtype__": "<f8", "__shape__": [116], "__data__": [0.0, 0.005, 0.01, 0.015, 0.02, 0.025, 0.03, 0.035, 0.04, 0.045, 0.05, 0.055, 0.06, 0.065, 0.07, 0.075, 0.08, 0.085, 0.09, 0.095, 0.1, 0.105, 0.11, 0.115, 0.12, 0.125, 0.13, 0.135, 0.14, 0.145, 0.15, 0.155, 0.16, 0.165, 0.17, 0.17500000000000002, 0.18, 0.185, 0.19, 0.195, 0.2, 0.20500000000000002, 0.21, 0.215, 0.22, 0.225, 0.23, 0.23500000000000001, 0.24, 0.245, 0.25, 0.255, 0.26, 0.265, 0.27, 0.275, 0.28, 0.28500000000000003, 0.29, 0.295, 0.3, 0.305, 0.31, 0.315, 0.32, 0.325, 0.33, 0.335, 0.34, 0.34500000000000003, 0.35000000000000003, 0.355, 0.36, 0.365, 0.37, 0.375, 0.38, 0.385, 0.39, 0.395, 0.4, 0.405, 0.41000000000000003, 0.41500000000000004, 0.42, 0.425, 0.43, 0.435, 0.44, 0.445, 0.45, 0.455, 0.46, 0.465, 0.47000000000000003, 0.47500000000000003, 0.48, 0.485, 0.49, 0.495, 0.5, 0.505, 0.51, 0.515, 0.52, 0.525, 0.53, 0.535, 0.54, 0.545, 0.55, 0.555, 0.56, 0.5650000000000001, 0.5700000000000001, 0.5750000000000001]}, "poles": {"__dtype__": [["k", "<f8"], ["power_2", "<c8"], ["modes", "<i8"]], "__shape__": [115], "__data__": [[0.0037054420134658554, {"__complex__": [-49066.5, 0.0]}, 83], [0.008002706039259398, {"__complex__": [54641.8515625, 5.859831391820391e-13]}, 596], [0.012849701484846114, {"__complex__": [3076.084716796875, 2.825614633765461e-13]}, 1648], [0.0177641384261076, {"__complex__": [17626.26171875, -5.5330475715476696e-14]}, 3156], [0.022684229681789413, {"__complex__": [5694.45458984375, -1.3494820495438264e-13]}, 5176], [0.027646384376179004, {"__complex__": [3094.40185546875, -1.044217406227961e-13]}, 7804], [0.032636129245414154, {"__complex__": [10376.26953125, -1.2847009697378176e-13]}, 10874], [0.037622935176432226, {"__complex__": [9379.619140625, 8.866975350577816e-14]}, 14442], [0.0426065943302704, {"__complex__": [6420.9013671875, 1.0044462955610331e-13]}, 18544], [0.047584168879418735, {"__complex__": [3290.708740234375, 4.0421987724257105e-14]}, 23040], [0.052572163944886785, {"__complex__": [3659.802978515625, -2.0520221874248575e-14]}, 28366], [0.05756591012932392, {"__complex__": [-552.6566162109375, -3.442406949771826e-14]}, 33818], [0.06255885577973451, {"__complex__": [2562.84130859375, 2.9009548601732597e-15]}, 40130], [0.06756290621144688, {"__complex__": [2899.91259765625, 0.0]}, 46838], [0.07256050504780319, {"__complex__": [5266.71142578125, 0.0]}, 53826], [0.0775516441986681, {"__complex__": [5933.6181640625, -9.451750973142777e-15]}, 61584], [0.08254999402587553, {"__complex__": [3019.1650390625, 1.3330507115099244e-14]}, 69864], [0.08754547074829418, {"__complex__": [3735.114501953125, 0.0]}, 78404], [0.09254370656486871, {"__complex__": [3675.16748046875, 7.946257482582559e-15]}, 87902], [0.09754153604884025, {"__complex__": [2596.63037109375, 1.3159680898428786e-14]}, 97310], [0.10253422913940137, {"__complex__": [442.68707275390625, 1.945370913783353e-14]}, 107716], [0.1075359850070505, {"__complex__": [-146.89051818847656, 2.2566052081422414e-14]}, 118654], [0.11253957840084304, {"__complex__": [1398.9781494140625, 3.1364300195099552e-15]}, 129910], [0.11753653834673844, {"__complex__": [-705.412109375, -1.3175115532793654e-14]}, 141376], [0.12253336603812491, {"__complex__": [-984.4219360351562, -5.293049171569341e-15]}, 153958], [0.12753369323485178, {"__complex__": [517.9239501953125, -1.7456921291272767e-15]}, 166718], [0.1325298054599073, {"__complex__": [67.22186279296875, -1.2948991828952883e-15]}, 179806], [0.13753126919241337, {"__complex__": [-1512.86083984375, 2.996039814216712e-15]}, 194282], [0.14252978867508304, {"__complex__": [662.962890625, -1.1205956842181143e-15]}, 207774], [0.14752584639061916, {"__complex__": [-403.29644775390625, -1.0427836377933084e-15]}, 223278], [0.1525273402624495, {"__complex__": [937.3234252929688, -9.76245494017339e-16]}, 238496], [0.15752777994300757, {"__complex__": [1969.904296875, -4.575282769428467e-15]}, 254444], [0.16252677921627748, {"__complex__": [637.7208251953125, -6.021140905337246e-15]}, 270682], [0.16752582095517576, {"__complex__": [803.43359375, 1.6185091791849778e-15]}, 287710], [0.1725259295419247, {"__complex__": [-1167.8211669921875, -1.5257478482740808e-15]}, 305202], [0.17752572093623975, {"__complex__": [286.7169189453125, 5.04574053844303e-15]}, 323008], [0.18252702152554795, {"__complex__": [-23.023935317993164, -6.1304920117948285e-15]}, 341812], [0.18752508561671835, {"__complex__": [543.4864501953125, -3.880295200821629e-15]}, 360020], [0.19252006361125312, {"__complex__": [-7.05730676651001, 1.3795899838847463e-15]}, 379728], [0.19751626124600596, {"__complex__": [589.651123046875, 5.825718122427943e-15]}, 399660], [0.20251335405021748, {"__complex__": [-1184.9422607421875, -5.539366352630892e-15]}, 420320], [0.20751594275294782, {"__complex__": [-1420.0919189453125, 1.053365514524238e-15]}, 442070], [0.21251689533718626, {"__complex__": [-389.8427734375, 1.509782759525995e-15]}, 462644], [0.21751895130525958, {"__complex__": [311.3235168457031, -3.3547703375984067e-15]}, 485820], [0.22252064263763735, {"__complex__": [397.4923095703125, 3.671654892286897e-15]}, 507304], [0.22751949683857262, {"__complex__": [166.17926025390625, 1.096652074502485e-15]}, 530776], [0.23252062744923513, {"__complex__": [-875.26220703125, 1.2596243899277645e-15]}, 554524], [0.23751988845699762, {"__complex__": [-171.56236267089844, -8.056311944023718e-16]}, 578008], [0.24251952417933192, {"__complex__": [932.5785522460938, 4.245410023285016e-15]}, 603272], [0.24751886354741093, {"__complex__": [1050.8070068359375, 9.272456438703025e-17]}, 627748], [0.2525158523431189, {"__complex__": [26.35077476501465, -4.276673162335225e-15]}, 653304], [0.2575140585584922, {"__complex__": [334.65625, 0.0]}, 679896], [0.2625126084722789, {"__complex__": [56.15857696533203, -2.9677093149881343e-15]}, 706092], [0.26751303339828036, {"__complex__": [-322.1232604980469, -9.512894681715039e-16]}, 734258], [0.2725141980302592, {"__complex__": [-104.30913543701172, 0.0]}, 761190], [0.27751499291909654, {"__complex__": [101.05465698242188, -3.242085309460431e-15]}, 789966], [0.2825156597003922, {"__complex__": [-330.41632080078125, 8.536432982537913e-16]}, 818248], [0.2875141801620819, {"__complex__": [-371.4449157714844, 1.9241655710037836e-15]}, 847024], [0.29251195304227423, {"__complex__": [-672.1106567382812, -2.1238730700767717e-15]}, 877004], [0.2975142527009851, {"__complex__": [-776.141357421875, -1.0250061102963352e-15]}, 908602], [0.30251615798691667, {"__complex__": [-52.01510238647461, -1.4896362926337882e-15]}, 937802], [0.30751506635382575, {"__complex__": [-29.207386016845703, -4.802087064242357e-16]}, 969706], [0.31251223811931306, {"__complex__": [-465.0975646972656, 2.328408868707346e-16]}, 999956], [0.3175098816792195, {"__complex__": [-659.3562622070312, 2.2516164381927977e-15]}, 1034060], [0.3225110492752749, {"__complex__": [-590.0040893554688, 0.0]}, 1066386], [0.3275123331358606, {"__complex__": [-471.7613830566406, -1.9044966189355915e-15]}, 1100278], [0.3325123291547583, {"__complex__": [-65.7269287109375, 8.219462136367921e-16]}, 1133070], [0.3375117534479973, {"__complex__": [77.89633178710938, -2.591255050701617e-15]}, 1168082], [0.3425129583700723, {"__complex__": [181.003173828125, 9.675009376281223e-16]}, 1203258], [0.3475132726509487, {"__complex__": [499.7855529785156, 1.034473503426915e-15]}, 1237894], [0.35251300538197095, {"__complex__": [-39.616302490234375, -7.309512640582755e-16]}, 1274124], [0.3575125695577228, {"__complex__": [203.65330505371094, 1.9547053439170374e-15]}, 1310242], [0.36251151779301266, {"__complex__": [292.890625, 6.914491943488016e-16]}, 1346914], [0.3675115630015573, {"__complex__": [252.99473571777344, 1.3445672890981491e-15]}, 1385312], [0.3725118957087531, {"__complex__": [176.24591064453125, 1.9643873540206276e-15]}, 1422310], [0.37751124096797295, {"__complex__": [193.82870483398438, -1.2747383164429782e-15]}, 1461198], [0.3825103314725004, 