{"edges": {"__dtype__": "<f8", "__shape__": [116], "__data__": [0.0, 0.005, 0.01, 0.015, 0.02, 0.025, 0.03, 0.035, 0.04, 0.045, 0.05, 0.055, 0.06, 0.065, 0.07, 0.075, 0.08, 0.085, 0.09, 0.095, 0.1, 0.105, 0.11, 0.115, 0.12, 0.125, 0.13, 0.135, 0.14, 0.145, 0.15, 0.155, 0.16, 0.165, 0.17, 0.17500000000000002, 0.18, 0.185, 0.19, 0.195, 0.2, 0.20500000000000002, 0.21, 0.215, 0.22, 0.225, 0.23, 0.23500000000000001, 0.24, 0.245, 0.25, 0.255, 0.26, 0.265, 0.27, 0.275, 0.28, 0.28500000000000003, 0.29, 0.295, 0.3, 0.305, 0.31, 0.315, 0.32, 0.325, 0.33, 0.335, 0.34, 0.34500000000000003, 0.35000000000000003, 0.355, 0.36, 0.365, 0.37, 0.375, 0.38, 0.385, 0.39, 0.395, 0.4, 0.405, 0.41000000000000003, 0.41500000000000004, 0.42, 0.425, 0.43, 0.435, 0.44, 0.445, 0.45, 0.455, 0.46, 0.465, 0.47000000000000003, 0.47500000000000003, 0.48, 0.485, 0.49, 0.495, 0.5, 0.505, 0.51, 0.515, 0.52, 0.525, 0.53, 0.535, 0.54, 0.545, 0.55, 0.555, 0.56, 0.5650000000000001, 0.5700000000000001, 0.5750000000000001]}, "poles": {"__dtype__": [["k", "<f8"], ["power_2", "<c8"], ["modes", "<i8"]], "__shape__": [115], "__data__": [[0.0037054420134658554, {"__complex__": [35496.0078125, -2.805188373256051e-12]}, 83], [0.008002706039259398, {"__complex__": [9905.2685546875, -7.813108883827913e-13]}, 596], [0.012849701484846114, {"__complex__": [4630.54638671875, 3.178816530748779e-13]}, 1648], [0.0177641384261076, {"__complex__": [-3407.796630859375, 1.1066095143095339e-13]}, 3156], [0.022684229681789413, {"__complex__": [15731.7275390625, 6.747410247719132e-14]}, 5176], [0.027646384376179004, {"__complex__": [18453.142578125, -1.6409130185277704e-13]}, 7804], [0.032636129245414154, {"__complex__": [14993.1083984375, 6.423504848689088e-14]}, 10874], [0.037622935176432226, {"__complex__": [-414.7568054199219, -3.2243545805337934e-14]}, 14442], [0.0426065943302704, {"__complex__": [8711.453125, -6.277789347256457e-15]}, 18544], [0.047584168879418735, {"__complex__": [14171.365234375, 0.0]}, 23040], [0.052572163944886785, {"__complex__": [8560.01953125, -1.641617783821204e-14]}, 28366], [0.05756591012932392, {"__complex__": [7987.7802734375, -9.466619789498879e-15]}, 33818], [0.06255885577973451, {"__complex__": [8844.576171875, 2.0306684868245765e-14]}, 40130], [0.06756290621144688, {"__complex__": [2847.6337890625, 7.45646661006339e-15]}, 46838], [0.07256050504780319, {"__complex__": [2149.119140625, 0.0]}, 53826], [0.0775516441986681, {"__complex__": [2859.505615234375, 1.8903501946285553e-14]}, 61584], [0.08254999402587553, {"__complex__": [2928.356689453125, 4.998940274041335e-15]}, 69864], [0.08754547074829418, {"__complex__": [1523.7191162109375, 2.9696270399323654e-14]}, 78404], [0.09254370656486871, {"__complex__": [742.650146484375, 2.1852208288860274e-14]}, 87902], [0.09754153604884025, {"__complex__": [551.6800537109375, -2.1534023750355985e-14]}, 97310], [0.10253422913940137, {"__complex__": [3909.801513671875, 7.835522324289163e-15]}, 107716], [0.1075359850070505, {"__complex__": [137.26153564453125, 1.4716990994262575e-15]}, 118654], [0.11253957840084304, {"__complex__": [1200.4034423828125, -1.9714703705805102e-14]}, 129910], [0.11753653834673844, {"__complex__": [2284.2763671875, -8.234447207996034e-16]}, 141376], [0.12253336603812491, {"__complex__": [1423.171142578125, -3.780749347761462e-15]}, 153958], [0.12753369323485178, {"__complex__": [-2482.864013671875, -6.982768622388225e-16]}, 166718], [0.1325298054599073, {"__complex__": [486.1827392578125, -1.861417582029422e-15]}, 179806], [0.13753126919241337, {"__complex__": [1209.001220703125, 2.0223269487116636e-15]}, 194282], [0.14252978867508304, {"__complex__": [884.1675415039062, -2.0170722527684294e-14]}, 207774], [0.14752584639061916, {"__complex__": [2875.493408203125, 1.0427836377933084e-15]}, 223278], [0.1525273402624495, {"__complex__": [1996.567138671875, -1.952490988034678e-15]}, 238496], [0.15752777994300757, {"__complex__": [1415.8309326171875, -8.235509069674535e-15]}, 254444], [0.16252677921627748, {"__complex__": [1898.1771240234375, 1.2042281810674491e-14]}, 270682], [0.16752582095517576, {"__complex__": [159.2998809814453, 9.711055710384577e-15]}, 287710], [0.1725259295419247, {"__complex__": [-321.0367431640625, 1.6211070292342067e-15]}, 305202], [0.17752572093623975, {"__complex__": [258.01507568359375, -3.964510181052967e-15]}, 323008], [0.18252702152554795, {"__complex__": [166.15599060058594, -2.724663163410643e-15]}, 341812], [0.18752508561671835, {"__complex__": [-268.3536376953125, 2.5868633966283404e-15]}, 360020], [0.19252006361125312, {"__complex__": [-958.0298461914062, -6.1315109924303755e-15]}, 379728], [0.19751626124600596, {"__complex__": [-23.022512435913086, -1.1651435821339413e-15]}, 399660], [0.20251335405021748, {"__complex__": [201.48995971679688, 8.862985994802838e-15]}, 420320], [0.20751594275294782, {"__complex__": [-615.5149536132812, 5.26682757262119e-15]}, 442070], [0.21251689533718626, {"__complex__": [-1266.2220458984375, 3.01956551905199e-15]}, 462644], [0.21751895130525958, {"__complex__": [-1216.8934326171875, -9.585057865414606e-15]}, 485820], [0.22252064263763735, {"__complex__": [-86.90984344482422, 4.5895684036003845e-15]}, 507304], [0.22751949683857262, {"__complex__": [-571.10009765625, -2.7416302921353308e-15]}, 530776], [0.23252062744923513, {"__complex__": [-732.5645141601562, 1.6794991512773133e-15]}, 554524], [0.23751988845699762, {"__complex__": [17.269594192504883, -7.250680802560906e-15]}, 578008], [0.24251952417933192, {"__complex__": [279.6739501953125, 5.7891957558082324e-15]}, 603272], [0.24751886354741093, {"__complex__": [-937.593505859375, 9.272456968098617e-16]}, 627748], [0.2525158523431189, {"__complex__": [-253.7581329345703, 1.5146551047968385e-15]}, 653304], [0.2575140585584922, {"__complex__": [531.2012939453125, 5.136755499174925e-15]}, 679896], [0.2625126084722789, {"__complex__": [-154.66146850585938, 3.2974547944312604e-16]}, 706092], [0.26751303339828036, {"__complex__": [-109.15931701660156, -1.704393661355354e-15]}, 734258], [0.2725141980302592, {"__complex__": [-265.795166015625, 6.11754352500927e-16]}, 761190], [0.27751499291909654, {"__complex__": [402.00543212890625, 2.0631450429233747e-15]}, 789966], [0.2825156597003922, {"__complex__": [-157.2253875732422, -8.536432982537913e-16]}, 818248], [0.2875141801620819, {"__complex__": [-20.337238311767578, 2.1990463971126436e-15]}, 847024], [0.29251195304227423, {"__complex__": [205.2127227783203, -1.5929047496180196e-15]}, 877004], [0.2975142527009851, {"__complex__": [465.55035400390625, 5.125030551481676e-16]}, 908602], [0.30251615798691667, {"__complex__": [-178.36561584472656, -2.9792725852675764e-15]}, 937802], [0.30751506635382575, {"__complex__": [-132.67160034179688, 2.401043638000297e-15]}, 969706], [0.31251223811931306, {"__complex__": [-1103.02880859375, 1.3970453212244077e-15]}, 999956], [0.3175098816792195, {"__complex__": [-328.3291320800781, 4.503232664627359e-16]}, 1034060], [0.3225110492752749, {"__complex__": [-173.1724090576172, -4.3667235113588755e-16]}, 1066386], [0.3275123331358606, {"__complex__": [196.67103576660156, 2.1161074720163443e-16]}, 1100278], [0.3325123291547583, {"__complex__": [-522.8397216796875, 1.2329192410458494e-15]}, 1133070], [0.3375117534479973, {"__complex__": [439.7627258300781, 3.9865462725713796e-16]}, 1168082], [0.3425129583700723, {"__complex__": [64.51322174072266, -1.9350018752562446e-15]}, 1203258], [0.3475132726509487, {"__complex__": [-407.6398620605469, -3.761721758453019e-16]}, 1237894], [0.35251300538197095, {"__complex__": [-228.04156494140625, -7.309512640582755e-16]}, 1274124], [0.3575125695577228, {"__complex__": [26.865238189697266, -2.1324058682291747e-15]}, 1310242], [0.36251151779301266, {"__complex__": [183.28843688964844, -3.4572458658648896e-15]}, 1346914], [0.3675115630015573, {"__complex__": [167.78826904296875, -4.033701761415329e-15]}, 1385312], [0.3725118957087531, {"__complex__": [-20.825241088867188, 