{"edges": {"__dtype__": "<f8", "__shape__": [116], "__data__": [0.0, 0.005, 0.01, 0.015, 0.02, 0.025, 0.03, 0.035, 0.04, 0.045, 0.05, 0.055, 0.06, 0.065, 0.07, 0.075, 0.08, 0.085, 0.09, 0.095, 0.1, 0.105, 0.11, 0.115, 0.12, 0.125, 0.13, 0.135, 0.14, 0.145, 0.15, 0.155, 0.16, 0.165, 0.17, 0.17500000000000002, 0.18, 0.185, 0.19, 0.195, 0.2, 0.20500000000000002, 0.21, 0.215, 0.22, 0.225, 0.23, 0.23500000000000001, 0.24, 0.245, 0.25, 0.255, 0.26, 0.265, 0.27, 0.275, 0.28, 0.28500000000000003, 0.29, 0.295, 0.3, 0.305, 0.31, 0.315, 0.32, 0.325, 0.33, 0.335, 0.34, 0.34500000000000003, 0.35000000000000003, 0.355, 0.36, 0.365, 0.37, 0.375, 0.38, 0.385, 0.39, 0.395, 0.4, 0.405, 0.41000000000000003, 0.41500000000000004, 0.42, 0.425, 0.43, 0.435, 0.44, 0.445, 0.45, 0.455, 0.46, 0.465, 0.47000000000000003, 0.47500000000000003, 0.48, 0.485, 0.49, 0.495, 0.5, 0.505, 0.51, 0.515, 0.52, 0.525, 0.53, 0.535, 0.54, 0.545, 0.55, 0.555, 0.56, 0.5650000000000001, 0.5700000000000001, 0.5750000000000001]}, "poles": {"__dtype__": [["k", "<f8"], ["power_0", "<c8"], ["modes", "<i8"]], "__shape__": [115], "__data__": [[0.0037054420134658554, {"__complex__": [119265.8203125, 4.3968041013586756e-13]}, 83], [0.008002706039259398, {"__complex__": [90066.546875, 1.4115479652374117e-14]}, 596], [0.012849701484846114, {"__complex__": [106325.0, -2.1393890619562234e-14]}, 1648], [0.0177641384261076, {"__complex__": [103624.4765625, -6.630099996172674e-15]}, 3156], [0.022684229681789413, {"__complex__": [100696.96875, 3.2342324670064362e-15]}, 5176], [0.027646384376179004, {"__complex__": [95135.125, 7.7318412563805e-15]}, 7804], [0.032636129245414154, {"__complex__": [93575.3671875, -2.930645694315128e-15]}, 10874], [0.037622935176432226, {"__complex__": [89213.1484375, 3.680633018011319e-15]}, 14442], [0.0426065943302704, {"__complex__": [89669.484375, 9.660568920368416e-17]}, 18544], [0.047584168879418735, {"__complex__": [85872.359375, 1.8145978358699404e-15]}, 23040], [0.052572163944886785, {"__complex__": [86242.9453125, -4.118572768664315e-15]}, 28366], [0.05756591012932392, {"__complex__": [82548.59375, -2.507794776826283e-15]}, 33818], [0.06255885577973451, {"__complex__": [81369.1484375, -3.2687975522432793e-15]}, 40130], [0.06756290621144688, {"__complex__": [80478.2265625, 3.456913842184456e-17]}, 46838], [0.07256050504780319, {"__complex__": [78663.0859375, 5.488848884140172e-15]}, 53826], [0.0775516441986681, {"__complex__": [78179.296875, -3.029965601336615e-15]}, 61584], [0.08254999402587553, {"__complex__": [77232.9296875, 1.8170636811282956e-16]}, 69864], [0.08754547074829418, {"__complex__": [75088.265625, 5.63692644282534e-16]}, 78404], [0.09254370656486871, {"__complex__": [75685.4375, 6.652137252361389e-16]}, 87902], [0.09754153604884025, {"__complex__": [73247.0625, -5.352345077767168e-16]}, 97310], [0.10253422913940137, {"__complex__": [73406.734375, -7.662389742782449e-17]}, 107716], [0.1075359850070505, {"__complex__": [72867.25, -1.5948197852326432e-15]}, 118654], [0.11253957840084304, {"__complex__": [71626.921875, -4.6436053469265054e-17]}, 129910], [0.11753653834673844, {"__complex__": [73046.46875, -2.5303686283870835e-15]}, 141376], [0.12253336603812491, {"__complex__": [72082.9296875, 2.285772406516117e-16]}, 153958], [0.12753369323485178, {"__complex__": [70703.09375, -2.6436837960982574e-16]}, 166718], [0.1325298054599073, {"__complex__": [71090.6484375, -4.605332957298208e-16]}, 179806], [0.13753126919241337, {"__complex__": [70265.6796875, 9.230779770720153e-16]}, 194282], [0.14252978867508304, {"__complex__": [70953.8359375, -2.1937930987737725e-16]}, 207774], [0.14752584639061916, {"__complex__": [71158.65625, 6.136633000662422e-16]}, 223278], [0.1525273402624495, {"__complex__": [69856.3828125, -4.4259027917077772e-16]}, 238496], [0.15752777994300757, {"__complex__": [69215.4296875, -8.65998756097153e-16]}, 254444], [0.16252677921627748, {"__complex__": [69999.3203125, 1.0437331617271805e-15]}, 270682], [0.16752582095517576, {"__complex__": [69648.5703125, -3.7878244022116403e-16]}, 287710], [0.1725259295419247, {"__complex__": [68289.578125, 4.0648957614012183e-16]}, 305202], [0.17752572093623975, {"__complex__": [68581.609375, -9.192391178759404e-16]}, 323008], [0.18252702152554795, {"__complex__": [68327.2421875, -9.063363377823096e-18]}, 341812], [0.18752508561671835, {"__complex__": [68291.9765625, 3.0721617652139496e-16]}, 360020], [0.19252006361125312, {"__complex__": [67747.1015625, -6.705638235590135e-17]}, 379728], [0.19751626124600596, {"__complex__": [68202.7265625, -2.874234782335649e-16]}, 399660], [0.20251335405021748, {"__complex__": [68244.375, 3.3733113594182113e-16]}, 420320], [0.20751594275294782, {"__complex__": [67830.2265625, -5.124520214130955e-16]}, 442070], [0.21251689533718626, {"__complex__": [68014.9765625, 3.994675671282653e-16]}, 462644], [0.21751895130525958, {"__complex__": [67713.3984375, 5.659728569765426e-16]}, 485820], [0.22252064263763735, {"__complex__": [68117.1640625, -1.1368173445398794e-16]}, 507304], [0.22751949683857262, {"__complex__": [67902.6640625, 6.378778809156541e-17]}, 530776], [0.23252062744923513, {"__complex__": [67858.3984375, -4.827669576831805e-17]}, 554524], [0.23751988845699762, {"__complex__": [67063.0, -1.0286745967560038e-16]}, 578008], [0.24251952417933192, {"__complex__": [67526.03125, 8.141645120241995e-18]}, 603272], [0.24751886354741093, {"__complex__": [67471.2109375, -1.4084446641587765e-16]}, 627748], [0.2525158523431189, {"__complex__": [67335.8125, 2.584946296370908e-16]}, 653304], [0.2575140585584922, {"__complex__": [67246.6875, 3.13004058529102e-16]}, 679896], [0.2625126084722789, {"__complex__": [66924.2265625, 8.71798337747444e-17]}, 706092], [0.26751303339828036, {"__complex__": [66798.5, -1.2902375106002946e-16]}, 734258], [0.2725141980302592, {"__complex__": [66994.6484375, 3.2404294262229977e-17]}, 761190], [0.27751499291909654, {"__complex__": [67121.9375, -1.381918900973222e-16]}, 789966], [0.2825156597003922, {"__complex__": [67061.5859375, -2.960650936499105e-16]}, 818248], [0.2875141801620819, {"__complex__": [66799.4375, 2.555212792944322e-16]}, 847024], [0.29251195304227423, {"__complex__": [67058.5546875, 1.4364156773105836e-16]}, 877004], [0.2975142527009851, {"__complex__": [66857.1796875, -1.2900113263335981e-17]}, 908602], [0.30251615798691667, {"__complex__": [66793.3359375, -5.028833284359801e-17]}, 937802], [0.30751506635382575, {"__complex__": [66426.21875, 1.1604569753065629e-16]}, 969706], [0.31251223811931306, {"__complex__": [66620.515625, -7.957007654172196e-17]}, 999956], [0.3175098816792195, {"__complex__": [66690.765625, 1.4372194321681891e-16]}, 1034060], [0.3225110492752749, {"__complex__": [66692.4375, -3.5157219500488927e-16]}, 1066386], [0.3275123331358606, {"__complex__": [66759.6328125, -6.870665400005894e-17]}, 1100278], [0.3325123291547583, {"__complex__": [66849.59375, -1.2668263140315738e-16]}, 1133070], [0.3375117534479973, {"__complex__": [66750.1328125, -1.9850952978777456e-16]}, 1168082], [0.3425129583700723, {"__complex__": [66384.6328125, 3.6106711670625476e-17]}, 1203258], [0.3475132726509487, {"__complex__": [66475.5, -1.114831148556016e-16]}, 1237894], [0.35251300538197095, {"__complex__": [66289.6953125, 1.283362647093244e-16]}, 1274124], [0.3575125695577228, {"__complex__": [66394.15625, 1.1431685034575106e-16]}, 1310242], [0.36251151779301266, {"__complex__": [66625.6875, -1.8845157933066873e-17]}, 1346914], [0.3675115630015573, {"__complex__": [66482.6796875, -8.027773286448353e-17]}, 1385312], [0.3725118957087531, {"__complex__": [66579.7890625, 1.155654166146733e-16]}, 1422310], [0.37751124096797295, {"__complex__": [66456.7265625, -2.3127043484696594e-16]}, 1461198], [0.3825103314725004, {"__complex__": [66537.6640625, -3.218333446828236e-16]}, 1499520], [0.38750966779422413, {"__complex__": [66630.8984375, 9.227596779723049e-17]}, 1539692], [0.3925103292814964, {"__complex__": [66647.0625, 