{"edges": {"__dtype__": "<f8", "__shape__": [128], "__data__": [0.0, 0.005, 0.01, 0.015, 0.02, 0.025, 0.03, 0.035, 0.04, 0.045, 0.05, 0.055, 0.06, 0.065, 0.07, 0.075, 0.08, 0.085, 0.09, 0.095, 0.1, 0.105, 0.11, 0.115, 0.12, 0.125, 0.13, 0.135, 0.14, 0.145, 0.15, 0.155, 0.16, 0.165, 0.17, 0.17500000000000002, 0.18, 0.185, 0.19, 0.195, 0.2, 0.20500000000000002, 0.21, 0.215, 0.22, 0.225, 0.23, 0.23500000000000001, 0.24, 0.245, 0.25, 0.255, 0.26, 0.265, 0.27, 0.275, 0.28, 0.28500000000000003, 0.29, 0.295, 0.3, 0.305, 0.31, 0.315, 0.32, 0.325, 0.33, 0.335, 0.34, 0.34500000000000003, 0.35000000000000003, 0.355, 0.36, 0.365, 0.37, 0.375, 0.38, 0.385, 0.39, 0.395, 0.4, 0.405, 0.41000000000000003, 0.41500000000000004, 0.42, 0.425, 0.43, 0.435, 0.44, 0.445, 0.45, 0.455, 0.46, 0.465, 0.47000000000000003, 0.47500000000000003, 0.48, 0.485, 0.49, 0.495, 0.5, 0.505, 0.51, 0.515, 0.52, 0.525, 0.53, 0.535, 0.54, 0.545, 0.55, 0.555, 0.56, 0.5650000000000001, 0.5700000000000001, 0.5750000000000001, 0.58, 0.585, 0.59, 0.595, 0.6, 0.605, 0.61, 0.615, 0.62, 0.625, 0.63, 0.635]}, "poles": {"__dtype__": [["k", "<f8"], ["power_2", "<c8"], ["modes", "<i8"]], "__shape__": [127], "__data__": [[0.0037537781648676505, {"__complex__": [11211.2939453125, 7.559436475228221e-13]}, 77], [0.008050398333474014, {"__complex__": [41603.68359375, 2.5492405495569637e-12]}, 548], [0.012848609532355457, {"__complex__": [21061.2890625, 1.9664750784773727e-13]}, 1480], [0.017751579213119567, {"__complex__": [1031.2454833984375, 0.0]}, 2872], [0.022691827324042853, {"__complex__": [27121.689453125, 3.01116499356463e-13]}, 4736], [0.027648005536595924, {"__complex__": [10270.091796875, -2.9782201553009424e-13]}, 7036], [0.032612636555868525, {"__complex__": [12287.029296875, -1.656652245940471e-13]}, 9838], [0.03761114292794433, {"__complex__": [9831.74609375, 5.2884004006449256e-14]}, 13208], [0.04261303922036164, {"__complex__": [9301.109375, -2.071692833558944e-14]}, 16858], [0.04760505554480107, {"__complex__": [11804.796875, -5.522548428759863e-14]}, 21080], [0.05259133615803475, {"__complex__": [5594.640625, 9.086428204090839e-15]}, 25624], [0.05756841184374016, {"__complex__": [6012.1806640625, 2.2731447122835077e-14]}, 30728], [0.06256248327880025, {"__complex__": [8653.36328125, 1.913781328235272e-14]}, 36498], [0.06756661487904435, {"__complex__": [11640.9638671875, 4.3798088257291506e-14]}, 42528], [0.07257304507008182, {"__complex__": [4.535353183746338, 6.631731974552149e-14]}, 49152], [0.07756473030387098, {"__complex__": [-1553.188720703125, 3.341427069931957e-14]}, 55744], [0.08254764044823601, {"__complex__": [1421.1632080078125, 1.1945498979088268e-14]}, 63346], [0.08754405971893497, {"__complex__": [-758.0052490234375, 9.784444339000584e-15]}, 71388], [0.09254365223263855, {"__complex__": [-847.4666137695312, 2.9190671774426353e-15]}, 79762], [0.09754150838846357, {"__complex__": [6936.375, 3.6805350162993217e-14]}, 88564], [0.10254123052801507, {"__complex__": [5453.84033203125, -1.9008910114373667e-14]}, 97988], [0.10754181638082774, {"__complex__": [3083.41650390625, 2.1616837738092564e-15]}, 107708], [0.11254085353408888, {"__complex__": [3549.98583984375, -5.92183222150231e-15]}, 117952], [0.11753281793039293, {"__complex__": [2942.3974609375, 4.537264542623905e-15]}, 128288], [0.12252442444514552, {"__complex__": [3864.707275390625, -6.6632507481458395e-15]}, 139770], [0.12753052839909865, {"__complex__": [901.3328247070312, -3.447731144768382e-15]}, 151946], [0.13253665927256145, {"__complex__": [819.7048950195312, 8.53996066300499e-15]}, 163582], [0.13753197887556465, {"__complex__": [788.5194702148438, -9.594305771132728e-15]}, 175940], [0.1425260716253757, {"__complex__": [1857.2337646484375, 5.5417100927959446e-15]}, 189064], [0.14752506711896965, {"__complex__": [1709.2244873046875, 1.721916337814322e-14]}, 202824], [0.1525272624752809, {"__complex__": [841.7811889648438, -5.369561657694822e-15]}, 216806], [0.15752484634575162, {"__complex__": [1200.1285400390625, -1.714392482957041e-14]}, 230876], [0.16252366735405163, {"__complex__": [252.46104431152344, 1.040131725866221e-14]}, 246232], [0.1675242007800524, {"__complex__": [1015.40283203125, -3.4524116370766725e-15]}, 261330], [0.17252326579974073, {"__complex__": [-216.6688690185547, -1.2070616756826042e-14]}, 277280], [0.17752110470595878, {"__complex__": [1320.7564697265625, -7.937769153659887e-16]}, 293320], [0.1825207522633753, {"__complex__": [717.8883056640625, -1.499356948615597e-15]}, 310574], [0.18752231962759572, {"__complex__": [-293.3853454589844, 9.951242914006848e-15]}, 327560], [0.19252167162300435, {"__complex__": [927.0134887695312, -6.743475779679136e-15]}, 345268], [0.19752225984779248, {"__complex__": [520.4961547851562, -5.123575666515648e-15]}, 363544], [0.20251992290984697, {"__complex__": [648.9927368164062, 9.150709534457967e-15]}, 381660], [0.20751551078768798, {"__complex__": [34.82624053955078, 8.422129909712445e-15]}, 400854], [0.21251512379553542, {"__complex__": [291.0921936035156, 1.1060575283487967e-15]}, 421010], [0.21751870975885984, {"__complex__": [344.08892822265625, -3.1666148856183095e-15]}, 441160], [0.2225209082741387, {"__complex__": [-343.2533264160156, 6.0567785460435494e-15]}, 461296], [0.22752039891934017, {"__complex__": [160.08126831054688, 1.9314352312735936e-15]}, 482192], [0.23252118259031918, {"__complex__": [1375.2369384765625, -6.469314931575442e-15]}, 503860], [0.23751936566507853, {"__complex__": [477.0148620605469, -2.660800055561221e-15]}, 525024], [0.24251707186595864, {"__complex__": [1479.0428466796875, -5.523818215851092e-15]}, 547954], [0.24751627666670906, {"__complex__": [1086.16796875, -2.4485119996391384e-15]}, 570544], [0.2525167544702008, {"__complex__": [-54.21216583251953, -1.5668966029725763e-15]}, 594374], [0.25751857595461863, {"__complex__": [259.005859375, 0.0]}, 617900], [0.2625190906945416, {"__complex__": [-1350.14892578125, -5.0764653880552586e-15]}, 642106], [0.2675172479110602, {"__complex__": [-991.6943359375, -6.291662052866588e-15]}, 666112], [0.272514629608296, {"__complex__": [837.6473388671875, 6.731290893095528e-16]}, 691786], [0.27751615229387816, {"__complex__": [-28.468578338623047, -1.621392373458313e-15]}, 717996], [0.28251644607381426, {"__complex__": [909.6080932617188, 6.266029988849725e-16]}, 743152], [0.2875152531419474, {"__complex__": [-604.3907470703125, 0.0]}, 770192], [0.2925134012698469, {"__complex__": [-85.94847869873047, -8.185601041389365e-15]}, 796430], [0.2975118362281548, {"__complex__": [-560.3981323242188, -6.210171977626567e-15]}, 824820], [0.3025125080826814, {"__complex__": [-393.8081970214844, -2.184762033490147e-15]}, 852562], [0.30751063191170563, {"__complex__": [-272.6327209472656, 1.0578739532651174e-15]}, 880372], [0.3125111278203564, {"__complex__": [-348.8719177246094, 3.3237706257947938e-15]}, 910652], [0.31751269361539736, {"__complex__": [-149.67042541503906, 3.4713980923476145e-15]}, 938996], [0.3225130904459611, {"__complex__": [-272.99261474609375, 3.602880846227972e-16]}, 969352], [0.32751158760760724, {"__complex__": [-616.65966796875, 2.3321684244437344e-15]}, 998344], [0.3325089848249692, {"__complex__": [-89.89984893798828, 4.521325817776302e-16]}, 1029922], [0.33751027924368393, {"__complex__": [-483.2614440917969, 5.262115951852088e-15]}, 1061918], [0.34251253316973607, {"__complex__": [-344.5168151855469, -9.58350652457171e-16]}, 1093272], [0.34751415893089227, {"__complex__": [-403.39996337890625, -3.2065662533667426e-15]}, 1125464], [0.352514235068077, {"__complex__": [-292.26397705078125, 8.046817763476182e-16]}, 1157380], [0.357512374484406, {"__complex__": [353.1842041015625, -3.1300436028458946e-15]}, 1190172], [0.3625118834929162, {"__complex__": [385.43060302734375, 1.1407208694075213e-15]}, 1224650], [0.3675116774700016, {"__complex__": [165.47515869140625, -2.4063001127127203e-15]}, 1257864], [0.3725098709245497, {"__complex__": [-543.614013671875, 