{"edges": {"__dtype__": "<f8", "__shape__": [128], "__data__": [0.0, 0.005, 0.01, 0.015, 0.02, 0.025, 0.03, 0.035, 0.04, 0.045, 0.05, 0.055, 0.06, 0.065, 0.07, 0.075, 0.08, 0.085, 0.09, 0.095, 0.1, 0.105, 0.11, 0.115, 0.12, 0.125, 0.13, 0.135, 0.14, 0.145, 0.15, 0.155, 0.16, 0.165, 0.17, 0.17500000000000002, 0.18, 0.185, 0.19, 0.195, 0.2, 0.20500000000000002, 0.21, 0.215, 0.22, 0.225, 0.23, 0.23500000000000001, 0.24, 0.245, 0.25, 0.255, 0.26, 0.265, 0.27, 0.275, 0.28, 0.28500000000000003, 0.29, 0.295, 0.3, 0.305, 0.31, 0.315, 0.32, 0.325, 0.33, 0.335, 0.34, 0.34500000000000003, 0.35000000000000003, 0.355, 0.36, 0.365, 0.37, 0.375, 0.38, 0.385, 0.39, 0.395, 0.4, 0.405, 0.41000000000000003, 0.41500000000000004, 0.42, 0.425, 0.43, 0.435, 0.44, 0.445, 0.45, 0.455, 0.46, 0.465, 0.47000000000000003, 0.47500000000000003, 0.48, 0.485, 0.49, 0.495, 0.5, 0.505, 0.51, 0.515, 0.52, 0.525, 0.53, 0.535, 0.54, 0.545, 0.55, 0.555, 0.56, 0.5650000000000001, 0.5700000000000001, 0.5750000000000001, 0.58, 0.585, 0.59, 0.595, 0.6, 0.605, 0.61, 0.615, 0.62, 0.625, 0.63, 0.635]}, "poles": {"__dtype__": [["k", "<f8"], ["power_2", "<c8"], ["modes", "<i8"]], "__shape__": [127], "__data__": [[0.0037537781648676505, {"__complex__": [48481.69140625, -2.2678308883583576e-12]}, 77], [0.008050398333474014, {"__complex__": [34723.69140625, 1.0090744429272491e-12]}, 548], [0.012848609532355457, {"__complex__": [-103.29090118408203, 3.9329501569547454e-13]}, 1480], [0.017751579213119567, {"__complex__": [3241.357666015625, -6.485533139179156e-13]}, 2872], [0.022691827324042853, {"__complex__": [7972.07861328125, 7.374281036070379e-14]}, 4736], [0.027648005536595924, {"__complex__": [-992.8348999023438, -3.3091337694112974e-14]}, 7036], [0.032612636555868525, {"__complex__": [7662.60302734375, -4.7332922764641364e-14]}, 9838], [0.03761114292794433, {"__complex__": [14688.798828125, 4.847700339023417e-14]}, 13208], [0.04261303922036164, {"__complex__": [13742.35546875, -5.524513884010672e-14]}, 16858], [0.04760505554480107, {"__complex__": [10291.833984375, 3.3135291927811894e-14]}, 21080], [0.05259133615803475, {"__complex__": [11246.8740234375, 1.0903714183722185e-13]}, 25624], [0.05756841184374016, {"__complex__": [5934.30810546875, -5.682861780708769e-15]}, 30728], [0.06256248327880025, {"__complex__": [3095.333251953125, -6.379271432930753e-14]}, 36498], [0.06756661487904435, {"__complex__": [5972.05126953125, -1.9161664036081508e-14]}, 42528], [0.07257304507008182, {"__complex__": [-1080.0950927734375, 4.5001041060850275e-14]}, 49152], [0.07756473030387098, {"__complex__": [1941.1339111328125, 3.550266431209294e-14]}, 55744], [0.08254764044823601, {"__complex__": [3359.32080078125, 1.1026614768017227e-14]}, 63346], [0.08754405971893497, {"__complex__": [4791.72607421875, 1.956888867800117e-14]}, 71388], [0.09254365223263855, {"__complex__": [3212.707763671875, 8.209877005657673e-15]}, 79762], [0.09754150838846357, {"__complex__": [2446.41748046875, 1.708819853197055e-14]}, 88564], [0.10254123052801507, {"__complex__": [725.6719970703125, -1.425668258578025e-14]}, 97988], [0.10754181638082774, {"__complex__": [1251.781982421875, 2.472425814970848e-14]}, 107708], [0.11254085353408888, {"__complex__": [2448.413818359375, -7.895776012992097e-15]}, 117952], [0.11753281793039293, {"__complex__": [4822.61376953125, 1.814905944104504e-15]}, 128288], [0.12252442444514552, {"__complex__": [2429.715087890625, 1.6241673804484602e-14]}, 139770], [0.12753052839909865, {"__complex__": [961.3110961914062, 2.1452549345225488e-14]}, 151946], [0.13253665927256145, {"__complex__": [1758.174072265625, -2.6331545518770878e-14]}, 163582], [0.13753197887556465, {"__complex__": [2221.5263671875, -1.323352501901218e-15]}, 175940], [0.1425260716253757, {"__complex__": [2333.064453125, -2.647705900284559e-14]}, 189064], [0.14752506711896965, {"__complex__": [1593.4627685546875, 0.0]}, 202824], [0.1525272624752809, {"__complex__": [1390.3548583984375, 6.4434740739370815e-15]}, 216806], [0.15752484634575162, {"__complex__": [-548.3427124023438, -1.6135459261030702e-14]}, 230876], [0.16252366735405163, {"__complex__": [245.57537841796875, 9.455743039423186e-15]}, 246232], [0.1675242007800524, {"__complex__": [1598.4959716796875, 1.7818898703699524e-15]}, 261330], [0.17252326579974073, {"__complex__": [914.5429077148438, 1.6793900957853543e-15]}, 277280], [0.17752110470595878, {"__complex__": [766.884765625, 1.5875538307319774e-15]}, 293320], [0.1825207522633753, {"__complex__": [854.9934692382812, 1.4993569062639496e-14]}, 310574], [0.18752231962759572, {"__complex__": [850.3634643554688, 3.731715880994331e-15]}, 327560], [0.19252167162300435, {"__complex__": [860.8134155273438, 0.0]}, 345268], [0.19752225984779248, {"__complex__": [1346.5478515625, 5.123575666515648e-15]}, 363544], [0.20251992290984697, {"__complex__": [-1352.5758056640625, 1.5861228956225333e-14]}, 381660], [0.20751551078768798, {"__complex__": [99.27255249023438, 9.293384611126429e-15]}, 400854], [0.21251512379553542, {"__complex__": [1071.45849609375, 1.1060575283487967e-15]}, 421010], [0.21751870975885984, {"__complex__": [33.48011016845703, 2.111076731584364e-15]}, 441160], [0.2225209082741387, {"__complex__": [500.6167297363281, -6.0567785460435494e-15]}, 461296], [0.22752039891934017, {"__complex__": [266.2293701171875, -3.862870462547187e-15]}, 482192], [0.23252118259031918, {"__complex__": [123.35333251953125, -6.931408673752342e-15]}, 503860], [0.23751936566507853, {"__complex__": [311.8654479980469, -5.432466559522663e-15]}, 525024], [0.24251707186595864, {"__complex__": [-533.048583984375, 8.498182033431093e-16]}, 547954], [0.24751627666670906, {"__complex__": [21.237075805664062, -1.0610219300377643e-14]}, 570544], [0.2525167544702008, {"__complex__": [-475.7563171386719, 0.0]}, 594374], [0.25751857595461863, {"__complex__": [-329.4985046386719, 4.521715135294684e-15]}, 617900], [0.2625190906945416, {"__complex__": [-810.949462890625, 0.0]}, 642106], [0.2675172479110602, {"__complex__": [786.74072265625, -2.0972207548749415e-15]}, 666112], [0.272514629608296, {"__complex__": [1282.85546875, -9.423807356212857e-15]}, 691786], [0.27751615229387816, {"__complex__": [-663.7125244140625, 3.2427846410375077e-16]}, 717996], [0.28251644607381426, {"__complex__": [358.7585754394531, -1.253205997769945e-15]}, 743152], [0.2875152531419474, {"__complex__": [-480.7910461425781, -1.2092083536324781e-15]}, 770192], [0.2925134012698469, {"__complex__": [-646.5608520507812, -4.3851433015881043e-16]}, 796430], [0.2975118362281548, {"__complex__": [-738.3123168945312, -2.82280548287721e-15]}, 824820], [0.3025125080826814, {"__complex__": [-395.688232421875, -5.461905189604486e-15]}, 852562], [0.30751063191170563, {"__complex__": [-573.7745361328125, -1.586810876958117e-15]}, 880372], [0.3125111278203564, {"__complex__": [159.86749267578125, -1.27837335833612e-15]}, 910652], [0.31751269361539736, {"__complex__": [-198.88768005371094, 2.6035486751398293e-15]}, 938996], [0.3225130904459611, {"__complex__": [-264.85247802734375, -4.323456909594448e-15]}, 969352], [0.32751158760760724, {"__complex__": [-132.38343811035156, -2.0989516667026557e-15]}, 998344], [0.3325089848249692, {"__complex__": [-96.50676727294922, 2.712795384786663e-15]}, 1029922], [0.33751027924368393, {"__complex__": [-574.7325439453125, -2.631057975926044e-15]}, 1061918], [0.34251253316973607, {"__complex__": [-67.08331298828125, 3.833402609828684e-15]}, 1093272], [0.34751415893089227, {"__complex__": [599.5364990234375, -3.3100040110613065e-15]}, 1125464], [0.352514235068077, {"__complex__": [-799.6762084960938, -2.4140453819824137e-15]}, 1157380], [0.357512374484406, {"__complex__": [-583.273193359375, 1.5650218014229473e-15]}, 1190172], [0.3625118834929162, {"__complex__": [-379.12847900390625, -2.6616820286175496e-15]}, 1224650], [0.3675116774700016, {"__complex__": [-17.509252548217773, 1.1106000601658031e-15]}, 1257864], [0.3725098709245497, {"__complex__": 