{"poles": {"dims": ["k"], "edges": [{"__dtype__": "<f8", "__shape__": [86], "__data__": [0.0, 0.005, 0.01, 0.015, 0.02, 0.025, 0.03, 0.035, 0.04, 0.045, 0.05, 0.055, 0.06, 0.065, 0.07, 0.075, 0.08, 0.085, 0.09, 0.095, 0.1, 0.105, 0.11, 0.115, 0.12, 0.125, 0.13, 0.135, 0.14, 0.145, 0.15, 0.155, 0.16, 0.165, 0.17, 0.17500000000000002, 0.18, 0.185, 0.19, 0.195, 0.2, 0.20500000000000002, 0.21, 0.215, 0.22, 0.225, 0.23, 0.23500000000000001, 0.24, 0.245, 0.25, 0.255, 0.26, 0.265, 0.27, 0.275, 0.28, 0.28500000000000003, 0.29, 0.295, 0.3, 0.305, 0.31, 0.315, 0.32, 0.325, 0.33, 0.335, 0.34, 0.34500000000000003, 0.35000000000000003, 0.355, 0.36, 0.365, 0.37, 0.375, 0.38, 0.385, 0.39, 0.395, 0.4, 0.405, 0.41000000000000003, 0.41500000000000004, 0.42, 0.425]}], "coords": [{"__dtype__": "<f8", "__shape__": [85], "__data__": [0.0025, 0.0075, 0.0125, 0.0175, 0.0225, 0.0275, 0.0325, 0.037500000000000006, 0.042499999999999996, 0.0475, 0.052500000000000005, 0.057499999999999996, 0.0625, 0.0675, 0.07250000000000001, 0.0775, 0.0825, 0.0875, 0.0925, 0.0975, 0.10250000000000001, 0.1075, 0.1125, 0.1175, 0.1225, 0.1275, 0.1325, 0.1375, 0.14250000000000002, 0.1475, 0.1525, 0.1575, 0.1625, 0.1675, 0.17250000000000001, 0.1775, 0.1825, 0.1875, 0.1925, 0.1975, 0.2025, 0.20750000000000002, 0.2125, 0.2175, 0.2225, 0.2275, 0.2325, 0.2375, 0.2425, 0.2475, 0.2525, 0.2575, 0.2625, 0.2675, 0.2725, 0.2775, 0.28250000000000003, 0.2875, 0.2925, 0.2975, 0.3025, 0.3075, 0.3125, 0.3175, 0.3225, 0.3275, 0.3325, 0.3375, 0.3425, 0.34750000000000003, 0.35250000000000004, 0.3575, 0.3625, 0.3675, 0.3725, 0.3775, 0.3825, 0.3875, 0.3925, 0.3975, 0.4025, 0.40750000000000003, 0.41250000000000003, 0.4175, 0.4225]}], "data": {"__dtype__": [["k", "<f8"], ["power_0", "<c8"], ["modes", "<i8"]], "__shape__": [85], "__data__": [[0.003785962175218714, {"__complex__": [122348.8359375, 0.0]}, 223], [0.008055650047333739, {"__complex__": [112792.390625, 0.0]}, 1516], [0.012838659412058445, {"__complex__": [102846.171875, 2.818772843718627e-14]}, 4130], [0.017758445021159877, {"__complex__": [110070.765625, 2.889434703870833e-14]}, 8058], [0.022686221993372543, {"__complex__": [111979.8671875, 7.099577409254085e-14]}, 13118], [0.02764503576190599, {"__complex__": [102020.6875, 2.3537266835007772e-14]}, 19784], [0.032626124011193657, {"__complex__": [98870.8125, -8.472114170962868e-15]}, 27482], [0.03761517664423396, {"__complex__": [99257.4453125, -1.2655902970851608e-14]}, 36794], [0.042612076216348424, {"__complex__": [87922.1015625, 3.3395812157333005e-14]}, 47060], [0.04758810749327745, {"__complex__": [88376.4921875, -7.964650803032186e-15]}, 58466], [0.05257639262811682, {"__complex__": [88843.15625, -1.9420356368502444e-14]}, 71934], [0.057576644294676294, {"__complex__": [94019.1640625, 5.408628511288085e-15]}, 86096], [0.06257060468948772, {"__complex__": [87327.40625, 6.8704574534173436e-15]}, 101666], [0.06756431050677218, {"__complex__": [85446.84375, 2.9473724774410322e-15]}, 118494], [0.07255460479533274, {"__complex__": [83736.0, -1.9176694635730535e-15]}, 136590], [0.07755203808236072, {"__complex__": [82627.1640625, -1.1899148489181565e-14]}, 156536], [0.08254994891496988, {"__complex__": [81907.390625, -6.581003425450973e-15]}, 176896], [0.0875465852208996, {"__complex__": [79715.2890625, 8.173593502329088e-15]}, 199400], [0.09254606261661012, {"__complex__": [80623.609375, -7.322442280885237e-15]}, 222578], [0.09754095165434574, {"__complex__": [79858.265625, 5.6532876253553854e-15]}, 247110], [0.10253878096196406, {"__complex__": [78799.125, 7.661086900230454e-15]}, 273522], [0.1075376536617221, {"__complex__": [77243.71875, 2.8326380530871746e-15]}, 300528], [0.11253874421958751, {"__complex__": [78132.9375, 2.8236785620875922e-15]}, 329826], [0.11753930483919833, {"__complex__": [77539.265625, -3.2438147389804873e-15]}, 358884], [0.12253435939470513, {"__complex__": [77229.78125, 2.8342171342590934e-15]}, 390212], [0.1275324928771181, {"__complex__": [77295.59375, -1.100833240888369e-15]}, 423008], [0.13253098558293935, {"__complex__": [76091.3359375, -3.059883863824821e-15]}, 456548], [0.1375294182229233, {"__complex__": [76151.2265625, -1.4197567097600189e-15]}, 491980], [0.14252928720123362, {"__complex__": [75669.1796875, 3.085250594770956e-15]}, 528260], [0.14752710781464048, {"__complex__": [74208.9296875, -3.2923467622428433e-15]}, 565750], [0.15252590457329984, {"__complex__": [74886.109375, -1.3466958828945992e-15]}, 605116], [0.15752627544450365, {"__complex__": [74570.5546875, -1.0822050805541156e-15]}, 645434], [0.1625268432433497, {"__complex__": [74512.5703125, 2.0326565155034297e-15]}, 687270], [0.16752762298865234, {"__complex__": [73760.0859375, 6.379515992518449e-16]}, 729932], [0.17252411279445126, {"__complex__": [73429.46875, -3.0113069478162604e-15]}, 773188], [0.17752203527930777, {"__complex__": [73009.921875, -5.678630109983405e-16]}, 820024], [0.18252363779831107, {"__complex__": [74184.6171875, 0.0]}, 866702], [0.18752234050808908, {"__complex__": [73561.4375, 3.056596528956527e-15]}, 914078], [0.19252201016210274, {"__complex__": [73074.90625, -2.6556297664511808e-15]}, 964418], [0.19752271477956754, {"__complex__": [73215.484375, 1.6060292074983698e-15]}, 1014810], [0.20252178570627094, {"__complex__": [73511.484375, -8.733070622451815e-16]}, 1066432], [0.20751974798690762, {"__complex__": [72920.78125, -2.599628553720377e-16]}, 1119538], [0.2125197454352182, {"__complex__": [73160.5859375, -5.149867145681948e-15]}, 1175486], [0.2175192296548309, {"__complex__": [73056.359375, 1.1360770112741995e-15]}, 1229656], [0.22251681667262319, {"__complex__": [72785.40625, -1.808053447561217e-15]}, 1287742], [0.22751746426403283, {"__complex__": [73103.5546875, 3.4572560302602567e-16]}, 1346910], [0.23251730364615478, {"__complex__": [72443.5234375, -1.3251261888927684e-15]}, 1405636], [0.23751678657474465, {"__complex__": [72617.6953125, -1.7448553664545078e-15]}, 1467822], [0.2425174971485461, {"__complex__": [72491.4296875, 9.132225369724747e-16]}, 1529730], [0.24751707342858845, {"__complex__": [72121.6484375, 1.1689444307265082e-15]}, 1593442], [0.2525171832510974, {"__complex__": [71912.046875, 0.0]}, 1658816], [0.2575157181508458, {"__complex__": [71996.4296875, -1.0806788330622818e-15]}, 1723588], [0.2625146768272274, {"__complex__": [71741.484375, 1.5581147771336805e-15]}, 1793172], [0.2675153728644548, {"__complex__": [71857.5546875, 2.5017689844395157e-16]}, 1861328], [0.2725140790996068, {"__complex__": [71815.546875, -4.82325653517661e-16]}, 1930900], [0.2775148647609448, {"__complex__": [71582.421875, -1.8583430641891255e-15]}, 2004630], [0.28251520974118804, {"__complex__": [71767.078125, 1.1782336293008093e-15]}, 2074904], [0.28751406015515885, {"__complex__": [72067.21875, 1.2991972398278934e-15]}, 2150534], [0.29251361364437867, {"__complex__": [71975.4140625, 6.279233644310644e-16]}, 2224768], [0.2975131524186939, {"__complex__": [71819.953125, -1.4154428768387711e-15]}, 2302904], [0.3025147259314174, {"__complex__": [71624.1875, -9.777098022249048e-16]}, 2381388], [0.3075149652713783, {"__complex__": [72128.71875, 1.3256129152000844e-15]}, 2458960], [0.31251335064096714, {"__complex__": [71782.9296875, -7.334195710061338e-16]}, 2539672], [0.31751349612987984, {"__complex__": [71449.1015625, -1.3314204907238151e-15]}, 2623108], [0.32251268944270295, {"__complex__": [71244.0546875, 1.7220984498979817e-16]}, 2704034], [0.32751171630842707, {"__complex__": [71762.390625, 5.006191828981898e-16]}, 2790512], [0.33251237563902225, {"__complex__": [71903.140625, -3.2380875786471865e-16]}, 2876150], [0.3375123279265873, {"__complex__": [71571.484375, 1.5716009445522879e-16]}, 2962974], [0.34251273719712905, {"__complex__": [71568.953125, 3.8144246778267735e-16]}, 3051976], [0.34751247641754474, {"__complex__": [71776.703125, -5.930933167004084e-16]}, 3140560], [0.35251198333721223, {"__complex__": [71449.6484375, -8.643429125643892e-16]}, 3232476], 