{"poles": {"dims": ["k"], "edges": [{"__dtype__": "<f8", "__shape__": [94], "__data__": [0.0, 0.005, 0.01, 0.015, 0.02, 0.025, 0.03, 0.035, 0.04, 0.045, 0.05, 0.055, 0.06, 0.065, 0.07, 0.075, 0.08, 0.085, 0.09, 0.095, 0.1, 0.105, 0.11, 0.115, 0.12, 0.125, 0.13, 0.135, 0.14, 0.145, 0.15, 0.155, 0.16, 0.165, 0.17, 0.17500000000000002, 0.18, 0.185, 0.19, 0.195, 0.2, 0.20500000000000002, 0.21, 0.215, 0.22, 0.225, 0.23, 0.23500000000000001, 0.24, 0.245, 0.25, 0.255, 0.26, 0.265, 0.27, 0.275, 0.28, 0.28500000000000003, 0.29, 0.295, 0.3, 0.305, 0.31, 0.315, 0.32, 0.325, 0.33, 0.335, 0.34, 0.34500000000000003, 0.35000000000000003, 0.355, 0.36, 0.365, 0.37, 0.375, 0.38, 0.385, 0.39, 0.395, 0.4, 0.405, 0.41000000000000003, 0.41500000000000004, 0.42, 0.425, 0.43, 0.435, 0.44, 0.445, 0.45, 0.455, 0.46, 0.465]}], "coords": [{"__dtype__": "<f8", "__shape__": [93], "__data__": [0.0025, 0.0075, 0.0125, 0.0175, 0.0225, 0.0275, 0.0325, 0.037500000000000006, 0.042499999999999996, 0.0475, 0.052500000000000005, 0.057499999999999996, 0.0625, 0.0675, 0.07250000000000001, 0.0775, 0.0825, 0.0875, 0.0925, 0.0975, 0.10250000000000001, 0.1075, 0.1125, 0.1175, 0.1225, 0.1275, 0.1325, 0.1375, 0.14250000000000002, 0.1475, 0.1525, 0.1575, 0.1625, 0.1675, 0.17250000000000001, 0.1775, 0.1825, 0.1875, 0.1925, 0.1975, 0.2025, 0.20750000000000002, 0.2125, 0.2175, 0.2225, 0.2275, 0.2325, 0.2375, 0.2425, 0.2475, 0.2525, 0.2575, 0.2625, 0.2675, 0.2725, 0.2775, 0.28250000000000003, 0.2875, 0.2925, 0.2975, 0.3025, 0.3075, 0.3125, 0.3175, 0.3225, 0.3275, 0.3325, 0.3375, 0.3425, 0.34750000000000003, 0.35250000000000004, 0.3575, 0.3625, 0.3675, 0.3725, 0.3775, 0.3825, 0.3875, 0.3925, 0.3975, 0.4025, 0.40750000000000003, 0.41250000000000003, 0.4175, 0.4225, 0.4275, 0.4325, 0.4375, 0.4425, 0.4475, 0.4525, 0.4575, 0.4625]}], "data": {"__dtype__": [["k", "<f8"], ["power_0", "<c8"], ["modes", "<i8"]], "__shape__": [93], "__data__": [[0.0037081367915242675, {"__complex__": [103684.4765625, -3.0475215450145865e-13]}, 191], [0.008018577791264523, {"__complex__": [104490.4921875, 1.898075880496508e-13]}, 1380], [0.012844085612331841, {"__complex__": [102328.0234375, 0.0]}, 3770], [0.01775141230162106, {"__complex__": [118614.0625, 8.022004250923722e-15]}, 7256], [0.022691010615224643, {"__complex__": [112249.2421875, 1.938639881764702e-14]}, 12010], [0.027661296094027222, {"__complex__": [107606.9609375, 1.0503537194736859e-14]}, 17924], [0.03263163473973046, {"__complex__": [103206.953125, -3.271405905501054e-14]}, 24910], [0.03760885918999335, {"__complex__": [105098.75, -1.5760196560342735e-14]}, 33240], [0.04258994605322728, {"__complex__": [99207.0078125, 6.837342276827963e-15]}, 42566], [0.047583805693835864, {"__complex__": [97315.4296875, -1.1972853908119845e-14]}, 53478], [0.052589415944125126, {"__complex__": [93209.171875, 1.6055318085759183e-14]}, 65258], [0.057576993125266096, {"__complex__": [94501.078125, -1.496571692526788e-15]}, 77788], [0.0625679362273907, {"__complex__": [91661.421875, 5.037552694458396e-15]}, 92438], [0.06756372941029527, {"__complex__": [90991.109375, -1.0567249318963433e-14]}, 107412], [0.07255867544245412, {"__complex__": [91343.4140625, 1.8740091503068306e-15]}, 124242], [0.07755343255815964, {"__complex__": [88944.015625, -4.522803572631906e-15]}, 141568], [0.08254944316463679, {"__complex__": [86214.15625, 9.044860909237281e-15]}, 160886], [0.0875469705282893, {"__complex__": [85877.0703125, -1.0961651576127558e-14]}, 180544], [0.09254207143002044, {"__complex__": [84163.71875, 4.3222653989354574e-16]}, 202004], [0.09754200795670145, {"__complex__": [83753.375, 1.166548492156081e-15]}, 224538], [0.10254171329034444, {"__complex__": [84280.4453125, 2.816068182814749e-15]}, 248038], [0.10754099109209159, {"__complex__": [82949.1171875, 1.0132308700218427e-15]}, 272876], [0.11253870054955198, {"__complex__": [82567.2421875, 0.0]}, 298594], [0.11753608765430268, {"__complex__": [81745.0625, 1.4287769753735667e-15]}, 325916], [0.12253572907412832, {"__complex__": [82265.140625, 2.9569217151301404e-15]}, 354334], [0.1275331697481456, {"__complex__": [81019.5625, -3.871159103452544e-15]}, 383424], [0.13252928315027618, {"__complex__": [80176.4453125, -1.6862417452956943e-15]}, 414230], [0.13752809598823948, {"__complex__": [80772.5, -8.476147530099456e-16]}, 446370], [0.1425292748907053, {"__complex__": [80145.3515625, -1.2744661012295544e-15]}, 479558], [0.14752984329410787, {"__complex__": [80378.4921875, 1.1334768318843657e-15]}, 513532], [0.15252898535896237, {"__complex__": [79947.0078125, -1.5905760442877807e-15]}, 548930], [0.15752847498756622, {"__complex__": [79141.4921875, 2.1124020999188008e-16]}, 585548], [0.16252705956276423, {"__complex__": [79367.7578125, 1.868342923406173e-15]}, 623094], [0.16752723347134682, {"__complex__": [77851.078125, 2.1082730525289525e-15]}, 662620], [0.17252557298757182, {"__complex__": [78345.5, 1.6591084477287217e-16]}, 701674], [0.1775232051718564, {"__complex__": [78538.53125, 9.391311572466156e-16]}, 743764], [0.1825215844754662, {"__complex__": [78068.8125, 2.9636547270883056e-16]}, 785620], [0.18752064712987349, {"__complex__": [78556.359375, -2.804850607856905e-16]}, 830100], [0.19252067437217257, {"__complex__": [78217.7109375, 1.3313463753409304e-15]}, 874418], [0.19751987908784707, {"__complex__": [78053.8828125, 2.1495591324440216e-15]}, 920682], [0.20251936794243589, {"__complex__": [77787.1640625, 1.9849302323321494e-15]}, 967718], [0.20751955964231095, {"__complex__": [77629.2109375, 1.1451798626001047e-15]}, 1016568], [0.2125192859071403, {"__complex__": [77759.6796875, -3.2778335409059105e-16]}, 1065478], [0.21751870204394746, {"__complex__": [77205.15625, -7.818705967429086e-16]}, 1116700], [0.22251763655620238, {"__complex__": [77208.21875, -1.7941854006322958e-15]}, 1167926], [0.2275173612096972, {"__complex__": [76937.3046875, 9.526357211620462e-16]}, 1222034], [0.23251753944930767, {"__complex__": [76904.4140625, 2.4983806408922617e-15]}, 1275574], [0.237518608068736, {"__complex__": [77309.7265625, 8.738393165734124e-16]}, 1332228], [0.24251933382685822, {"__complex__": [76902.671875, -2.9364461759379254e-16]}, 1387574], [0.2475188275283454, {"__complex__": [77409.6484375, -4.830498137480042e-16]}, 1446004], [0.2525176353551358, {"__complex__": [76943.296875, -3.0961481500934153e-16]}, 1504002], [0.25751592740199597, {"__complex__": [76868.2734375, -1.1159529378155359e-16]}, 1564788], [0.2625152321376914, {"__complex__": [77098.625, -6.980134349922264e-16]}, 1626114], [0.2675142035428968, {"__complex__": [76612.65625, 4.826265619721731e-16]}, 1688484], [0.27251407722071946, {"__complex__": [76967.78125, 3.9847336220642554e-16]}, 1752920], [0.277514999580621, {"__complex__": [77000.3203125, 1.0886568246342332e-15]}, 1817892], [0.28251513318998955, {"__complex__": [77157.4140625, -1.8543908349270166e-16]}, 1883346], [0.2875150555774266, {"__complex__": [76697.03125, 7.607479773185505e-16]}, 1951100], [0.2925143032383768, {"__complex__": [76592.4921875, 1.153480044329368e-15]}, 2018506], [0.2975129983065177, {"__complex__": [76447.09375, 6.131117757384613e-16]}, 2088638], [0.30251265006104155, {"__complex__": [76265.0, 1.347554244907523e-16]}, 2159752], [0.3075131135075962, {"__complex__": [76221.1484375, -1.5646870381203246e-16]}, 2232050], [0.31251255553945134, {"__complex__": [75668.9609375, -1.3642135830350022e-15]}, 2304048], [0.3175120364779517, {"__complex__": [76041.3515625, 4.4030890180646667e-16]}, 2379552], [0.3225126598898453, {"__complex__": [76208.1953125, 2.8452088161178165e-16]}, 2454976], [0.3275133985704822, {"__complex__": [76261.2421875, -1.287380389059867e-15]}, 2531986], [0.33251410375899365, {"__complex__": [76300.0234375, 3.568947647569781e-16]}, 2609516], [0.3375135412275565, {"__complex__": [76023.2578125, -6.93042728020383e-16]}, 2687634], [0.34251245849241974, {"__complex__": [76201.1484375, -3.3643762206158625e-16]}, 2768188], [0.3475114266102975, {"__complex__": [76381.5625, 