{"edges": {"__dtype__": "<f8", "__shape__": [128], "__data__": [0.0, 0.005, 0.01, 0.015, 0.02, 0.025, 0.03, 0.035, 0.04, 0.045, 0.05, 0.055, 0.06, 0.065, 0.07, 0.075, 0.08, 0.085, 0.09, 0.095, 0.1, 0.105, 0.11, 0.115, 0.12, 0.125, 0.13, 0.135, 0.14, 0.145, 0.15, 0.155, 0.16, 0.165, 0.17, 0.17500000000000002, 0.18, 0.185, 0.19, 0.195, 0.2, 0.20500000000000002, 0.21, 0.215, 0.22, 0.225, 0.23, 0.23500000000000001, 0.24, 0.245, 0.25, 0.255, 0.26, 0.265, 0.27, 0.275, 0.28, 0.28500000000000003, 0.29, 0.295, 0.3, 0.305, 0.31, 0.315, 0.32, 0.325, 0.33, 0.335, 0.34, 0.34500000000000003, 0.35000000000000003, 0.355, 0.36, 0.365, 0.37, 0.375, 0.38, 0.385, 0.39, 0.395, 0.4, 0.405, 0.41000000000000003, 0.41500000000000004, 0.42, 0.425, 0.43, 0.435, 0.44, 0.445, 0.45, 0.455, 0.46, 0.465, 0.47000000000000003, 0.47500000000000003, 0.48, 0.485, 0.49, 0.495, 0.5, 0.505, 0.51, 0.515, 0.52, 0.525, 0.53, 0.535, 0.54, 0.545, 0.55, 0.555, 0.56, 0.5650000000000001, 0.5700000000000001, 0.5750000000000001, 0.58, 0.585, 0.59, 0.595, 0.6, 0.605, 0.61, 0.615, 0.62, 0.625, 0.63, 0.635]}, "poles": {"__dtype__": [["k", "<f8"], ["power_0", "<c8"], ["modes", "<i8"]], "__shape__": [127], "__data__": [[0.0037537781648676505, {"__complex__": [88271.203125, 5.3152286445899005e-14]}, 77], [0.008050398333474014, {"__complex__": [92051.859375, -3.1118660640395805e-15]}, 548], [0.012848609532355457, {"__complex__": [101680.3125, 1.5670348387495682e-14]}, 1480], [0.017751579213119567, {"__complex__": [110149.9453125, 2.905506307012036e-14]}, 2872], [0.022691827324042853, {"__complex__": [111135.2890625, 1.2111182858735945e-14]}, 4736], [0.027648005536595924, {"__complex__": [101767.4296875, -6.951927623383104e-15]}, 7036], [0.032612636555868525, {"__complex__": [95048.109375, -7.732334229555802e-15]}, 9838], [0.03761114292794433, {"__complex__": [92291.484375, -1.9528090489063718e-15]}, 13208], [0.04261303922036164, {"__complex__": [96051.8671875, 1.996583711620474e-15]}, 16858], [0.04760505554480107, {"__complex__": [92654.3515625, -5.09716644976968e-15]}, 21080], [0.05259133615803475, {"__complex__": [90198.765625, 5.221479546207563e-16]}, 25624], [0.05756841184374016, {"__complex__": [88585.8203125, 3.5899428944146956e-15]}, 30728], [0.06256248327880025, {"__complex__": [88434.8515625, 1.1368333058169792e-15]}, 36498], [0.06756661487904435, {"__complex__": [87061.46875, -2.027887931768625e-15]}, 42528], [0.07257304507008182, {"__complex__": [82247.4765625, -1.1783109210572462e-15]}, 49152], [0.07756473030387098, {"__complex__": [83266.8046875, -3.811850703518745e-15]}, 55744], [0.08254764044823601, {"__complex__": [81271.859375, 1.268289536978176e-15]}, 63346], [0.08754405971893497, {"__complex__": [82760.78125, 6.329272645065284e-16]}, 71388], [0.09254365223263855, {"__complex__": [82409.6015625, -1.6146714846592054e-15]}, 79762], [0.09754150838846357, {"__complex__": [79441.109375, -2.4381681921059465e-16]}, 88564], [0.10254123052801507, {"__complex__": [79949.1015625, -2.603338558029351e-16]}, 97988], [0.10754181638082774, {"__complex__": [80106.265625, -2.325584807921641e-16]}, 107708], [0.11254085353408888, {"__complex__": [79898.640625, -4.042103428279585e-16]}, 117952], [0.11753281793039293, {"__complex__": [77783.4375, -1.03905134592991e-16]}, 128288], [0.12252442444514552, {"__complex__": [78015.953125, 1.4835445375562537e-15]}, 139770], [0.12753052839909865, {"__complex__": [78879.90625, 4.520798010371045e-16]}, 151946], [0.13253665927256145, {"__complex__": [78075.03125, -5.660317257663767e-16]}, 163582], [0.13753197887556465, {"__complex__": [78299.7109375, -8.46182526175257e-16]}, 175940], [0.1425260716253757, {"__complex__": [77259.359375, 1.259506334710741e-15]}, 189064], [0.14752506711896965, {"__complex__": [77170.8046875, 2.0621868104320136e-16]}, 202824], [0.1525272624752809, {"__complex__": [76595.2890625, -1.6175563729984351e-15]}, 216806], [0.15752484634575162, {"__complex__": [76070.4453125, -7.0286058103288915e-16]}, 230876], [0.16252366735405163, {"__complex__": [77265.5078125, -1.145734748589895e-16]}, 246232], [0.1675242007800524, {"__complex__": [75198.1484375, -3.415015820669665e-16]}, 261330], [0.17252326579974073, {"__complex__": [75301.65625, 7.4910884465077e-16]}, 277280], [0.17752110470595878, {"__complex__": [75395.7734375, -4.839379476455351e-17]}, 293320], [0.1825207522633753, {"__complex__": [75835.8828125, -2.6101361628671893e-17]}, 310574], [0.18752231962759572, {"__complex__": [75410.8359375, -3.294904431166637e-16]}, 327560], [0.19252167162300435, {"__complex__": [75291.265625, 2.0843387072361837e-16]}, 345268], [0.19752225984779248, {"__complex__": [74375.5546875, 3.751556039596987e-16]}, 363544], [0.20251992290984697, {"__complex__": [74916.3125, -5.367980247182299e-16]}, 381660], [0.20751551078768798, {"__complex__": [74793.9140625, 4.419754126604099e-16]}, 400854], [0.21251512379553542, {"__complex__": [74684.4375, -6.794951771828793e-16]}, 421010], [0.21751870975885984, {"__complex__": [74794.265625, 1.0448820428061228e-16]}, 441160], [0.2225209082741387, {"__complex__": [74718.0390625, -1.2323895278164602e-16]}, 461296], [0.22752039891934017, {"__complex__": [74167.4765625, 5.5099933278978115e-17]}, 482192], [0.23252118259031918, {"__complex__": [74024.9453125, 2.5545396664490507e-16]}, 503860], [0.23751936566507853, {"__complex__": [73688.1328125, 3.002286576323594e-16]}, 525024], [0.24251707186595864, {"__complex__": [74364.0078125, 3.6671232660190865e-17]}, 547954], [0.24751627666670906, {"__complex__": [74683.1875, 5.102432771240115e-16]}, 570544], [0.2525167544702008, {"__complex__": [74445.609375, 6.96138792261275e-17]}, 594374], [0.25751857595461863, {"__complex__": [74000.609375, -2.3134036800467363e-16]}, 617900], [0.2625190906945416, {"__complex__": [73477.53125, -3.021735776281533e-16]}, 642106], [0.2675172479110602, {"__complex__": [73745.8359375, 2.8263657741127565e-16]}, 666112], [0.272514629608296, {"__complex__": [73373.2421875, -2.487347983814715e-16]}, 691786], [0.27751615229387816, {"__complex__": [73540.0546875, 4.808708744307518e-16]}, 717996], [0.28251644607381426, {"__complex__": [73322.21875, 6.317564796849657e-17]}, 743152], [0.2875152531419474, {"__complex__": [73465.46875, 4.338478668337089e-16]}, 770192], [0.2925134012698469, {"__complex__": [73536.484375, 2.381910116633888e-16]}, 796430], [0.2975118362281548, {"__complex__": [73671.75, -1.9136184226236914e-16]}, 824820], [0.3025125080826814, {"__complex__": [73287.375, 4.367124032211474e-18]}, 852562], [0.30751063191170563, {"__complex__": [73372.3515625, -9.099956855505707e-17]}, 880372], [0.3125111278203564, {"__complex__": [73749.546875, -1.8554514789956565e-17]}, 910652], [0.31751269361539736, {"__complex__": [73477.53125, -2.6862403195550895e-16]}, 938996], [0.3225130904459611, {"__complex__": [73333.4765625, 3.6877630766635097e-17]}, 969352], [0.32751158760760724, {"__complex__": [73055.5546875, 2.2892161248422977e-16]}, 998344], [0.3325089848249692, {"__complex__": [72893.734375, -1.4834737838353783e-16]}, 1029922], [0.33751027924368393, {"__complex__": [72751.65625, -2.1819343728144162e-17]}, 1061918], [0.34251253316973607, {"__complex__": [73348.9453125, -1.0629080950637763e-16]}, 1093272], [0.34751415893089227, {"__complex__": [72992.9453125, -9.220620338436777e-18]}, 1125464], [0.352514235068077, {"__complex__": [72882.796875, 1.9007770060966222e-16]}, 1157380], [0.357512374484406, {"__complex__": [73177.09375, 1.3787805446419713e-17]}, 1190172], [0.3625118834929162, {"__complex__": [72992.359375, 2.5648205288463497e-16]}, 1224650], [0.3675116774700016, {"__complex__": [73059.359375, 2.4642202785855286e-16]}, 1257864], [0.3725098709245497, {"__complex__": [73327.25, -4.5508840250874764e-17]}, 1292312], [0.37751067052804127, {"__complex__": [73274.59375, -1.130822468855687e-16]}, 1328534], [0.3825116981355865, {"__complex__": [73228.09375, 5.39633441039384e-17]}, 1362848], [0.3875116125361288, {"__complex__": [73354.390625, -2.157986236766475e-16]}, 