{"edges": {"__dtype__": "<f8", "__shape__": [128], "__data__": [0.0, 0.005, 0.01, 0.015, 0.02, 0.025, 0.03, 0.035, 0.04, 0.045, 0.05, 0.055, 0.06, 0.065, 0.07, 0.075, 0.08, 0.085, 0.09, 0.095, 0.1, 0.105, 0.11, 0.115, 0.12, 0.125, 0.13, 0.135, 0.14, 0.145, 0.15, 0.155, 0.16, 0.165, 0.17, 0.17500000000000002, 0.18, 0.185, 0.19, 0.195, 0.2, 0.20500000000000002, 0.21, 0.215, 0.22, 0.225, 0.23, 0.23500000000000001, 0.24, 0.245, 0.25, 0.255, 0.26, 0.265, 0.27, 0.275, 0.28, 0.28500000000000003, 0.29, 0.295, 0.3, 0.305, 0.31, 0.315, 0.32, 0.325, 0.33, 0.335, 0.34, 0.34500000000000003, 0.35000000000000003, 0.355, 0.36, 0.365, 0.37, 0.375, 0.38, 0.385, 0.39, 0.395, 0.4, 0.405, 0.41000000000000003, 0.41500000000000004, 0.42, 0.425, 0.43, 0.435, 0.44, 0.445, 0.45, 0.455, 0.46, 0.465, 0.47000000000000003, 0.47500000000000003, 0.48, 0.485, 0.49, 0.495, 0.5, 0.505, 0.51, 0.515, 0.52, 0.525, 0.53, 0.535, 0.54, 0.545, 0.55, 0.555, 0.56, 0.5650000000000001, 0.5700000000000001, 0.5750000000000001, 0.58, 0.585, 0.59, 0.595, 0.6, 0.605, 0.61, 0.615, 0.62, 0.625, 0.63, 0.635]}, "poles": {"__dtype__": [["k", "<f8"], ["power_0", "<c8"], ["modes", "<i8"]], "__shape__": [127], "__data__": [[0.0037537781648676505, {"__complex__": [118344.1015625, 1.1339154441791788e-12]}, 77], [0.008050398333474014, {"__complex__": [109663.921875, -1.5932753434731023e-13]}, 548], [0.012848609532355457, {"__complex__": [101729.96875, 2.359770094172847e-13]}, 1480], [0.017751579213119567, {"__complex__": [105771.5859375, 8.106916423973945e-14]}, 2872], [0.022691827324042853, {"__complex__": [111141.8515625, -4.916187696193432e-14]}, 4736], [0.027648005536595924, {"__complex__": [104983.59375, 0.0]}, 7036], [0.032612636555868525, {"__complex__": [110624.859375, 1.1833230691160341e-14]}, 9838], [0.03761114292794433, {"__complex__": [100370.9296875, 4.241737711942195e-14]}, 13208], [0.04261303922036164, {"__complex__": [98788.1796875, -8.632053473162267e-15]}, 16858], [0.04760505554480107, {"__complex__": [97994.96875, 3.3135291927811894e-14]}, 21080], [0.05259133615803475, {"__complex__": [98386.5859375, -3.2938302557466645e-14]}, 25624], [0.05756841184374016, {"__complex__": [93892.0859375, -3.788574661644671e-15]}, 30728], [0.06256248327880025, {"__complex__": [92729.6796875, -1.4752064722784244e-14]}, 36498], [0.06756661487904435, {"__complex__": [90066.9921875, 1.0265177041181815e-14]}, 42528], [0.07257304507008182, {"__complex__": [88700.0, -1.3026617104612819e-14]}, 49152], [0.07756473030387098, {"__complex__": [90427.3828125, 1.827342928869039e-15]}, 55744], [0.08254764044823601, {"__complex__": [89319.2734375, 4.594422749421099e-15]}, 63346], [0.08754405971893497, {"__complex__": [87423.046875, -8.153703474661662e-15]}, 71388], [0.09254365223263855, {"__complex__": [86887.1796875, 7.024005468513235e-15]}, 79762], [0.09754150838846357, {"__complex__": [84522.0078125, 3.943430495611123e-15]}, 88564], [0.10254123052801507, {"__complex__": [84870.53125, -9.504455057186834e-15]}, 97988], [0.10754181638082774, {"__complex__": [85491.3046875, 0.0]}, 107708], [0.11254085353408888, {"__complex__": [83910.3671875, 8.512633686060672e-15]}, 117952], [0.11753281793039293, {"__complex__": [80958.828125, -3.176085349243323e-15]}, 128288], [0.12252442444514552, {"__complex__": [82024.921875, -5.830344616385846e-15]}, 139770], [0.12753052839909865, {"__complex__": [82043.9296875, 3.83081238307598e-16]}, 151946], [0.13253665927256145, {"__complex__": [82263.96875, 6.760802262131696e-15]}, 163582], [0.13753197887556465, {"__complex__": [81904.5, -7.278438919275376e-15]}, 175940], [0.1425260716253757, {"__complex__": [80678.1484375, 7.696819514505968e-16]}, 189064], [0.14752506711896965, {"__complex__": [80481.578125, -8.60958168907161e-16]}, 202824], [0.1525272624752809, {"__complex__": [80207.6640625, -2.1478246207262816e-15]}, 216806], [0.15752484634575162, {"__complex__": [80511.4609375, -2.836311211462943e-15]}, 230876], [0.16252366735405163, {"__complex__": [79372.390625, -3.3095099790948204e-15]}, 246232], [0.1675242007800524, {"__complex__": [79652.5390625, -1.7818898703699524e-15]}, 261330], [0.17252326579974073, {"__complex__": [79298.265625, -2.204199533805502e-15]}, 277280], [0.17752110470595878, {"__complex__": [78874.9453125, 7.937769153659887e-16]}, 293320], [0.1825207522633753, {"__complex__": [79551.578125, 7.496784743077985e-16]}, 310574], [0.18752231962759572, {"__complex__": [79349.8671875, -1.6881572044267915e-15]}, 327560], [0.19252167162300435, {"__complex__": [79271.578125, 1.6858689978593432e-16]}, 345268], [0.19752225984779248, {"__complex__": [79265.453125, -5.443799013323978e-15]}, 363544], [0.20251992290984697, {"__complex__": [78745.4921875, -7.62559079343568e-17]}, 381660], [0.20751551078768798, {"__complex__": [79233.109375, 1.7425096145862054e-15]}, 400854], [0.21251512379553542, {"__complex__": [78619.734375, -2.62688676217729e-15]}, 421010], [0.21751870975885984, {"__complex__": [78558.328125, 2.638845914480455e-16]}, 441160], [0.2225209082741387, {"__complex__": [78541.4609375, 6.309144495260561e-16]}, 461296], [0.22752039891934017, {"__complex__": [78374.765625, -1.2071469930762164e-15]}, 482192], [0.23252118259031918, {"__complex__": [78780.3515625, -3.4657043898157303e-16]}, 503860], [0.23751936566507853, {"__complex__": [78593.4140625, -8.869333342072206e-16]}, 525024], [0.24251707186595864, {"__complex__": [77973.46875, 1.4871819087900005e-15]}, 547954], [0.24751627666670906, {"__complex__": [77927.6640625, -1.4793093728199822e-15]}, 570544], [0.2525167544702008, {"__complex__": [77477.703125, -2.154482723208174e-15]}, 594374], [0.25751857595461863, {"__complex__": [77573.21875, -2.425711778523184e-15]}, 617900], [0.2625190906945416, {"__complex__": [77723.1796875, -2.85551196606954e-15]}, 642106], [0.2675172479110602, {"__complex__": [78218.484375, 1.3107629717968385e-16]}, 666112], [0.272514629608296, {"__complex__": [77827.9140625, -1.682822723273882e-16]}, 691786], [0.27751615229387816, {"__complex__": [77647.640625, -6.282895473620743e-16]}, 717996], [0.28251644607381426, {"__complex__": [77241.9765625, 3.1330149944248627e-16]}, 743152], [0.2875152531419474, {"__complex__": [77583.28125, 1.284783809560059e-15]}, 770192], [0.2925134012698469, {"__complex__": [77600.25, 3.1426859931001387e-15]}, 796430], [0.2975118362281548, {"__complex__": [77187.6953125, -1.234977425228559e-15]}, 824820], [0.3025125080826814, {"__complex__": [77242.828125, -1.2545313925741612e-15]}, 852562], [0.30751063191170563, {"__complex__": [77218.5546875, -1.0578739532651174e-15]}, 880372], [0.3125111278203564, {"__complex__": [77267.3203125, 3.83512007500836e-16]}, 910652], [0.31751269361539736, {"__complex__": [77636.4765625, -1.1777958191461972e-15]}, 938996], [0.3225130904459611, {"__complex__": [77185.4921875, -3.602880846227972e-16]}, 969352], [0.32751158760760724, {"__complex__": [76993.8515625, 6.996505379210322e-16]}, 998344], [0.3325089848249692, {"__complex__": [77272.5234375, 5.651657404569276e-16]}, 1029922], [0.33751027924368393, {"__complex__": [77535.5703125, -2.5214305249694193e-15]}, 1061918], [0.34251253316973607, {"__complex__": [77321.1328125, -5.32417011496353e-16]}, 1093272], [0.34751415893089227, {"__complex__": [77463.125, -4.3960991433652466e-16]}, 1125464], [0.352514235068077, {"__complex__": [77060.1328125, 1.0058522204345227e-16]}, 1157380], [0.357512374484406, {"__complex__": [76783.859375, -1.9562772517786841e-16]}, 1190172], [0.3625118834929162, {"__complex__": [76455.2890625, 1.0456607969568945e-15]}, 1224650], [0.3675116774700016, {"__complex__": [76787.6796875, 4.3961253484470523e-16]}, 1257864], [0.3725098709245497, {"__complex__": [77118.7421875, -8.107468498873142e-16]}, 1292312], [0.37751067052804127, {"__complex__": [77091.53125, 3.5050760693908862e-16]}, 1328534], [0.3825116981355865, {"__complex__": [77056.0, 9.82337143215755e-16]}, 1362848], [0.3875116125361288, {"__complex__": [76818.921875, 1.1232149218492614e-15]}, 1399204], 