{"edges": {"__dtype__": "<f8", "__shape__": [116], "__data__": [0.0, 0.005, 0.01, 0.015, 0.02, 0.025, 0.03, 0.035, 0.04, 0.045, 0.05, 0.055, 0.06, 0.065, 0.07, 0.075, 0.08, 0.085, 0.09, 0.095, 0.1, 0.105, 0.11, 0.115, 0.12, 0.125, 0.13, 0.135, 0.14, 0.145, 0.15, 0.155, 0.16, 0.165, 0.17, 0.17500000000000002, 0.18, 0.185, 0.19, 0.195, 0.2, 0.20500000000000002, 0.21, 0.215, 0.22, 0.225, 0.23, 0.23500000000000001, 0.24, 0.245, 0.25, 0.255, 0.26, 0.265, 0.27, 0.275, 0.28, 0.28500000000000003, 0.29, 0.295, 0.3, 0.305, 0.31, 0.315, 0.32, 0.325, 0.33, 0.335, 0.34, 0.34500000000000003, 0.35000000000000003, 0.355, 0.36, 0.365, 0.37, 0.375, 0.38, 0.385, 0.39, 0.395, 0.4, 0.405, 0.41000000000000003, 0.41500000000000004, 0.42, 0.425, 0.43, 0.435, 0.44, 0.445, 0.45, 0.455, 0.46, 0.465, 0.47000000000000003, 0.47500000000000003, 0.48, 0.485, 0.49, 0.495, 0.5, 0.505, 0.51, 0.515, 0.52, 0.525, 0.53, 0.535, 0.54, 0.545, 0.55, 0.555, 0.56, 0.5650000000000001, 0.5700000000000001, 0.5750000000000001]}, "poles": {"__dtype__": [["k", "<f8"], ["power_2", "<c8"], ["modes", "<i8"]], "__shape__": [115], "__data__": [[0.0037054420134658554, {"__complex__": [-39421.82421875, 7.012970933140128e-13]}, 83], [0.008002706039259398, {"__complex__": [81665.7578125, -1.9532772209569782e-13]}, 596], [0.012849701484846114, {"__complex__": [5628.42431640625, -6.004430893463697e-13]}, 1648], [0.0177641384261076, {"__complex__": [12164.42578125, 2.950958704825424e-13]}, 3156], [0.022684229681789413, {"__complex__": [15762.9716796875, 3.598618798783537e-13]}, 5176], [0.027646384376179004, {"__complex__": [2926.677001953125, 1.491739132393477e-13]}, 7804], [0.032636129245414154, {"__complex__": [11828.826171875, 2.676460424206532e-15]}, 10874], [0.037622935176432226, {"__complex__": [8771.9306640625, -2.4182658506970503e-14]}, 14442], [0.0426065943302704, {"__complex__": [1078.435791015625, -3.7666735236505794e-14]}, 18544], [0.047584168879418735, {"__complex__": [4585.62890625, 4.0421987724257105e-14]}, 23040], [0.052572163944886785, {"__complex__": [4352.43505859375, -5.335257585660676e-14]}, 28366], [0.05756591012932392, {"__complex__": [12627.705078125, 2.753925695342732e-14]}, 33818], [0.06255885577973451, {"__complex__": [8597.3095703125, -5.8019097203465195e-15]}, 40130], [0.06756290621144688, {"__complex__": [5039.837890625, 4.9709775988701025e-15]}, 46838], [0.07256050504780319, {"__complex__": [1148.6492919921875, 0.0]}, 53826], [0.0775516441986681, {"__complex__": [3174.779541015625, 7.561400439701042e-15]}, 61584], [0.08254999402587553, {"__complex__": [3353.922119140625, -2.16620748031901e-14]}, 69864], [0.08754547074829418, {"__complex__": [-73.78398132324219, 1.187850883735582e-14]}, 78404], [0.09254370656486871, {"__complex__": [1905.261962890625, 2.6487524941941863e-14]}, 87902], [0.09754153604884025, {"__complex__": [1859.1033935546875, 3.828270776014449e-14]}, 97310], [0.10253422913940137, {"__complex__": [1055.393310546875, -6.484569994955492e-15]}, 107716], [0.1075359850070505, {"__complex__": [346.0694274902344, 3.532077923326313e-14]}, 118654], [0.11253957840084304, {"__complex__": [1852.96875, -1.7922456951830834e-15]}, 129910], [0.11753653834673844, {"__complex__": [394.2127380371094, 1.6468894415992068e-15]}, 141376], [0.12253336603812491, {"__complex__": [1325.75927734375, -7.939573545595775e-15]}, 153958], [0.12753369323485178, {"__complex__": [291.57843017578125, 0.0]}, 166718], [0.1325298054599073, {"__complex__": [-224.5696563720703, 2.5897983657905766e-15]}, 179806], [0.13753126919241337, {"__complex__": [-1587.630859375, 2.396831766670075e-15]}, 194282], [0.14252978867508304, {"__complex__": [-726.4454956054688, 1.6808934733876122e-15]}, 207774], [0.14752584639061916, {"__complex__": [-374.5910339355469, 2.085567275586617e-15]}, 223278], [0.1525273402624495, {"__complex__": [265.1341552734375, 2.9287364820520167e-15]}, 238496], [0.15752777994300757, {"__complex__": [232.11221313476562, 0.0]}, 254444], [0.16252677921627748, {"__complex__": [-15.890447616577148, 3.4406520669117042e-15]}, 270682], [0.16752582095517576, {"__complex__": [-527.7944946289062, -3.2370183583699556e-15]}, 287710], [0.1725259295419247, {"__complex__": [-330.2177429199219, 0.0]}, 305202], [0.17752572093623975, {"__complex__": [-205.5232391357422, -7.208200406190208e-15]}, 323008], [0.18252702152554795, {"__complex__": [924.61376953125, -2.0434974784371007e-15]}, 341812], [0.18752508561671835, {"__complex__": [-470.7318115234375, -1.2934316983141702e-15]}, 360020], [0.19252006361125312, {"__complex__": [-131.4979248046875, 3.678906764864815e-15]}, 379728], [0.19751626124600596, {"__complex__": [-336.4649353027344, -1.864229731414306e-14]}, 399660], [0.20251335405021748, {"__complex__": [84.57682800292969, 4.431492997401419e-15]}, 420320], [0.20751594275294782, {"__complex__": [-720.3223876953125, -5.26682757262119e-16]}, 442070], [0.21251689533718626, {"__complex__": [700.38671875, 3.27119592603343e-15]}, 462644], [0.21751895130525958, {"__complex__": [202.8336639404297, -2.3962644663536514e-15]}, 485820], [0.22252064263763735, {"__complex__": [-1835.322998046875, -1.3768705846075864e-15]}, 507304], [0.22751949683857262, {"__complex__": [753.3467407226562, 3.5092867231112466e-15]}, 530776], [0.23252062744923513, {"__complex__": [304.9848327636719, -3.3589983025546265e-15]}, 554524], [0.23751988845699762, {"__complex__": [-797.5791015625, -1.6112623888047436e-15]}, 578008], [0.24251952417933192, {"__complex__": [-280.4664001464844, 1.5437855207649795e-15]}, 603272], [0.24751886354741093, {"__complex__": [946.63818359375, 2.225389545288726e-15]}, 627748], [0.2525158523431189, {"__complex__": [-1646.5489501953125, 3.563894513704258e-15]}, 653304], [0.2575140585584922, {"__complex__": [-1018.869873046875, 2.2687337035073862e-15]}, 679896], [0.2625126084722789, {"__complex__": [-966.323486328125, 4.6164367122037645e-15]}, 706092], [0.26751303339828036, {"__complex__": [-434.3698425292969, -5.0735439714201785e-15]}, 734258], [0.2725141980302592, {"__complex__": [-1198.839111328125, -1.8352631104423403e-15]}, 761190], [0.27751499291909654, {"__complex__": [-304.9626770019531, 4.126290085846749e-15]}, 789966], [0.2825156597003922, {"__complex__": [-1433.178955078125, -3.983668795770438e-15]}, 818248], [0.2875141801620819, {"__complex__": [-502.87066650390625, 4.398092794225287e-15]}, 847024], [0.29251195304227423, {"__complex__": [-454.0249938964844, -1.5929047496180196e-15]}, 877004], [0.2975142527009851, {"__complex__": [-269.42218017578125, -1.5375091125049436e-15]}, 908602], [0.30251615798691667, {"__complex__": [-371.3962097167969, 3.972363447023435e-15]}, 937802], [0.30751506635382575, {"__complex__": [-511.13958740234375, -3.3614610508487684e-15]}, 969706], [0.31251223811931306, {"__complex__": [-297.1058654785156, -1.862727094965877e-15]}, 999956], [0.3175098816792195, {"__complex__": [98.26685333251953, 2.2516164381927977e-15]}, 1034060], [0.3225110492752749, {"__complex__": [-924.438720703125, 0.0]}, 1066386], [0.3275123331358606, {"__complex__": [-625.6338500976562, -8.464429888065377e-16]}, 1100278], [0.3325123291547583, {"__complex__": [-12.25384521484375, 3.082298261433301e-15]}, 1133070], [0.3375117534479973, {"__complex__": [-193.6697540283203, -7.973092545142759e-16]}, 1168082], [0.3425129583700723, {"__complex__": [71.72779083251953, -8.707508226894864e-16]}, 1203258], [0.3475132726509487, {"__complex__": [-667.0869750976562, 7.523443516906038e-16]}, 1237894], [0.35251300538197095, {"__complex__": [46.27955627441406, -2.1928539509935042e-15]}, 1274124], [0.3575125695577228, {"__complex__": [236.142333984375, -3.5540096392098e-15]}, 1310242], [0.36251151779301266, {"__complex__": [-756.567138671875, 0.0]}, 1346914], [0.3675115630015573, {"__complex__": [-1058.97216796875, 3.3614180639266952e-15]}, 1385312], [0.3725118957087531, {"__complex__": [-95.72145080566406, 2.782882067216036e-15]}, 1422310], [0.37751124096797295, {"__complex__": [483.2867736816406, 