{"edges": {"__dtype__": "<f8", "__shape__": [116], "__data__": [0.0, 0.005, 0.01, 0.015, 0.02, 0.025, 0.03, 0.035, 0.04, 0.045, 0.05, 0.055, 0.06, 0.065, 0.07, 0.075, 0.08, 0.085, 0.09, 0.095, 0.1, 0.105, 0.11, 0.115, 0.12, 0.125, 0.13, 0.135, 0.14, 0.145, 0.15, 0.155, 0.16, 0.165, 0.17, 0.17500000000000002, 0.18, 0.185, 0.19, 0.195, 0.2, 0.20500000000000002, 0.21, 0.215, 0.22, 0.225, 0.23, 0.23500000000000001, 0.24, 0.245, 0.25, 0.255, 0.26, 0.265, 0.27, 0.275, 0.28, 0.28500000000000003, 0.29, 0.295, 0.3, 0.305, 0.31, 0.315, 0.32, 0.325, 0.33, 0.335, 0.34, 0.34500000000000003, 0.35000000000000003, 0.355, 0.36, 0.365, 0.37, 0.375, 0.38, 0.385, 0.39, 0.395, 0.4, 0.405, 0.41000000000000003, 0.41500000000000004, 0.42, 0.425, 0.43, 0.435, 0.44, 0.445, 0.45, 0.455, 0.46, 0.465, 0.47000000000000003, 0.47500000000000003, 0.48, 0.485, 0.49, 0.495, 0.5, 0.505, 0.51, 0.515, 0.52, 0.525, 0.53, 0.535, 0.54, 0.545, 0.55, 0.555, 0.56, 0.5650000000000001, 0.5700000000000001, 0.5750000000000001]}, "poles": {"__dtype__": [["k", "<f8"], ["power_0", "<c8"], ["modes", "<i8"]], "__shape__": [115], "__data__": [[0.0037054420134658554, {"__complex__": [100626.65625, 1.0519456399710192e-12]}, 83], [0.008002706039259398, {"__complex__": [98923.9140625, -1.9532772209569782e-13]}, 596], [0.012849701484846114, {"__complex__": [114073.015625, 2.1192109753240956e-13]}, 1648], [0.0177641384261076, {"__complex__": [113286.71875, 9.221745952579449e-14]}, 3156], [0.022684229681789413, {"__complex__": [114715.0546875, -1.1245683746198554e-14]}, 5176], [0.027646384376179004, {"__complex__": [107602.5625, -2.2376086308275797e-14]}, 7804], [0.032636129245414154, {"__complex__": [103084.9375, -4.2823366787304515e-14]}, 10874], [0.037622935176432226, {"__complex__": [101232.921875, -3.2243545805337934e-14]}, 14442], [0.0426065943302704, {"__complex__": [98016.09375, -7.533347047301159e-14]}, 18544], [0.047584168879418735, {"__complex__": [93891.578125, -1.0105496931064276e-14]}, 23040], [0.052572163944886785, {"__complex__": [94016.7734375, -3.078033238785639e-15]}, 28366], [0.05756591012932392, {"__complex__": [90993.015625, -1.5490831612786395e-14]}, 33818], [0.06255885577973451, {"__complex__": [90005.2421875, 2.9009548601732597e-15]}, 40130], [0.06756290621144688, {"__complex__": [87993.984375, -2.5476259082478532e-14]}, 46838], [0.07256050504780319, {"__complex__": [85590.6015625, -1.2976849683796893e-14]}, 53826], [0.0775516441986681, {"__complex__": [83575.8046875, -5.198462696415348e-15]}, 61584], [0.08254999402587553, {"__complex__": [83346.4453125, 9.99788054808267e-15]}, 69864], [0.08754547074829418, {"__complex__": [83890.4453125, -1.4848136046694774e-15]}, 78404], [0.09254370656486871, {"__complex__": [81937.5546875, 3.9731287412912795e-15]}, 87902], [0.09754153604884025, {"__complex__": [80916.4453125, -7.178007916785328e-15]}, 97310], [0.10253422913940137, {"__complex__": [78745.3515625, 2.7019040233926305e-15]}, 107716], [0.1075359850070505, {"__complex__": [79088.25, 3.924531072975511e-15]}, 118654], [0.11253957840084304, {"__complex__": [79128.8203125, -1.7922456951830834e-15]}, 129910], [0.11753653834673844, {"__complex__": [78338.0390625, 2.470334109459251e-15]}, 141376], [0.12253336603812491, {"__complex__": [77637.21875, -2.552005873266458e-15]}, 153958], [0.12753369323485178, {"__complex__": [76757.6640625, -9.077599579681607e-15]}, 166718], [0.1325298054599073, {"__complex__": [76789.8359375, 2.5897983657905766e-15]}, 179806], [0.13753126919241337, {"__complex__": [77019.1640625, 6.591287675980061e-15]}, 194282], [0.14252978867508304, {"__complex__": [76817.859375, -3.3617869467752245e-15]}, 207774], [0.14752584639061916, {"__complex__": [76404.484375, -3.649742573457902e-15]}, 223278], [0.1525273402624495, {"__complex__": [76023.6640625, 9.76245494017339e-16]}, 238496], [0.15752777994300757, {"__complex__": [75355.109375, 1.2582027510049166e-15]}, 254444], [0.16252677921627748, {"__complex__": [75304.3984375, -8.601630167279261e-16]}, 270682], [0.16752582095517576, {"__complex__": [75737.875, 2.83239114298305e-15]}, 287710], [0.1725259295419247, {"__complex__": [75121.6875, 5.721554563376701e-16]}, 305202], [0.17752572093623975, {"__complex__": [74967.1484375, 5.766560494358756e-15]}, 323008], [0.18252702152554795, {"__complex__": [73969.8125, -1.2346129893030027e-15]}, 341812], [0.18752508561671835, {"__complex__": [73613.1796875, -2.5868633966283404e-15]}, 360020], [0.19252006361125312, {"__complex__": [73971.4453125, 2.29931667510095e-15]}, 379728], [0.19751626124600596, {"__complex__": [74206.15625, -8.73857686600456e-16]}, 399660], [0.20251335405021748, {"__complex__": [73850.1875, 3.600587980979314e-15]}, 420320], [0.20751594275294782, {"__complex__": [74115.6640625, 2.106731029048476e-15]}, 442070], [0.21251689533718626, {"__complex__": [73653.25, 0.0]}, 462644], [0.21751895130525958, {"__complex__": [74016.6484375, 2.3962644663536514e-15]}, 485820], [0.22252064263763735, {"__complex__": [74265.375, -9.179137230717243e-16]}, 507304], [0.22751949683857262, {"__complex__": [74118.0625, 0.0]}, 530776], [0.23252062744923513, {"__complex__": [74280.8046875, 2.7291861075907442e-15]}, 554524], [0.23751988845699762, {"__complex__": [73535.6328125, -8.056311944023718e-16]}, 578008], [0.24251952417933192, {"__complex__": [73006.734375, -1.5437855207649795e-15]}, 603272], [0.24751886354741093, {"__complex__": [73592.875, 0.0]}, 627748], [0.2525158523431189, {"__complex__": [73717.2421875, -1.781947256852129e-15]}, 653304], [0.2575140585584922, {"__complex__": [73070.21875, 0.0]}, 679896], [0.2625126084722789, {"__complex__": [73288.90625, 1.6487273972156302e-15]}, 706092], [0.26751303339828036, {"__complex__": [73041.140625, 1.5458453990135836e-15]}, 734258], [0.2725141980302592, {"__complex__": [72860.9921875, 9.941008426663412e-16]}, 761190], [0.27751499291909654, {"__complex__": [72782.75, -1.768410082168229e-15]}, 789966], [0.2825156597003922, {"__complex__": [73169.5078125, 2.8454777490785697e-16]}, 818248], [0.2875141801620819, {"__complex__": [72828.28125, 1.0995231985563218e-15]}, 847024], [0.29251195304227423, {"__complex__": [72609.765625, -3.3185516322902864e-15]}, 877004], [0.2975142527009851, {"__complex__": [73232.4140625, -5.125030551481676e-16]}, 908602], [0.30251615798691667, {"__complex__": [73124.3515625, 7.13784023799799e-16]}, 937802], [0.30751506635382575, {"__complex__": [72930.078125, -1.920834825696943e-15]}, 969706], [0.31251223811931306, {"__complex__": [72891.2578125, 1.3970453212244077e-15]}, 999956], [0.3175098816792195, {"__complex__": [72972.375, -2.3079068597355295e-15]}, 1034060], [0.3225110492752749, {"__complex__": [73119.578125, 2.0196096670168718e-15]}, 1066386], [0.3275123331358606, {"__complex__": [73018.484375, 1.0580537360081721e-15]}, 1100278], [0.3325123291547583, {"__complex__": [72841.3046875, 1.8236930638993202e-15]}, 1133070], [0.3375117534479973, {"__complex__": [72912.1640625, 1.5946185090285519e-15]}, 1168082], [0.3425129583700723, {"__complex__": [72787.4609375, 1.548001415501701e-15]}, 1203258], [0.3475132726509487, {"__complex__": [72424.265625, -1.8808610115754075e-15]}, 1237894], [0.35251300538197095, {"__complex__": [72594.9296875, 7.309512640582755e-16]}, 1274124], [0.3575125695577228, {"__complex__": [72795.84375, -3.9982610029297026e-16]}, 1310242], [0.36251151779301266, {"__complex__": [72480.25, 0.0]}, 1346914], [0.3675115630015573, {"__complex__": [72275.015625, -1.6807091113726864e-16]}, 1385312], [0.3725118957087531, {"__complex__": [72763.6328125, 2.4554841925257846e-16]}, 1422310], [0.37751124096797295, {"__complex__": [72441.796875, -2.2307921331845507e-15]}, 1461198], [0.3825103314725004, {"__complex__": [72495.5390625, 1.5527011248699823e-16]}, 1499520], [0.38750966779422413, {"__complex__": [72735.1328125, -1.3231660487737036e-16]}, 1539692], [0.3925103292814964, {"__complex__": [72421.1953125, 1.4736862387205161e-15]}, 1579920], [0.3975099588994165, {"__complex__": [72389.8359375, 