{"edges": {"__dtype__": "<f8", "__shape__": [128], "__data__": [0.0, 0.005, 0.01, 0.015, 0.02, 0.025, 0.03, 0.035, 0.04, 0.045, 0.05, 0.055, 0.06, 0.065, 0.07, 0.075, 0.08, 0.085, 0.09, 0.095, 0.1, 0.105, 0.11, 0.115, 0.12, 0.125, 0.13, 0.135, 0.14, 0.145, 0.15, 0.155, 0.16, 0.165, 0.17, 0.17500000000000002, 0.18, 0.185, 0.19, 0.195, 0.2, 0.20500000000000002, 0.21, 0.215, 0.22, 0.225, 0.23, 0.23500000000000001, 0.24, 0.245, 0.25, 0.255, 0.26, 0.265, 0.27, 0.275, 0.28, 0.28500000000000003, 0.29, 0.295, 0.3, 0.305, 0.31, 0.315, 0.32, 0.325, 0.33, 0.335, 0.34, 0.34500000000000003, 0.35000000000000003, 0.355, 0.36, 0.365, 0.37, 0.375, 0.38, 0.385, 0.39, 0.395, 0.4, 0.405, 0.41000000000000003, 0.41500000000000004, 0.42, 0.425, 0.43, 0.435, 0.44, 0.445, 0.45, 0.455, 0.46, 0.465, 0.47000000000000003, 0.47500000000000003, 0.48, 0.485, 0.49, 0.495, 0.5, 0.505, 0.51, 0.515, 0.52, 0.525, 0.53, 0.535, 0.54, 0.545, 0.55, 0.555, 0.56, 0.5650000000000001, 0.5700000000000001, 0.5750000000000001, 0.58, 0.585, 0.59, 0.595, 0.6, 0.605, 0.61, 0.615, 0.62, 0.625, 0.63, 0.635]}, "poles": {"__dtype__": [["k", "<f8"], ["power_0", "<c8"], ["modes", "<i8"]], "__shape__": [127], "__data__": [[0.0037537781648676505, {"__complex__": [87688.734375, 1.65362677977815e-13]}, 77], [0.008050398333474014, {"__complex__": [142856.796875, 1.0725564859002945e-13]}, 548], [0.012848609532355457, {"__complex__": [111976.234375, 2.2410902750539738e-14]}, 1480], [0.017751579213119567, {"__complex__": [113211.609375, -2.7056041597677688e-14]}, 2872], [0.022691827324042853, {"__complex__": [117466.2421875, -2.835569676469269e-14]}, 4736], [0.027648005536595924, {"__complex__": [110576.6484375, -2.2131245082124837e-15]}, 7036], [0.032612636555868525, {"__complex__": [100313.65625, -5.340265329148138e-15]}, 9838], [0.03761114292794433, {"__complex__": [99719.2265625, 4.226244632303967e-15]}, 13208], [0.04261303922036164, {"__complex__": [95040.40625, 3.037656660497684e-15]}, 16858], [0.04760505554480107, {"__complex__": [91437.625, 2.3225781056566844e-15]}, 21080], [0.05259133615803475, {"__complex__": [91509.921875, -4.119228795681964e-15]}, 25624], [0.05756841184374016, {"__complex__": [92058.8515625, -3.917084382819725e-15]}, 30728], [0.06256248327880025, {"__complex__": [91314.9453125, -3.791975498927897e-15]}, 36498], [0.06756661487904435, {"__complex__": [88673.2265625, -3.9931271891759535e-16]}, 42528], [0.07257304507008182, {"__complex__": [86327.25, 1.446325698095663e-15]}, 49152], [0.07756473030387098, {"__complex__": [85960.2265625, 1.8605476791925916e-15]}, 55744], [0.08254764044823601, {"__complex__": [83875.1171875, 2.47219429969054e-16]}, 63346], [0.08754405971893497, {"__complex__": [83580.3515625, -3.958482694600305e-15]}, 71388], [0.09254365223263855, {"__complex__": [82350.03125, 3.026590333860484e-17]}, 79762], [0.09754150838846357, {"__complex__": [80337.328125, -1.1120182050777436e-15]}, 88564], [0.10254123052801507, {"__complex__": [79271.4921875, 1.6882170261286913e-15]}, 97988], [0.10754181638082774, {"__complex__": [80217.0078125, -4.910800037253302e-16]}, 107708], [0.11254085353408888, {"__complex__": [80489.34375, 6.67700984546192e-16]}, 117952], [0.11753281793039293, {"__complex__": [80694.3515625, -2.9316437638247895e-16]}, 128288], [0.12252442444514552, {"__complex__": [79422.125, -3.706176514145634e-16]}, 139770], [0.12753052839909865, {"__complex__": [78661.5703125, 9.881690709367193e-16]}, 151946], [0.13253665927256145, {"__complex__": [78219.1796875, -1.1390784725227952e-15]}, 163582], [0.13753197887556465, {"__complex__": [78239.6953125, 5.509997496888099e-16]}, 175940], [0.1425260716253757, {"__complex__": [77987.6484375, 2.0285892485791718e-16]}, 189064], [0.14752506711896965, {"__complex__": [77780.125, -1.3140244456904615e-16]}, 202824], [0.1525272624752809, {"__complex__": [77114.765625, -8.23213745502799e-16]}, 216806], [0.15752484634575162, {"__complex__": [76584.2734375, -1.259874899921915e-15]}, 230876], [0.16252366735405163, {"__complex__": [76907.8828125, 2.565138695597162e-16]}, 246232], [0.1675242007800524, {"__complex__": [75944.734375, -7.512249976508072e-16]}, 261330], [0.17252326579974073, {"__complex__": [75646.2890625, -7.074420763654693e-16]}, 277280], [0.17752110470595878, {"__complex__": [75947.46875, -4.3394231100732773e-16]}, 293320], [0.1825207522633753, {"__complex__": [75976.34375, -2.029683376919008e-16]}, 310574], [0.18752231962759572, {"__complex__": [76314.6484375, -3.779828692430968e-18]}, 327560], [0.19252167162300435, {"__complex__": [75963.859375, 1.1028594628122095e-16]}, 345268], [0.19752225984779248, {"__complex__": [75871.2421875, 2.229192458524102e-16]}, 363544], [0.20251992290984697, {"__complex__": [75675.3515625, -4.315738215983475e-16]}, 381660], [0.20751551078768798, {"__complex__": [74869.65625, 4.1615790136765804e-16]}, 400854], [0.21251512379553542, {"__complex__": [74477.8984375, -9.45391789518009e-16]}, 421010], [0.21751870975885984, {"__complex__": [74389.8828125, 3.9181240098833613e-16]}, 441160], [0.2225209082741387, {"__complex__": [74559.171875, 5.069187786851568e-16]}, 461296], [0.22752039891934017, {"__complex__": [75011.0703125, 7.00718434709283e-16]}, 482192], [0.23252118259031918, {"__complex__": [74576.2578125, 6.763348443171143e-16]}, 503860], [0.23751936566507853, {"__complex__": [74431.375, -3.752170667879339e-18]}, 525024], [0.24251707186595864, {"__complex__": [74517.8125, -9.28548552596747e-17]}, 547954], [0.24751627666670906, {"__complex__": [74475.296875, 3.069155327646789e-16]}, 570544], [0.2525167544702008, {"__complex__": [74637.0078125, -3.069220972700201e-16]}, 594374], [0.25751857595461863, {"__complex__": [74633.4140625, -9.48990071504729e-18]}, 617900], [0.2625190906945416, {"__complex__": [74876.15625, 2.305320074054174e-16]}, 642106], [0.2675172479110602, {"__complex__": [74067.1640625, -3.4856874852282353e-16]}, 666112], [0.272514629608296, {"__complex__": [74329.0078125, 3.070626517997051e-16]}, 691786], [0.27751615229387816, {"__complex__": [74147.828125, 5.546816430918467e-17]}, 717996], [0.28251644607381426, {"__complex__": [74021.3828125, -5.835584785714035e-16]}, 743152], [0.2875152531419474, {"__complex__": [74107.609375, -1.2867303971519678e-16]}, 770192], [0.2925134012698469, {"__complex__": [73681.9296875, -1.402854246706898e-16]}, 796430], [0.2975118362281548, {"__complex__": [74013.0859375, -2.85340333048691e-16]}, 824820], [0.3025125080826814, {"__complex__": [73956.796875, 2.1915785046633965e-16]}, 852562], [0.30751063191170563, {"__complex__": [73976.8203125, -1.2709456403948634e-17]}, 880372], [0.3125111278203564, {"__complex__": [73723.375, -1.5307865296399414e-16]}, 910652], [0.31751269361539736, {"__complex__": [73355.09375, -3.257481456765758e-16]}, 938996], [0.3225130904459611, {"__complex__": [73444.125, -1.0804903814664075e-16]}, 969352], [0.32751158760760724, {"__complex__": [73550.359375, 1.5048413810699502e-16]}, 998344], [0.3325089848249692, {"__complex__": [73682.015625, 1.3186913325320367e-16]}, 1029922], [0.33751027924368393, {"__complex__": [73399.5078125, -6.567925898489857e-17]}, 1061918], [0.34251253316973607, {"__complex__": [73834.3359375, 3.2812180331002325e-17]}, 1093272], [0.34751415893089227, {"__complex__": [73636.5703125, 2.246368169112051e-16]}, 1125464], [0.352514235068077, {"__complex__": [73671.2890625, 2.0404667680820452e-16]}, 1157380], [0.357512374484406, {"__complex__": [73733.609375, 1.9088888024044602e-16]}, 1190172], [0.3625118834929162, {"__complex__": [73717.25, -1.2025819090069893e-16]}, 1224650], [0.3675116774700016, {"__complex__": [73687.578125, 9.485401183387246e-17]}, 1257864], [0.3725098709245497, {"__complex__": [73783.9453125, 1.2948325319902512e-16]}, 1292312], [0.37751067052804127, {"__complex__": [73483.7890625, 3.851355049629265e-16]}, 1328534], [0.3825116981355865, {"__complex__": [73331.5390625, -2.984579617259039e-16]}, 1362848], [0.3875116125361288, {"__complex__": [73521.2578125, -1.2903369873407603e-17]}, 