{"poles": {"dims": ["k"], "edges": [{"__dtype__": "<f8", "__shape__": [94], "__data__": [0.0, 0.005, 0.01, 0.015, 0.02, 0.025, 0.03, 0.035, 0.04, 0.045, 0.05, 0.055, 0.06, 0.065, 0.07, 0.075, 0.08, 0.085, 0.09, 0.095, 0.1, 0.105, 0.11, 0.115, 0.12, 0.125, 0.13, 0.135, 0.14, 0.145, 0.15, 0.155, 0.16, 0.165, 0.17, 0.17500000000000002, 0.18, 0.185, 0.19, 0.195, 0.2, 0.20500000000000002, 0.21, 0.215, 0.22, 0.225, 0.23, 0.23500000000000001, 0.24, 0.245, 0.25, 0.255, 0.26, 0.265, 0.27, 0.275, 0.28, 0.28500000000000003, 0.29, 0.295, 0.3, 0.305, 0.31, 0.315, 0.32, 0.325, 0.33, 0.335, 0.34, 0.34500000000000003, 0.35000000000000003, 0.355, 0.36, 0.365, 0.37, 0.375, 0.38, 0.385, 0.39, 0.395, 0.4, 0.405, 0.41000000000000003, 0.41500000000000004, 0.42, 0.425, 0.43, 0.435, 0.44, 0.445, 0.45, 0.455, 0.46, 0.465]}], "coords": [{"__dtype__": "<f8", "__shape__": [93], "__data__": [0.0025, 0.0075, 0.0125, 0.0175, 0.0225, 0.0275, 0.0325, 0.037500000000000006, 0.042499999999999996, 0.0475, 0.052500000000000005, 0.057499999999999996, 0.0625, 0.0675, 0.07250000000000001, 0.0775, 0.0825, 0.0875, 0.0925, 0.0975, 0.10250000000000001, 0.1075, 0.1125, 0.1175, 0.1225, 0.1275, 0.1325, 0.1375, 0.14250000000000002, 0.1475, 0.1525, 0.1575, 0.1625, 0.1675, 0.17250000000000001, 0.1775, 0.1825, 0.1875, 0.1925, 0.1975, 0.2025, 0.20750000000000002, 0.2125, 0.2175, 0.2225, 0.2275, 0.2325, 0.2375, 0.2425, 0.2475, 0.2525, 0.2575, 0.2625, 0.2675, 0.2725, 0.2775, 0.28250000000000003, 0.2875, 0.2925, 0.2975, 0.3025, 0.3075, 0.3125, 0.3175, 0.3225, 0.3275, 0.3325, 0.3375, 0.3425, 0.34750000000000003, 0.35250000000000004, 0.3575, 0.3625, 0.3675, 0.3725, 0.3775, 0.3825, 0.3875, 0.3925, 0.3975, 0.4025, 0.40750000000000003, 0.41250000000000003, 0.4175, 0.4225, 0.4275, 0.4325, 0.4375, 0.4425, 0.4475, 0.4525, 0.4575, 0.4625]}], "data": {"__dtype__": [["k", "<f8"], ["power_2", "<c8"], ["modes", "<i8"]], "__shape__": [93], "__data__": [[0.0037081367915242675, {"__complex__": [-55156.1484375, -1.2190086180058346e-12]}, 191], [0.008018577791264523, {"__complex__": [40211.78125, 0.0]}, 1380], [0.012844085612331841, {"__complex__": [17441.0625, -2.4703516684522475e-13]}, 3770], [0.01775141230162106, {"__complex__": [8451.4931640625, -1.9252809524590575e-13]}, 7256], [0.022691010615224643, {"__complex__": [8097.255859375, 2.4717657391357117e-13]}, 12010], [0.027661296094027222, {"__complex__": [15723.34375, -1.9484822352052074e-14]}, 17924], [0.03263163473973046, {"__complex__": [11187.6982421875, -6.075468497431305e-14]}, 24910], [0.03760885918999335, {"__complex__": [4899.5830078125, -4.202719308633515e-14]}, 33240], [0.04258994605322728, {"__complex__": [5692.23095703125, 4.9228863715534976e-14]}, 42566], [0.047583805693835864, {"__complex__": [14820.1845703125, 0.0]}, 53478], [0.052589415944125126, {"__complex__": [11221.0224609375, 6.422127234303673e-14]}, 65258], [0.057576993125266096, {"__complex__": [13138.119140625, 1.1972573540214304e-14]}, 77788], [0.0625679362273907, {"__complex__": [12673.1298828125, 0.0]}, 92438], [0.06756372941029527, {"__complex__": [6308.15478515625, -3.9017535946941906e-14]}, 107412], [0.07255867544245412, {"__complex__": [9806.0302734375, 4.239945729038984e-14]}, 124242], [0.07755343255815964, {"__complex__": [3383.278564453125, -6.578623686385662e-15]}, 141568], [0.08254944316463679, {"__complex__": [3921.73486328125, 1.1577422505924806e-14]}, 160886], [0.0875469705282893, {"__complex__": [3456.42578125, -2.83713346869649e-14]}, 180544], [0.09254207143002044, {"__complex__": [-188.396484375, 9.220832851062309e-15]}, 202004], [0.09754200795670145, {"__complex__": [3258.860107421875, 2.2294039308872957e-14]}, 224538], [0.10254171329034444, {"__complex__": [3674.129638671875, -8.448204971960721e-15]}, 248038], [0.10754099109209159, {"__complex__": [3960.473388671875, -5.119482379798042e-15]}, 272876], [0.11253870054955198, {"__complex__": [3299.097900390625, -7.797566142647987e-16]}, 298594], [0.11753608765430268, {"__complex__": [1613.83251953125, -1.7859712986262972e-15]}, 325916], [0.12253572907412832, {"__complex__": [894.2581787109375, 1.0513499149229517e-14]}, 354334], [0.1275331697481456, {"__complex__": [2313.74609375, -1.214481345487373e-15]}, 383424], [0.13252928315027618, {"__complex__": [-1628.758056640625, 1.6862418511748127e-14]}, 414230], [0.13752809598823948, {"__complex__": [2345.114501953125, 2.6080453612985655e-15]}, 446370], [0.1425292748907053, {"__complex__": [500.7869873046875, -1.359430536212623e-14]}, 479558], [0.14752984329410787, {"__complex__": [-1353.631591796875, -4.533907433416581e-16]}, 513532], [0.15252898535896237, {"__complex__": [896.1234741210938, -3.393229021535541e-15]}, 548930], [0.15752847498756622, {"__complex__": [2174.671875, 6.3620581140799454e-15]}, 585548], [0.16252705956276423, {"__complex__": [2484.34716796875, 6.726034100745749e-15]}, 623094], [0.16752723347134682, {"__complex__": [134.6527557373047, -9.838607013779813e-15]}, 662620], [0.17252557298757182, {"__complex__": [1928.8228759765625, 2.6545735163659547e-15]}, 701674], [0.1775232051718564, {"__complex__": [1812.373779296875, -3.7565246289864625e-15]}, 743764], [0.1825215844754662, {"__complex__": [108.11910247802734, -2.9636547270883056e-16]}, 785620], [0.18752064712987349, {"__complex__": [545.1775512695312, -3.3658207294282863e-15]}, 830100], [0.19252067437217257, {"__complex__": [562.8949584960938, 1.0650771002727443e-14]}, 874418], [0.19751987908784707, {"__complex__": [-1008.8947143554688, 6.069343856299593e-15]}, 920682], [0.20251936794243589, {"__complex__": [-1400.33935546875, -4.81195235109991e-16]}, 967718], [0.20751955964231095, {"__complex__": [-1249.2991943359375, 4.580719450400419e-15]}, 1016568], [0.2125192859071403, {"__complex__": [-275.6767883300781, -2.403744614310854e-15]}, 1065478], [0.21751870204394746, {"__complex__": [-149.62387084960938, -2.5019860366322496e-15]}, 1116700], [0.22251763655620238, {"__complex__": [-1635.8258056640625, -7.176741602529183e-15]}, 1167926], [0.2275173612096972, {"__complex__": [370.81878662109375, -8.002139634244714e-15]}, 1222034], [0.23251753944930767, {"__complex__": [430.8119812011719, -2.920481510706313e-15]}, 1275574], [0.237518608068736, {"__complex__": [-95.87963104248047, -4.893500342217699e-15]}, 1332228], [0.24251933382685822, {"__complex__": [-727.745849609375, -2.013563122322897e-15]}, 1387574], [0.2475188275283454, {"__complex__": [1.9733692407608032, 1.932199254992017e-15]}, 1446004], [0.2525176353551358, {"__complex__": [535.555908203125, -1.8576887312373716e-15]}, 1504002], [0.25751592740199597, {"__complex__": [219.39988708496094, -3.571049401009715e-15]}, 1564788], [0.2625152321376914, {"__complex__": [-319.4187316894531, -3.4363737034951228e-15]}, 1626114], [0.2675142035428968, {"__complex__": [-667.9456176757812, -1.1031464878673205e-15]}, 1688484], [0.27251407722071946, {"__complex__": [-67.5330581665039, -2.1251912651009362e-15]}, 1752920], [0.277514999580621, {"__complex__": [121.90042114257812, -7.172326866808094e-15]}, 1817892], [0.28251513318998955, {"__complex__": [-357.98797607421875, -1.4835126679416132e-15]}, 1883346], [0.2875150555774266, {"__complex__": [-434.4410705566406, 0.0]}, 1951100], [0.2925143032383768, {"__complex__": [-538.0841674804688, 2.306960088658736e-15]}, 2018506], [0.2975129983065177, {"__complex__": [-514.1636352539062, 3.1212962935995995e-15]}, 2088638], [0.30251265006104155, {"__complex__": [-625.2935180664062, -3.4497390363698484e-15]}, 2159752], [0.3075131135075962, {"__complex__": [-485.5660095214844, 3.3379988734845347e-15]}, 2232050], [0.31251255553945134, {"__complex__": [-445.5313415527344, -6.8715945951490325e-15]}, 2304048], [0.3175120364779517, {"__complex__": [44.02971267700195, 4.6966282859356445e-15]}, 2379552], [0.3225126598898453, {"__complex__": [505.1138610839844, 4.172973036185249e-15]}, 2454976], [0.3275133985704822, {"__complex__": [-118.30339813232422, 2.9425835649154932e-15]}, 2531986], [0.33251410375899365, {"__complex__": 