{"edges": {"__dtype__": "<f8", "__shape__": [116], "__data__": [0.0, 0.005, 0.01, 0.015, 0.02, 0.025, 0.03, 0.035, 0.04, 0.045, 0.05, 0.055, 0.06, 0.065, 0.07, 0.075, 0.08, 0.085, 0.09, 0.095, 0.1, 0.105, 0.11, 0.115, 0.12, 0.125, 0.13, 0.135, 0.14, 0.145, 0.15, 0.155, 0.16, 0.165, 0.17, 0.17500000000000002, 0.18, 0.185, 0.19, 0.195, 0.2, 0.20500000000000002, 0.21, 0.215, 0.22, 0.225, 0.23, 0.23500000000000001, 0.24, 0.245, 0.25, 0.255, 0.26, 0.265, 0.27, 0.275, 0.28, 0.28500000000000003, 0.29, 0.295, 0.3, 0.305, 0.31, 0.315, 0.32, 0.325, 0.33, 0.335, 0.34, 0.34500000000000003, 0.35000000000000003, 0.355, 0.36, 0.365, 0.37, 0.375, 0.38, 0.385, 0.39, 0.395, 0.4, 0.405, 0.41000000000000003, 0.41500000000000004, 0.42, 0.425, 0.43, 0.435, 0.44, 0.445, 0.45, 0.455, 0.46, 0.465, 0.47000000000000003, 0.47500000000000003, 0.48, 0.485, 0.49, 0.495, 0.5, 0.505, 0.51, 0.515, 0.52, 0.525, 0.53, 0.535, 0.54, 0.545, 0.55, 0.555, 0.56, 0.5650000000000001, 0.5700000000000001, 0.5750000000000001]}, "poles": {"__dtype__": [["k", "<f8"], ["power_2", "<c8"], ["modes", "<i8"]], "__shape__": [115], "__data__": [[0.0037054420134658554, {"__complex__": [58219.46875, -1.4025941866280256e-12]}, 83], [0.008002706039259398, {"__complex__": [68320.46875, 0.0]}, 596], [0.012849701484846114, {"__complex__": [-20711.982421875, 1.4128073168827304e-13]}, 1648], [0.0177641384261076, {"__complex__": [8046.1025390625, 2.950958704825424e-13]}, 3156], [0.022684229681789413, {"__complex__": [17031.4375, 4.4982734984794215e-14]}, 5176], [0.027646384376179004, {"__complex__": [15777.5625, 1.333241785202166e-13]}, 7804], [0.032636129245414154, {"__complex__": [14515.5029296875, 1.3917594290577262e-13]}, 10874], [0.037622935176432226, {"__complex__": [5334.8662109375, 3.2243545805337934e-14]}, 14442], [0.0426065943302704, {"__complex__": [12983.96875, 0.0]}, 18544], [0.047584168879418735, {"__complex__": [14601.16796875, 0.0]}, 23040], [0.052572163944886785, {"__complex__": [7024.30712890625, 1.0260110937124287e-14]}, 28366], [0.05756591012932392, {"__complex__": [6794.455078125, 6.88481423835683e-15]}, 33818], [0.06255885577973451, {"__complex__": [6087.7470703125, -4.6415277762772156e-14]}, 40130], [0.06756290621144688, {"__complex__": [1545.5908203125, 4.9709775988701025e-15]}, 46838], [0.07256050504780319, {"__complex__": [6747.3447265625, -6.488424841898446e-15]}, 53826], [0.0775516441986681, {"__complex__": [1902.4810791015625, 7.561400439701042e-15]}, 61584], [0.08254999402587553, {"__complex__": [-357.3968811035156, -1.999576109616534e-14]}, 69864], [0.08754547074829418, {"__complex__": [-1671.2734375, -1.781776325603373e-14]}, 78404], [0.09254370656486871, {"__complex__": [2322.00537109375, 2.119001995355349e-14]}, 87902], [0.09754153604884025, {"__complex__": [1627.2867431640625, -1.3757847942483248e-14]}, 97310], [0.10253422913940137, {"__complex__": [3043.15283203125, -1.945370913783353e-14]}, 107716], [0.1075359850070505, {"__complex__": [4286.4599609375, 3.139624858380409e-14]}, 118654], [0.11253957840084304, {"__complex__": [2275.588623046875, 5.376737297307487e-15]}, 129910], [0.11753653834673844, {"__complex__": [1194.0230712890625, 4.117223603998017e-16]}, 141376], [0.12253336603812491, {"__complex__": [831.5023803710938, -3.931979457197192e-14]}, 153958], [0.12753369323485178, {"__complex__": [3025.628173828125, 1.256898383793616e-14]}, 166718], [0.1325298054599073, {"__complex__": [2320.1474609375, -5.179596731581153e-15]}, 179806], [0.13753126919241337, {"__complex__": [-5.875342845916748, 8.98811986616661e-15]}, 194282], [0.14252978867508304, {"__complex__": [2557.754638671875, -1.3447147787100898e-14]}, 207774], [0.14752584639061916, {"__complex__": [684.6558227539062, 4.171134551173234e-15]}, 223278], [0.1525273402624495, {"__complex__": [2488.9375, -1.2203068992854092e-14]}, 238496], [0.15752777994300757, {"__complex__": [1784.8741455078125, -5.947867473202065e-15]}, 254444], [0.16252677921627748, {"__complex__": [1814.624755859375, -7.741466938793098e-15]}, 270682], [0.16752582095517576, {"__complex__": [813.720458984375, -8.901800432577819e-15]}, 287710], [0.1725259295419247, {"__complex__": [812.74267578125, -4.577243650701361e-15]}, 305202], [0.17752572093623975, {"__complex__": [-743.75927734375, -2.883280247179378e-15]}, 323008], [0.18252702152554795, {"__complex__": [604.888916015625, 0.0]}, 341812], [0.18752508561671835, {"__complex__": [-400.2994689941406, -6.467158385691733e-15]}, 360020], [0.19252006361125312, {"__complex__": [-452.2655334472656, -6.5147307206248495e-15]}, 379728], [0.19751626124600596, {"__complex__": [-503.5394287109375, 2.3302871642678826e-15]}, 399660], [0.20251335405021748, {"__complex__": [-43.50532150268555, 9.97085935003231e-15]}, 420320], [0.20751594275294782, {"__complex__": [252.13241577148438, -1.3167068719794738e-14]}, 442070], [0.21251689533718626, {"__complex__": [-253.4215545654297, -2.0130436793679932e-15]}, 462644], [0.21751895130525958, {"__complex__": [-248.0924530029297, 1.9170115307312737e-15]}, 485820], [0.22252064263763735, {"__complex__": [764.3168334960938, -4.589568615358621e-16]}, 507304], [0.22751949683857262, {"__complex__": [599.7457885742188, 0.0]}, 530776], [0.23252062744923513, {"__complex__": [-503.7631530761719, -6.717996605109253e-15]}, 554524], [0.23751988845699762, {"__complex__": [-1080.18115234375, -2.416893742025793e-15]}, 578008], [0.24251952417933192, {"__complex__": [-555.3074951171875, 2.315678175268351e-15]}, 603272], [0.24751886354741093, {"__complex__": [-604.7232055664062, -3.1526352420985877e-15]}, 627748], [0.2525158523431189, {"__complex__": [-885.3191528320312, -4.989452234482666e-15]}, 653304], [0.2575140585584922, {"__complex__": [-1240.502197265625, 3.4245038072887746e-15]}, 679896], [0.2625126084722789, {"__complex__": [-31.157365798950195, 1.3189819177725041e-15]}, 706092], [0.26751303339828036, {"__complex__": [288.90557861328125, 1.5854825175385854e-15]}, 734258], [0.2725141980302592, {"__complex__": [-47.91196060180664, -2.752894559784392e-15]}, 761190], [0.27751499291909654, {"__complex__": [-132.89761352539062, 2.9473501369470484e-16]}, 789966], [0.2825156597003922, {"__complex__": [-483.61749267578125, 3.983668795770438e-15]}, 818248], [0.2875141801620819, {"__complex__": [-87.055908203125, 5.497615992781609e-16]}, 847024], [0.29251195304227423, {"__complex__": [334.9527282714844, 6.63710347633881e-16]}, 877004], [0.2975142527009851, {"__complex__": [151.48220825195312, 0.0]}, 908602], [0.30251615798691667, {"__complex__": [8.00160026550293, 1.1172272459451208e-15]}, 937802], [0.30751506635382575, {"__complex__": [153.1865234375, 2.401043638000297e-15]}, 969706], [0.31251223811931306, {"__complex__": [3.7623379230499268, -1.3970453212244077e-15]}, 999956], [0.3175098816792195, {"__complex__": [-13.863564491271973, 0.0]}, 1034060], [0.3225110492752749, {"__complex__": [-555.083984375, 2.183361676270099e-15]}, 1066386], [0.3275123331358606, {"__complex__": [-122.92005157470703, -6.983154340016581e-15]}, 1100278], [0.3325123291547583, {"__complex__": [330.5976867675781, -8.219462136367921e-16]}, 1133070], [0.3375117534479973, {"__complex__": [-378.2712707519531, 0.0]}, 1168082], [0.3425129583700723, {"__complex__": [-612.2645874023438, 1.9350018752562446e-15]}, 1203258], [0.3475132726509487, {"__complex__": [-303.8578186035156, -6.01875481352483e-15]}, 1237894], [0.35251300538197095, {"__complex__": [-14.570706367492676, 2.923805056233102e-15]}, 1274124], [0.3575125695577228, {"__complex__": [-167.6592254638672, -7.108019384298718e-16]}, 1310242], [0.36251151779301266, {"__complex__": [-380.7460632324219, 7.605940820199462e-15]}, 1346914], [0.3675115630015573, {"__complex__": [-202.38809204101562, 5.3782691563925965e-15]}, 1385312], [0.3725118957087531, {"__complex__": [-470.55474853515625, 0.0]}, 1422310], [0.37751124096797295, {"__complex__": [-809.3485107421875, 5.098953265771913e-15]}, 1461198], [0.3825103314725004, {"__complex__": [265.5941162109375, 