{"edges": {"__dtype__": "<f8", "__shape__": [128], "__data__": [0.0, 0.005, 0.01, 0.015, 0.02, 0.025, 0.03, 0.035, 0.04, 0.045, 0.05, 0.055, 0.06, 0.065, 0.07, 0.075, 0.08, 0.085, 0.09, 0.095, 0.1, 0.105, 0.11, 0.115, 0.12, 0.125, 0.13, 0.135, 0.14, 0.145, 0.15, 0.155, 0.16, 0.165, 0.17, 0.17500000000000002, 0.18, 0.185, 0.19, 0.195, 0.2, 0.20500000000000002, 0.21, 0.215, 0.22, 0.225, 0.23, 0.23500000000000001, 0.24, 0.245, 0.25, 0.255, 0.26, 0.265, 0.27, 0.275, 0.28, 0.28500000000000003, 0.29, 0.295, 0.3, 0.305, 0.31, 0.315, 0.32, 0.325, 0.33, 0.335, 0.34, 0.34500000000000003, 0.35000000000000003, 0.355, 0.36, 0.365, 0.37, 0.375, 0.38, 0.385, 0.39, 0.395, 0.4, 0.405, 0.41000000000000003, 0.41500000000000004, 0.42, 0.425, 0.43, 0.435, 0.44, 0.445, 0.45, 0.455, 0.46, 0.465, 0.47000000000000003, 0.47500000000000003, 0.48, 0.485, 0.49, 0.495, 0.5, 0.505, 0.51, 0.515, 0.52, 0.525, 0.53, 0.535, 0.54, 0.545, 0.55, 0.555, 0.56, 0.5650000000000001, 0.5700000000000001, 0.5750000000000001, 0.58, 0.585, 0.59, 0.595, 0.6, 0.605, 0.61, 0.615, 0.62, 0.625, 0.63, 0.635]}, "poles": {"__dtype__": [["k", "<f8"], ["power_2", "<c8"], ["modes", "<i8"]], "__shape__": [127], "__data__": [[0.0037537781648676505, {"__complex__": [-17833.681640625, -1.5118872950456441e-12]}, 77], [0.008050398333474014, {"__complex__": [30099.345703125, -2.1243671698058936e-13]}, 548], [0.012848609532355457, {"__complex__": [6531.1328125, 3.9329501569547454e-14]}, 1480], [0.017751579213119567, {"__complex__": [4481.8935546875, 2.4320749949548193e-13]}, 2872], [0.022691827324042853, {"__complex__": [9603.001953125, 3.9329501569547454e-13]}, 4736], [0.027648005536595924, {"__complex__": [28607.521484375, 2.1509368992953665e-13]}, 7036], [0.032612636555868525, {"__complex__": [20569.37890625, -2.9583076727900852e-15]}, 9838], [0.03761114292794433, {"__complex__": [13925.0322265625, 8.814000385397227e-15]}, 13208], [0.04261303922036164, {"__complex__": [13332.1171875, -1.381128471002668e-14]}, 16858], [0.04760505554480107, {"__complex__": [10248.6865234375, -6.627058385562379e-14]}, 21080], [0.05259133615803475, {"__complex__": [2239.998291015625, 1.3629642729652731e-14]}, 25624], [0.05756841184374016, {"__complex__": [6547.5205078125, 3.0308597293157366e-14]}, 30728], [0.06256248327880025, {"__complex__": [7806.25927734375, -6.219789359116282e-14]}, 36498], [0.06756661487904435, {"__complex__": [2990.447021484375, 4.9272851830551787e-14]}, 42528], [0.07257304507008182, {"__complex__": [6169.38330078125, -9.473903425812318e-15]}, 49152], [0.07756473030387098, {"__complex__": [4757.4189453125, -4.0723643261828674e-14]}, 55744], [0.08254764044823601, {"__complex__": [386.0902099609375, 1.8377690997684396e-14]}, 63346], [0.08754405971893497, {"__complex__": [2152.95703125, -5.544518769345745e-14]}, 71388], [0.09254365223263855, {"__complex__": [4176.2421875, -2.0433470453856684e-14]}, 79762], [0.09754150838846357, {"__complex__": [7461.4130859375, 3.41763970639411e-14]}, 88564], [0.10254123052801507, {"__complex__": [3846.190673828125, 9.504455057186834e-15]}, 97988], [0.10754181638082774, {"__complex__": [3104.320068359375, 4.323367547618513e-15]}, 107708], [0.11254085353408888, {"__complex__": [-837.4085693359375, 5.92183222150231e-15]}, 117952], [0.11753281793039293, {"__complex__": [847.309814453125, 7.259623776418016e-15]}, 128288], [0.12252442444514552, {"__complex__": [-316.37921142578125, -1.1660689232771693e-14]}, 139770], [0.12753052839909865, {"__complex__": [-241.00856018066406, 3.064649906460784e-15]}, 151946], [0.13253665927256145, {"__complex__": [2087.86083984375, 1.5656594266498167e-14]}, 163582], [0.13753197887556465, {"__complex__": [641.6463623046875, 0.0]}, 175940], [0.1425260716253757, {"__complex__": [2367.693359375, -1.2314911434967786e-15]}, 189064], [0.14752506711896965, {"__complex__": [956.4549560546875, 1.1479442816784112e-14]}, 202824], [0.1525272624752809, {"__complex__": [1372.365966796875, -4.295649241452563e-15]}, 216806], [0.15752484634575162, {"__complex__": [998.797119140625, -8.067729630515351e-15]}, 230876], [0.16252366735405163, {"__complex__": [404.1359558105469, -1.1819678799278983e-15]}, 246232], [0.1675242007800524, {"__complex__": [787.513671875, -1.1805020258852036e-14]}, 261330], [0.17252326579974073, {"__complex__": [1461.89453125, 1.6793900322578832e-14]}, 277280], [0.17752110470595878, {"__complex__": [2135.453369140625, 4.762661280437695e-15]}, 293320], [0.1825207522633753, {"__complex__": [1161.49609375, -5.997427794462388e-15]}, 310574], [0.18752231962759572, {"__complex__": [674.2860717773438, -8.529636178410908e-15]}, 327560], [0.19252167162300435, {"__complex__": [84.50553894042969, 2.697390396574949e-15]}, 345268], [0.19752225984779248, {"__complex__": [530.2005615234375, -2.6898771296295088e-14]}, 363544], [0.20251992290984697, {"__complex__": [-891.1174926757812, -3.0502363703138313e-15]}, 381660], [0.20751551078768798, {"__complex__": [-779.34716796875, 4.065855555609576e-15]}, 400854], [0.21251512379553542, {"__complex__": [280.82366943359375, 4.424230113395187e-15]}, 421010], [0.21751870975885984, {"__complex__": [564.6205444335938, 6.8609990600118284e-15]}, 441160], [0.2225209082741387, {"__complex__": [1281.9578857421875, 6.0567785460435494e-15]}, 461296], [0.22752039891934017, {"__complex__": [-648.596923828125, -3.862870462547187e-15]}, 482192], [0.23252118259031918, {"__complex__": [-408.641357421875, 8.31769074731599e-15]}, 503860], [0.23751936566507853, {"__complex__": [44.493621826171875, -8.869333342072206e-16]}, 525024], [0.24251707186595864, {"__complex__": [58.64336395263672, -3.399272813372437e-15]}, 547954], [0.24751627666670906, {"__complex__": [-1563.1007080078125, -2.0404266663659487e-16]}, 570544], [0.2525167544702008, {"__complex__": [-449.0037536621094, 4.308965446416348e-15]}, 594374], [0.25751857595461863, {"__complex__": [-92.7418441772461, 2.260857567647342e-15]}, 617900], [0.2625190906945416, {"__complex__": [-192.73390197753906, -3.626046826758463e-15]}, 642106], [0.2675172479110602, {"__complex__": [171.2247314453125, -5.592588397322195e-15]}, 666112], [0.272514629608296, {"__complex__": [156.99949645996094, 2.692516357238211e-15]}, 691786], [0.27751615229387816, {"__complex__": [-461.80877685546875, 4.539898391573392e-15]}, 717996], [0.28251644607381426, {"__complex__": [99.23043823242188, 1.253205997769945e-15]}, 743152], [0.2875152531419474, {"__complex__": [65.79137420654297, 7.557552369021666e-15]}, 770192], [0.2925134012698469, {"__complex__": [502.3520812988281, 1.1693715470901611e-15]}, 796430], [0.2975118362281548, {"__complex__": [175.27859497070312, 2.2582444710050626e-15]}, 824820], [0.3025125080826814, {"__complex__": [-91.70621490478516, -1.0923810167450736e-15]}, 852562], [0.30751063191170563, {"__complex__": [627.9195556640625, -1.586810876958117e-15]}, 880372], [0.3125111278203564, {"__complex__": [458.75970458984375, -9.204287756503591e-15]}, 910652], [0.31751269361539736, {"__complex__": [-209.28846740722656, 4.091290684466202e-15]}, 938996], [0.3225130904459611, {"__complex__": [74.9134750366211, 0.0]}, 969352], [0.32751158760760724, {"__complex__": [637.5037841796875, -3.265035878924523e-15]}, 998344], [0.3325089848249692, {"__complex__": [-92.4960708618164, -1.1303314809138552e-15]}, 1029922], [0.33751027924368393, {"__complex__": [-398.7733459472656, -4.385096344199091e-15]}, 1061918], [0.34251253316973607, {"__complex__": [-197.4038543701172, 8.518672289820766e-16]}, 1093272], [0.34751415893089227, {"__complex__": [203.36041259765625, -2.068752401034198e-15]}, 1125464], [0.352514235068077, {"__complex__": [699.3854370117188, -8.046817763476182e-16]}, 1157380], [0.357512374484406, {"__complex__": [866.071533203125, 1.3693941424195279e-15]}, 1190172], [0.3625118834929162, {"__complex__": [-24.262022018432617, 4.372763544487068e-15]}, 1224650], [0.3675116774700016, {"__complex__": [296.2912902832031, -1.851000135569378e-15]}, 1257864], [0.3725098709245497, {"__complex__": 