{"edges": {"__dtype__": "<f8", "__shape__": [128], "__data__": [0.0, 0.005, 0.01, 0.015, 0.02, 0.025, 0.03, 0.035, 0.04, 0.045, 0.05, 0.055, 0.06, 0.065, 0.07, 0.075, 0.08, 0.085, 0.09, 0.095, 0.1, 0.105, 0.11, 0.115, 0.12, 0.125, 0.13, 0.135, 0.14, 0.145, 0.15, 0.155, 0.16, 0.165, 0.17, 0.17500000000000002, 0.18, 0.185, 0.19, 0.195, 0.2, 0.20500000000000002, 0.21, 0.215, 0.22, 0.225, 0.23, 0.23500000000000001, 0.24, 0.245, 0.25, 0.255, 0.26, 0.265, 0.27, 0.275, 0.28, 0.28500000000000003, 0.29, 0.295, 0.3, 0.305, 0.31, 0.315, 0.32, 0.325, 0.33, 0.335, 0.34, 0.34500000000000003, 0.35000000000000003, 0.355, 0.36, 0.365, 0.37, 0.375, 0.38, 0.385, 0.39, 0.395, 0.4, 0.405, 0.41000000000000003, 0.41500000000000004, 0.42, 0.425, 0.43, 0.435, 0.44, 0.445, 0.45, 0.455, 0.46, 0.465, 0.47000000000000003, 0.47500000000000003, 0.48, 0.485, 0.49, 0.495, 0.5, 0.505, 0.51, 0.515, 0.52, 0.525, 0.53, 0.535, 0.54, 0.545, 0.55, 0.555, 0.56, 0.5650000000000001, 0.5700000000000001, 0.5750000000000001, 0.58, 0.585, 0.59, 0.595, 0.6, 0.605, 0.61, 0.615, 0.62, 0.625, 0.63, 0.635]}, "poles": {"__dtype__": [["k", "<f8"], ["power_2", "<c8"], ["modes", "<i8"]], "__shape__": [127], "__data__": [[0.0037537781648676505, {"__complex__": [-18591.982421875, -1.5118872950456441e-12]}, 77], [0.008050398333474014, {"__complex__": [35484.98828125, 4.248734339611787e-13]}, 548], [0.012848609532355457, {"__complex__": [15459.0166015625, 4.719540188345694e-13]}, 1480], [0.017751579213119567, {"__complex__": [2602.5224609375, -2.0267291059934862e-14]}, 2872], [0.022691827324042853, {"__complex__": [19120.8046875, -1.4748562072140758e-13]}, 4736], [0.027648005536595924, {"__complex__": [14447.3232421875, -2.647307015529038e-13]}, 7036], [0.032612636555868525, {"__complex__": [6682.4111328125, -1.5383199813805148e-13]}, 9838], [0.03761114292794433, {"__complex__": [9254.9609375, 0.0]}, 13208], [0.04261303922036164, {"__complex__": [5780.7607421875, 4.8339496061576906e-14]}, 16858], [0.04760505554480107, {"__complex__": [7266.33642578125, 3.037401534173971e-14]}, 21080], [0.05259133615803475, {"__complex__": [3558.879150390625, -1.2720999655133763e-13]}, 25624], [0.05756841184374016, {"__complex__": [2280.126708984375, 9.116257824581114e-14]}, 30728], [0.06256248327880025, {"__complex__": [3576.284423828125, 3.827562656470544e-14]}, 36498], [0.06756661487904435, {"__complex__": [6285.04736328125, -3.2848567887034524e-14]}, 42528], [0.07257304507008182, {"__complex__": [3630.88818359375, -1.1842378646990687e-14]}, 49152], [0.07756473030387098, {"__complex__": [3441.5595703125, -3.341427069931957e-14]}, 55744], [0.08254764044823601, {"__complex__": [643.3438720703125, 2.3890997958176535e-14]}, 63346], [0.08754405971893497, {"__complex__": [5605.44921875, -1.6307406949323325e-14]}, 71388], [0.09254365223263855, {"__complex__": [7082.29296875, -5.8381343548852705e-15]}, 79762], [0.09754150838846357, {"__complex__": [2329.064697265625, -1.0515814090274363e-14]}, 88564], [0.10254123052801507, {"__complex__": [2965.2236328125, -9.504455057186834e-15]}, 97988], [0.10754181638082774, {"__complex__": [3120.412109375, -1.9455154176041545e-14]}, 107708], [0.11254085353408888, {"__complex__": [4321.48486328125, -7.895776012992097e-15]}, 117952], [0.11753281793039293, {"__complex__": [2258.84228515625, -1.0889435241110551e-14]}, 128288], [0.12252442444514552, {"__complex__": [917.8098754882812, 6.6632507481458395e-15]}, 139770], [0.12753052839909865, {"__complex__": [1298.33154296875, -6.129299812921568e-15]}, 151946], [0.13253665927256145, {"__complex__": [951.0697631835938, 1.0319119487394758e-14]}, 163582], [0.13753197887556465, {"__complex__": [1289.5550537109375, 1.654190653846302e-15]}, 175940], [0.1425260716253757, {"__complex__": [1201.2969970703125, -1.5393639293709733e-16]}, 189064], [0.14752506711896965, {"__complex__": [1382.1728515625, -1.1479442605025875e-15]}, 202824], [0.1525272624752809, {"__complex__": [1219.04052734375, 1.1813035731631904e-14]}, 216806], [0.15752484634575162, {"__complex__": [593.9583740234375, -6.050797222886513e-15]}, 230876], [0.16252366735405163, {"__complex__": [-487.9673767089844, 2.8367228694753084e-15]}, 246232], [0.1675242007800524, {"__complex__": [619.7815551757812, -1.7818898703699524e-15]}, 261330], [0.17252326579974073, {"__complex__": [2177.7119140625, 5.877865282309181e-15]}, 277280], [0.17752110470595878, {"__complex__": [983.4755859375, 7.937769153659887e-16]}, 293320], [0.1825207522633753, {"__complex__": [1910.6112060546875, 1.499356948615597e-15]}, 310574], [0.18752231962759572, {"__complex__": [1188.046142578125, 2.8432122006424605e-15]}, 327560], [0.19252167162300435, {"__complex__": [682.4631958007812, -1.1126734909415632e-14]}, 345268], [0.19752225984779248, {"__complex__": [1813.7752685546875, 3.8426818557658546e-15]}, 363544], [0.20251992290984697, {"__complex__": [1213.156005859375, -7.625591137542815e-15]}, 381660], [0.20751551078768798, {"__complex__": [868.1740112304688, -2.3233461527816072e-15]}, 400854], [0.21251512379553542, {"__complex__": [1139.033203125, 8.848460226790374e-15]}, 421010], [0.21751870975885984, {"__complex__": [398.945068359375, 1.055538365792182e-15]}, 441160], [0.2225209082741387, {"__complex__": [-34.787574768066406, -9.085167819065324e-15]}, 461296], [0.22752039891934017, {"__complex__": [167.91915893554688, -3.862870462547187e-15]}, 482192], [0.23252118259031918, {"__complex__": [1278.3697509765625, -4.620939115834895e-15]}, 503860], [0.23751936566507853, {"__complex__": [2089.664794921875, 5.321600111122442e-15]}, 525024], [0.24251707186595864, {"__complex__": [1059.41064453125, -8.498182033431093e-16]}, 547954], [0.24751627666670906, {"__complex__": [-659.7119750976562, -5.5091522638858574e-15]}, 570544], [0.2525167544702008, {"__complex__": [-358.6300354003906, 1.1751724522294322e-15]}, 594374], [0.25751857595461863, {"__complex__": [-1037.427490234375, -3.014476756863123e-15]}, 617900], [0.2625190906945416, {"__complex__": [315.5577697753906, 4.351256107406861e-15]}, 642106], [0.2675172479110602, {"__complex__": [-290.6025085449219, -4.194441509749883e-15]}, 666112], [0.272514629608296, {"__complex__": [-159.2090301513672, 1.514540437711604e-15]}, 691786], [0.27751615229387816, {"__complex__": [-121.57142639160156, -2.594227712830006e-15]}, 717996], [0.28251644607381426, {"__complex__": [340.7933349609375, -8.459141014342721e-15]}, 743152], [0.2875152531419474, {"__complex__": [254.55746459960938, -1.813812424569599e-15]}, 770192], [0.2925134012698469, {"__complex__": [-610.5572509765625, 4.6774861883606446e-15]}, 796430], [0.2975118362281548, {"__complex__": [-622.5050659179688, 2.82280548287721e-15]}, 824820], [0.3025125080826814, {"__complex__": [-1044.496826171875, 3.277143156114339e-15]}, 852562], [0.30751063191170563, {"__complex__": [626.35400390625, 1.0578739532651174e-15]}, 880372], [0.3125111278203564, {"__complex__": [145.53631591796875, 3.1959333958403e-16]}, 910652], [0.31751269361539736, {"__complex__": [384.03924560546875, -9.91828041510621e-16]}, 938996], [0.3225130904459611, {"__complex__": [146.73626708984375, 0.0]}, 969352], [0.32751158760760724, {"__complex__": [-162.65304565429688, -9.328674544807885e-16]}, 998344], [0.3325089848249692, {"__complex__": [-336.43841552734375, -1.3563976923933315e-15]}, 1029922], [0.33751027924368393, {"__complex__": [131.1121063232422, -3.5080771600625674e-15]}, 1061918], [0.34251253316973607, {"__complex__": [110.66239166259766, -1.8102178284996884e-15]}, 1093272], [0.34751415893089227, {"__complex__": [112.6434326171875, -6.20625752073995e-16]}, 1125464], [0.352514235068077, {"__complex__": [402.247314453125, 8.04681723408059e-15]}, 1157380], [0.357512374484406, {"__complex__": [309.7082824707031, 3.1300436028458946e-15]}, 1190172], [0.3625118834929162, {"__complex__": [223.1362762451172, 3.849932881310825e-15]}, 1224650], [0.3675116774700016, {"__complex__": [-463.98291015625, -5.182800210187669e-15]}, 1257864], [0.3725098709245497, {"__complex__": 