{"poles": {"dims": ["k"], "edges": [{"__dtype__": "<f8", "__shape__": [86], "__data__": [0.0, 0.005, 0.01, 0.015, 0.02, 0.025, 0.03, 0.035, 0.04, 0.045, 0.05, 0.055, 0.06, 0.065, 0.07, 0.075, 0.08, 0.085, 0.09, 0.095, 0.1, 0.105, 0.11, 0.115, 0.12, 0.125, 0.13, 0.135, 0.14, 0.145, 0.15, 0.155, 0.16, 0.165, 0.17, 0.17500000000000002, 0.18, 0.185, 0.19, 0.195, 0.2, 0.20500000000000002, 0.21, 0.215, 0.22, 0.225, 0.23, 0.23500000000000001, 0.24, 0.245, 0.25, 0.255, 0.26, 0.265, 0.27, 0.275, 0.28, 0.28500000000000003, 0.29, 0.295, 0.3, 0.305, 0.31, 0.315, 0.32, 0.325, 0.33, 0.335, 0.34, 0.34500000000000003, 0.35000000000000003, 0.355, 0.36, 0.365, 0.37, 0.375, 0.38, 0.385, 0.39, 0.395, 0.4, 0.405, 0.41000000000000003, 0.41500000000000004, 0.42, 0.425]}], "coords": [{"__dtype__": "<f8", "__shape__": [85], "__data__": [0.0025, 0.0075, 0.0125, 0.0175, 0.0225, 0.0275, 0.0325, 0.037500000000000006, 0.042499999999999996, 0.0475, 0.052500000000000005, 0.057499999999999996, 0.0625, 0.0675, 0.07250000000000001, 0.0775, 0.0825, 0.0875, 0.0925, 0.0975, 0.10250000000000001, 0.1075, 0.1125, 0.1175, 0.1225, 0.1275, 0.1325, 0.1375, 0.14250000000000002, 0.1475, 0.1525, 0.1575, 0.1625, 0.1675, 0.17250000000000001, 0.1775, 0.1825, 0.1875, 0.1925, 0.1975, 0.2025, 0.20750000000000002, 0.2125, 0.2175, 0.2225, 0.2275, 0.2325, 0.2375, 0.2425, 0.2475, 0.2525, 0.2575, 0.2625, 0.2675, 0.2725, 0.2775, 0.28250000000000003, 0.2875, 0.2925, 0.2975, 0.3025, 0.3075, 0.3125, 0.3175, 0.3225, 0.3275, 0.3325, 0.3375, 0.3425, 0.34750000000000003, 0.35250000000000004, 0.3575, 0.3625, 0.3675, 0.3725, 0.3775, 0.3825, 0.3875, 0.3925, 0.3975, 0.4025, 0.40750000000000003, 0.41250000000000003, 0.4175, 0.4225]}], "data": {"__dtype__": [["k", "<f8"], ["power_0", "<c8"], ["modes", "<i8"]], "__shape__": [85], "__data__": [[0.003785962175218714, {"__complex__": [75557.4296875, 2.6102091408436445e-13]}, 223], [0.008055650047333739, {"__complex__": [103075.3359375, -8.638999482142931e-14]}, 1516], [0.012838659412058445, {"__complex__": [94558.1484375, 4.404332801244415e-14]}, 4130], [0.017758445021159877, {"__complex__": [108450.484375, -4.3341520558062493e-14]}, 8058], [0.022686221993372543, {"__complex__": [102616.5390625, 1.7748943523135212e-14]}, 13118], [0.02764503576190599, {"__complex__": [100523.21875, -5.001669244790799e-14]}, 19784], [0.032626124011193657, {"__complex__": [98346.703125, 4.236057085481434e-15]}, 27482], [0.03761517664423396, {"__complex__": [91273.75, -7.118945156406233e-15]}, 36794], [0.042612076216348424, {"__complex__": [87660.9609375, 9.895054983450734e-15]}, 47060], [0.04758810749327745, {"__complex__": [89896.1640625, 1.1946976204548279e-14]}, 58466], [0.05257639262811682, {"__complex__": [89207.6875, 3.236725920244916e-15]}, 71934], [0.057576644294676294, {"__complex__": [87068.4921875, 6.760785639110106e-16]}, 86096], [0.06257060468948772, {"__complex__": [83795.6015625, 8.588071816771679e-16]}, 101666], [0.06756431050677218, {"__complex__": [82645.9609375, 5.8947449548820644e-15]}, 118494], [0.07255460479533274, {"__complex__": [83392.3671875, -1.363676034750851e-14]}, 136590], [0.07755203808236072, {"__complex__": [82602.921875, 0.0]}, 156536], [0.08254994891496988, {"__complex__": [81918.5078125, 9.87150513817646e-16]}, 176896], [0.0875465852208996, {"__complex__": [77533.0078125, 4.670624797971411e-15]}, 199400], [0.09254606261661012, {"__complex__": [77013.0390625, 4.707283960412104e-15]}, 222578], [0.09754095165434574, {"__complex__": [76696.0859375, 0.0]}, 247110], [0.10253878096196406, {"__complex__": [76697.765625, 8.512318483925175e-16]}, 273522], [0.1075376536617221, {"__complex__": [76123.3359375, -1.9368465012571277e-15]}, 300528], [0.11253874421958751, {"__complex__": [75381.453125, -2.1177587627470166e-15]}, 329826], [0.11753930483919833, {"__complex__": [75741.515625, -6.487629689719211e-16]}, 358884], [0.12253435939470513, {"__complex__": [75665.03125, 1.4916933121461953e-16]}, 390212], [0.1275324928771181, {"__complex__": [75107.703125, -2.201666481776738e-15]}, 423008], [0.13253098558293935, {"__complex__": [75127.5, 2.5499032198540174e-16]}, 456548], [0.1375294182229233, {"__complex__": [73542.0703125, -2.366261182933365e-16]}, 491980], [0.14252928720123362, {"__complex__": [73286.8203125, -3.526000800742942e-15]}, 528260], [0.14752710781464048, {"__complex__": [73113.53125, 8.230866905607108e-16]}, 565750], [0.15252590457329984, {"__complex__": [73129.921875, -5.771553859461938e-16]}, 605116], [0.15752627544450365, {"__complex__": [72875.265625, 1.5331238111787712e-15]}, 645434], [0.1625268432433497, {"__complex__": [72428.9140625, 1.3551043789619926e-15]}, 687270], [0.16752762298865234, {"__complex__": [72897.6328125, -1.1961592816844336e-15]}, 729932], [0.17252411279445126, {"__complex__": [72748.1640625, -2.4090455582530083e-15]}, 773188], [0.17752203527930777, {"__complex__": [71997.953125, 5.678630109983405e-16]}, 820024], [0.18252363779831107, {"__complex__": [71451.375, 0.0]}, 866702], [0.18752234050808908, {"__complex__": [71417.5859375, -1.0188655449452151e-15]}, 914078], [0.19252201016210274, {"__complex__": [70827.1328125, 2.4142088064016745e-16]}, 964418], [0.19752271477956754, {"__complex__": [71667.40625, -1.6060292074983698e-15]}, 1014810], [0.20252178570627094, {"__complex__": [71904.734375, 1.69203238016048e-15]}, 1066432], [0.20751974798690762, {"__complex__": [70827.4140625, 4.159405844771281e-16]}, 1119538], [0.2125197454352182, {"__complex__": [71033.7265625, 3.961436245547822e-16]}, 1175486], [0.2175192296548309, {"__complex__": [71169.546875, 5.680385056370998e-16]}, 1229656], [0.22251681667262319, {"__complex__": [70482.7734375, -1.808053447561217e-15]}, 1287742], [0.22751746426403283, {"__complex__": [71026.4765625, -5.185884045390385e-16]}, 1346910], [0.23251730364615478, {"__complex__": [70440.5703125, -4.969223605394576e-16]}, 1405636], [0.23751678657474465, {"__complex__": [71056.53125, -1.7448553664545078e-15]}, 1467822], [0.2425174971485461, {"__complex__": [70976.9609375, -7.610187366940963e-17]}, 1529730], [0.24751707342858845, {"__complex__": [70639.96875, -2.9223610768162704e-16]}, 1593442], [0.2525171832510974, {"__complex__": [70268.75, 8.421572138516678e-16]}, 1658816], [0.2575157181508458, {"__complex__": [70233.3359375, 1.6885607097470398e-16]}, 1723588], [0.2625146768272274, {"__complex__": [70452.0625, -1.2984289809447338e-15]}, 1793172], [0.2675153728644548, {"__complex__": [70412.453125, 5.003537968879031e-16]}, 1861328], [0.2725140790996068, {"__complex__": [70224.2734375, 9.64651307035322e-16]}, 1930900], [0.2775148647609448, {"__complex__": [70053.203125, -1.0453179603714933e-15]}, 2004630], [0.28251520974118804, {"__complex__": [70043.890625, -6.452232182853454e-16]}, 2074904], [0.28751406015515885, {"__complex__": [70140.2890625, 4.3306573778603794e-16]}, 2150534], [0.29251361364437867, {"__complex__": [69956.9296875, -1.4651546052384156e-15]}, 2224768], [0.2975131524186939, {"__complex__": [70024.84375, -4.0441225430676026e-16]}, 2302904], [0.3025147259314174, {"__complex__": [69803.09375, 1.9554196309195892e-16]}, 2381388], [0.3075149652713783, {"__complex__": [69839.578125, 4.7343315091280565e-17]}, 2458960], [0.31251335064096714, {"__complex__": [69758.2265625, -1.008451910133434e-15]}, 2539672], [0.31751349612987984, {"__complex__": [69708.3125, 6.435198879679762e-16]}, 2623108], [0.32251268944270295, {"__complex__": [69809.7578125, -4.3052461247449544e-16]}, 2704034], [0.32751171630842707, {"__complex__": [69357.1875, -1.5644350193487369e-15]}, 2790512], [0.33251237563902225, {"__complex__": [69439.8046875, -2.630946273456125e-16]}, 2876150], [0.3375123279265873, {"__complex__": [69747.8515625, 7.858005119808133e-16]}, 2962974], [0.34251273719712905, {"__complex__": [69441.015625, 8.010291585208208e-16]}, 3051976], [0.34751247641754474, {"__complex__": [69445.078125, -4.448199875253063e-16]}, 3140560], [0.35251198333721223, {"__complex__": [69388.28125, -2.5210000734135366e-16]}, 3232476], 