{"poles": {"dims": ["k"], "edges": [{"__dtype__": "<f8", "__shape__": [86], "__data__": [0.0, 0.005, 0.01, 0.015, 0.02, 0.025, 0.03, 0.035, 0.04, 0.045, 0.05, 0.055, 0.06, 0.065, 0.07, 0.075, 0.08, 0.085, 0.09, 0.095, 0.1, 0.105, 0.11, 0.115, 0.12, 0.125, 0.13, 0.135, 0.14, 0.145, 0.15, 0.155, 0.16, 0.165, 0.17, 0.17500000000000002, 0.18, 0.185, 0.19, 0.195, 0.2, 0.20500000000000002, 0.21, 0.215, 0.22, 0.225, 0.23, 0.23500000000000001, 0.24, 0.245, 0.25, 0.255, 0.26, 0.265, 0.27, 0.275, 0.28, 0.28500000000000003, 0.29, 0.295, 0.3, 0.305, 0.31, 0.315, 0.32, 0.325, 0.33, 0.335, 0.34, 0.34500000000000003, 0.35000000000000003, 0.355, 0.36, 0.365, 0.37, 0.375, 0.38, 0.385, 0.39, 0.395, 0.4, 0.405, 0.41000000000000003, 0.41500000000000004, 0.42, 0.425]}], "coords": [{"__dtype__": "<f8", "__shape__": [85], "__data__": [0.0025, 0.0075, 0.0125, 0.0175, 0.0225, 0.0275, 0.0325, 0.037500000000000006, 0.042499999999999996, 0.0475, 0.052500000000000005, 0.057499999999999996, 0.0625, 0.0675, 0.07250000000000001, 0.0775, 0.0825, 0.0875, 0.0925, 0.0975, 0.10250000000000001, 0.1075, 0.1125, 0.1175, 0.1225, 0.1275, 0.1325, 0.1375, 0.14250000000000002, 0.1475, 0.1525, 0.1575, 0.1625, 0.1675, 0.17250000000000001, 0.1775, 0.1825, 0.1875, 0.1925, 0.1975, 0.2025, 0.20750000000000002, 0.2125, 0.2175, 0.2225, 0.2275, 0.2325, 0.2375, 0.2425, 0.2475, 0.2525, 0.2575, 0.2625, 0.2675, 0.2725, 0.2775, 0.28250000000000003, 0.2875, 0.2925, 0.2975, 0.3025, 0.3075, 0.3125, 0.3175, 0.3225, 0.3275, 0.3325, 0.3375, 0.3425, 0.34750000000000003, 0.35250000000000004, 0.3575, 0.3625, 0.3675, 0.3725, 0.3775, 0.3825, 0.3875, 0.3925, 0.3975, 0.4025, 0.40750000000000003, 0.41250000000000003, 0.4175, 0.4225]}], "data": {"__dtype__": [["k", "<f8"], ["power_2", "<c8"], ["modes", "<i8"]], "__shape__": [85], "__data__": [[0.003785962175218714, {"__complex__": [17855.630859375, -1.5661253760859695e-12]}, 223], [0.008055650047333739, {"__complex__": [27314.939453125, -3.0716445012513027e-13]}, 1516], [0.012838659412058445, {"__complex__": [1081.656494140625, 0.0]}, 4130], [0.017758445021159877, {"__complex__": [40368.62109375, 1.7336608223224997e-13]}, 8058], [0.022686221993372543, {"__complex__": [7013.44189453125, -3.5497887046270424e-14]}, 13118], [0.02764503576190599, {"__complex__": [1405.6090087890625, -6.325640694842399e-14]}, 19784], [0.032626124011193657, {"__complex__": [5278.2998046875, -8.472114170962868e-15]}, 27482], [0.03761517664423396, {"__complex__": [9038.46484375, 1.977484812725784e-14]}, 36794], [0.042612076216348424, {"__complex__": [5607.19140625, -2.4737637458626836e-15]}, 47060], [0.04758810749327745, {"__complex__": [8282.294921875, -3.1858603212128744e-14]}, 58466], [0.05257639262811682, {"__complex__": [2361.732421875, 1.7397401133102154e-14]}, 71934], [0.057576644294676294, {"__complex__": [1644.87158203125, -2.163451404515234e-14]}, 86096], [0.06257060468948772, {"__complex__": [-3624.0859375, 9.160609655545476e-15]}, 101666], [0.06756431050677218, {"__complex__": [1317.8809814453125, 7.859660222187068e-15]}, 118494], [0.07255460479533274, {"__complex__": [6223.0126953125, -5.1137852361948094e-15]}, 136590], [0.07755203808236072, {"__complex__": [6065.64892578125, -2.9747871222953913e-15]}, 156536], [0.08254994891496988, {"__complex__": [1308.4652099609375, 8.884354941996169e-15]}, 176896], [0.0875465852208996, {"__complex__": [4038.849365234375, -4.086796751164544e-15]}, 199400], [0.09254606261661012, {"__complex__": [2656.552001953125, -1.2552758074798557e-14]}, 222578], [0.09754095165434574, {"__complex__": [2375.208984375, -1.1306575250710771e-14]}, 247110], [0.10253878096196406, {"__complex__": [2762.957763671875, -5.10739140799246e-15]}, 273522], [0.1075376536617221, {"__complex__": [1472.977294921875, 1.8593726750881605e-14]}, 300528], [0.11253874421958751, {"__complex__": [-2365.669921875, 7.059196405218981e-16]}, 329826], [0.11753930483919833, {"__complex__": [1093.21826171875, -2.5950518758876846e-15]}, 358884], [0.12253435939470513, {"__complex__": [-198.35597229003906, 1.1933546497169562e-15]}, 390212], [0.1275324928771181, {"__complex__": [-367.230712890625, 1.0457916000197742e-14]}, 423008], [0.13253098558293935, {"__complex__": [1044.2879638671875, 8.159690303532856e-15]}, 456548], [0.1375294182229233, {"__complex__": [1780.2713623046875, 1.1358053678080151e-14]}, 491980], [0.14252928720123362, {"__complex__": [211.72488403320312, -3.526000800742942e-15]}, 528260], [0.14752710781464048, {"__complex__": [1032.0140380859375, -2.4692600716821325e-15]}, 565750], [0.15252590457329984, {"__complex__": [716.4415893554688, -7.695405498879646e-16]}, 605116], [0.15752627544450365, {"__complex__": [1369.69580078125, -5.050290375919206e-15]}, 645434], [0.1625268432433497, {"__complex__": [-371.2177429199219, -2.7102087579239853e-15]}, 687270], [0.16752762298865234, {"__complex__": [-1038.5810546875, -1.531083880556075e-14]}, 729932], [0.17252411279445126, {"__complex__": [562.0694580078125, 6.022613895632521e-16]}, 773188], [0.17752203527930777, {"__complex__": [277.2926330566406, 1.1357260008208574e-14]}, 820024], [0.18252363779831107, {"__complex__": [-177.06704711914062, -1.6118387947253502e-15]}, 866702], [0.18752234050808908, {"__complex__": [-235.61636352539062, 1.0188655449452151e-15]}, 914078], [0.19252201016210274, {"__complex__": [-1115.7435302734375, 0.0]}, 964418], [0.19752271477956754, {"__complex__": [-1509.6644287109375, -2.7531929271400624e-15]}, 1014810], [0.20252178570627094, {"__complex__": [-441.9018249511719, 5.239842373471089e-15]}, 1066432], [0.20751974798690762, {"__complex__": [-1471.3819580078125, -3.119554370343571e-15]}, 1119538], [0.2125197454352182, {"__complex__": [-873.34375, -2.9710771179864174e-16]}, 1175486], [0.2175192296548309, {"__complex__": [-1142.489501953125, -3.029538484972962e-15]}, 1229656], [0.22251681667262319, {"__complex__": [-1646.2607421875, -4.339328612960099e-15]}, 1287742], [0.22751746426403283, {"__complex__": [496.755615234375, -3.4572562420184935e-15]}, 1346910], [0.23251730364615478, {"__complex__": [-444.7987976074219, -3.3128155251714803e-15]}, 1405636], [0.23751678657474465, {"__complex__": [950.10498046875, -6.344928460908503e-16]}, 1467822], [0.2425174971485461, {"__complex__": [-167.25643920898438, -1.217629978710554e-15]}, 1529730], [0.24751707342858845, {"__complex__": [738.6460571289062, 2.3378888614530163e-15]}, 1593442], [0.2525171832510974, {"__complex__": [381.44708251953125, 2.8071906422528136e-15]}, 1658816], [0.2575157181508458, {"__complex__": [825.94091796875, 2.1613576661245635e-15]}, 1723588], [0.2625146768272274, {"__complex__": [-1003.6315307617188, -6.751830489154379e-15]}, 1793172], [0.2675153728644548, {"__complex__": [-499.9111328125, 2.0014151875516126e-15]}, 1861328], [0.2725140790996068, {"__complex__": [32.94717788696289, 1.929302614070644e-15]}, 1930900], [0.2775148647609448, {"__complex__": [-664.6448364257812, 3.0198075587166678e-15]}, 2004630], [0.28251520974118804, {"__complex__": [-389.3512268066406, -2.4686800658715e-15]}, 2074904], [0.28751406015515885, {"__complex__": [-1258.771240234375, 1.5157300954860226e-15]}, 2150534], [0.29251361364437867, {"__complex__": [-773.30224609375, -1.674462375735584e-15]}, 2224768], [0.2975131524186939, {"__complex__": [-856.4888916015625, 6.066183682252506e-16]}, 2302904], [0.3025147259314174, {"__complex__": [-111.16402435302734, 3.715297417861228e-15]}, 2381388], [0.3075149652713783, {"__complex__": [683.6787109375, -1.8937326036512226e-16]}, 2458960], [0.31251335064096714, {"__complex__": [-400.060791015625, -1.7418714811395677e-15]}, 2539672], [0.31751349612987984, {"__complex__": [-462.11669921875, 1.0651364137548758e-15]}, 2623108], [0.32251268944270295, {"__complex__": [-173.17239379882812, 2.066518139877578e-15]}, 2704034], [0.32751171630842707, {"__complex__": [-81.0764389038086, 3.337461219321265e-16]}, 2790512], [0.33251237563902225, {"__complex__": [-299.0002746582031, 9.714263000639356e-16]}, 2876150], [0.3375123279265873, 