{"edges": {"__dtype__": "<f8", "__shape__": [116], "__data__": [0.0, 0.005, 0.01, 0.015, 0.02, 0.025, 0.03, 0.035, 0.04, 0.045, 0.05, 0.055, 0.06, 0.065, 0.07, 0.075, 0.08, 0.085, 0.09, 0.095, 0.1, 0.105, 0.11, 0.115, 0.12, 0.125, 0.13, 0.135, 0.14, 0.145, 0.15, 0.155, 0.16, 0.165, 0.17, 0.17500000000000002, 0.18, 0.185, 0.19, 0.195, 0.2, 0.20500000000000002, 0.21, 0.215, 0.22, 0.225, 0.23, 0.23500000000000001, 0.24, 0.245, 0.25, 0.255, 0.26, 0.265, 0.27, 0.275, 0.28, 0.28500000000000003, 0.29, 0.295, 0.3, 0.305, 0.31, 0.315, 0.32, 0.325, 0.33, 0.335, 0.34, 0.34500000000000003, 0.35000000000000003, 0.355, 0.36, 0.365, 0.37, 0.375, 0.38, 0.385, 0.39, 0.395, 0.4, 0.405, 0.41000000000000003, 0.41500000000000004, 0.42, 0.425, 0.43, 0.435, 0.44, 0.445, 0.45, 0.455, 0.46, 0.465, 0.47000000000000003, 0.47500000000000003, 0.48, 0.485, 0.49, 0.495, 0.5, 0.505, 0.51, 0.515, 0.52, 0.525, 0.53, 0.535, 0.54, 0.545, 0.55, 0.555, 0.56, 0.5650000000000001, 0.5700000000000001, 0.5750000000000001]}, "poles": {"__dtype__": [["k", "<f8"], ["power_2", "<c8"], ["modes", "<i8"]], "__shape__": [115], "__data__": [[0.0037054420134658554, {"__complex__": [-108485.671875, 4.207782559884077e-12]}, 83], [0.008002706039259398, {"__complex__": [-6880.41357421875, 5.859831391820391e-13]}, 596], [0.012849701484846114, {"__complex__": [-582.0953369140625, 2.1192109753240956e-13]}, 1648], [0.0177641384261076, {"__complex__": [12866.9462890625, -1.475479352412712e-13]}, 3156], [0.022684229681789413, {"__complex__": [9339.353515625, 0.0]}, 5176], [0.027646384376179004, {"__complex__": [11867.078125, -3.7293478309836925e-14]}, 7804], [0.032636129245414154, {"__complex__": [4737.521484375, -2.6764604665581795e-14]}, 10874], [0.037622935176432226, {"__complex__": [4735.701171875, -3.2243545805337934e-14]}, 14442], [0.0426065943302704, {"__complex__": [296.3004455566406, -3.7666735236505794e-14]}, 18544], [0.047584168879418735, {"__complex__": [3054.61669921875, 1.2631871163830345e-15]}, 23040], [0.052572163944886785, {"__complex__": [7447.638671875, 4.10404445955301e-15]}, 28366], [0.05756591012932392, {"__complex__": [9172.1162109375, 6.88481423835683e-15]}, 33818], [0.06255885577973451, {"__complex__": [8590.9833984375, 6.527148647148071e-15]}, 40130], [0.06756290621144688, {"__complex__": [6784.31689453125, -4.7224285706958316e-14]}, 46838], [0.07256050504780319, {"__complex__": [7170.0107421875, 1.5950711210839172e-14]}, 53826], [0.0775516441986681, {"__complex__": [5393.923828125, -2.6464902385986595e-14]}, 61584], [0.08254999402587553, {"__complex__": [-644.2853393554688, -1.3330507115099244e-14]}, 69864], [0.08754547074829418, {"__complex__": [2744.58544921875, 2.969627209338955e-15]}, 78404], [0.09254370656486871, {"__complex__": [1731.0306396484375, 1.0595009976776745e-14]}, 87902], [0.09754153604884025, {"__complex__": [3041.04150390625, 8.374342004894252e-15]}, 97310], [0.10253422913940137, {"__complex__": [2708.633544921875, -1.0807616093570522e-14]}, 107716], [0.1075359850070505, {"__complex__": [1148.6781005859375, 4.905663735340271e-15]}, 118654], [0.11253957840084304, {"__complex__": [416.65411376953125, -5.376737297307487e-15]}, 129910], [0.11753653834673844, {"__complex__": [1486.0179443359375, 0.0]}, 141376], [0.12253336603812491, {"__complex__": [2036.48095703125, 1.3232622928923353e-15]}, 153958], [0.12753369323485178, {"__complex__": [-450.3794250488281, -2.79310744895529e-15]}, 166718], [0.1325298054599073, {"__complex__": [404.5617980957031, -2.5897983657905766e-15]}, 179806], [0.13753126919241337, {"__complex__": [3558.269775390625, -5.243069886637483e-16]}, 194282], [0.14252978867508304, {"__complex__": [848.5313720703125, 4.202233789348149e-15]}, 207774], [0.14752584639061916, {"__complex__": [-517.1869506835938, 5.213918083087424e-15]}, 223278], [0.1525273402624495, {"__complex__": [-1364.90234375, 3.904981976069356e-15]}, 238496], [0.15752777994300757, {"__complex__": [-1752.1959228515625, -7.320452600492137e-15]}, 254444], [0.16252677921627748, {"__complex__": [169.65838623046875, 2.580489050183778e-15]}, 270682], [0.16752582095517576, {"__complex__": [1859.395751953125, 8.092545895924889e-16]}, 287710], [0.1725259295419247, {"__complex__": [531.4154663085938, -5.340117521898842e-15]}, 305202], [0.17752572093623975, {"__complex__": [-144.33175659179688, -5.766560494358756e-15]}, 323008], [0.18252702152554795, {"__complex__": [-548.0584106445312, 2.724663163410643e-15]}, 341812], [0.18752508561671835, {"__complex__": [263.8621520996094, 1.2934316983141702e-15]}, 360020], [0.19252006361125312, {"__complex__": [-1686.703369140625, 7.35781352972963e-15]}, 379728], [0.19751626124600596, {"__complex__": [-241.66281127929688, -2.039001215794838e-15]}, 399660], [0.20251335405021748, {"__complex__": [-537.9736328125, 2.769683176315446e-15]}, 420320], [0.20751594275294782, {"__complex__": [-481.9699401855469, 1.580048271786357e-15]}, 442070], [0.21251689533718626, {"__complex__": [1215.2059326171875, -3.01956551905199e-15]}, 462644], [0.21751895130525958, {"__complex__": [158.51397705078125, -4.792528932707303e-15]}, 485820], [0.22252064263763735, {"__complex__": [690.3256225585938, 1.2850791699487666e-14]}, 507304], [0.22751949683857262, {"__complex__": [372.25469970703125, -8.773216807778116e-16]}, 530776], [0.23252062744923513, {"__complex__": [-184.51914978027344, 2.519248779855529e-15]}, 554524], [0.23751988845699762, {"__complex__": [-461.72991943359375, 0.0]}, 578008], [0.24251952417933192, {"__complex__": [-51.614219665527344, 6.175142083059918e-15]}, 603272], [0.24751886354741093, {"__complex__": [-431.3197021484375, -1.483593030192484e-15]}, 627748], [0.2525158523431189, {"__complex__": [-546.004150390625, 0.0]}, 653304], [0.2575140585584922, {"__complex__": [-4.3269572257995605, 1.1985762901994238e-15]}, 679896], [0.2625126084722789, {"__complex__": [53.62344741821289, 3.9569457533175124e-15]}, 706092], [0.26751303339828036, {"__complex__": [-1074.088623046875, 2.5367719857100892e-15]}, 734258], [0.2725141980302592, {"__complex__": [-453.0133361816406, -3.670526220884681e-15]}, 761190], [0.27751499291909654, {"__complex__": [106.09559631347656, 2.0631450429233747e-15]}, 789966], [0.2825156597003922, {"__complex__": [-338.7242126464844, -1.4227389010090644e-15]}, 818248], [0.2875141801620819, {"__complex__": [965.1747436523438, 0.0]}, 847024], [0.29251195304227423, {"__complex__": [11.777425765991211, -3.185809499236039e-15]}, 877004], [0.2975142527009851, {"__complex__": [-346.467529296875, -7.687545562524718e-16]}, 908602], [0.30251615798691667, {"__complex__": [-253.68531799316406, 9.930908617558588e-16]}, 937802], [0.30751506635382575, {"__complex__": [-205.2533721923828, -1.4406262251518255e-15]}, 969706], [0.31251223811931306, {"__complex__": [-1119.5462646484375, -8.149431040475712e-16]}, 999956], [0.3175098816792195, {"__complex__": [331.5943603515625, 1.3509697993882076e-15]}, 1034060], [0.3225110492752749, {"__complex__": [52.99965286254883, -4.366723352540198e-15]}, 1066386], [0.3275123331358606, {"__complex__": [-56.97198486328125, -3.808993237871183e-15]}, 1100278], [0.3325123291547583, {"__complex__": [-415.7225341796875, 4.109731015244401e-15]}, 1133070], [0.3375117534479973, {"__complex__": [84.12937927246094, -3.587891380616446e-15]}, 1168082], [0.3425129583700723, {"__complex__": [277.2908935546875, -2.5638774635387005e-15]}, 1203258], [0.3475132726509487, {"__complex__": [43.489768981933594, 9.404305057877037e-16]}, 1237894], [0.35251300538197095, {"__complex__": [-82.77674865722656, 1.827378292494587e-15]}, 1274124], [0.3575125695577228, {"__complex__": [298.5741271972656, 1.7770048460746796e-16]}, 1310242], [0.36251151779301266, {"__complex__": [-309.89617919921875, 1.0371737385836432e-15]}, 1346914], [0.3675115630015573, {"__complex__": [312.5296936035156, 8.403545159816738e-16]}, 1385312], [0.3725118957087531, {"__complex__": [290.3271789550781, -4.256172423912829e-15]}, 1422310], [0.37751124096797295, {"__complex__": 