{"edges": {"__dtype__": "<f8", "__shape__": [128], "__data__": [0.0, 0.005, 0.01, 0.015, 0.02, 0.025, 0.03, 0.035, 0.04, 0.045, 0.05, 0.055, 0.06, 0.065, 0.07, 0.075, 0.08, 0.085, 0.09, 0.095, 0.1, 0.105, 0.11, 0.115, 0.12, 0.125, 0.13, 0.135, 0.14, 0.145, 0.15, 0.155, 0.16, 0.165, 0.17, 0.17500000000000002, 0.18, 0.185, 0.19, 0.195, 0.2, 0.20500000000000002, 0.21, 0.215, 0.22, 0.225, 0.23, 0.23500000000000001, 0.24, 0.245, 0.25, 0.255, 0.26, 0.265, 0.27, 0.275, 0.28, 0.28500000000000003, 0.29, 0.295, 0.3, 0.305, 0.31, 0.315, 0.32, 0.325, 0.33, 0.335, 0.34, 0.34500000000000003, 0.35000000000000003, 0.355, 0.36, 0.365, 0.37, 0.375, 0.38, 0.385, 0.39, 0.395, 0.4, 0.405, 0.41000000000000003, 0.41500000000000004, 0.42, 0.425, 0.43, 0.435, 0.44, 0.445, 0.45, 0.455, 0.46, 0.465, 0.47000000000000003, 0.47500000000000003, 0.48, 0.485, 0.49, 0.495, 0.5, 0.505, 0.51, 0.515, 0.52, 0.525, 0.53, 0.535, 0.54, 0.545, 0.55, 0.555, 0.56, 0.5650000000000001, 0.5700000000000001, 0.5750000000000001, 0.58, 0.585, 0.59, 0.595, 0.6, 0.605, 0.61, 0.615, 0.62, 0.625, 0.63, 0.635]}, "poles": {"__dtype__": [["k", "<f8"], ["power_2", "<c8"], ["modes", "<i8"]], "__shape__": [127], "__data__": [[0.0037537781648676505, {"__complex__": [-79226.2265625, -3.0237745900912882e-12]}, 77], [0.008050398333474014, {"__complex__": [-14335.189453125, -1.0621835442453653e-12]}, 548], [0.012848609532355457, {"__complex__": [17071.052734375, 0.0]}, 1480], [0.017751579213119567, {"__complex__": [14247.7138671875, -3.242766569589578e-13]}, 2872], [0.022691827324042853, {"__complex__": [22663.33984375, 1.2290468393450632e-13]}, 4736], [0.027648005536595924, {"__complex__": [15544.2255859375, -9.927400969420713e-14]}, 7036], [0.032612636555868525, {"__complex__": [16201.1015625, -9.466584552928273e-14]}, 9838], [0.03761114292794433, {"__complex__": [26119.091796875, 1.0576800801289851e-13]}, 13208], [0.04261303922036164, {"__complex__": [13985.23046875, -3.9707444282480533e-14]}, 16858], [0.04760505554480107, {"__complex__": [12543.8349609375, -2.209019405385263e-14]}, 21080], [0.05259133615803475, {"__complex__": [4774.00830078125, -7.269142563272671e-14]}, 25624], [0.05756841184374016, {"__complex__": [10772.3916015625, 2.2731447122835077e-14]}, 30728], [0.06256248327880025, {"__complex__": [5285.6162109375, -3.827562656470544e-14]}, 36498], [0.06756661487904435, {"__complex__": [4036.03125, -2.1899044128645753e-14]}, 42528], [0.07257304507008182, {"__complex__": [6964.9658203125, -4.1448327382049774e-14]}, 49152], [0.07756473030387098, {"__complex__": [2460.866943359375, 1.6707135349659785e-14]}, 55744], [0.08254764044823601, {"__complex__": [5393.7919921875, 2.343155542912454e-14]}, 63346], [0.08754405971893497, {"__complex__": [3822.838623046875, 0.0]}, 71388], [0.09254365223263855, {"__complex__": [3049.262451171875, 4.086694090771337e-14]}, 79762], [0.09754150838846357, {"__complex__": [1692.988037109375, -2.1031628180548725e-14]}, 88564], [0.10254123052801507, {"__complex__": [1861.1654052734375, 1.3365640347685458e-14]}, 97988], [0.10754181638082774, {"__complex__": [69.8904037475586, -8.646735095237026e-15]}, 107708], [0.11254085353408888, {"__complex__": [684.0681762695312, 1.3817607810977933e-14]}, 117952], [0.11753281793039293, {"__complex__": [1988.8663330078125, 1.7922195642166606e-14]}, 128288], [0.12252442444514552, {"__complex__": [969.6890869140625, -1.6658126870364599e-15]}, 139770], [0.12753052839909865, {"__complex__": [648.9784545898438, 1.532324953230392e-15]}, 151946], [0.13253665927256145, {"__complex__": [1966.4461669921875, -8.53996066300499e-15]}, 163582], [0.13753197887556465, {"__complex__": [3501.3232421875, 3.970057399824535e-15]}, 175940], [0.1425260716253757, {"__complex__": [1603.8466796875, -1.231491122320955e-14]}, 189064], [0.14752506711896965, {"__complex__": [-472.26324462890625, -1.1622935280246674e-14]}, 202824], [0.1525272624752809, {"__complex__": [1318.97802734375, 6.980430282058211e-15]}, 216806], [0.15752484634575162, {"__complex__": [1725.6641845703125, 1.1597361661503172e-14]}, 230876], [0.16252366735405163, {"__complex__": [481.6369934082031, -3.7822968769560955e-15]}, 246232], [0.1675242007800524, {"__complex__": [2002.0167236328125, -2.672834911434047e-15]}, 261330], [0.17252326579974073, {"__complex__": [916.4210205078125, -3.3587801915707085e-15]}, 277280], [0.17752110470595878, {"__complex__": [357.7082824707031, 2.3813306402188476e-15]}, 293320], [0.1825207522633753, {"__complex__": [576.7747192382812, -7.496784743077985e-16]}, 310574], [0.18752231962759572, {"__complex__": [376.1850891113281, 1.4216061003212302e-15]}, 327560], [0.19252167162300435, {"__complex__": [199.6404266357422, -1.3486951982874746e-15]}, 345268], [0.19752225984779248, {"__complex__": [-211.2100830078125, 5.764022360132308e-15]}, 363544], [0.20251992290984697, {"__complex__": [-1578.485595703125, 4.2703310031426585e-15]}, 381660], [0.20751551078768798, {"__complex__": [1104.661865234375, 1.2197566666828728e-14]}, 400854], [0.21251512379553542, {"__complex__": [746.3330078125, -6.91285949924042e-15]}, 421010], [0.21751870975885984, {"__complex__": [-1403.1246337890625, 6.333229771236619e-15]}, 441160], [0.2225209082741387, {"__complex__": [833.82568359375, -4.037852222856875e-15]}, 461296], [0.22752039891934017, {"__complex__": [70.89138793945312, 1.9314352312735936e-15]}, 482192], [0.23252118259031918, {"__complex__": [1100.7276611328125, 3.234657465787721e-15]}, 503860], [0.23751936566507853, {"__complex__": [585.095458984375, 4.878133470488611e-15]}, 525024], [0.24251707186595864, {"__complex__": [506.3725280761719, 1.4871819087900005e-15]}, 547954], [0.24751627666670906, {"__complex__": [131.16404724121094, 1.1426389755165786e-14]}, 570544], [0.2525167544702008, {"__complex__": [-543.8085327148438, 8.226206953847789e-15]}, 594374], [0.25751857595461863, {"__complex__": [1677.40234375, -6.028953513726246e-15]}, 617900], [0.2625190906945416, {"__complex__": [416.1417236328125, 4.53255842756896e-15]}, 642106], [0.2675172479110602, {"__complex__": [-424.47332763671875, -4.194441509749883e-15]}, 666112], [0.272514629608296, {"__complex__": [-927.1427001953125, -4.038774641736435e-15]}, 691786], [0.27751615229387816, {"__complex__": [-736.2437133789062, 6.485569493833252e-15]}, 717996], [0.28251644607381426, {"__complex__": [-520.7554931640625, -1.253205997769945e-15]}, 743152], [0.2875152531419474, {"__complex__": [-450.547119140625, 0.0]}, 770192], [0.2925134012698469, {"__complex__": [336.8563232421875, 2.3387430941803223e-15]}, 796430], [0.2975118362281548, {"__complex__": [-484.0822448730469, 2.2582444710050626e-15]}, 824820], [0.3025125080826814, {"__complex__": [-615.3543090820312, -6.008095750916582e-15]}, 852562], [0.30751063191170563, {"__complex__": [-874.104736328125, -5.553837910534732e-15]}, 880372], [0.3125111278203564, {"__complex__": [-422.4254455566406, -4.090794746675584e-15]}, 910652], [0.31751269361539736, {"__complex__": [421.5111389160156, -5.703011423974528e-15]}, 938996], [0.3225130904459611, {"__complex__": [-336.1644592285156, -1.1409121929744823e-15]}, 969352], [0.32751158760760724, {"__complex__": [-319.95086669921875, 2.7986021516841287e-15]}, 998344], [0.3325089848249692, {"__complex__": [-995.5177001953125, -3.617060654221042e-15]}, 1029922], [0.33751027924368393, {"__complex__": [-356.56805419921875, -3.288822258149318e-15]}, 1061918], [0.34251253316973607, {"__complex__": [-374.8159484863281, -2.129668045985412e-15]}, 1093272], [0.34751415893089227, {"__complex__": [-17.176721572875977, -4.551255409330178e-15]}, 1125464], [0.352514235068077, {"__complex__": [-513.0917358398438, 1.6093635526952363e-15]}, 1157380], [0.357512374484406, {"__complex__": [102.9657974243164, 5.86883188768495e-16]}, 1190172], [0.3625118834929162, {"__complex__": [169.57366943359375, -2.471561883716296e-15]}, 1224650], [0.3675116774700016, {"__complex__": [-649.6420288085938, -7.404000754035749e-16]}, 1257864], [0.3725098709245497, {"__complex__": 