{"edges": {"__dtype__": "<f8", "__shape__": [128], "__data__": [0.0, 0.005, 0.01, 0.015, 0.02, 0.025, 0.03, 0.035, 0.04, 0.045, 0.05, 0.055, 0.06, 0.065, 0.07, 0.075, 0.08, 0.085, 0.09, 0.095, 0.1, 0.105, 0.11, 0.115, 0.12, 0.125, 0.13, 0.135, 0.14, 0.145, 0.15, 0.155, 0.16, 0.165, 0.17, 0.17500000000000002, 0.18, 0.185, 0.19, 0.195, 0.2, 0.20500000000000002, 0.21, 0.215, 0.22, 0.225, 0.23, 0.23500000000000001, 0.24, 0.245, 0.25, 0.255, 0.26, 0.265, 0.27, 0.275, 0.28, 0.28500000000000003, 0.29, 0.295, 0.3, 0.305, 0.31, 0.315, 0.32, 0.325, 0.33, 0.335, 0.34, 0.34500000000000003, 0.35000000000000003, 0.355, 0.36, 0.365, 0.37, 0.375, 0.38, 0.385, 0.39, 0.395, 0.4, 0.405, 0.41000000000000003, 0.41500000000000004, 0.42, 0.425, 0.43, 0.435, 0.44, 0.445, 0.45, 0.455, 0.46, 0.465, 0.47000000000000003, 0.47500000000000003, 0.48, 0.485, 0.49, 0.495, 0.5, 0.505, 0.51, 0.515, 0.52, 0.525, 0.53, 0.535, 0.54, 0.545, 0.55, 0.555, 0.56, 0.5650000000000001, 0.5700000000000001, 0.5750000000000001, 0.58, 0.585, 0.59, 0.595, 0.6, 0.605, 0.61, 0.615, 0.62, 0.625, 0.63, 0.635]}, "poles": {"__dtype__": [["k", "<f8"], ["power_0", "<c8"], ["modes", "<i8"]], "__shape__": [127], "__data__": [[0.0037537781648676505, {"__complex__": [97671.5, 0.0]}, 77], [0.008050398333474014, {"__complex__": [72295.71875, 3.983188358682756e-14]}, 548], [0.012848609532355457, {"__complex__": [103681.984375, -1.4748563088580295e-14]}, 1480], [0.017751579213119567, {"__complex__": [120208.734375, 7.093551955680497e-14]}, 2872], [0.022691827324042853, {"__complex__": [124752.34375, 3.994402397278045e-14]}, 4736], [0.027648005536595924, {"__complex__": [112526.3671875, -8.272834423528243e-15]}, 7036], [0.032612636555868525, {"__complex__": [104035.1640625, -7.395769245502684e-14]}, 9838], [0.03761114292794433, {"__complex__": [99870.203125, 2.203500138700954e-14]}, 13208], [0.04261303922036164, {"__complex__": [97281.5078125, 3.452821389264907e-14]}, 16858], [0.04760505554480107, {"__complex__": [98597.4609375, 3.589656512575229e-14]}, 21080], [0.05259133615803475, {"__complex__": [94165.0, -3.407410597709888e-14]}, 25624], [0.05756841184374016, {"__complex__": [95409.796875, 1.8942873308223354e-15]}, 30728], [0.06256248327880025, {"__complex__": [92759.015625, -1.3555951710274555e-14]}, 36498], [0.06756661487904435, {"__complex__": [89624.1953125, 1.7792973989799385e-14]}, 42528], [0.07257304507008182, {"__complex__": [90105.0, 2.0132043615180874e-14]}, 49152], [0.07756473030387098, {"__complex__": [92369.53125, -1.2595613706764888e-14]}, 55744], [0.08254764044823601, {"__complex__": [89613.0703125, 1.1256336032543224e-14]}, 63346], [0.08754405971893497, {"__complex__": [87648.09375, -7.338333466008675e-15]}, 71388], [0.09254365223263855, {"__complex__": [85307.7578125, -1.0946502391865915e-14]}, 79762], [0.09754150838846357, {"__complex__": [84581.390625, -4.929287907755667e-15]}, 88564], [0.10254123052801507, {"__complex__": [85480.875, 4.900734850620198e-15]}, 97988], [0.10754181638082774, {"__complex__": [83050.7890625, 2.296789128786343e-15]}, 107708], [0.11254085353408888, {"__complex__": [82651.2265625, 2.960916110751155e-15]}, 117952], [0.11753281793039293, {"__complex__": [83251.2109375, -2.2686322713119525e-15]}, 128288], [0.12252442444514552, {"__complex__": [82672.421875, -6.246797576386724e-16]}, 139770], [0.12753052839909865, {"__complex__": [81473.0546875, 5.554677743701934e-15]}, 151946], [0.13253665927256145, {"__complex__": [82038.5546875, -1.6012426243134357e-15]}, 163582], [0.13753197887556465, {"__complex__": [82042.828125, 3.5978647700538914e-15]}, 175940], [0.1425260716253757, {"__complex__": [80613.3515625, 2.0011731478869347e-15]}, 189064], [0.14752506711896965, {"__complex__": [80405.7734375, -2.295888521005175e-15]}, 202824], [0.1525272624752809, {"__complex__": [80994.171875, -1.8793467284239536e-15]}, 216806], [0.15752484634575162, {"__complex__": [79859.8203125, 6.302913773840118e-17]}, 230876], [0.16252366735405163, {"__complex__": [79173.3359375, -7.091807173688271e-16]}, 246232], [0.1675242007800524, {"__complex__": [78922.3046875, 4.788829092793696e-15]}, 261330], [0.17252326579974073, {"__complex__": [79655.5, 4.408399067611004e-15]}, 277280], [0.17752110470595878, {"__complex__": [79567.609375, -1.1906653201094238e-15]}, 293320], [0.1825207522633753, {"__complex__": [78876.7265625, 1.124517764401257e-15]}, 310574], [0.18752231962759572, {"__complex__": [78936.8125, 2.576661096536899e-15]}, 327560], [0.19252167162300435, {"__complex__": [79242.1171875, -2.697390396574949e-15]}, 345268], [0.19752225984779248, {"__complex__": [78747.6171875, -1.1207821373456286e-15]}, 363544], [0.20251992290984697, {"__complex__": [78596.6171875, -1.3726064089928714e-15]}, 381660], [0.20751551078768798, {"__complex__": [78202.8359375, 2.141834615481536e-15]}, 400854], [0.21251512379553542, {"__complex__": [78266.3671875, 8.295431462615975e-16]}, 421010], [0.21751870975885984, {"__complex__": [78761.3359375, 1.3194229572402276e-16]}, 441160], [0.2225209082741387, {"__complex__": [78390.03125, 1.2618288196427735e-16]}, 461296], [0.22752039891934017, {"__complex__": [77923.109375, 9.657176156367968e-16]}, 482192], [0.23252118259031918, {"__complex__": [78343.1953125, 1.3862817559262921e-15]}, 503860], [0.23751936566507853, {"__complex__": [77754.2265625, -1.5521333480975259e-15]}, 525024], [0.24251707186595864, {"__complex__": [78261.0625, -1.4871819087900005e-15]}, 547954], [0.24751627666670906, {"__complex__": [77777.1015625, -1.7343627458203952e-15]}, 570544], [0.2525167544702008, {"__complex__": [77811.765625, 8.813793391720742e-16]}, 594374], [0.25751857595461863, {"__complex__": [77603.7890625, -1.0362263322321393e-15]}, 617900], [0.2625190906945416, {"__complex__": [77344.828125, -7.252093865275163e-16]}, 642106], [0.2675172479110602, {"__complex__": [76932.984375, -1.7476839271027451e-15]}, 666112], [0.272514629608296, {"__complex__": [77073.3515625, -1.7248933409865657e-15]}, 691786], [0.27751615229387816, {"__complex__": [77530.5, -8.91765815989984e-16]}, 717996], [0.28251644607381426, {"__complex__": [77130.5625, -9.203232141693075e-16]}, 743152], [0.2875152531419474, {"__complex__": [77225.7734375, 3.0230208840811954e-16]}, 770192], [0.2925134012698469, {"__complex__": [77482.5, 4.3851433015881043e-16]}, 796430], [0.2975118362281548, {"__complex__": [77353.2109375, -1.0761946406395175e-15]}, 824820], [0.3025125080826814, {"__complex__": [77059.5234375, -1.0923810167450736e-15]}, 852562], [0.30751063191170563, {"__complex__": [77212.6953125, -1.9835135961976462e-16]}, 880372], [0.3125111278203564, {"__complex__": [77145.6015625, -5.11349343334448e-16]}, 910652], [0.31751269361539736, {"__complex__": [77242.5703125, -7.438710576027454e-16]}, 938996], [0.3225130904459611, {"__complex__": [77278.96875, -3.302640753650825e-16]}, 969352], [0.32751158760760724, {"__complex__": [77017.453125, 2.6236895833783196e-16]}, 998344], [0.3325089848249692, {"__complex__": [76900.09375, -1.3563976923933315e-15]}, 1029922], [0.33751027924368393, {"__complex__": [76857.3671875, -1.6444112349537775e-16]}, 1061918], [0.34251253316973607, {"__complex__": [76815.34375, -1.0648340362275958e-16]}, 1093272], [0.34751415893089227, {"__complex__": [76838.75, -1.5515643801849874e-16]}, 1125464], [0.352514235068077, {"__complex__": [76713.1484375, -5.0292611021726135e-17]}, 1157380], [0.357512374484406, {"__complex__": [77146.96875, -4.890693063272261e-16]}, 1190172], [0.3625118834929162, {"__complex__": [77045.8828125, 4.753003622531339e-16]}, 1224650], [0.3675116774700016, {"__complex__": [76762.0078125, 1.0643250620705246e-15]}, 1257864], [0.3725098709245497, {"__complex__": [76573.6953125, 9.683921221677523e-16]}, 1292312], [0.37751067052804127, {"__complex__": [77293.4609375, -4.381345152913057e-16]}, 1328534], [0.3825116981355865, {"__complex__": [77064.5390625, 3.416824765407645e-16]}, 1362848], [0.3875116125361288, {"__complex__": [76875.296875, 1.6640221652650827e-16]}, 1399204], 