{"poles": {"dims": ["k"], "edges": [{"__dtype__": "<f8", "__shape__": [86], "__data__": [0.0, 0.005, 0.01, 0.015, 0.02, 0.025, 0.03, 0.035, 0.04, 0.045, 0.05, 0.055, 0.06, 0.065, 0.07, 0.075, 0.08, 0.085, 0.09, 0.095, 0.1, 0.105, 0.11, 0.115, 0.12, 0.125, 0.13, 0.135, 0.14, 0.145, 0.15, 0.155, 0.16, 0.165, 0.17, 0.17500000000000002, 0.18, 0.185, 0.19, 0.195, 0.2, 0.20500000000000002, 0.21, 0.215, 0.22, 0.225, 0.23, 0.23500000000000001, 0.24, 0.245, 0.25, 0.255, 0.26, 0.265, 0.27, 0.275, 0.28, 0.28500000000000003, 0.29, 0.295, 0.3, 0.305, 0.31, 0.315, 0.32, 0.325, 0.33, 0.335, 0.34, 0.34500000000000003, 0.35000000000000003, 0.355, 0.36, 0.365, 0.37, 0.375, 0.38, 0.385, 0.39, 0.395, 0.4, 0.405, 0.41000000000000003, 0.41500000000000004, 0.42, 0.425]}], "coords": [{"__dtype__": "<f8", "__shape__": [85], "__data__": [0.0025, 0.0075, 0.0125, 0.0175, 0.0225, 0.0275, 0.0325, 0.037500000000000006, 0.042499999999999996, 0.0475, 0.052500000000000005, 0.057499999999999996, 0.0625, 0.0675, 0.07250000000000001, 0.0775, 0.0825, 0.0875, 0.0925, 0.0975, 0.10250000000000001, 0.1075, 0.1125, 0.1175, 0.1225, 0.1275, 0.1325, 0.1375, 0.14250000000000002, 0.1475, 0.1525, 0.1575, 0.1625, 0.1675, 0.17250000000000001, 0.1775, 0.1825, 0.1875, 0.1925, 0.1975, 0.2025, 0.20750000000000002, 0.2125, 0.2175, 0.2225, 0.2275, 0.2325, 0.2375, 0.2425, 0.2475, 0.2525, 0.2575, 0.2625, 0.2675, 0.2725, 0.2775, 0.28250000000000003, 0.2875, 0.2925, 0.2975, 0.3025, 0.3075, 0.3125, 0.3175, 0.3225, 0.3275, 0.3325, 0.3375, 0.3425, 0.34750000000000003, 0.35250000000000004, 0.3575, 0.3625, 0.3675, 0.3725, 0.3775, 0.3825, 0.3875, 0.3925, 0.3975, 0.4025, 0.40750000000000003, 0.41250000000000003, 0.4175, 0.4225]}], "data": {"__dtype__": [["k", "<f8"], ["power_0", "<c8"], ["modes", "<i8"]], "__shape__": [85], "__data__": [[0.003785962175218714, {"__complex__": [84493.8671875, -8.483179436691302e-13]}, 223], [0.008055650047333739, {"__complex__": [94518.921875, -3.8395556265641284e-14]}, 1516], [0.012838659412058445, {"__complex__": [106765.328125, -7.046932617516335e-14]}, 4130], [0.017758445021159877, {"__complex__": [103842.3359375, -3.97297280252569e-14]}, 8058], [0.022686221993372543, {"__complex__": [99704.4921875, -1.7748943523135212e-14]}, 13118], [0.02764503576190599, {"__complex__": [96870.671875, 1.471079219539633e-14]}, 19784], [0.032626124011193657, {"__complex__": [94262.859375, -1.9062256249391743e-14]}, 27482], [0.03761517664423396, {"__complex__": [94370.484375, -1.2655902970851608e-14]}, 36794], [0.042612076216348424, {"__complex__": [91435.7890625, 0.0]}, 47060], [0.04758810749327745, {"__complex__": [88151.9375, 3.982325401516093e-15]}, 58466], [0.05257639262811682, {"__complex__": [86893.9140625, 4.855089092125611e-15]}, 71934], [0.057576644294676294, {"__complex__": [87135.875, 6.760785744989225e-15]}, 86096], [0.06257060468948772, {"__complex__": [83377.046875, 7.729264582154952e-15]}, 101666], [0.06756431050677218, {"__complex__": [84325.03125, -7.368431087723462e-15]}, 118494], [0.07255460479533274, {"__complex__": [83055.2578125, -1.7045950434385637e-15]}, 136590], [0.07755203808236072, {"__complex__": [81375.953125, 1.859241977904399e-15]}, 156536], [0.08254994891496988, {"__complex__": [80667.1953125, -1.6452508563627433e-15]}, 176896], [0.0875465852208996, {"__complex__": [78702.578125, 1.1676561994928528e-15]}, 199400], [0.09254606261661012, {"__complex__": [77896.4765625, -2.876673601949031e-15]}, 222578], [0.09754095165434574, {"__complex__": [77686.828125, -1.8844291378657162e-15]}, 247110], [0.10253878096196406, {"__complex__": [77912.6484375, 2.55369570399623e-15]}, 273522], [0.1075376536617221, {"__complex__": [76756.125, 1.5494771586540548e-15]}, 300528], [0.11253874421958751, {"__complex__": [75694.2109375, 2.8236785620875922e-15]}, 329826], [0.11753930483919833, {"__complex__": [75449.1953125, -1.2975259379438423e-15]}, 358884], [0.12253435939470513, {"__complex__": [75523.9609375, -1.9392012528504947e-15]}, 390212], [0.1275324928771181, {"__complex__": [75571.3203125, 0.0]}, 423008], [0.13253098558293935, {"__complex__": [74080.59375, -1.784932200958253e-15]}, 456548], [0.1375294182229233, {"__complex__": [73666.2578125, 4.73252236586673e-16]}, 491980], [0.14252928720123362, {"__complex__": [74170.4453125, -3.085250594770956e-15]}, 528260], [0.14752710781464048, {"__complex__": [73618.2109375, -1.2346300358410662e-15]}, 565750], [0.15252590457329984, {"__complex__": [73396.71875, -5.386783531578397e-15]}, 605116], [0.15752627544450365, {"__complex__": [72625.8046875, -2.885880214810975e-15]}, 645434], [0.1625268432433497, {"__complex__": [72233.4921875, 1.6938805001722704e-15]}, 687270], [0.16752762298865234, {"__complex__": [72403.5546875, 2.2328305179721182e-15]}, 729932], [0.17252411279445126, {"__complex__": [72515.2578125, -9.033920843448781e-16]}, 773188], [0.17752203527930777, {"__complex__": [72459.359375, -1.135726021996681e-15]}, 820024], [0.18252363779831107, {"__complex__": [72091.7734375, -1.0745591258974879e-15]}, 866702], [0.18752234050808908, {"__complex__": [72173.359375, 1.0188655449452151e-15]}, 914078], [0.19252201016210274, {"__complex__": [72033.0703125, -1.810656670975705e-16]}, 964418], [0.19752271477956754, {"__complex__": [71865.4765625, -4.588654878566771e-16]}, 1014810], [0.20252178570627094, {"__complex__": [71434.5234375, 6.549802966838861e-16]}, 1066432], [0.20751974798690762, {"__complex__": [70959.921875, 1.2478217269616047e-15]}, 1119538], [0.2125197454352182, {"__complex__": [71236.953125, -1.361743740839927e-15]}, 1175486], [0.2175192296548309, {"__complex__": [71025.609375, -1.8934615531081012e-16]}, 1229656], [0.22251681667262319, {"__complex__": [70060.2890625, -3.616107001001552e-16]}, 1287742], [0.22751746426403283, {"__complex__": [70307.234375, 1.7286280151301283e-16]}, 1346910], [0.23251730364615478, {"__complex__": [70872.2890625, -1.9876894421578303e-15]}, 1405636], [0.23751678657474465, {"__complex__": [70929.0703125, -4.758696213332479e-16]}, 1467822], [0.2425174971485461, {"__complex__": [70702.609375, 7.610187631638759e-16]}, 1529730], [0.24751707342858845, {"__complex__": [70523.3359375, -1.242003457646915e-15]}, 1593442], [0.2525171832510974, {"__complex__": [70292.484375, 2.8071908010714912e-16]}, 1658816], [0.2575157181508458, {"__complex__": [70662.6328125, -6.754242838988159e-16]}, 1723588], [0.2625146768272274, {"__complex__": [70146.0, 2.5968579618894675e-16]}, 1793172], [0.2675153728644548, {"__complex__": [70398.546875, -8.130749728824018e-16]}, 1861328], [0.2725140790996068, {"__complex__": [70016.40625, 9.043606003456144e-17]}, 1930900], [0.2775148647609448, {"__complex__": [70170.2109375, -3.4843933777035084e-16]}, 2004630], [0.28251520974118804, {"__complex__": [70258.5859375, -2.2442545572108554e-16]}, 2074904], [0.28751406015515885, {"__complex__": [70178.6640625, -1.7863960856493452e-15]}, 2150534], [0.29251361364437867, {"__complex__": [70178.1796875, -8.37231187867792e-16]}, 2224768], [0.2975131524186939, {"__complex__": [70015.65625, -6.318941490086741e-16]}, 2302904], [0.3025147259314174, {"__complex__": [70339.6015625, 1.222137252781131e-16]}, 2381388], [0.3075149652713783, {"__complex__": [69984.296875, 1.514986082920978e-15]}, 2458960], [0.31251335064096714, {"__complex__": [70054.2265625, 4.583872318788336e-16]}, 2539672], [0.31751349612987984, {"__complex__": [69963.609375, -3.5504545360510553e-16]}, 2623108], [0.32251268944270295, {"__complex__": [70358.75, 5.166295349693945e-16]}, 2704034], [0.32751171630842707, {"__complex__": [69974.796875, -1.0012383657963795e-15]}, 2790512], [0.33251237563902225, {"__complex__": [69871.2734375, -8.904740907454212e-16]}, 2876150], [0.3375123279265873, {"__complex__": [69856.1953125, 3.536102356853219e-16]}, 2962974], [0.34251273719712905, {"__complex__": [69915.546875, 0.0]}, 3051976], [0.34751247641754474, {"__complex__": [69626.6640625, -3.706833229377552e-16]}, 3140560], [0.35251198333721223, {"__complex__": [69813.7578125, 