{"edges": {"__dtype__": "<f8", "__shape__": [128], "__data__": [0.0, 0.005, 0.01, 0.015, 0.02, 0.025, 0.03, 0.035, 0.04, 0.045, 0.05, 0.055, 0.06, 0.065, 0.07, 0.075, 0.08, 0.085, 0.09, 0.095, 0.1, 0.105, 0.11, 0.115, 0.12, 0.125, 0.13, 0.135, 0.14, 0.145, 0.15, 0.155, 0.16, 0.165, 0.17, 0.17500000000000002, 0.18, 0.185, 0.19, 0.195, 0.2, 0.20500000000000002, 0.21, 0.215, 0.22, 0.225, 0.23, 0.23500000000000001, 0.24, 0.245, 0.25, 0.255, 0.26, 0.265, 0.27, 0.275, 0.28, 0.28500000000000003, 0.29, 0.295, 0.3, 0.305, 0.31, 0.315, 0.32, 0.325, 0.33, 0.335, 0.34, 0.34500000000000003, 0.35000000000000003, 0.355, 0.36, 0.365, 0.37, 0.375, 0.38, 0.385, 0.39, 0.395, 0.4, 0.405, 0.41000000000000003, 0.41500000000000004, 0.42, 0.425, 0.43, 0.435, 0.44, 0.445, 0.45, 0.455, 0.46, 0.465, 0.47000000000000003, 0.47500000000000003, 0.48, 0.485, 0.49, 0.495, 0.5, 0.505, 0.51, 0.515, 0.52, 0.525, 0.53, 0.535, 0.54, 0.545, 0.55, 0.555, 0.56, 0.5650000000000001, 0.5700000000000001, 0.5750000000000001, 0.58, 0.585, 0.59, 0.595, 0.6, 0.605, 0.61, 0.615, 0.62, 0.625, 0.63, 0.635]}, "poles": {"__dtype__": [["k", "<f8"], ["power_2", "<c8"], ["modes", "<i8"]], "__shape__": [127], "__data__": [[0.0037537781648676505, {"__complex__": [47405.69140625, -5.669577220895894e-13]}, 77], [0.008050398333474014, {"__complex__": [-19937.45703125, 8.497468679223574e-13]}, 548], [0.012848609532355457, {"__complex__": [-27087.29296875, 3.343007565648898e-13]}, 1480], [0.017751579213119567, {"__complex__": [7808.02783203125, -3.242766569589578e-13]}, 2872], [0.022691827324042853, {"__complex__": [12912.064453125, 2.28909989921644e-13]}, 4736], [0.027648005536595924, {"__complex__": [1354.572021484375, 2.1509368992953665e-13]}, 7036], [0.032612636555868525, {"__complex__": [6437.419921875, -8.874922552502135e-14]}, 9838], [0.03761114292794433, {"__complex__": [19587.69140625, 8.814000554803816e-14]}, 13208], [0.04261303922036164, {"__complex__": [17370.83984375, 1.381128471002668e-14]}, 16858], [0.04760505554480107, {"__complex__": [-2331.93017578125, -1.6567645963905947e-14]}, 21080], [0.05259133615803475, {"__complex__": [-784.3214111328125, -2.7259285459305463e-14]}, 25624], [0.05756841184374016, {"__complex__": [5406.41259765625, -1.5154298646578683e-14]}, 30728], [0.06256248327880025, {"__complex__": [4931.09130859375, -3.50859918646796e-14]}, 36498], [0.06756661487904435, {"__complex__": [3833.32080078125, 4.3798088257291506e-14]}, 42528], [0.07257304507008182, {"__complex__": [470.5500183105469, 2.3684757293981375e-14]}, 49152], [0.07756473030387098, {"__complex__": [3650.595947265625, 8.353567674829893e-15]}, 55744], [0.08254764044823601, {"__complex__": [5817.556640625, 0.0]}, 63346], [0.08754405971893497, {"__complex__": [7488.73046875, -3.5060926465704453e-14]}, 71388], [0.09254365223263855, {"__complex__": [3883.72900390625, 7.297668261243943e-15]}, 79762], [0.09754150838846357, {"__complex__": [4813.33837890625, -3.943430495611123e-15]}, 88564], [0.10254123052801507, {"__complex__": [5030.35986328125, 1.663279635007696e-14]}, 97988], [0.10754181638082774, {"__complex__": [3619.21484375, -4.053157261180813e-15]}, 107708], [0.11254085353408888, {"__complex__": [1924.262451171875, 2.368732888600924e-14]}, 117952], [0.11753281793039293, {"__complex__": [2537.693603515625, 3.629811888209008e-15]}, 128288], [0.12252442444514552, {"__complex__": [642.8433837890625, 4.9974380611093796e-15]}, 139770], [0.12753052839909865, {"__complex__": [2286.115478515625, 1.2258599625843136e-14]}, 151946], [0.13253665927256145, {"__complex__": [2311.116455078125, -2.846653483748918e-15]}, 163582], [0.13753197887556465, {"__complex__": [470.5660705566406, 2.646705003802436e-15]}, 175940], [0.1425260716253757, {"__complex__": [755.0150146484375, 1.231491122320955e-14]}, 189064], [0.14752506711896965, {"__complex__": [-1515.6319580078125, 9.1835540840207e-15]}, 202824], [0.1525272624752809, {"__complex__": [-466.9164123535156, 1.2886948147874163e-14]}, 216806], [0.15752484634575162, {"__complex__": [-432.288330078125, 1.8152392092176013e-14]}, 230876], [0.16252366735405163, {"__complex__": [904.2072143554688, -2.8367228694753084e-15]}, 246232], [0.1675242007800524, {"__complex__": [-1991.986083984375, -2.2273622850228813e-15]}, 261330], [0.17252326579974073, {"__complex__": [253.8419647216797, 1.542939631312204e-14]}, 277280], [0.17752110470595878, {"__complex__": [610.6729736328125, -1.984442341354531e-15]}, 293320], [0.1825207522633753, {"__complex__": [1015.1954956054688, -4.498071057605028e-15]}, 310574], [0.18752231962759572, {"__complex__": [1016.5524291992188, -4.264818089205454e-15]}, 327560], [0.19252167162300435, {"__complex__": [370.388671875, 1.3486951982874746e-15]}, 345268], [0.19752225984779248, {"__complex__": [-732.2867431640625, -6.40446958314456e-16]}, 363544], [0.20251992290984697, {"__complex__": [-208.98492431640625, -6.1004727406276625e-15]}, 381660], [0.20751551078768798, {"__complex__": [-29.88164710998535, 2.3233461527816072e-15]}, 400854], [0.21251512379553542, {"__complex__": [574.7786254882812, 6.63634517009278e-15]}, 421010], [0.21751870975885984, {"__complex__": [-524.841796875, 7.388768348787038e-15]}, 441160], [0.2225209082741387, {"__complex__": [20.8651065826416, -2.0189261114284375e-15]}, 461296], [0.22752039891934017, {"__complex__": [775.5934448242188, -7.725740925094374e-15]}, 482192], [0.23252118259031918, {"__complex__": [-242.1212921142578, 4.620939009955776e-16]}, 503860], [0.23751936566507853, {"__complex__": [153.65463256835938, -8.869333659709561e-15]}, 525024], [0.24251707186595864, {"__complex__": [-1838.104736328125, 1.274727305014664e-15]}, 547954], [0.24751627666670906, {"__complex__": [-954.5364990234375, -3.264682666185518e-15]}, 570544], [0.2525167544702008, {"__complex__": [-93.3119125366211, -1.0601034922130565e-14]}, 594374], [0.25751857595461863, {"__complex__": [-133.45240783691406, 4.521715135294684e-15]}, 617900], [0.2625190906945416, {"__complex__": [346.9832458496094, 0.0]}, 642106], [0.2675172479110602, {"__complex__": [-178.1356658935547, -6.291662052866588e-15]}, 666112], [0.272514629608296, {"__complex__": [-436.3915100097656, -9.423807356212857e-15]}, 691786], [0.27751615229387816, {"__complex__": [-475.2568054199219, -4.539898391573392e-15]}, 717996], [0.28251644607381426, {"__complex__": [234.82199096679688, -6.579331805929567e-15]}, 743152], [0.2875152531419474, {"__complex__": [-865.8709106445312, -4.0810780082211565e-15]}, 770192], [0.2925134012698469, {"__complex__": [-1402.6529541015625, 2.923428867725403e-16]}, 796430], [0.2975118362281548, {"__complex__": [-590.1669921875, 4.093068183106015e-15]}, 824820], [0.3025125080826814, {"__complex__": [-58.02394104003906, -3.004047875458291e-15]}, 852562], [0.30751063191170563, {"__complex__": [-517.7167358398438, 1.586810876958117e-15]}, 880372], [0.3125111278203564, {"__complex__": [-1010.548828125, 3.387689214302261e-15]}, 910652], [0.31751269361539736, {"__complex__": [-326.09149169921875, -2.479570156716112e-15]}, 938996], [0.3225130904459611, {"__complex__": [-138.10736083984375, -1.4411523384911889e-15]}, 969352], [0.32751158760760724, {"__complex__": [441.1059875488281, -5.247379166756639e-16]}, 998344], [0.3325089848249692, {"__complex__": [-712.4529418945312, -2.260662908888151e-16]}, 1029922], [0.33751027924368393, {"__complex__": [-637.55810546875, 1.973293481944533e-15]}, 1061918], [0.34251253316973607, {"__complex__": [-716.5381469726562, -3.1945021748572364e-16]}, 1093272], [0.34751415893089227, {"__complex__": [-756.845947265625, -5.714928754025923e-15]}, 1125464], [0.352514235068077, {"__complex__": [519.4268188476562, -2.514630544468862e-15]}, 1157380], [0.357512374484406, {"__complex__": [314.3981628417969, 3.9125545035573683e-16]}, 1190172], [0.3625118834929162, {"__complex__": [-195.8745880126953, -3.612282964882054e-15]}, 1224650], [0.3675116774700016, {"__complex__": [482.6087951660156, -7.404000542277512e-15]}, 1257864], [0.3725098709245497, {"__complex__": 