{"edges": {"__dtype__": "<f8", "__shape__": [116], "__data__": [0.0, 0.005, 0.01, 0.015, 0.02, 0.025, 0.03, 0.035, 0.04, 0.045, 0.05, 0.055, 0.06, 0.065, 0.07, 0.075, 0.08, 0.085, 0.09, 0.095, 0.1, 0.105, 0.11, 0.115, 0.12, 0.125, 0.13, 0.135, 0.14, 0.145, 0.15, 0.155, 0.16, 0.165, 0.17, 0.17500000000000002, 0.18, 0.185, 0.19, 0.195, 0.2, 0.20500000000000002, 0.21, 0.215, 0.22, 0.225, 0.23, 0.23500000000000001, 0.24, 0.245, 0.25, 0.255, 0.26, 0.265, 0.27, 0.275, 0.28, 0.28500000000000003, 0.29, 0.295, 0.3, 0.305, 0.31, 0.315, 0.32, 0.325, 0.33, 0.335, 0.34, 0.34500000000000003, 0.35000000000000003, 0.355, 0.36, 0.365, 0.37, 0.375, 0.38, 0.385, 0.39, 0.395, 0.4, 0.405, 0.41000000000000003, 0.41500000000000004, 0.42, 0.425, 0.43, 0.435, 0.44, 0.445, 0.45, 0.455, 0.46, 0.465, 0.47000000000000003, 0.47500000000000003, 0.48, 0.485, 0.49, 0.495, 0.5, 0.505, 0.51, 0.515, 0.52, 0.525, 0.53, 0.535, 0.54, 0.545, 0.55, 0.555, 0.56, 0.5650000000000001, 0.5700000000000001, 0.5750000000000001]}, "poles": {"__dtype__": [["k", "<f8"], ["power_0", "<c8"], ["modes", "<i8"]], "__shape__": [115], "__data__": [[0.0037054420134658554, {"__complex__": [90236.859375, -1.4464253362753143e-12]}, 83], [0.008002706039259398, {"__complex__": [105135.7890625, 3.9065544419139564e-13]}, 596], [0.012849701484846114, {"__complex__": [102933.0078125, 1.0596054876620478e-13]}, 1648], [0.0177641384261076, {"__complex__": [106037.0, -4.1497858480673416e-14]}, 3156], [0.022684229681789413, {"__complex__": [102763.078125, -6.747410247719132e-14]}, 5176], [0.027646384376179004, {"__complex__": [102283.6171875, 0.0]}, 7804], [0.032636129245414154, {"__complex__": [102834.65625, -4.1485136045805657e-14]}, 10874], [0.037622935176432226, {"__complex__": [103831.609375, 0.0]}, 14442], [0.0426065943302704, {"__complex__": [96482.40625, -6.277789347256457e-15]}, 18544], [0.047584168879418735, {"__complex__": [94361.3125, 0.0]}, 23040], [0.052572163944886785, {"__complex__": [95826.703125, -1.2312132955142555e-14]}, 28366], [0.05756591012932392, {"__complex__": [91476.6953125, -3.442407119178415e-15]}, 33818], [0.06255885577973451, {"__complex__": [89188.75, 1.3054297294296142e-14]}, 40130], [0.06756290621144688, {"__complex__": [85577.0703125, -9.941955197740205e-15]}, 46838], [0.07256050504780319, {"__complex__": [86052.2734375, -8.651233687219893e-15]}, 53826], [0.0775516441986681, {"__complex__": [85256.171875, -1.7958326679564686e-14]}, 61584], [0.08254999402587553, {"__complex__": [83489.0625, 6.665253557549622e-15]}, 69864], [0.08754547074829418, {"__complex__": [81442.6015625, 1.9302576437186733e-14]}, 78404], [0.09254370656486871, {"__complex__": [81360.7421875, 1.0595009976776745e-14]}, 87902], [0.09754153604884025, {"__complex__": [78519.9375, 3.589003958392664e-15]}, 97310], [0.10253422913940137, {"__complex__": [80316.1640625, -4.3230465221315035e-15]}, 107716], [0.1075359850070505, {"__complex__": [78419.921875, -2.943398198852515e-15]}, 118654], [0.11253957840084304, {"__complex__": [77460.375, 5.376737297307487e-15]}, 129910], [0.11753653834673844, {"__complex__": [77660.9921875, -6.587557766396827e-15]}, 141376], [0.12253336603812491, {"__complex__": [77798.546875, -1.2098397743430089e-14]}, 153958], [0.12753369323485178, {"__complex__": [77979.9375, 6.982768516509107e-15]}, 166718], [0.1325298054599073, {"__complex__": [77363.765625, -2.266073596536534e-15]}, 179806], [0.13753126919241337, {"__complex__": [77481.40625, 4.79366353334015e-15]}, 194282], [0.14252978867508304, {"__complex__": [76941.3125, 5.602978421090571e-16]}, 207774], [0.14752584639061916, {"__complex__": [76175.953125, 6.51739760385928e-15]}, 223278], [0.1525273402624495, {"__complex__": [75269.46875, 9.76245494017339e-16]}, 238496], [0.15752777994300757, {"__complex__": [74839.0078125, 0.0]}, 254444], [0.16252677921627748, {"__complex__": [74419.6015625, 2.580489050183778e-15]}, 270682], [0.16752582095517576, {"__complex__": [75082.265625, -2.4277639275961443e-15]}, 287710], [0.1725259295419247, {"__complex__": [75529.265625, 1.5257478482740808e-15]}, 305202], [0.17752572093623975, {"__complex__": [75008.4765625, 2.883280247179378e-15]}, 323008], [0.18252702152554795, {"__complex__": [74834.6796875, 3.4058290601424223e-15]}, 341812], [0.18752508561671835, {"__complex__": [74249.046875, 6.467158491570851e-16]}, 360020], [0.19252006361125312, {"__complex__": [74506.3515625, -1.2263022196618988e-15]}, 379728], [0.19751626124600596, {"__complex__": [74238.4375, 3.495430746401824e-15]}, 399660], [0.20251335405021748, {"__complex__": [73917.1875, -8.309049634825456e-16]}, 420320], [0.20751594275294782, {"__complex__": [73778.6484375, -2.2384016654244466e-15]}, 442070], [0.21251689533718626, {"__complex__": [73793.4140625, -6.290761233327183e-16]}, 462644], [0.21751895130525958, {"__complex__": [74205.046875, -2.3962644663536514e-15]}, 485820], [0.22252064263763735, {"__complex__": [73580.140625, 0.0]}, 507304], [0.22751949683857262, {"__complex__": [73332.734375, 0.0]}, 530776], [0.23252062744923513, {"__complex__": [73185.2578125, 0.0]}, 554524], [0.23751988845699762, {"__complex__": [73130.8125, -1.2084468710128965e-15]}, 578008], [0.24251952417933192, {"__complex__": [73170.1796875, -3.087571041529959e-15]}, 603272], [0.24751886354741093, {"__complex__": [72676.2421875, 2.0399403635751063e-15]}, 627748], [0.2525158523431189, {"__complex__": [72904.1328125, -2.494726117241333e-15]}, 653304], [0.2575140585584922, {"__complex__": [72889.5625, 0.0]}, 679896], [0.2625126084722789, {"__complex__": [72540.3125, -5.2759276710900166e-15]}, 706092], [0.26751303339828036, {"__complex__": [72905.21875, -2.5367719857100892e-15]}, 734258], [0.2725141980302592, {"__complex__": [72933.484375, 0.0]}, 761190], [0.27751499291909654, {"__complex__": [72554.5078125, -2.9473501369470484e-16]}, 789966], [0.2825156597003922, {"__complex__": [72759.0859375, 8.536432982537913e-16]}, 818248], [0.2875141801620819, {"__complex__": [72976.3203125, -5.497615992781609e-16]}, 847024], [0.29251195304227423, {"__complex__": [72609.171875, 2.6548413375959647e-16]}, 877004], [0.2975142527009851, {"__complex__": [72021.6328125, -1.281257637870419e-16]}, 908602], [0.30251615798691667, {"__complex__": [72442.140625, 1.4896362926337882e-15]}, 937802], [0.30751506635382575, {"__complex__": [72566.90625, -1.5606783223485457e-15]}, 969706], [0.31251223811931306, {"__complex__": [72805.984375, 8.731533257652548e-16]}, 999956], [0.3175098816792195, {"__complex__": [72651.96875, -2.701939598776415e-15]}, 1034060], [0.3225110492752749, {"__complex__": [72454.2265625, 1.0916808778397189e-16]}, 1066386], [0.3275123331358606, {"__complex__": [72272.15625, -8.464429888065377e-16]}, 1100278], [0.3325123291547583, {"__complex__": [72542.5390625, -1.4384058341597168e-15]}, 1133070], [0.3375117534479973, {"__complex__": [72596.453125, 1.5946185090285519e-15]}, 1168082], [0.3425129583700723, {"__complex__": [72323.9609375, -1.9350017693771262e-16]}, 1203258], [0.3475132726509487, {"__complex__": [72254.609375, -1.3166026022236668e-15]}, 1237894], [0.35251300538197095, {"__complex__": [72693.5234375, -1.3705336134918217e-15]}, 1274124], [0.3575125695577228, {"__complex__": [72220.6171875, 3.554009692149359e-16]}, 1310242], [0.36251151779301266, {"__complex__": [72286.453125, 1.728622985872004e-16]}, 1346914], [0.3675115630015573, {"__complex__": [72663.2578125, -4.201772579908369e-16]}, 1385312], [0.3725118957087531, {"__complex__": [72475.5234375, -4.910968385051569e-16]}, 1422310], [0.37751124096797295, {"__complex__": [72526.9375, -6.373691582214891e-16]}, 1461198], [0.3825103314725004, {"__complex__": [72607.375, 6.210804499479929e-16]}, 1499520], [0.38750966779422413, {"__complex__": [72202.390625, -1.0963375076416984e-15]}, 1539692], [0.3925103292814964, {"__complex__": [72239.578125, 1.5473705877142334e-15]}, 1579920], [0.3975099588994165, {"__complex__": [72269.734375, 4.3131748825268467e-16]}, 1619438], [0.4025095615803663, {"__complex__": [72344.4140625, 