{"edges": {"__dtype__": "<f8", "__shape__": [128], "__data__": [0.0, 0.005, 0.01, 0.015, 0.02, 0.025, 0.03, 0.035, 0.04, 0.045, 0.05, 0.055, 0.06, 0.065, 0.07, 0.075, 0.08, 0.085, 0.09, 0.095, 0.1, 0.105, 0.11, 0.115, 0.12, 0.125, 0.13, 0.135, 0.14, 0.145, 0.15, 0.155, 0.16, 0.165, 0.17, 0.17500000000000002, 0.18, 0.185, 0.19, 0.195, 0.2, 0.20500000000000002, 0.21, 0.215, 0.22, 0.225, 0.23, 0.23500000000000001, 0.24, 0.245, 0.25, 0.255, 0.26, 0.265, 0.27, 0.275, 0.28, 0.28500000000000003, 0.29, 0.295, 0.3, 0.305, 0.31, 0.315, 0.32, 0.325, 0.33, 0.335, 0.34, 0.34500000000000003, 0.35000000000000003, 0.355, 0.36, 0.365, 0.37, 0.375, 0.38, 0.385, 0.39, 0.395, 0.4, 0.405, 0.41000000000000003, 0.41500000000000004, 0.42, 0.425, 0.43, 0.435, 0.44, 0.445, 0.45, 0.455, 0.46, 0.465, 0.47000000000000003, 0.47500000000000003, 0.48, 0.485, 0.49, 0.495, 0.5, 0.505, 0.51, 0.515, 0.52, 0.525, 0.53, 0.535, 0.54, 0.545, 0.55, 0.555, 0.56, 0.5650000000000001, 0.5700000000000001, 0.5750000000000001, 0.58, 0.585, 0.59, 0.595, 0.6, 0.605, 0.61, 0.615, 0.62, 0.625, 0.63, 0.635]}, "poles": {"__dtype__": [["k", "<f8"], ["power_2", "<c8"], ["modes", "<i8"]], "__shape__": [127], "__data__": [[0.0037537781648676505, {"__complex__": [-74533.09375, 3.0237745900912882e-12]}, 77], [0.008050398333474014, {"__complex__": [76530.2421875, -2.1243670884907306e-12]}, 548], [0.012848609532355457, {"__complex__": [-38556.3671875, 5.5061299486861e-13]}, 1480], [0.017751579213119567, {"__complex__": [12597.72265625, 4.2561313089335695e-13]}, 2872], [0.022691827324042853, {"__complex__": [21559.751953125, -4.916187696193432e-14]}, 4736], [0.027648005536595924, {"__complex__": [23032.22265625, 6.618267538822595e-14]}, 7036], [0.032612636555868525, {"__complex__": [8853.51171875, 1.8933169105856545e-13]}, 9838], [0.03761114292794433, {"__complex__": [24624.400390625, 1.3661700893827233e-13]}, 13208], [0.04261303922036164, {"__complex__": [9348.849609375, -9.840540789998395e-14]}, 16858], [0.04760505554480107, {"__complex__": [12859.060546875, -4.694166130564566e-14]}, 21080], [0.05259133615803475, {"__complex__": [14316.1748046875, -2.7259285459305463e-14]}, 25624], [0.05756841184374016, {"__complex__": [4285.79541015625, -1.5154298646578683e-14]}, 30728], [0.06256248327880025, {"__complex__": [6804.85205078125, -1.2758542188235147e-14]}, 36498], [0.06756661487904435, {"__complex__": [3126.863525390625, -4.3798088257291506e-14]}, 42528], [0.07257304507008182, {"__complex__": [-50.997249603271484, 8.05281744607235e-14]}, 49152], [0.07756473030387098, {"__complex__": [489.1509094238281, 1.2530351512244839e-14]}, 55744], [0.08254764044823601, {"__complex__": [3008.671875, 1.1026614768017227e-14]}, 63346], [0.08754405971893497, {"__complex__": [7798.111328125, 2.93533338640347e-14]}, 71388], [0.09254365223263855, {"__complex__": [4657.3681640625, 1.4595336522487887e-14]}, 79762], [0.09754150838846357, {"__complex__": [82.73100280761719, 0.0]}, 88564], [0.10254123052801507, {"__complex__": [-319.74017333984375, -4.752227528593417e-15]}, 97988], [0.10754181638082774, {"__complex__": [1148.249755859375, -8.646735095237026e-15]}, 107708], [0.11254085353408888, {"__complex__": [1829.9376220703125, 7.895776012992097e-15]}, 117952], [0.11753281793039293, {"__complex__": [4165.7578125, 1.1910319794964665e-15]}, 128288], [0.12252442444514552, {"__complex__": [-209.78570556640625, 0.0]}, 139770], [0.12753052839909865, {"__complex__": [-126.0199203491211, -7.66162476615196e-15]}, 151946], [0.13253665927256145, {"__complex__": [1669.11962890625, -2.490821930629201e-15]}, 163582], [0.13753197887556465, {"__complex__": [2393.14453125, -2.646705003802436e-15]}, 175940], [0.1425260716253757, {"__complex__": [1941.5867919921875, -9.236183629165399e-15]}, 189064], [0.14752506711896965, {"__complex__": [2070.822021484375, 8.60958168907161e-15]}, 202824], [0.1525272624752809, {"__complex__": [1057.1326904296875, -1.0739123315389645e-14]}, 216806], [0.15752484634575162, {"__complex__": [314.07550048828125, 0.0]}, 230876], [0.16252366735405163, {"__complex__": [-883.294189453125, -2.2693782955802468e-14]}, 246232], [0.1675242007800524, {"__complex__": [-10.414220809936523, 0.0]}, 261330], [0.17252326579974073, {"__complex__": [-133.73873901367188, -1.6793900957853543e-15]}, 277280], [0.17752110470595878, {"__complex__": [660.39111328125, -2.3813306402188476e-15]}, 293320], [0.1825207522633753, {"__complex__": [963.9552612304688, 1.499356948615597e-15]}, 310574], [0.18752231962759572, {"__complex__": [1129.9461669921875, 1.2794454691132835e-14]}, 327560], [0.19252167162300435, {"__complex__": [1437.9200439453125, -1.483564654588751e-14]}, 345268], [0.19752225984779248, {"__complex__": [612.7608032226562, 7.685363711531709e-15]}, 363544], [0.20251992290984697, {"__complex__": [-390.3631286621094, -4.57535434371251e-16]}, 381660], [0.20751551078768798, {"__complex__": [-1236.2386474609375, 4.6466923055632145e-15]}, 400854], [0.21251512379553542, {"__complex__": [-885.0109252929688, -6.0833165117975e-15]}, 421010], [0.21751870975885984, {"__complex__": [-1493.24462890625, 7.124883704399433e-15]}, 441160], [0.2225209082741387, {"__complex__": [1302.5977783203125, -5.047315596208449e-15]}, 461296], [0.22752039891934017, {"__complex__": [1433.73681640625, -2.897152741031272e-15]}, 482192], [0.23252118259031918, {"__complex__": [-712.327392578125, -4.620939115834895e-15]}, 503860], [0.23751936566507853, {"__complex__": [314.5301513671875, -9.312800300343392e-15]}, 525024], [0.24251707186595864, {"__complex__": [-313.3097839355469, -4.249091228473783e-15]}, 547954], [0.24751627666670906, {"__complex__": [251.45697021484375, 0.0]}, 570544], [0.2525167544702008, {"__complex__": [184.11721801757812, -4.700689808917729e-15]}, 594374], [0.25751857595461863, {"__complex__": [300.4747009277344, 2.0724526644642785e-15]}, 617900], [0.2625190906945416, {"__complex__": [52.98923873901367, 9.06511685513792e-15]}, 642106], [0.2675172479110602, {"__complex__": [265.1728515625, 5.592588397322195e-15]}, 666112], [0.272514629608296, {"__complex__": [694.0487670898438, -4.7119036781064286e-15]}, 691786], [0.27751615229387816, {"__complex__": [-77.5167007446289, -1.297113856415003e-15]}, 717996], [0.28251644607381426, {"__complex__": [645.1817626953125, -3.759617993309835e-15]}, 743152], [0.2875152531419474, {"__complex__": [287.37841796875, 4.8368334145299126e-15]}, 770192], [0.2925134012698469, {"__complex__": [377.046875, -5.262171856026607e-15]}, 796430], [0.2975118362281548, {"__complex__": [955.461669921875, -3.387366706507594e-15]}, 824820], [0.3025125080826814, {"__complex__": [1134.423583984375, -3.277143156114339e-15]}, 852562], [0.30751063191170563, {"__complex__": [1496.803955078125, -1.454576646034867e-15]}, 880372], [0.3125111278203564, {"__complex__": [625.611572265625, -5.11349343334448e-16]}, 910652], [0.31751269361539736, {"__complex__": [833.9556884765625, 0.0]}, 938996], [0.3225130904459611, {"__complex__": [474.3239440917969, -2.7622085340724004e-15]}, 969352], [0.32751158760760724, {"__complex__": [-800.73095703125, 2.3321684244437344e-15]}, 998344], [0.3325089848249692, {"__complex__": [503.0810241699219, 6.329856039007705e-15]}, 1029922], [0.33751027924368393, {"__complex__": [738.7626953125, -8.770192900156419e-16]}, 1061918], [0.34251253316973607, {"__complex__": [236.3560333251953, -1.064834022992706e-15]}, 1093272], [0.34751415893089227, {"__complex__": [116.98027801513672, -1.1378138523325445e-15]}, 1125464], [0.352514235068077, {"__complex__": [476.8302001953125, 2.2128748452512805e-15]}, 1157380], [0.357512374484406, {"__complex__": [318.63189697265625, 7.825109007114737e-16]}, 1190172], [0.3625118834929162, {"__complex__": [83.57102966308594, -2.851802173518803e-16]}, 1224650], [0.3675116774700016, {"__complex__": [162.26492309570312, 5.923200603228599e-15]}, 1257864], [0.3725098709245497, {"__complex__": [33.567665100097656, 0.0]}, 1292312], [0.37751067052804127, {"__complex__": [-324.0311584472656, 0.0]}, 