{"edges": {"__dtype__": "<f8", "__shape__": [116], "__data__": [0.0, 0.005, 0.01, 0.015, 0.02, 0.025, 0.03, 0.035, 0.04, 0.045, 0.05, 0.055, 0.06, 0.065, 0.07, 0.075, 0.08, 0.085, 0.09, 0.095, 0.1, 0.105, 0.11, 0.115, 0.12, 0.125, 0.13, 0.135, 0.14, 0.145, 0.15, 0.155, 0.16, 0.165, 0.17, 0.17500000000000002, 0.18, 0.185, 0.19, 0.195, 0.2, 0.20500000000000002, 0.21, 0.215, 0.22, 0.225, 0.23, 0.23500000000000001, 0.24, 0.245, 0.25, 0.255, 0.26, 0.265, 0.27, 0.275, 0.28, 0.28500000000000003, 0.29, 0.295, 0.3, 0.305, 0.31, 0.315, 0.32, 0.325, 0.33, 0.335, 0.34, 0.34500000000000003, 0.35000000000000003, 0.355, 0.36, 0.365, 0.37, 0.375, 0.38, 0.385, 0.39, 0.395, 0.4, 0.405, 0.41000000000000003, 0.41500000000000004, 0.42, 0.425, 0.43, 0.435, 0.44, 0.445, 0.45, 0.455, 0.46, 0.465, 0.47000000000000003, 0.47500000000000003, 0.48, 0.485, 0.49, 0.495, 0.5, 0.505, 0.51, 0.515, 0.52, 0.525, 0.53, 0.535, 0.54, 0.545, 0.55, 0.555, 0.56, 0.5650000000000001, 0.5700000000000001, 0.5750000000000001]}, "poles": {"__dtype__": [["k", "<f8"], ["power_0", "<c8"], ["modes", "<i8"]], "__shape__": [115], "__data__": [[0.0037054420134658554, {"__complex__": [103139.4296875, 2.279215661690759e-12]}, 83], [0.008002706039259398, {"__complex__": [92670.578125, -2.441596458433587e-13]}, 596], [0.012849701484846114, {"__complex__": [91143.0390625, 0.0]}, 1648], [0.0177641384261076, {"__complex__": [107608.4765625, -4.6108729762897246e-14]}, 3156], [0.022684229681789413, {"__complex__": [103109.46875, 3.935989311169494e-14]}, 5176], [0.027646384376179004, {"__complex__": [109728.046875, 1.044217406227961e-13]}, 7804], [0.032636129245414154, {"__complex__": [103954.9765625, 0.0]}, 10874], [0.037622935176432226, {"__complex__": [98484.0546875, -5.6426204312308437e-14]}, 14442], [0.0426065943302704, {"__complex__": [98753.8828125, 3.138894715979876e-14]}, 18544], [0.047584168879418735, {"__complex__": [95191.015625, -5.052748465532138e-15]}, 23040], [0.052572163944886785, {"__complex__": [90176.6796875, -6.156066477571278e-15]}, 28366], [0.05756591012932392, {"__complex__": [87123.3515625, -1.376962847671366e-14]}, 33818], [0.06255885577973451, {"__complex__": [87166.375, -5.8019097203465195e-15]}, 40130], [0.06756290621144688, {"__complex__": [86914.5703125, 1.864116567812553e-14]}, 46838], [0.07256050504780319, {"__complex__": [85779.7421875, -7.56982926455917e-15]}, 53826], [0.0775516441986681, {"__complex__": [86869.7109375, 8.50657570642191e-15]}, 61584], [0.08254999402587553, {"__complex__": [83666.9765625, -6.977687589375002e-15]}, 69864], [0.08754547074829418, {"__complex__": [81524.5625, -5.93925441867791e-15]}, 78404], [0.09254370656486871, {"__complex__": [80776.5078125, -5.297504988388373e-15]}, 87902], [0.09754153604884025, {"__complex__": [79368.03125, 4.785338470018061e-15]}, 97310], [0.10253422913940137, {"__complex__": [78873.84375, 8.646093044263007e-15]}, 107716], [0.1075359850070505, {"__complex__": [76512.2578125, 0.0]}, 118654], [0.11253957840084304, {"__complex__": [77210.953125, 3.584491390366167e-15]}, 129910], [0.11753653834673844, {"__complex__": [78309.0546875, 0.0]}, 141376], [0.12253336603812491, {"__complex__": [76224.8125, 2.0794120989171567e-15]}, 153958], [0.12753369323485178, {"__complex__": [76063.046875, 2.79310744895529e-15]}, 166718], [0.1325298054599073, {"__complex__": [76365.234375, -6.474495808597323e-15]}, 179806], [0.13753126919241337, {"__complex__": [76703.109375, 5.992079416675187e-16]}, 194282], [0.14252978867508304, {"__complex__": [76098.8203125, -6.163275998501833e-15]}, 207774], [0.14752584639061916, {"__complex__": [76209.171875, -4.171134551173234e-15]}, 223278], [0.1525273402624495, {"__complex__": [75850.046875, -2.1965523085994533e-15]}, 238496], [0.15752777994300757, {"__complex__": [75975.40625, 3.660226300246068e-15]}, 254444], [0.16252677921627748, {"__complex__": [74588.171875, 4.515855784882053e-15]}, 270682], [0.16752582095517576, {"__complex__": [74622.8671875, -3.2370183583699556e-15]}, 287710], [0.1725259295419247, {"__complex__": [75302.65625, 1.1443109126753402e-15]}, 305202], [0.17752572093623975, {"__complex__": [73877.765625, -3.6041003089742223e-16]}, 323008], [0.18252702152554795, {"__complex__": [73791.59375, 5.96020080230968e-16]}, 341812], [0.18752508561671835, {"__complex__": [73546.5859375, -1.6167895964229332e-15]}, 360020], [0.19252006361125312, {"__complex__": [73554.8515625, -1.2263022196618988e-15]}, 379728], [0.19751626124600596, {"__complex__": [73672.625, 2.9128589553348533e-16]}, 399660], [0.20251335405021748, {"__complex__": [73193.921875, 5.539366246751774e-16]}, 420320], [0.20751594275294782, {"__complex__": [73942.7109375, 1.3167068931552975e-15]}, 442070], [0.21251689533718626, {"__complex__": [73637.3671875, -1.509782759525995e-15]}, 462644], [0.21751895130525958, {"__complex__": [73321.0625, 1.9170115307312737e-15]}, 485820], [0.22252064263763735, {"__complex__": [73751.015625, -2.2947842018001922e-15]}, 507304], [0.22751949683857262, {"__complex__": [73161.84375, -3.0706259356619e-15]}, 530776], [0.23252062744923513, {"__complex__": [73353.4609375, -1.6794991512773133e-15]}, 554524], [0.23751988845699762, {"__complex__": [73193.1171875, -1.2084468710128965e-15]}, 578008], [0.24251952417933192, {"__complex__": [72768.9296875, -3.859463801912449e-16]}, 603272], [0.24751886354741093, {"__complex__": [72527.40625, 1.6690422119061037e-15]}, 627748], [0.2525158523431189, {"__complex__": [72920.5, 1.7819471509730104e-16]}, 653304], [0.2575140585584922, {"__complex__": [72876.03125, -2.7396031305343144e-15]}, 679896], [0.2625126084722789, {"__complex__": [72288.65625, 3.2974547944312604e-16]}, 706092], [0.26751303339828036, {"__complex__": [72487.25, -2.5367719857100892e-15]}, 734258], [0.2725141980302592, {"__complex__": [72646.5625, 0.0]}, 761190], [0.27751499291909654, {"__complex__": [72848.9140625, -5.894700273894097e-16]}, 789966], [0.2825156597003922, {"__complex__": [72398.0546875, 3.983668795770438e-15]}, 818248], [0.2875141801620819, {"__complex__": [72125.4140625, 1.2369636116107518e-15]}, 847024], [0.29251195304227423, {"__complex__": [72413.2109375, 2.6548413375959647e-16]}, 877004], [0.2975142527009851, {"__complex__": [72194.6796875, -1.2812576114006394e-15]}, 908602], [0.30251615798691667, {"__complex__": [71873.5, -5.586136229725604e-16]}, 937802], [0.30751506635382575, {"__complex__": [72164.6875, 1.2005217660605893e-16]}, 969706], [0.31251223811931306, {"__complex__": [72063.7265625, -4.656817737414692e-16]}, 999956], [0.3175098816792195, {"__complex__": [71920.6875, -1.2876430751526343e-15]}, 1034060], [0.3225110492752749, {"__complex__": [72220.2890625, -2.1833617556794377e-16]}, 1066386], [0.3275123331358606, {"__complex__": [71797.5, 9.522483094677957e-16]}, 1100278], [0.3325123291547583, {"__complex__": [72210.046875, -4.1097310681839606e-16]}, 1133070], [0.3375117534479973, {"__complex__": [72263.90625, 3.1892370180571037e-15]}, 1168082], [0.3425129583700723, {"__complex__": [71707.90625, 3.8700035387542525e-16]}, 1203258], [0.3475132726509487, {"__complex__": [71893.046875, 2.821291252665315e-16]}, 1237894], [0.35251300538197095, {"__complex__": [72152.828125, 2.1014849304896565e-15]}, 1274124], [0.3575125695577228, {"__complex__": [72028.265625, 5.331014670572937e-16]}, 1310242], [0.36251151779301266, {"__complex__": [72199.09375, -1.0371737385836432e-15]}, 1346914], [0.3675115630015573, {"__complex__": [72239.9453125, 1.6807091113726864e-16]}, 1385312], [0.3725118957087531, {"__complex__": [72005.75, -3.2739787469025154e-16]}, 1422310], [0.37751124096797295, {"__complex__": [71807.25, -6.373691582214891e-16]}, 1461198], [0.3825103314725004, {"__complex__": [71850.6796875, -1.3974310388527636e-15]}, 1499520], [0.38750966779422413, {"__complex__": [72034.484375, -1.436580266400147e-15]}, 1539692], [0.3925103292814964, {"__complex__": [72094.609375, 2.2105294110203334e-15]}, 1579920], [0.3975099588994165, {"__complex__": [71766.59375, 6.469762588488066e-16]}, 1619438], 