{"poles": {"dims": ["k"], "edges": [{"__dtype__": "<f8", "__shape__": [86], "__data__": [0.0, 0.005, 0.01, 0.015, 0.02, 0.025, 0.03, 0.035, 0.04, 0.045, 0.05, 0.055, 0.06, 0.065, 0.07, 0.075, 0.08, 0.085, 0.09, 0.095, 0.1, 0.105, 0.11, 0.115, 0.12, 0.125, 0.13, 0.135, 0.14, 0.145, 0.15, 0.155, 0.16, 0.165, 0.17, 0.17500000000000002, 0.18, 0.185, 0.19, 0.195, 0.2, 0.20500000000000002, 0.21, 0.215, 0.22, 0.225, 0.23, 0.23500000000000001, 0.24, 0.245, 0.25, 0.255, 0.26, 0.265, 0.27, 0.275, 0.28, 0.28500000000000003, 0.29, 0.295, 0.3, 0.305, 0.31, 0.315, 0.32, 0.325, 0.33, 0.335, 0.34, 0.34500000000000003, 0.35000000000000003, 0.355, 0.36, 0.365, 0.37, 0.375, 0.38, 0.385, 0.39, 0.395, 0.4, 0.405, 0.41000000000000003, 0.41500000000000004, 0.42, 0.425]}], "coords": [{"__dtype__": "<f8", "__shape__": [85], "__data__": [0.0025, 0.0075, 0.0125, 0.0175, 0.0225, 0.0275, 0.0325, 0.037500000000000006, 0.042499999999999996, 0.0475, 0.052500000000000005, 0.057499999999999996, 0.0625, 0.0675, 0.07250000000000001, 0.0775, 0.0825, 0.0875, 0.0925, 0.0975, 0.10250000000000001, 0.1075, 0.1125, 0.1175, 0.1225, 0.1275, 0.1325, 0.1375, 0.14250000000000002, 0.1475, 0.1525, 0.1575, 0.1625, 0.1675, 0.17250000000000001, 0.1775, 0.1825, 0.1875, 0.1925, 0.1975, 0.2025, 0.20750000000000002, 0.2125, 0.2175, 0.2225, 0.2275, 0.2325, 0.2375, 0.2425, 0.2475, 0.2525, 0.2575, 0.2625, 0.2675, 0.2725, 0.2775, 0.28250000000000003, 0.2875, 0.2925, 0.2975, 0.3025, 0.3075, 0.3125, 0.3175, 0.3225, 0.3275, 0.3325, 0.3375, 0.3425, 0.34750000000000003, 0.35250000000000004, 0.3575, 0.3625, 0.3675, 0.3725, 0.3775, 0.3825, 0.3875, 0.3925, 0.3975, 0.4025, 0.40750000000000003, 0.41250000000000003, 0.4175, 0.4225]}], "data": {"__dtype__": [["k", "<f8"], ["power_2", "<c8"], ["modes", "<i8"]], "__shape__": [85], "__data__": [[0.003785962175218714, {"__complex__": [31247.796875, 2.6102091408436445e-13]}, 223], [0.008055650047333739, {"__complex__": [24596.130859375, -2.68768893859489e-13]}, 1516], [0.012838659412058445, {"__complex__": [27777.884765625, -4.791913935965619e-13]}, 4130], [0.017758445021159877, {"__complex__": [26585.5859375, 2.889434703870833e-14]}, 8058], [0.022686221993372543, {"__complex__": [13997.1123046875, 1.419915481850817e-13]}, 13118], [0.02764503576190599, {"__complex__": [10218.333984375, -4.7074533670015545e-14]}, 19784], [0.032626124011193657, {"__complex__": [12070.42578125, -8.472114170962868e-15]}, 27482], [0.03761517664423396, {"__complex__": [3639.357177734375, 1.1073914781857801e-14]}, 36794], [0.042612076216348424, {"__complex__": [-790.2740478515625, 4.7001512653698646e-14]}, 47060], [0.04758810749327745, {"__complex__": [6540.3330078125, -4.181441840998487e-14]}, 58466], [0.05257639262811682, {"__complex__": [10607.6083984375, -9.710178184251222e-15]}, 71934], [0.057576644294676294, {"__complex__": [10695.93359375, -1.6225885110347782e-14]}, 86096], [0.06257060468948772, {"__complex__": [7383.43896484375, -1.3740914906834687e-14]}, 101666], [0.06756431050677218, {"__complex__": [5548.78857421875, 0.0]}, 118494], [0.07255460479533274, {"__complex__": [3984.781494140625, 1.321061214251424e-14]}, 136590], [0.07755203808236072, {"__complex__": [2045.2098388671875, 1.152730017830398e-14]}, 156536], [0.08254994891496988, {"__complex__": [2152.25048828125, 2.6324013701803893e-15]}, 176896], [0.0875465852208996, {"__complex__": [1760.9222412109375, -4.670624797971411e-15]}, 199400], [0.09254606261661012, {"__complex__": [3405.476318359375, -8.368505100854722e-15]}, 222578], [0.09754095165434574, {"__complex__": [2369.45068359375, -3.7688582757314324e-15]}, 247110], [0.10253878096196406, {"__complex__": [850.4362182617188, -5.10739140799246e-15]}, 273522], [0.1075376536617221, {"__complex__": [4029.84814453125, -1.0652655651035084e-14]}, 300528], [0.11253874421958751, {"__complex__": [1948.1029052734375, -2.8236785620875922e-15]}, 329826], [0.11753930483919833, {"__complex__": [1536.330810546875, -1.0380207503550738e-14]}, 358884], [0.12253435939470513, {"__complex__": [653.39794921875, -8.35348212450222e-15]}, 390212], [0.1275324928771181, {"__complex__": [1146.510986328125, 1.1008333255916637e-14]}, 423008], [0.13253098558293935, {"__complex__": [715.7532958984375, 1.121957395559944e-14]}, 456548], [0.1375294182229233, {"__complex__": [947.5667114257812, -9.465045155249933e-15]}, 491980], [0.14252928720123362, {"__complex__": [677.5867309570312, -8.815001578340882e-15]}, 528260], [0.14752710781464048, {"__complex__": [-913.6160888671875, 0.0]}, 565750], [0.15252590457329984, {"__complex__": [747.7305908203125, 1.5390810997759291e-15]}, 605116], [0.15752627544450365, {"__complex__": [636.3488159179688, 1.0822050805541156e-15]}, 645434], [0.1625268432433497, {"__complex__": [493.46759033203125, 2.7102087579239853e-15]}, 687270], [0.16752762298865234, {"__complex__": [-0.362607479095459, 0.0]}, 729932], [0.17252411279445126, {"__complex__": [160.23025512695312, 2.4090455582530083e-15]}, 773188], [0.17752203527930777, {"__complex__": [-330.0047607421875, -5.110766834287269e-15]}, 820024], [0.18252363779831107, {"__complex__": [-1124.6153564453125, 2.317018181390907e-15]}, 866702], [0.18752234050808908, {"__complex__": [-298.1656188964844, -3.056596528956527e-15]}, 914078], [0.19252201016210274, {"__complex__": [308.91241455078125, -6.75978455204557e-15]}, 964418], [0.19752271477956754, {"__complex__": [156.40322875976562, -9.177309757133541e-16]}, 1014810], [0.20252178570627094, {"__complex__": [412.71795654296875, -2.1832676556129537e-15]}, 1066432], [0.20751974798690762, {"__complex__": [-829.3854370117188, 2.0797028429763017e-15]}, 1119538], [0.2125197454352182, {"__complex__": [-572.4793701171875, -8.418052187225244e-16]}, 1175486], [0.2175192296548309, {"__complex__": [-201.1681671142578, -2.272154022548399e-15]}, 1229656], [0.22251681667262319, {"__complex__": [-534.0570678710938, -2.1696643064800496e-15]}, 1287742], [0.22751746426403283, {"__complex__": [124.81907653808594, 2.7658048242082053e-15]}, 1346910], [0.23251730364615478, {"__complex__": [899.1058959960938, 0.0]}, 1405636], [0.23751678657474465, {"__complex__": [46.162200927734375, 5.075942768726803e-15]}, 1467822], [0.2425174971485461, {"__complex__": [13.032641410827637, -2.1308524098039103e-15]}, 1529730], [0.24751707342858845, {"__complex__": [-858.7037353515625, -1.7534166460897622e-15]}, 1593442], [0.2525171832510974, {"__complex__": [266.2010498046875, 1.1228763204285965e-15]}, 1658816], [0.2575157181508458, {"__complex__": [143.42153930664062, -1.3508485677976318e-15]}, 1723588], [0.2625146768272274, {"__complex__": [672.3623657226562, 1.5581147771336805e-15]}, 1793172], [0.2675153728644548, {"__complex__": [14.086746215820312, 2.5017689844395157e-16]}, 1861328], [0.2725140790996068, {"__complex__": [160.00001525878906, 4.82325653517661e-16]}, 1930900], [0.2775148647609448, {"__complex__": [-34.55651092529297, 0.0]}, 2004630], [0.28251520974118804, {"__complex__": [161.8085174560547, -2.6931054686530264e-15]}, 2074904], [0.28751406015515885, {"__complex__": [409.35748291015625, 1.1367975186749577e-15]}, 2150534], [0.29251361364437867, {"__complex__": [326.4788818359375, -5.232694791824802e-16]}, 2224768], [0.2975131524186939, {"__complex__": [166.110107421875, -3.639710315230622e-15]}, 2302904], [0.3025147259314174, {"__complex__": [-79.9103012084961, -3.5197554150645993e-15]}, 2381388], [0.3075149652713783, {"__complex__": [483.1693420410156, 2.651225830400169e-15]}, 2458960], [0.31251335064096714, {"__complex__": [-120.3266830444336, 7.334195710061338e-15]}, 2539672], [0.31751349612987984, {"__complex__": [-618.8070678710938, 3.994261419231886e-16]}, 2623108], [0.32251268944270295, {"__complex__": [363.19830322265625, 4.133036279755156e-15]}, 2704034], [0.32751171630842707, {"__complex__": [-70.1827163696289, -2.002476731592759e-15]}, 2790512], [0.33251237563902225, {"__complex__": [460.0546569824219, 3.2380875786471865e-16]}, 2876150], [0.3375123279265873, {"__complex__": [-468.41180419921875, 