{"edges": {"__dtype__": "<f8", "__shape__": [116], "__data__": [0.0, 0.005, 0.01, 0.015, 0.02, 0.025, 0.03, 0.035, 0.04, 0.045, 0.05, 0.055, 0.06, 0.065, 0.07, 0.075, 0.08, 0.085, 0.09, 0.095, 0.1, 0.105, 0.11, 0.115, 0.12, 0.125, 0.13, 0.135, 0.14, 0.145, 0.15, 0.155, 0.16, 0.165, 0.17, 0.17500000000000002, 0.18, 0.185, 0.19, 0.195, 0.2, 0.20500000000000002, 0.21, 0.215, 0.22, 0.225, 0.23, 0.23500000000000001, 0.24, 0.245, 0.25, 0.255, 0.26, 0.265, 0.27, 0.275, 0.28, 0.28500000000000003, 0.29, 0.295, 0.3, 0.305, 0.31, 0.315, 0.32, 0.325, 0.33, 0.335, 0.34, 0.34500000000000003, 0.35000000000000003, 0.355, 0.36, 0.365, 0.37, 0.375, 0.38, 0.385, 0.39, 0.395, 0.4, 0.405, 0.41000000000000003, 0.41500000000000004, 0.42, 0.425, 0.43, 0.435, 0.44, 0.445, 0.45, 0.455, 0.46, 0.465, 0.47000000000000003, 0.47500000000000003, 0.48, 0.485, 0.49, 0.495, 0.5, 0.505, 0.51, 0.515, 0.52, 0.525, 0.53, 0.535, 0.54, 0.545, 0.55, 0.555, 0.56, 0.5650000000000001, 0.5700000000000001, 0.5750000000000001]}, "poles": {"__dtype__": [["k", "<f8"], ["power_0", "<c8"], ["modes", "<i8"]], "__shape__": [115], "__data__": [[0.0037054420134658554, {"__complex__": [136401.078125, 9.204525162898047e-13]}, 83], [0.008002706039259398, {"__complex__": [87970.859375, -1.9532772209569782e-13]}, 596], [0.012849701484846114, {"__complex__": [101075.3984375, 7.064036584413652e-14]}, 1648], [0.0177641384261076, {"__complex__": [115953.5859375, 3.68869838103178e-14]}, 3156], [0.022684229681789413, {"__complex__": [106618.015625, 1.9679947233473827e-13]}, 5176], [0.027646384376179004, {"__complex__": [104537.96875, -1.4917392001561128e-14]}, 7804], [0.032636129245414154, {"__complex__": [95006.359375, -2.1411683393652257e-14]}, 10874], [0.037622935176432226, {"__complex__": [90514.2734375, 1.4106551078077109e-14]}, 14442], [0.0426065943302704, {"__complex__": [90468.2265625, -9.416683809126448e-15]}, 18544], [0.047584168879418735, {"__complex__": [88245.734375, 3.157967738018027e-15]}, 23040], [0.052572163944886785, {"__complex__": [85435.9296875, -8.20808891910602e-15]}, 28366], [0.05756591012932392, {"__complex__": [86585.7578125, -2.0439292534819636e-15]}, 33818], [0.06255885577973451, {"__complex__": [86310.796875, 5.983219663805144e-15]}, 40130], [0.06756290621144688, {"__complex__": [83708.9453125, 0.0]}, 46838], [0.07256050504780319, {"__complex__": [83381.90625, -2.054667979538901e-14]}, 53826], [0.0775516441986681, {"__complex__": [83061.7734375, -4.725875486571388e-15]}, 61584], [0.08254999402587553, {"__complex__": [81903.734375, 3.332626778774811e-15]}, 69864], [0.08754547074829418, {"__complex__": [79839.7578125, -2.969627209338955e-15]}, 78404], [0.09254370656486871, {"__complex__": [78579.6484375, -2.6487524941941863e-15]}, 87902], [0.09754153604884025, {"__complex__": [79158.6875, 3.888087480419895e-15]}, 97310], [0.10253422913940137, {"__complex__": [76613.203125, -3.242284997477746e-15]}, 107716], [0.1075359850070505, {"__complex__": [76962.375, 5.518871543439127e-15]}, 118654], [0.11253957840084304, {"__complex__": [76228.1875, -5.376737297307487e-15]}, 129910], [0.11753653834673844, {"__complex__": [76538.7109375, -7.411002963652463e-15]}, 141376], [0.12253336603812491, {"__complex__": [76913.9296875, 4.158824197834313e-15]}, 153958], [0.12753369323485178, {"__complex__": [75112.1171875, -1.7456921291272767e-15]}, 166718], [0.1325298054599073, {"__complex__": [73566.7734375, 3.2372479572382207e-16]}, 179806], [0.13753126919241337, {"__complex__": [74108.15625, -2.996039814216712e-15]}, 194282], [0.14252978867508304, {"__complex__": [73994.296875, 1.6808934733876122e-15]}, 207774], [0.14752584639061916, {"__complex__": [72874.2578125, 3.649742573457902e-15]}, 223278], [0.1525273402624495, {"__complex__": [73297.6171875, 1.8304602218731716e-15]}, 238496], [0.15752777994300757, {"__complex__": [73140.0078125, 2.5164055020098332e-15]}, 254444], [0.16252677921627748, {"__complex__": [73513.7890625, -3.4406520669117042e-15]}, 270682], [0.16752582095517576, {"__complex__": [72280.703125, 4.248586820353693e-15]}, 287710], [0.1725259295419247, {"__complex__": [72451.078125, 1.1443109126753402e-15]}, 305202], [0.17752572093623975, {"__complex__": [71902.4765625, -1.802050101547552e-15]}, 323008], [0.18252702152554795, {"__complex__": [72064.0078125, 1.0217487392185504e-15]}, 341812], [0.18752508561671835, {"__complex__": [71615.546875, -1.6167895964229332e-15]}, 360020], [0.19252006361125312, {"__complex__": [71540.140625, 6.131511098309494e-16]}, 379728], [0.19751626124600596, {"__complex__": [70980.2890625, -1.747715373200912e-15]}, 399660], [0.20251335405021748, {"__complex__": [71270.25, 2.769683123375887e-16]}, 420320], [0.20751594275294782, {"__complex__": [70688.015625, -2.633413786310595e-16]}, 442070], [0.21251689533718626, {"__complex__": [71253.28125, 1.1323370431747166e-15]}, 462644], [0.21751895130525958, {"__complex__": [71414.0, 1.6773851687992033e-15]}, 485820], [0.22252064263763735, {"__complex__": [71169.7890625, 4.589568615358621e-16]}, 507304], [0.22751949683857262, {"__complex__": [70131.6640625, -4.38660829800994e-15]}, 530776], [0.23252062744923513, {"__complex__": [70763.859375, 1.2596243899277645e-15]}, 554524], [0.23751988845699762, {"__complex__": [70434.46875, -4.028155972011859e-16]}, 578008], [0.24251952417933192, {"__complex__": [71290.71875, 8.683793421954112e-16]}, 603272], [0.24751886354741093, {"__complex__": [70589.0546875, -1.2981439543579827e-15]}, 627748], [0.2525158523431189, {"__complex__": [70643.671875, 0.0]}, 653304], [0.2575140585584922, {"__complex__": [70644.46875, -1.1985762901994238e-15]}, 679896], [0.2625126084722789, {"__complex__": [70253.1640625, -4.946182191646891e-16]}, 706092], [0.26751303339828036, {"__complex__": [70863.8359375, 7.927412587692927e-16]}, 734258], [0.2725141980302592, {"__complex__": [70370.2734375, -7.264582836686835e-16]}, 761190], [0.27751499291909654, {"__complex__": [70528.203125, 0.0]}, 789966], [0.2825156597003922, {"__complex__": [70927.1484375, -2.4186559940725556e-15]}, 818248], [0.2875141801620819, {"__complex__": [70803.3203125, -6.872020123325909e-16]}, 847024], [0.29251195304227423, {"__complex__": [70806.6875, -2.8539544842377763e-15]}, 877004], [0.2975142527009851, {"__complex__": [70192.640625, 5.125030551481676e-16]}, 908602], [0.30251615798691667, {"__complex__": [70219.15625, 2.482727154389647e-16]}, 937802], [0.30751506635382575, {"__complex__": [70179.9453125, -1.320574022075987e-15]}, 969706], [0.31251223811931306, {"__complex__": [69977.953125, -6.985226606122039e-16]}, 999956], [0.3175098816792195, {"__complex__": [70094.828125, -1.6887123286445983e-15]}, 1034060], [0.3225110492752749, {"__complex__": [70140.1171875, -2.1833617556794377e-16]}, 1066386], [0.3275123331358606, {"__complex__": [70698.8125, -6.348322416049033e-16]}, 1100278], [0.3325123291547583, {"__complex__": [70208.5078125, -1.6438924272735842e-15]}, 1133070], [0.3375117534479973, {"__complex__": [69942.2265625, 0.0]}, 1168082], [0.3425129583700723, {"__complex__": [70012.9765625, -1.0642510525667582e-15]}, 1203258], [0.3475132726509487, {"__complex__": [69906.375, 1.4106456263326576e-16]}, 1237894], [0.35251300538197095, {"__complex__": [69423.421875, -1.3705337193709402e-16]}, 1274124], [0.3575125695577228, {"__complex__": [69592.6875, 2.88763299067664e-16]}, 1310242], [0.36251151779301266, {"__complex__": [69962.1328125, 1.7286229329324448e-15]}, 1346914], [0.3675115630015573, {"__complex__": [70000.2890625, -2.0168508807076645e-15]}, 1385312], [0.3725118957087531, {"__complex__": [70104.7734375, -8.184946867256289e-17]}, 1422310], [0.37751124096797295, {"__complex__": [70180.234375, 5.178624443636824e-16]}, 1461198], [0.3825103314725004, {"__complex__": [69920.890625, -7.763505889047707e-16]}, 1499520], [0.38750966779422413, {"__complex__": [69724.484375, -1.5877992585284443e-15]}, 1539692], [0.3925103292814964, {"__complex__": [69686.3828125, 1.9894764699183e-15]}, 1579920], [0.3975099588994165, {"__complex__": 