{"edges": {"__dtype__": "<f8", "__shape__": [128], "__data__": [0.0, 0.005, 0.01, 0.015, 0.02, 0.025, 0.03, 0.035, 0.04, 0.045, 0.05, 0.055, 0.06, 0.065, 0.07, 0.075, 0.08, 0.085, 0.09, 0.095, 0.1, 0.105, 0.11, 0.115, 0.12, 0.125, 0.13, 0.135, 0.14, 0.145, 0.15, 0.155, 0.16, 0.165, 0.17, 0.17500000000000002, 0.18, 0.185, 0.19, 0.195, 0.2, 0.20500000000000002, 0.21, 0.215, 0.22, 0.225, 0.23, 0.23500000000000001, 0.24, 0.245, 0.25, 0.255, 0.26, 0.265, 0.27, 0.275, 0.28, 0.28500000000000003, 0.29, 0.295, 0.3, 0.305, 0.31, 0.315, 0.32, 0.325, 0.33, 0.335, 0.34, 0.34500000000000003, 0.35000000000000003, 0.355, 0.36, 0.365, 0.37, 0.375, 0.38, 0.385, 0.39, 0.395, 0.4, 0.405, 0.41000000000000003, 0.41500000000000004, 0.42, 0.425, 0.43, 0.435, 0.44, 0.445, 0.45, 0.455, 0.46, 0.465, 0.47000000000000003, 0.47500000000000003, 0.48, 0.485, 0.49, 0.495, 0.5, 0.505, 0.51, 0.515, 0.52, 0.525, 0.53, 0.535, 0.54, 0.545, 0.55, 0.555, 0.56, 0.5650000000000001, 0.5700000000000001, 0.5750000000000001, 0.58, 0.585, 0.59, 0.595, 0.6, 0.605, 0.61, 0.615, 0.62, 0.625, 0.63, 0.635]}, "poles": {"__dtype__": [["k", "<f8"], ["power_0", "<c8"], ["modes", "<i8"]], "__shape__": [127], "__data__": [[0.0037537781648676505, {"__complex__": [45179.42578125, -5.3152286445899005e-14]}, 77], [0.008050398333474014, {"__complex__": [103139.2109375, -1.628543152653976e-14]}, 548], [0.012848609532355457, {"__complex__": [111061.609375, 7.489504283138097e-15]}, 1480], [0.017751579213119567, {"__complex__": [110649.6484375, -2.444346079846305e-15]}, 2872], [0.022691827324042853, {"__complex__": [104289.078125, -5.241302997085334e-14]}, 4736], [0.027648005536595924, {"__complex__": [105223.953125, 9.500833144304374e-15]}, 7036], [0.032612636555868525, {"__complex__": [100242.0078125, -1.1850564373392953e-14]}, 9838], [0.03761114292794433, {"__complex__": [97102.28125, -8.833367264340604e-16]}, 13208], [0.04261303922036164, {"__complex__": [95633.421875, 9.314861555020535e-16]}, 16858], [0.04760505554480107, {"__complex__": [92520.46875, -7.0501427876831346e-15]}, 21080], [0.05259133615803475, {"__complex__": [89883.71875, 4.8249468291275256e-17]}, 25624], [0.05756841184374016, {"__complex__": [87604.5390625, -1.875376473241936e-15]}, 30728], [0.06256248327880025, {"__complex__": [86827.328125, 3.3516094223974904e-15]}, 36498], [0.06756661487904435, {"__complex__": [85373.8046875, -1.0642769929507679e-15]}, 42528], [0.07257304507008182, {"__complex__": [84637.46875, 2.478486166301863e-15]}, 49152], [0.07756473030387098, {"__complex__": [85867.921875, -1.5190680935124742e-16]}, 55744], [0.08254764044823601, {"__complex__": [83417.578125, -1.6427080369853063e-16]}, 63346], [0.08754405971893497, {"__complex__": [82129.296875, 3.4022702512145333e-15]}, 71388], [0.09254365223263855, {"__complex__": [82166.7109375, 7.625492987600052e-16]}, 79762], [0.09754150838846357, {"__complex__": [80989.0859375, 8.073473890326274e-16]}, 88564], [0.10254123052801507, {"__complex__": [80597.984375, 5.237710815059323e-16]}, 97988], [0.10754181638082774, {"__complex__": [79667.0703125, -1.836240586463472e-15]}, 107708], [0.11254085353408888, {"__complex__": [78224.2109375, 3.4861258247784394e-16]}, 117952], [0.11753281793039293, {"__complex__": [78450.3515625, -8.125203912950769e-17]}, 128288], [0.12252442444514552, {"__complex__": [78598.546875, -2.3370841801531247e-15]}, 139770], [0.12753052839909865, {"__complex__": [78419.9453125, -7.104678898112984e-16]}, 151946], [0.13253665927256145, {"__complex__": [78174.0078125, -3.41921154543433e-16]}, 163582], [0.13753197887556465, {"__complex__": [77875.1875, 2.3825435384597566e-16]}, 175940], [0.1425260716253757, {"__complex__": [78551.5390625, -7.411383704962254e-16]}, 189064], [0.14752506711896965, {"__complex__": [78153.359375, 3.589778040627336e-16]}, 202824], [0.1525272624752809, {"__complex__": [77727.234375, -1.1112134178987336e-15]}, 216806], [0.15752484634575162, {"__complex__": [77035.7890625, 1.4779764076588e-16]}, 230876], [0.16252366735405163, {"__complex__": [76608.4140625, 3.068614814747322e-16]}, 246232], [0.1675242007800524, {"__complex__": [76873.4375, 4.127567199772972e-16]}, 261330], [0.17252326579974073, {"__complex__": [77051.0, -5.539327600873555e-16]}, 277280], [0.17752110470595878, {"__complex__": [76678.859375, -1.0975280521537337e-16]}, 293320], [0.1825207522633753, {"__complex__": [75754.3515625, 6.770853816828306e-17]}, 310574], [0.18752231962759572, {"__complex__": [75753.5234375, 1.9691986070401505e-16]}, 327560], [0.19252167162300435, {"__complex__": [75775.25, 1.5833736437279386e-16]}, 345268], [0.19752225984779248, {"__complex__": [75036.796875, -3.9213996451090713e-16]}, 363544], [0.20251992290984697, {"__complex__": [75224.6875, -3.105459424463904e-16]}, 381660], [0.20751551078768798, {"__complex__": [75302.9296875, -5.198777475034372e-16]}, 400854], [0.21251512379553542, {"__complex__": [75176.1640625, 2.5986512894574825e-16]}, 421010], [0.21751870975885984, {"__complex__": [75076.2890625, 4.7865720676266185e-16]}, 441160], [0.2225209082741387, {"__complex__": [75790.9375, -1.2497374243207183e-16]}, 461296], [0.22752039891934017, {"__complex__": [74891.359375, 1.0368071056663801e-16]}, 482192], [0.23252118259031918, {"__complex__": [73929.28125, 5.755585170823827e-16]}, 503860], [0.23751936566507853, {"__complex__": [74253.8046875, 9.983684196477349e-17]}, 525024], [0.24251707186595864, {"__complex__": [74214.96875, -1.575028152353442e-17]}, 547954], [0.24751627666670906, {"__complex__": [74273.8046875, 1.433958884716852e-16]}, 570544], [0.2525167544702008, {"__complex__": [74524.0546875, 4.253042425414488e-16]}, 594374], [0.25751857595461863, {"__complex__": [74566.53125, 2.2803214848027395e-16]}, 617900], [0.2625190906945416, {"__complex__": [74556.875, -1.9434963186980048e-16]}, 642106], [0.2675172479110602, {"__complex__": [74114.28125, -2.593151663349638e-17]}, 666112], [0.272514629608296, {"__complex__": [74510.703125, 1.1764430016503137e-16]}, 691786], [0.27751615229387816, {"__complex__": [74467.9453125, -2.6685703520075278e-17]}, 717996], [0.28251644607381426, {"__complex__": [74374.1875, -1.874354375789841e-17]}, 743152], [0.2875152531419474, {"__complex__": [74548.09375, 1.2997788073555223e-16]}, 770192], [0.2925134012698469, {"__complex__": [74541.5859375, -1.6521905708298182e-16]}, 796430], [0.2975118362281548, {"__complex__": [74321.6640625, 4.858438048640818e-16]}, 824820], [0.3025125080826814, {"__complex__": [74074.1328125, 3.2821354094867783e-16]}, 852562], [0.30751063191170563, {"__complex__": [73667.484375, -1.7132992334138877e-16]}, 880372], [0.3125111278203564, {"__complex__": [74243.0390625, 7.960866286293633e-17]}, 910652], [0.31751269361539736, {"__complex__": [74005.3671875, -1.0908844683459528e-16]}, 938996], [0.3225130904459611, {"__complex__": [73925.84375, 1.8263236372135818e-17]}, 969352], [0.32751158760760724, {"__complex__": [73753.4296875, -7.68923737848796e-17]}, 998344], [0.3325089848249692, {"__complex__": [73919.6015625, -1.223213514019736e-17]}, 1029922], [0.33751027924368393, {"__complex__": [73781.7265625, -2.088133150142087e-16]}, 1061918], [0.34251253316973607, {"__complex__": [74048.875, -1.0014703469448088e-16]}, 1093272], [0.34751415893089227, {"__complex__": [73701.5546875, -1.7498502932746868e-16]}, 1125464], [0.352514235068077, {"__complex__": [73538.09375, -2.7815643486479044e-16]}, 1157380], [0.357512374484406, {"__complex__": [73363.390625, -2.817171032946964e-17]}, 1190172], [0.3625118834929162, {"__complex__": [73255.640625, 4.4582255689750014e-17]}, 1224650], [0.3675116774700016, {"__complex__": [73379.9609375, 2.567508534964902e-16]}, 1257864], [0.3725098709245497, {"__complex__": [73555.5625, -2.270672456044533e-16]}, 1292312], [0.37751067052804127, {"__complex__": [73734.1484375, -7.889178182198358e-17]}, 1328534], [0.3825116981355865, {"__complex__": [73536.25, -5.135456120855335e-18]}, 1362848], [0.3875116125361288, {"__complex__": [73493.8515625, -1.3053557252198038e-16]}, 