{"edges": {"__dtype__": "<f8", "__shape__": [128], "__data__": [0.0, 0.005, 0.01, 0.015, 0.02, 0.025, 0.03, 0.035, 0.04, 0.045, 0.05, 0.055, 0.06, 0.065, 0.07, 0.075, 0.08, 0.085, 0.09, 0.095, 0.1, 0.105, 0.11, 0.115, 0.12, 0.125, 0.13, 0.135, 0.14, 0.145, 0.15, 0.155, 0.16, 0.165, 0.17, 0.17500000000000002, 0.18, 0.185, 0.19, 0.195, 0.2, 0.20500000000000002, 0.21, 0.215, 0.22, 0.225, 0.23, 0.23500000000000001, 0.24, 0.245, 0.25, 0.255, 0.26, 0.265, 0.27, 0.275, 0.28, 0.28500000000000003, 0.29, 0.295, 0.3, 0.305, 0.31, 0.315, 0.32, 0.325, 0.33, 0.335, 0.34, 0.34500000000000003, 0.35000000000000003, 0.355, 0.36, 0.365, 0.37, 0.375, 0.38, 0.385, 0.39, 0.395, 0.4, 0.405, 0.41000000000000003, 0.41500000000000004, 0.42, 0.425, 0.43, 0.435, 0.44, 0.445, 0.45, 0.455, 0.46, 0.465, 0.47000000000000003, 0.47500000000000003, 0.48, 0.485, 0.49, 0.495, 0.5, 0.505, 0.51, 0.515, 0.52, 0.525, 0.53, 0.535, 0.54, 0.545, 0.55, 0.555, 0.56, 0.5650000000000001, 0.5700000000000001, 0.5750000000000001, 0.58, 0.585, 0.59, 0.595, 0.6, 0.605, 0.61, 0.615, 0.62, 0.625, 0.63, 0.635]}, "poles": {"__dtype__": [["k", "<f8"], ["power_2", "<c8"], ["modes", "<i8"]], "__shape__": [127], "__data__": [[0.0037537781648676505, {"__complex__": [37799.68359375, -6.803492665075073e-12]}, 77], [0.008050398333474014, {"__complex__": [-8091.96337890625, 6.904193471275744e-13]}, 548], [0.012848609532355457, {"__complex__": [-999.6544799804688, -1.5338505205547692e-12]}, 1480], [0.017751579213119567, {"__complex__": [-13513.154296875, -8.106916423973945e-14]}, 2872], [0.022691827324042853, {"__complex__": [24609.05078125, -1.9664750784773727e-13]}, 4736], [0.027648005536595924, {"__complex__": [18000.14453125, 2.926515095796195e-13]}, 7036], [0.032612636555868525, {"__complex__": [17779.724609375, 1.8933169105856545e-13]}, 9838], [0.03761114292794433, {"__complex__": [8129.1767578125, -1.4102400616635563e-13]}, 13208], [0.04261303922036164, {"__complex__": [20684.47265625, -7.250924578643125e-14]}, 16858], [0.04760505554480107, {"__complex__": [8321.2626953125, 1.1045096857519726e-13]}, 21080], [0.05259133615803475, {"__complex__": [1430.651611328125, 4.5432143561553034e-14]}, 25624], [0.05756841184374016, {"__complex__": [2587.142578125, 3.7885747463479655e-14]}, 30728], [0.06256248327880025, {"__complex__": [1486.8414306640625, 6.538752829118866e-14]}, 36498], [0.06756661487904435, {"__complex__": [4055.623046875, 5.474761201568028e-14]}, 42528], [0.07257304507008182, {"__complex__": [3077.065673828125, -1.4210854715202004e-14]}, 49152], [0.07756473030387098, {"__complex__": [2577.685302734375, 7.100532862418588e-14]}, 55744], [0.08254764044823601, {"__complex__": [2519.576171875, 2.9404304918668675e-14]}, 63346], [0.08754405971893497, {"__complex__": [-920.3890380859375, -3.913777735600234e-14]}, 71388], [0.09254365223263855, {"__complex__": [2033.40576171875, 4.086694090771337e-14]}, 79762], [0.09754150838846357, {"__complex__": [910.6673583984375, 0.0]}, 88564], [0.10254123052801507, {"__complex__": [2440.1328125, -3.326559270015392e-14]}, 97988], [0.10754181638082774, {"__complex__": [1312.6163330078125, -2.431894272005193e-15]}, 107708], [0.11254085353408888, {"__complex__": [-1717.8272705078125, 1.184366444300462e-14]}, 117952], [0.11753281793039293, {"__complex__": [780.1184692382812, 9.07452908524781e-15]}, 128288], [0.12252442444514552, {"__complex__": [3269.087646484375, -1.9989752244437518e-14]}, 139770], [0.12753052839909865, {"__complex__": [2742.5703125, 2.681568668153186e-15]}, 151946], [0.13253665927256145, {"__complex__": [-378.2349853515625, -2.846653483748918e-15]}, 163582], [0.13753197887556465, {"__complex__": [-2093.46337890625, -5.7896671296433794e-15]}, 175940], [0.1425260716253757, {"__complex__": [1630.9781494140625, 4.9259645739871145e-15]}, 189064], [0.14752506711896965, {"__complex__": [-1246.0992431640625, 1.3775330702514577e-14]}, 202824], [0.1525272624752809, {"__complex__": [2883.53564453125, -1.503477382739163e-14]}, 216806], [0.15752484634575162, {"__complex__": [-2138.108642578125, -5.042331230830331e-15]}, 230876], [0.16252366735405163, {"__complex__": [2184.908935546875, 7.564593753912191e-15]}, 246232], [0.1675242007800524, {"__complex__": [-684.1531372070312, 1.7818898703699524e-15]}, 261330], [0.17252326579974073, {"__complex__": [979.7335205078125, -2.0152680725907778e-14]}, 277280], [0.17752110470595878, {"__complex__": [-1158.4267578125, -9.52532256087539e-15]}, 293320], [0.1825207522633753, {"__complex__": [1199.86474609375, -2.623874713016854e-15]}, 310574], [0.18752231962759572, {"__complex__": [-446.0373229980469, -4.975621457003424e-15]}, 327560], [0.19252167162300435, {"__complex__": [125.26236724853516, -7.417823272943755e-15]}, 345268], [0.19752225984779248, {"__complex__": [-423.046630859375, 7.685363711531709e-15]}, 363544], [0.20251992290984697, {"__complex__": [899.5509033203125, 2.4401890538994176e-15]}, 381660], [0.20751551078768798, {"__complex__": [-706.4639892578125, -2.3233461527816072e-15]}, 400854], [0.21251512379553542, {"__complex__": [1148.00732421875, 2.76514392675111e-15]}, 421010], [0.21751870975885984, {"__complex__": [8.078752517700195, -1.055538365792182e-15]}, 441160], [0.2225209082741387, {"__complex__": [437.5570983886719, 6.0567785460435494e-15]}, 461296], [0.22752039891934017, {"__complex__": [-917.3611450195312, -2.897152741031272e-15]}, 482192], [0.23252118259031918, {"__complex__": [-387.822021484375, 3.234657465787721e-15]}, 503860], [0.23751936566507853, {"__complex__": [841.7083740234375, 8.869333342072206e-16]}, 525024], [0.24251707186595864, {"__complex__": [1104.486572265625, 2.1245455083577732e-16]}, 547954], [0.24751627666670906, {"__complex__": [1807.916748046875, -8.56979231637434e-15]}, 570544], [0.2525167544702008, {"__complex__": [1157.5631103515625, -3.9172415074314407e-16]}, 594374], [0.25751857595461863, {"__complex__": [807.822998046875, -6.782572702942026e-15]}, 617900], [0.2625190906945416, {"__complex__": [71.74223327636719, 5.80167509222013e-15]}, 642106], [0.2675172479110602, {"__complex__": [-165.3724822998047, -7.95196140244937e-15]}, 666112], [0.272514629608296, {"__complex__": [1485.7293701171875, 6.058161750846416e-15]}, 691786], [0.27751615229387816, {"__complex__": [201.1160430908203, -7.782683562006492e-15]}, 717996], [0.28251644607381426, {"__complex__": [-942.5015869140625, 0.0]}, 743152], [0.2875152531419474, {"__complex__": [847.4112548828125, 0.0]}, 770192], [0.2925134012698469, {"__complex__": [825.4548950195312, -1.1109029379719176e-14]}, 796430], [0.2975118362281548, {"__complex__": [111.25196838378906, 1.1291222355025313e-15]}, 824820], [0.3025125080826814, {"__complex__": [-422.75146484375, 5.188809908948438e-15]}, 852562], [0.30751063191170563, {"__complex__": [527.098876953125, 3.70255888936747e-15]}, 880372], [0.3125111278203564, {"__complex__": [-174.8368682861328, 6.136192120013376e-15]}, 910652], [0.31751269361539736, {"__complex__": [161.90052795410156, 2.4795701037765526e-16]}, 938996], [0.3225130904459611, {"__complex__": [1034.15869140625, -1.4411523384911889e-15]}, 969352], [0.32751158760760724, {"__complex__": [75.1385498046875, 3.3816443636741807e-15]}, 998344], [0.3325089848249692, {"__complex__": [-139.16708374023438, -2.712795384786663e-15]}, 1029922], [0.33751027924368393, {"__complex__": [90.23566436767578, 3.0695675679943057e-15]}, 1061918], [0.34251253316973607, {"__complex__": [1010.8005981445312, -5.111203479771578e-15]}, 1093272], [0.34751415893089227, {"__complex__": [441.0198669433594, -4.96500601659196e-15]}, 1125464], [0.352514235068077, {"__complex__": [287.7599792480469, -6.035113454956034e-16]}, 1157380], [0.357512374484406, {"__complex__": [664.6810913085938, 0.0]}, 1190172], [0.3625118834929162, {"__complex__": [378.37799072265625, -2.2814417388150425e-15]}, 1224650], [0.3675116774700016, {"__complex__": [-191.7033233642578, -8.329500715941319e-16]}, 1257864], [0.3725098709245497, {"__complex__": [-1105.5535888671875, 2.882655560380778e-15]},