{"edges": {"__dtype__": "<f8", "__shape__": [128], "__data__": [0.0, 0.005, 0.01, 0.015, 0.02, 0.025, 0.03, 0.035, 0.04, 0.045, 0.05, 0.055, 0.06, 0.065, 0.07, 0.075, 0.08, 0.085, 0.09, 0.095, 0.1, 0.105, 0.11, 0.115, 0.12, 0.125, 0.13, 0.135, 0.14, 0.145, 0.15, 0.155, 0.16, 0.165, 0.17, 0.17500000000000002, 0.18, 0.185, 0.19, 0.195, 0.2, 0.20500000000000002, 0.21, 0.215, 0.22, 0.225, 0.23, 0.23500000000000001, 0.24, 0.245, 0.25, 0.255, 0.26, 0.265, 0.27, 0.275, 0.28, 0.28500000000000003, 0.29, 0.295, 0.3, 0.305, 0.31, 0.315, 0.32, 0.325, 0.33, 0.335, 0.34, 0.34500000000000003, 0.35000000000000003, 0.355, 0.36, 0.365, 0.37, 0.375, 0.38, 0.385, 0.39, 0.395, 0.4, 0.405, 0.41000000000000003, 0.41500000000000004, 0.42, 0.425, 0.43, 0.435, 0.44, 0.445, 0.45, 0.455, 0.46, 0.465, 0.47000000000000003, 0.47500000000000003, 0.48, 0.485, 0.49, 0.495, 0.5, 0.505, 0.51, 0.515, 0.52, 0.525, 0.53, 0.535, 0.54, 0.545, 0.55, 0.555, 0.56, 0.5650000000000001, 0.5700000000000001, 0.5750000000000001, 0.58, 0.585, 0.59, 0.595, 0.6, 0.605, 0.61, 0.615, 0.62, 0.625, 0.63, 0.635]}, "poles": {"__dtype__": [["k", "<f8"], ["power_2", "<c8"], ["modes", "<i8"]], "__shape__": [127], "__data__": [[0.0037537781648676505, {"__complex__": [-45264.796875, 3.7797182376141103e-13]}, 77], [0.008050398333474014, {"__complex__": [-8435.888671875, 1.0621835442453653e-12]}, 548], [0.012848609532355457, {"__complex__": [1786.591552734375, 3.1463601255637963e-13]}, 1480], [0.017751579213119567, {"__complex__": [-7177.42431640625, 1.2160374974774096e-13]}, 2872], [0.022691827324042853, {"__complex__": [23157.7734375, 2.4580936786901264e-13]}, 4736], [0.027648005536595924, {"__complex__": [3167.5859375, -1.654566783061695e-13]}, 7036], [0.032612636555868525, {"__complex__": [5985.3662109375, 1.1833230691160341e-14]}, 9838], [0.03761114292794433, {"__complex__": [13762.7021484375, -1.7628000770794454e-14]}, 13208], [0.04261303922036164, {"__complex__": [16167.6767578125, 0.0]}, 16858], [0.04760505554480107, {"__complex__": [6082.31494140625, 0.0]}, 21080], [0.05259133615803475, {"__complex__": [3971.6572265625, -1.8172856408181677e-14]}, 25624], [0.05756841184374016, {"__complex__": [5558.7919921875, -7.577149323289342e-15]}, 30728], [0.06256248327880025, {"__complex__": [8232.826171875, -5.103416875294059e-14]}, 36498], [0.06756661487904435, {"__complex__": [9433.474609375, 0.0]}, 42528], [0.07257304507008182, {"__complex__": [3565.996337890625, 9.473903425812318e-15]}, 49152], [0.07756473030387098, {"__complex__": [2896.7216796875, 3.811315209289491e-14]}, 55744], [0.08254764044823601, {"__complex__": [9144.087890625, -4.594422749421099e-15]}, 63346], [0.08754405971893497, {"__complex__": [5166.91162109375, -2.6091852135356856e-14]}, 71388], [0.09254365223263855, {"__complex__": [3401.378662109375, 8.757201744086143e-15]}, 79762], [0.09754150838846357, {"__complex__": [1941.66357421875, 2.6289535225685907e-15]}, 88564], [0.10254123052801507, {"__complex__": [3415.6923828125, 5.346255969667594e-15]}, 97988], [0.10754181638082774, {"__complex__": [1839.9237060546875, 6.485051533186006e-15]}, 107708], [0.11254085353408888, {"__complex__": [2831.146728515625, -1.7765496240990455e-14]}, 117952], [0.11753281793039293, {"__complex__": [1850.004638671875, -2.1778870482221102e-14]}, 128288], [0.12252442444514552, {"__complex__": [2954.983642578125, 8.329063435182299e-16]}, 139770], [0.12753052839909865, {"__complex__": [1489.53662109375, -1.1300896741832378e-14]}, 151946], [0.13253665927256145, {"__complex__": [2237.4248046875, 1.423326741874459e-15]}, 163582], [0.13753197887556465, {"__complex__": [497.7566223144531, 3.308381307692604e-15]}, 175940], [0.1425260716253757, {"__complex__": [-1422.2423095703125, -9.851929147974229e-15]}, 189064], [0.14752506711896965, {"__complex__": [-591.2698364257812, -7.461637746206378e-15]}, 202824], [0.1525272624752809, {"__complex__": [2019.1949462890625, 4.295649241452563e-15]}, 216806], [0.15752484634575162, {"__complex__": [1691.5452880859375, 8.067729630515351e-15]}, 230876], [0.16252366735405163, {"__complex__": [1055.7891845703125, -9.455742192390239e-16]}, 246232], [0.1675242007800524, {"__complex__": [1213.8192138671875, 5.345669822868094e-15]}, 261330], [0.17252326579974073, {"__complex__": [-484.35394287109375, -9.236645262121652e-15]}, 277280], [0.17752110470595878, {"__complex__": [-617.1094360351562, 1.5478649584938983e-14]}, 293320], [0.1825207522633753, {"__complex__": [651.3640747070312, -2.998713897231194e-15]}, 310574], [0.18752231962759572, {"__complex__": [940.9849243164062, -7.108030289847914e-15]}, 327560], [0.19252167162300435, {"__complex__": [1871.4404296875, 3.371737889839568e-15]}, 345268], [0.19752225984779248, {"__complex__": [481.69317626953125, -1.4730279035380864e-14]}, 363544], [0.20251992290984697, {"__complex__": [2058.06201171875, -3.660283474970008e-15]}, 381660], [0.20751551078768798, {"__complex__": [1612.1163330078125, 3.3398100416840012e-15]}, 400854], [0.21251512379553542, {"__complex__": [-48.356849670410156, -2.76514392675111e-15]}, 421010], [0.21751870975885984, {"__complex__": [-758.7660522460938, -5.805460905977883e-15]}, 441160], [0.2225209082741387, {"__complex__": [1068.8658447265625, -3.533120747939325e-15]}, 461296], [0.22752039891934017, {"__complex__": [422.15655517578125, 3.862870462547187e-15]}, 482192], [0.23252118259031918, {"__complex__": [-544.103515625, -9.241878019911553e-16]}, 503860], [0.23751936566507853, {"__complex__": [620.959716796875, 0.0]}, 525024], [0.24251707186595864, {"__complex__": [436.083984375, 1.025093248810784e-14]}, 547954], [0.24751627666670906, {"__complex__": [-364.8634338378906, 4.080853544490134e-15]}, 570544], [0.2525167544702008, {"__complex__": [-207.9033660888672, 1.1751724522294322e-15]}, 594374], [0.25751857595461863, {"__complex__": [567.979736328125, -3.7680959460789035e-16]}, 617900], [0.2625190906945416, {"__complex__": [93.73506927490234, 6.889489013192727e-15]}, 642106], [0.2675172479110602, {"__complex__": [77.02111053466797, 2.7962941986610975e-15]}, 666112], [0.272514629608296, {"__complex__": [752.3603515625, 4.038774641736435e-15]}, 691786], [0.27751615229387816, {"__complex__": [-169.9480438232422, 1.621392373458313e-15]}, 717996], [0.28251644607381426, {"__complex__": [272.92431640625, 5.63942720172299e-15]}, 743152], [0.2875152531419474, {"__complex__": [-155.9869842529297, -3.627624849139198e-15]}, 770192], [0.2925134012698469, {"__complex__": [-525.23291015625, 6.431543614875005e-15]}, 796430], [0.2975118362281548, {"__complex__": [-89.41226959228516, -4.3753486890420884e-15]}, 824820], [0.3025125080826814, {"__complex__": [-112.0289306640625, -5.461905083725368e-16]}, 852562], [0.30751063191170563, {"__complex__": [-55.82551574707031, 5.289369766325587e-16]}, 880372], [0.3125111278203564, {"__complex__": [-872.1829223632812, -1.534048030003344e-15]}, 910652], [0.31751269361539736, {"__complex__": [-455.6337585449219, 4.959140207553105e-16]}, 938996], [0.3225130904459611, {"__complex__": [-735.2279663085938, 3.3626886133475767e-15]}, 969352], [0.32751158760760724, {"__complex__": [-813.897216796875, -2.56538539394305e-15]}, 998344], [0.3325089848249692, {"__complex__": [-427.8265380859375, -2.4867290674280684e-15]}, 1029922], [0.33751027924368393, {"__complex__": [-771.4169311523438, 2.631057975926044e-15]}, 1061918], [0.34251253316973607, {"__complex__": [56.23323059082031, 4.259336144910383e-16]}, 1093272], [0.34751415893089227, {"__complex__": [-249.0607452392578, -2.8962534037995247e-15]}, 1125464], [0.352514235068077, {"__complex__": [-15.639056205749512, 8.046817763476182e-16]}, 1157380], [0.357512374484406, {"__complex__": [146.91256713867188, -7.433853371470543e-15]}, 1190172], [0.3625118834929162, {"__complex__": [239.77589416503906, -3.232042675079547e-15]}, 1224650], [0.3675116774700016, {"__complex__": [-240.4264373779297, 4.4424002406632124e-15]}, 1257864], [0.3725098709245497, {"__complex__": [-356.99505615234375, 1.0809958351427917e-15]}, 