{"edges": {"__dtype__": "<f8", "__shape__": [128], "__data__": [0.0, 0.005, 0.01, 0.015, 0.02, 0.025, 0.03, 0.035, 0.04, 0.045, 0.05, 0.055, 0.06, 0.065, 0.07, 0.075, 0.08, 0.085, 0.09, 0.095, 0.1, 0.105, 0.11, 0.115, 0.12, 0.125, 0.13, 0.135, 0.14, 0.145, 0.15, 0.155, 0.16, 0.165, 0.17, 0.17500000000000002, 0.18, 0.185, 0.19, 0.195, 0.2, 0.20500000000000002, 0.21, 0.215, 0.22, 0.225, 0.23, 0.23500000000000001, 0.24, 0.245, 0.25, 0.255, 0.26, 0.265, 0.27, 0.275, 0.28, 0.28500000000000003, 0.29, 0.295, 0.3, 0.305, 0.31, 0.315, 0.32, 0.325, 0.33, 0.335, 0.34, 0.34500000000000003, 0.35000000000000003, 0.355, 0.36, 0.365, 0.37, 0.375, 0.38, 0.385, 0.39, 0.395, 0.4, 0.405, 0.41000000000000003, 0.41500000000000004, 0.42, 0.425, 0.43, 0.435, 0.44, 0.445, 0.45, 0.455, 0.46, 0.465, 0.47000000000000003, 0.47500000000000003, 0.48, 0.485, 0.49, 0.495, 0.5, 0.505, 0.51, 0.515, 0.52, 0.525, 0.53, 0.535, 0.54, 0.545, 0.55, 0.555, 0.56, 0.5650000000000001, 0.5700000000000001, 0.5750000000000001, 0.58, 0.585, 0.59, 0.595, 0.6, 0.605, 0.61, 0.615, 0.62, 0.625, 0.63, 0.635]}, "poles": {"__dtype__": [["k", "<f8"], ["power_2", "<c8"], ["modes", "<i8"]], "__shape__": [127], "__data__": [[0.0037537781648676505, {"__complex__": [-22258.345703125, -6.0475491801825765e-12]}, 77], [0.008050398333474014, {"__complex__": [544.8272094726562, 1.5932754247882652e-12]}, 548], [0.012848609532355457, {"__complex__": [49628.1875, 1.5731800627818981e-13]}, 1480], [0.017751579213119567, {"__complex__": [43786.48828125, 8.106916423973945e-14]}, 2872], [0.022691827324042853, {"__complex__": [28899.234375, 5.407806364168821e-13]}, 4736], [0.027648005536595924, {"__complex__": [34415.19140625, -8.272833915308475e-14]}, 7036], [0.032612636555868525, {"__complex__": [9010.1787109375, -2.2483138397907942e-13]}, 9838], [0.03761114292794433, {"__complex__": [10929.814453125, 0.0]}, 13208], [0.04261303922036164, {"__complex__": [6580.72998046875, -1.644406182402247e-13]}, 16858], [0.04760505554480107, {"__complex__": [1948.594482421875, 2.209019405385263e-14]}, 21080], [0.05259133615803475, {"__complex__": [7631.49462890625, -9.086428204090839e-15]}, 25624], [0.05756841184374016, {"__complex__": [8733.134765625, 0.0]}, 30728], [0.06256248327880025, {"__complex__": [8336.9873046875, -5.103416875294059e-14]}, 36498], [0.06756661487904435, {"__complex__": [9614.7353515625, -4.9272851830551787e-14]}, 42528], [0.07257304507008182, {"__complex__": [7130.55712890625, 4.736951458796275e-14]}, 49152], [0.07756473030387098, {"__complex__": [2718.01611328125, -3.9679448149507884e-14]}, 55744], [0.08254764044823601, {"__complex__": [7981.8466796875, 0.0]}, 63346], [0.08754405971893497, {"__complex__": [2050.656494140625, 1.956888867800117e-14]}, 71388], [0.09254365223263855, {"__complex__": [2612.420654296875, 2.3352537419541082e-14]}, 79762], [0.09754150838846357, {"__complex__": [2034.238037109375, 1.577372198244449e-14]}, 88564], [0.10254123052801507, {"__complex__": [1249.6771240234375, -1.1880568821483542e-14]}, 97988], [0.10754181638082774, {"__complex__": [2564.609130859375, 1.9455154176041545e-14]}, 107708], [0.11254085353408888, {"__complex__": [2811.426513671875, 1.5791552025984194e-14]}, 117952], [0.11753281793039293, {"__complex__": [-484.3609619140625, -9.07452908524781e-15]}, 128288], [0.12252442444514552, {"__complex__": [-947.0906982421875, 1.1660689232771693e-14]}, 139770], [0.12753052839909865, {"__complex__": [605.6095581054688, 2.4517199251686272e-14]}, 151946], [0.13253665927256145, {"__complex__": [-260.35150146484375, -1.1386613934995671e-14]}, 163582], [0.13753197887556465, {"__complex__": [1389.366943359375, -3.043710913191479e-14]}, 175940], [0.1425260716253757, {"__complex__": [798.0, -8.004692591547739e-15]}, 189064], [0.14752506711896965, {"__complex__": [419.77996826171875, -9.1835540840207e-15]}, 202824], [0.1525272624752809, {"__complex__": [-196.1181182861328, 8.591298482905126e-15]}, 216806], [0.15752484634575162, {"__complex__": [-1194.4443359375, -2.0169324076288377e-15]}, 230876], [0.16252366735405163, {"__complex__": [2353.60791015625, -1.1346891477901234e-14]}, 246232], [0.1675242007800524, {"__complex__": [2025.0068359375, -1.5814272837761344e-14]}, 261330], [0.17252326579974073, {"__complex__": [348.0987243652344, 6.717560383141417e-15]}, 277280], [0.17752110470595878, {"__complex__": [1549.99951171875, -1.5875538730836247e-14]}, 293320], [0.1825207522633753, {"__complex__": [306.3627014160156, -4.498071057605028e-15]}, 310574], [0.18752231962759572, {"__complex__": [-262.96539306640625, 5.686424401284921e-15]}, 327560], [0.19252167162300435, {"__complex__": [554.322021484375, -2.697390396574949e-15]}, 345268], [0.19752225984779248, {"__complex__": [1546.41943359375, -2.561787833257824e-15]}, 363544], [0.20251992290984697, {"__complex__": [1511.633544921875, 9.15070868742502e-16]}, 381660], [0.20751551078768798, {"__complex__": [912.1753540039062, -6.6796200833680024e-15]}, 400854], [0.21251512379553542, {"__complex__": [2460.823974609375, 4.977258771690467e-15]}, 421010], [0.21751870975885984, {"__complex__": [966.4497680664062, 2.111076731584364e-15]}, 441160], [0.2225209082741387, {"__complex__": [926.094482421875, -8.07570444571375e-15]}, 461296], [0.22752039891934017, {"__complex__": [-738.0363159179688, 6.760022991820222e-15]}, 482192], [0.23252118259031918, {"__complex__": [912.6509399414062, -3.696751207964621e-15]}, 503860], [0.23751936566507853, {"__complex__": [-535.8504028320312, 3.5477333368288825e-15]}, 525024], [0.24251707186595864, {"__complex__": [200.5813446044922, 6.798545626744874e-15]}, 547954], [0.24751627666670906, {"__complex__": [1450.2340087890625, 8.161706665463795e-16]}, 570544], [0.2525167544702008, {"__complex__": [-45.73573684692383, 1.5668966029725763e-15]}, 594374], [0.25751857595461863, {"__complex__": [114.25163269042969, 4.521715135294684e-15]}, 617900], [0.2625190906945416, {"__complex__": [-131.87364196777344, -3.626046826758463e-15]}, 642106], [0.2675172479110602, {"__complex__": [-239.50318908691406, 5.592588397322195e-15]}, 666112], [0.272514629608296, {"__complex__": [-485.5143127441406, -1.3462581574432819e-14]}, 691786], [0.27751615229387816, {"__complex__": [855.3318481445312, -3.080645488394971e-15]}, 717996], [0.28251644607381426, {"__complex__": [1608.1710205078125, 3.1330149944248627e-15]}, 743152], [0.2875152531419474, {"__complex__": [999.7631225585938, 7.255249698278395e-15]}, 770192], [0.2925134012698469, {"__complex__": [-667.7721557617188, -4.6774861883606446e-15]}, 796430], [0.2975118362281548, {"__complex__": [-105.99024200439453, -3.387366706507594e-15]}, 824820], [0.3025125080826814, {"__complex__": [56.18688201904297, 2.730952541862684e-16]}, 852562], [0.30751063191170563, {"__complex__": [-55.909576416015625, 2.6446848302232344e-15]}, 880372], [0.3125111278203564, {"__complex__": [-175.72080993652344, 4.090794746675584e-15]}, 910652], [0.31751269361539736, {"__complex__": [224.9627227783203, -3.967312166042484e-15]}, 938996], [0.3225130904459611, {"__complex__": [-773.4357299804688, 9.607681903677531e-16]}, 969352], [0.32751158760760724, {"__complex__": [-247.44781494140625, -5.1307707878861e-15]}, 998344], [0.3325089848249692, {"__complex__": [210.7641143798828, 9.042651635552605e-16]}, 1029922], [0.33751027924368393, {"__complex__": [-378.4309387207031, -3.5080771600625674e-15]}, 1061918], [0.34251253316973607, {"__complex__": [-665.9081420898438, -2.555601739885789e-15]}, 1093272], [0.34751415893089227, {"__complex__": [-422.9079284667969, 4.215083279157997e-15]}, 1125464], [0.352514235068077, {"__complex__": [227.27679443359375, -9.253840030950915e-15]}, 1157380], [0.357512374484406, {"__complex__": [-274.4728698730469, 2.543160519956518e-15]}, 1190172], [0.3625118834929162, {"__complex__": [68.55828857421875, 6.844325639961601e-15]}, 1224650], [0.3675116774700016, {"__complex__": [-406.2856750488281, -4.072200255900984e-15]}, 1257864], [0.3725098709245497, {"__complex__": [-186.28741455078125, 