{"edges": {"__dtype__": "<f8", "__shape__": [128], "__data__": [0.0, 0.005, 0.01, 0.015, 0.02, 0.025, 0.03, 0.035, 0.04, 0.045, 0.05, 0.055, 0.06, 0.065, 0.07, 0.075, 0.08, 0.085, 0.09, 0.095, 0.1, 0.105, 0.11, 0.115, 0.12, 0.125, 0.13, 0.135, 0.14, 0.145, 0.15, 0.155, 0.16, 0.165, 0.17, 0.17500000000000002, 0.18, 0.185, 0.19, 0.195, 0.2, 0.20500000000000002, 0.21, 0.215, 0.22, 0.225, 0.23, 0.23500000000000001, 0.24, 0.245, 0.25, 0.255, 0.26, 0.265, 0.27, 0.275, 0.28, 0.28500000000000003, 0.29, 0.295, 0.3, 0.305, 0.31, 0.315, 0.32, 0.325, 0.33, 0.335, 0.34, 0.34500000000000003, 0.35000000000000003, 0.355, 0.36, 0.365, 0.37, 0.375, 0.38, 0.385, 0.39, 0.395, 0.4, 0.405, 0.41000000000000003, 0.41500000000000004, 0.42, 0.425, 0.43, 0.435, 0.44, 0.445, 0.45, 0.455, 0.46, 0.465, 0.47000000000000003, 0.47500000000000003, 0.48, 0.485, 0.49, 0.495, 0.5, 0.505, 0.51, 0.515, 0.52, 0.525, 0.53, 0.535, 0.54, 0.545, 0.55, 0.555, 0.56, 0.5650000000000001, 0.5700000000000001, 0.5750000000000001, 0.58, 0.585, 0.59, 0.595, 0.6, 0.605, 0.61, 0.615, 0.62, 0.625, 0.63, 0.635]}, "poles": {"__dtype__": [["k", "<f8"], ["power_2", "<c8"], ["modes", "<i8"]], "__shape__": [127], "__data__": [[0.0037537781648676505, {"__complex__": [33706.62109375, 1.8898591459121095e-12]}, 77], [0.008050398333474014, {"__complex__": [-9173.1044921875, 1.4339479039934822e-12]}, 548], [0.012848609532355457, {"__complex__": [19183.9375, 8.652490074249897e-13]}, 1480], [0.017751579213119567, {"__complex__": [27585.2109375, -8.106916423973945e-14]}, 2872], [0.022691827324042853, {"__complex__": [24142.744140625, -7.374281036070379e-14]}, 4736], [0.027648005536595924, {"__complex__": [5198.86865234375, -3.30913356612339e-13]}, 7036], [0.032612636555868525, {"__complex__": [6321.640625, 1.4199877168205588e-13]}, 9838], [0.03761114292794433, {"__complex__": [11762.9296875, -5.2884004006449256e-14]}, 13208], [0.04261303922036164, {"__complex__": [14523.859375, 0.0]}, 16858], [0.04760505554480107, {"__complex__": [8564.533203125, -6.488994725665359e-14]}, 21080], [0.05259133615803475, {"__complex__": [6165.48974609375, -2.7259285459305463e-14]}, 25624], [0.05756841184374016, {"__complex__": [2438.234619140625, 1.8942873731739827e-14]}, 30728], [0.06256248327880025, {"__complex__": [4345.98876953125, -6.379271432930753e-14]}, 36498], [0.06756661487904435, {"__complex__": [1987.9002685546875, -2.737380516080719e-15]}, 42528], [0.07257304507008182, {"__complex__": [4542.29150390625, 3.552713678800501e-14]}, 49152], [0.07756473030387098, {"__complex__": [5183.263671875, 1.4618743430952312e-14]}, 55744], [0.08254764044823601, {"__complex__": [2681.44775390625, -2.2053229536034454e-14]}, 63346], [0.08754405971893497, {"__complex__": [2606.9716796875, -8.153703792299018e-16]}, 71388], [0.09254365223263855, {"__complex__": [2986.912353515625, 1.7514403488172285e-14]}, 79762], [0.09754150838846357, {"__complex__": [5383.86865234375, -2.793263091259348e-14]}, 88564], [0.10254123052801507, {"__complex__": [430.24432373046875, -4.752227528593417e-15]}, 97988], [0.10754181638082774, {"__complex__": [1026.64453125, -4.107199403171648e-14]}, 107708], [0.11254085353408888, {"__complex__": [2363.68310546875, 2.7635215621955866e-14]}, 117952], [0.11753281793039293, {"__complex__": [769.2655639648438, 9.07452908524781e-15]}, 128288], [0.12252442444514552, {"__complex__": [2340.717041015625, -1.5825221585637553e-14]}, 139770], [0.12753052839909865, {"__complex__": [3918.429443359375, -4.596974859691176e-15]}, 151946], [0.13253665927256145, {"__complex__": [2324.25830078125, 2.2773227869991343e-14]}, 163582], [0.13753197887556465, {"__complex__": [841.832763671875, 1.588022959929814e-14]}, 175940], [0.1425260716253757, {"__complex__": [1441.2427978515625, -2.0935349333566118e-14]}, 189064], [0.14752506711896965, {"__complex__": [-786.5244140625, 1.721916337814322e-15]}, 202824], [0.1525272624752809, {"__complex__": [-3423.221435546875, -1.933042179829477e-14]}, 216806], [0.15752484634575162, {"__complex__": [-1454.920654296875, 1.2101594445773026e-14]}, 230876], [0.16252366735405163, {"__complex__": [455.1648864746094, 1.3356236587905041e-14]}, 246232], [0.1675242007800524, {"__complex__": [1555.2191162109375, 8.909449351849762e-16]}, 261330], [0.17252326579974073, {"__complex__": [499.7179260253906, -2.0152680725907778e-14]}, 277280], [0.17752110470595878, {"__complex__": [1230.659912109375, 3.1751076614639547e-15]}, 293320], [0.1825207522633753, {"__complex__": [1014.2960815429688, 4.123231449874214e-15]}, 310574], [0.18752231962759572, {"__complex__": [-397.1091613769531, -3.9094166170647055e-15]}, 327560], [0.19252167162300435, {"__complex__": [414.0734558105469, 7.754997443092538e-15]}, 345268], [0.19752225984779248, {"__complex__": [636.4691772460938, 2.4817319965557416e-15]}, 363544], [0.20251992290984697, {"__complex__": [469.919921875, 3.660283474970008e-15]}, 381660], [0.20751551078768798, {"__complex__": [-122.01201629638672, 5.808365381954018e-15]}, 400854], [0.21251512379553542, {"__complex__": [1929.79150390625, 6.63634517009278e-15]}, 421010], [0.21751870975885984, {"__complex__": [107.09988403320312, 6.333229771236619e-15]}, 441160], [0.2225209082741387, {"__complex__": [-1299.388427734375, 1.0094630557142188e-15]}, 461296], [0.22752039891934017, {"__complex__": [1214.9468994140625, -3.862870462547187e-15]}, 482192], [0.23252118259031918, {"__complex__": [923.09375, 6.931408779631461e-16]}, 503860], [0.23751936566507853, {"__complex__": [-133.778564453125, 2.660800055561221e-15]}, 525024], [0.24251707186595864, {"__complex__": [-435.9287109375, -1.274727305014664e-15]}, 547954], [0.24751627666670906, {"__complex__": [54.454345703125, 7.396546652341674e-15]}, 570544], [0.2525167544702008, {"__complex__": [326.0872802734375, 1.9586207537157204e-16]}, 594374], [0.25751857595461863, {"__complex__": [-843.3403930664062, 2.7789706808238526e-15]}, 617900], [0.2625190906945416, {"__complex__": [-1833.402099609375, 0.0]}, 642106], [0.2675172479110602, {"__complex__": [-446.4476623535156, 0.0]}, 666112], [0.272514629608296, {"__complex__": [-286.22796630859375, -6.731290893095528e-16]}, 691786], [0.27751615229387816, {"__complex__": [-949.1111450195312, 5.026316378896594e-15]}, 717996], [0.28251644607381426, {"__complex__": [196.389892578125, -2.50641199553989e-15]}, 743152], [0.2875152531419474, {"__complex__": [17.712207794189453, -3.627624849139198e-15]}, 770192], [0.2925134012698469, {"__complex__": [-27.110042572021484, -4.6774861883606446e-15]}, 796430], [0.2975118362281548, {"__complex__": [-1300.3892822265625, -2.2582444710050626e-15]}, 824820], [0.3025125080826814, {"__complex__": [-47.5644645690918, 6.008095750916582e-15]}, 852562], [0.30751063191170563, {"__complex__": [-267.8911437988281, -1.652928045359301e-15]}, 880372], [0.3125111278203564, {"__complex__": [-1168.573974609375, -5.11349343334448e-16]}, 910652], [0.31751269361539736, {"__complex__": [-29.584625244140625, -9.91828041510621e-16]}, 938996], [0.3225130904459611, {"__complex__": [-543.8900146484375, -2.64211260292066e-15]}, 969352], [0.32751158760760724, {"__complex__": [-505.0395812988281, -1.6325179394622615e-15]}, 998344], [0.3325089848249692, {"__complex__": [-268.3674011230469, -3.920837162292535e-15]}, 1029922], [0.33751027924368393, {"__complex__": [613.7030029296875, 1.644411129074659e-15]}, 1061918], [0.34251253316973607, {"__complex__": [312.84893798828125, -5.32417011496353e-16]}, 1093272], [0.34751415893089227, {"__complex__": [-170.219970703125, 4.137505013826633e-16]}, 1125464], [0.352514235068077, {"__complex__": [-309.0332946777344, 3.2187271053904726e-15]}, 1157380], [0.357512374484406, {"__complex__": [378.3735656738281, -7.825109007114737e-16]}, 1190172], [0.3625118834929162, {"__complex__": [58.36997604370117, -3.0419225301782935e-15]}, 1224650], [0.3675116774700016, {"__complex__": [-671.1976318359375, -1.1106000601658031e-15]}, 1257864], [0.3725098709245497, {"__complex__": [-421.1875305175781, 0.0]}, 1292312], 