{"poles": {"dims": ["k"], "edges": [{"__dtype__": "<f8", "__shape__": [86], "__data__": [0.0, 0.005, 0.01, 0.015, 0.02, 0.025, 0.03, 0.035, 0.04, 0.045, 0.05, 0.055, 0.06, 0.065, 0.07, 0.075, 0.08, 0.085, 0.09, 0.095, 0.1, 0.105, 0.11, 0.115, 0.12, 0.125, 0.13, 0.135, 0.14, 0.145, 0.15, 0.155, 0.16, 0.165, 0.17, 0.17500000000000002, 0.18, 0.185, 0.19, 0.195, 0.2, 0.20500000000000002, 0.21, 0.215, 0.22, 0.225, 0.23, 0.23500000000000001, 0.24, 0.245, 0.25, 0.255, 0.26, 0.265, 0.27, 0.275, 0.28, 0.28500000000000003, 0.29, 0.295, 0.3, 0.305, 0.31, 0.315, 0.32, 0.325, 0.33, 0.335, 0.34, 0.34500000000000003, 0.35000000000000003, 0.355, 0.36, 0.365, 0.37, 0.375, 0.38, 0.385, 0.39, 0.395, 0.4, 0.405, 0.41000000000000003, 0.41500000000000004, 0.42, 0.425]}], "coords": [{"__dtype__": "<f8", "__shape__": [85], "__data__": [0.0025, 0.0075, 0.0125, 0.0175, 0.0225, 0.0275, 0.0325, 0.037500000000000006, 0.042499999999999996, 0.0475, 0.052500000000000005, 0.057499999999999996, 0.0625, 0.0675, 0.07250000000000001, 0.0775, 0.0825, 0.0875, 0.0925, 0.0975, 0.10250000000000001, 0.1075, 0.1125, 0.1175, 0.1225, 0.1275, 0.1325, 0.1375, 0.14250000000000002, 0.1475, 0.1525, 0.1575, 0.1625, 0.1675, 0.17250000000000001, 0.1775, 0.1825, 0.1875, 0.1925, 0.1975, 0.2025, 0.20750000000000002, 0.2125, 0.2175, 0.2225, 0.2275, 0.2325, 0.2375, 0.2425, 0.2475, 0.2525, 0.2575, 0.2625, 0.2675, 0.2725, 0.2775, 0.28250000000000003, 0.2875, 0.2925, 0.2975, 0.3025, 0.3075, 0.3125, 0.3175, 0.3225, 0.3275, 0.3325, 0.3375, 0.3425, 0.34750000000000003, 0.35250000000000004, 0.3575, 0.3625, 0.3675, 0.3725, 0.3775, 0.3825, 0.3875, 0.3925, 0.3975, 0.4025, 0.40750000000000003, 0.41250000000000003, 0.4175, 0.4225]}], "data": {"__dtype__": [["k", "<f8"], ["power_2", "<c8"], ["modes", "<i8"]], "__shape__": [85], "__data__": [[0.003785962175218714, {"__complex__": [16080.4677734375, 1.6313805775020063e-12]}, 223], [0.008055650047333739, {"__complex__": [-6882.68994140625, -2.68768893859489e-13]}, 1516], [0.012838659412058445, {"__complex__": [48403.88671875, 5.637545687437254e-14]}, 4130], [0.017758445021159877, {"__complex__": [29028.302734375, -5.778869407741666e-14]}, 8058], [0.022686221993372543, {"__complex__": [-7657.31396484375, 0.0]}, 13118], [0.02764503576190599, {"__complex__": [8852.806640625, -8.238043222846131e-14]}, 19784], [0.032626124011193657, {"__complex__": [21839.423828125, -8.472114170962868e-15]}, 27482], [0.03761517664423396, {"__complex__": [6753.05908203125, 5.062361188340643e-14]}, 36794], [0.042612076216348424, {"__complex__": [8026.21923828125, 0.0]}, 47060], [0.04758810749327745, {"__complex__": [11740.4814453125, 1.3938138905306326e-14]}, 58466], [0.05257639262811682, {"__complex__": [8903.083984375, -6.473451840489832e-15]}, 71934], [0.057576644294676294, {"__complex__": [12404.640625, -1.081725702257617e-14]}, 86096], [0.06257060468948772, {"__complex__": [12400.517578125, -2.147017948898964e-14]}, 101666], [0.06756431050677218, {"__complex__": [3194.271728515625, -7.859660222187068e-15]}, 118494], [0.07255460479533274, {"__complex__": [5321.7685546875, 3.40919004452548e-14]}, 136590], [0.07755203808236072, {"__complex__": [7412.4326171875, 0.0]}, 156536], [0.08254994891496988, {"__complex__": [2588.52587890625, 6.581003425450973e-15]}, 176896], [0.0875465852208996, {"__complex__": [2943.91015625, -2.3353123566340582e-14]}, 199400], [0.09254606261661012, {"__complex__": [-70.7905502319336, -2.092126317565328e-14]}, 222578], [0.09754095165434574, {"__complex__": [1100.1544189453125, -4.711072738785172e-15]}, 247110], [0.10253878096196406, {"__complex__": [2302.2822265625, 5.9586230975663e-15]}, 273522], [0.1075376536617221, {"__complex__": [3224.4326171875, 0.0]}, 300528], [0.11253874421958751, {"__complex__": [2292.02880859375, 8.471035050988066e-15]}, 329826], [0.11753930483919833, {"__complex__": [117.51177978515625, -1.0380207503550738e-14]}, 358884], [0.12253435939470513, {"__complex__": [-588.1128540039062, -1.0740191423936132e-14]}, 390212], [0.1275324928771181, {"__complex__": [537.5067749023438, 4.403332963553476e-15]}, 423008], [0.13253098558293935, {"__complex__": [-1150.219970703125, 2.549903325733136e-15]}, 456548], [0.1375294182229233, {"__complex__": [2356.19677734375, 0.0]}, 491980], [0.14252928720123362, {"__complex__": [2595.183837890625, 1.763000400371471e-15]}, 528260], [0.14752710781464048, {"__complex__": [606.1088256835938, 8.230866905607108e-16]}, 565750], [0.15252590457329984, {"__complex__": [1413.456298828125, 6.1563243991037166e-15]}, 605116], [0.15752627544450365, {"__complex__": [521.936767578125, 0.0]}, 645434], [0.1625268432433497, {"__complex__": [-728.5116577148438, -2.7102087579239853e-15]}, 687270], [0.16752762298865234, {"__complex__": [275.9256896972656, 3.8277097013901876e-15]}, 729932], [0.17252411279445126, {"__complex__": [-1798.332275390625, 9.636182233012033e-15]}, 773188], [0.17752203527930777, {"__complex__": [25.469867706298828, 4.968801147712133e-16]}, 820024], [0.18252363779831107, {"__complex__": [231.42921447753906, 2.1491182517949757e-15]}, 866702], [0.18752234050808908, {"__complex__": [-1711.216796875, 1.0188655449452151e-15]}, 914078], [0.19252201016210274, {"__complex__": [78.68103790283203, 9.656835225606698e-16]}, 964418], [0.19752271477956754, {"__complex__": [-1080.5594482421875, -4.588654878566771e-15]}, 1014810], [0.20252178570627094, {"__complex__": [-521.7123413085938, 6.11314943571627e-15]}, 1066432], [0.20751974798690762, {"__complex__": [-150.85794067382812, 3.743465075005696e-15]}, 1119538], [0.2125197454352182, {"__complex__": [358.33111572265625, 0.0]}, 1175486], [0.2175192296548309, {"__complex__": [-683.4937744140625, 7.573846212432405e-16]}, 1229656], [0.22251681667262319, {"__complex__": [-1235.9229736328125, 1.4464428004006208e-15]}, 1287742], [0.22751746426403283, {"__complex__": [-362.6780090332031, -3.111530427234231e-15]}, 1346910], [0.23251730364615478, {"__complex__": [8.889451026916504, -6.625630944463842e-16]}, 1405636], [0.23751678657474465, {"__complex__": [447.298828125, 2.062101710090594e-15]}, 1467822], [0.2425174971485461, {"__complex__": [884.3622436523438, -1.217629978710554e-15]}, 1529730], [0.24751707342858845, {"__complex__": [-142.41749572753906, 1.1689444307265082e-15]}, 1593442], [0.2525171832510974, {"__complex__": [-228.5205078125, -5.6143816021429825e-16]}, 1658816], [0.2575157181508458, {"__complex__": [358.201904296875, -2.1613576661245635e-15]}, 1723588], [0.2625146768272274, {"__complex__": [325.9035949707031, -7.271201869774035e-15]}, 1793172], [0.2675153728644548, {"__complex__": [18.730276107788086, 2.251592085995564e-15]}, 1861328], [0.2725140790996068, {"__complex__": [622.6607055664062, 0.0]}, 1930900], [0.2775148647609448, {"__complex__": [536.5375366210938, -5.575029404325613e-15]}, 2004630], [0.28251520974118804, {"__complex__": [55.58864974975586, -4.488509114421711e-16]}, 2074904], [0.28751406015515885, {"__complex__": [-131.10986328125, -2.1111955279552166e-15]}, 2150534], [0.29251361364437867, {"__complex__": [223.11483764648438, 1.8837701462327524e-15]}, 2224768], [0.2975131524186939, {"__complex__": [-1406.8228759765625, 4.852946945802005e-15]}, 2302904], [0.3025147259314174, {"__complex__": [177.13096618652344, 5.084091225679389e-15]}, 2381388], [0.3075149652713783, {"__complex__": [-723.5565795898438, -6.628064576000422e-16]}, 2458960], [0.31251335064096714, {"__complex__": [-160.04039001464844, 2.016903820266868e-15]}, 2539672], [0.31751349612987984, {"__complex__": [-66.91759490966797, -1.2426590611480898e-15]}, 2623108], [0.32251268944270295, {"__complex__": [-233.65347290039062, -6.027344574642936e-16]}, 2704034], [0.32751171630842707, {"__complex__": [-128.73617553710938, -6.67492243864253e-16]}, 2790512], [0.33251237563902225, {"__complex__": [-971.603515625, -1.619043868732932e-15]}, 2876150], [0.3375123279265873, {"__complex__": [-140.9014434814453, -3.1432018891045758e-16]}, 2962974], [0.34251273719712905, {"__complex__": [-363.1588134765625, 