{"edges": {"__dtype__": "<f8", "__shape__": [116], "__data__": [0.0, 0.005, 0.01, 0.015, 0.02, 0.025, 0.03, 0.035, 0.04, 0.045, 0.05, 0.055, 0.06, 0.065, 0.07, 0.075, 0.08, 0.085, 0.09, 0.095, 0.1, 0.105, 0.11, 0.115, 0.12, 0.125, 0.13, 0.135, 0.14, 0.145, 0.15, 0.155, 0.16, 0.165, 0.17, 0.17500000000000002, 0.18, 0.185, 0.19, 0.195, 0.2, 0.20500000000000002, 0.21, 0.215, 0.22, 0.225, 0.23, 0.23500000000000001, 0.24, 0.245, 0.25, 0.255, 0.26, 0.265, 0.27, 0.275, 0.28, 0.28500000000000003, 0.29, 0.295, 0.3, 0.305, 0.31, 0.315, 0.32, 0.325, 0.33, 0.335, 0.34, 0.34500000000000003, 0.35000000000000003, 0.355, 0.36, 0.365, 0.37, 0.375, 0.38, 0.385, 0.39, 0.395, 0.4, 0.405, 0.41000000000000003, 0.41500000000000004, 0.42, 0.425, 0.43, 0.435, 0.44, 0.445, 0.45, 0.455, 0.46, 0.465, 0.47000000000000003, 0.47500000000000003, 0.48, 0.485, 0.49, 0.495, 0.5, 0.505, 0.51, 0.515, 0.52, 0.525, 0.53, 0.535, 0.54, 0.545, 0.55, 0.555, 0.56, 0.5650000000000001, 0.5700000000000001, 0.5750000000000001]}, "poles": {"__dtype__": [["k", "<f8"], ["power_2", "<c8"], ["modes", "<i8"]], "__shape__": [115], "__data__": [[0.0037054420134658554, {"__complex__": [-16144.6474609375, 1.1220753493024205e-11]}, 83], [0.008002706039259398, {"__complex__": [11080.7861328125, 7.813108883827913e-13]}, 596], [0.012849701484846114, {"__complex__": [-1234.5115966796875, -2.0309104333156303e-13]}, 1648], [0.0177641384261076, {"__complex__": [-4166.1884765625, -9.22174595257945e-15]}, 3156], [0.022684229681789413, {"__complex__": [33444.84375, 2.0242230743157397e-13]}, 5176], [0.027646384376179004, {"__complex__": [6831.95458984375, -2.9834784003122256e-14]}, 7804], [0.032636129245414154, {"__complex__": [19141.00390625, 2.1411683393652257e-14]}, 10874], [0.037622935176432226, {"__complex__": [8070.14697265625, -6.448709161067587e-14]}, 14442], [0.0426065943302704, {"__complex__": [16756.79296875, 0.0]}, 18544], [0.047584168879418735, {"__complex__": [4867.20068359375, 3.8527205514435336e-14]}, 23040], [0.052572163944886785, {"__complex__": [3958.437255859375, 1.333814396415169e-14]}, 28366], [0.05756591012932392, {"__complex__": [-530.69140625, 2.753925695342732e-14]}, 33818], [0.06255885577973451, {"__complex__": [6164.09814453125, -2.3207638881386078e-14]}, 40130], [0.06756290621144688, {"__complex__": [7082.841796875, 2.485488757083404e-14]}, 46838], [0.07256050504780319, {"__complex__": [10825.810546875, 8.651233687219893e-15]}, 53826], [0.0775516441986681, {"__complex__": [2997.5498046875, -1.1342100659551563e-14]}, 61584], [0.08254999402587553, {"__complex__": [-3339.576416015625, 1.2497351108619811e-14]}, 69864], [0.08754547074829418, {"__complex__": [35.69758224487305, -2.375701767471164e-14]}, 78404], [0.09254370656486871, {"__complex__": [3055.6455078125, -1.3243762470970932e-15]}, 87902], [0.09754153604884025, {"__complex__": [1444.981201171875, -1.9141353880072244e-14]}, 97310], [0.10253422913940137, {"__complex__": [581.49755859375, 8.646093044263007e-15]}, 107716], [0.1075359850070505, {"__complex__": [3051.02294921875, -1.6679256107233857e-14]}, 118654], [0.11253957840084304, {"__complex__": [2830.25048828125, 2.5091440156079642e-14]}, 129910], [0.11753653834673844, {"__complex__": [2223.875, -1.8733366908500054e-14]}, 141376], [0.12253336603812491, {"__complex__": [2104.13330078125, 7.561498695522924e-15]}, 153958], [0.12753369323485178, {"__complex__": [-900.2294311523438, 1.6758645117248214e-14]}, 166718], [0.1325298054599073, {"__complex__": [96.17414093017578, 7.121945347105408e-15]}, 179806], [0.13753126919241337, {"__complex__": [607.9658203125, 4.79366353334015e-15]}, 194282], [0.14252978867508304, {"__complex__": [75.03974151611328, 1.4007446317424225e-15]}, 207774], [0.14752584639061916, {"__complex__": [-569.6860961914062, -2.085567275586617e-15]}, 223278], [0.1525273402624495, {"__complex__": [-2049.644287109375, -3.904981976069356e-15]}, 238496], [0.15752777994300757, {"__complex__": [-1477.4761962890625, 1.0980678477221732e-14]}, 254444], [0.16252677921627748, {"__complex__": [-3256.51904296875, 1.0321956200735113e-14]}, 270682], [0.16752582095517576, {"__complex__": [81.7762680053711, -3.2370183583699556e-15]}, 287710], [0.1725259295419247, {"__complex__": [-760.7896728515625, -6.675146902373552e-16]}, 305202], [0.17752572093623975, {"__complex__": [-472.5615539550781, -5.04574053844303e-15]}, 323008], [0.18252702152554795, {"__complex__": [173.6372528076172, 2.724663163410643e-15]}, 341812], [0.18752508561671835, {"__complex__": [-152.86566162109375, -3.880295200821629e-15]}, 360020], [0.19252006361125312, {"__complex__": [-955.164794921875, 0.0]}, 379728], [0.19751626124600596, {"__complex__": [-987.8025512695312, 1.1651435821339413e-15]}, 399660], [0.20251335405021748, {"__complex__": [-578.3972778320312, 3.877556319786682e-15]}, 420320], [0.20751594275294782, {"__complex__": [-412.7945251464844, 9.480289207201668e-15]}, 442070], [0.21251689533718626, {"__complex__": [-140.36215209960938, 2.0130436793679932e-15]}, 462644], [0.21751895130525958, {"__complex__": [106.11007690429688, 3.8340230614625475e-15]}, 485820], [0.22252064263763735, {"__complex__": [32.888607025146484, -1.8358274461434485e-15]}, 507304], [0.22751949683857262, {"__complex__": [-1075.320556640625, 5.263929872908633e-15]}, 530776], [0.23252062744923513, {"__complex__": [-1757.8414306640625, 1.0916744430362977e-14]}, 554524], [0.23751988845699762, {"__complex__": [-672.8389892578125, -1.6112623888047436e-15]}, 578008], [0.24251952417933192, {"__complex__": [-1258.3076171875, 1.1578390876341754e-15]}, 603272], [0.24751886354741093, {"__complex__": [-838.0744018554688, 1.483593030192484e-15]}, 627748], [0.2525158523431189, {"__complex__": [913.1884765625, -4.276673162335225e-15]}, 653304], [0.2575140585584922, {"__complex__": [-260.6966552734375, 3.766954145666005e-15]}, 679896], [0.2625126084722789, {"__complex__": [542.9130859375, -2.802836469387453e-15]}, 706092], [0.26751303339828036, {"__complex__": [678.4467163085938, -1.2683859928550446e-15]}, 734258], [0.2725141980302592, {"__complex__": [-518.7742919921875, -1.223508705001854e-15]}, 761190], [0.27751499291909654, {"__complex__": [-670.56298828125, 2.3578801095576387e-15]}, 789966], [0.2825156597003922, {"__complex__": [-186.72348022460938, 0.0]}, 818248], [0.2875141801620819, {"__complex__": [-553.1580810546875, -1.649284850774042e-15]}, 847024], [0.29251195304227423, {"__complex__": [485.33636474609375, -4.2477461401535434e-15]}, 877004], [0.2975142527009851, {"__complex__": [-258.60650634765625, -3.075018225009887e-15]}, 908602], [0.30251615798691667, {"__complex__": [-212.8099365234375, 4.965454308779294e-16]}, 937802], [0.30751506635382575, {"__complex__": [-706.4967651367188, -1.4406262251518255e-15]}, 969706], [0.31251223811931306, {"__complex__": [-57.72330856323242, -4.656817737414692e-16]}, 999956], [0.3175098816792195, {"__complex__": [-200.5018768310547, -1.8012930658509434e-15]}, 1034060], [0.3225110492752749, {"__complex__": [-179.38916015625, 5.240068107751532e-15]}, 1066386], [0.3275123331358606, {"__complex__": [126.57325744628906, -3.808993237871183e-15]}, 1100278], [0.3325123291547583, {"__complex__": [-113.25395965576172, -2.260352100736068e-15]}, 1133070], [0.3375117534479973, {"__complex__": [56.62899398803711, 3.9865462725713796e-16]}, 1168082], [0.3425129583700723, {"__complex__": [-180.12229919433594, 3.096002831003402e-15]}, 1203258], [0.3475132726509487, {"__complex__": [-139.9623565673828, 0.0]}, 1237894], [0.35251300538197095, {"__complex__": [258.51312255859375, -7.309512640582755e-16]}, 1274124], [0.3575125695577228, {"__complex__": [139.0889434814453, 7.108019384298718e-16]}, 1310242], [0.36251151779301266, {"__complex__": [-532.7984619140625, -2.0743474771672864e-15]}, 1346914], [0.3675115630015573, {"__complex__": [-326.20709228515625, -2.0168508807076645e-15]}, 1385312], [0.3725118957087531, {"__complex__": [-599.8997802734375, -1.9643873540206276e-15]}, 1422310], [0.37751124096797295, {"__complex__": 