{"poles": {"dims": ["k"], "edges": [{"__dtype__": "<f8", "__shape__": [94], "__data__": [0.0, 0.005, 0.01, 0.015, 0.02, 0.025, 0.03, 0.035, 0.04, 0.045, 0.05, 0.055, 0.06, 0.065, 0.07, 0.075, 0.08, 0.085, 0.09, 0.095, 0.1, 0.105, 0.11, 0.115, 0.12, 0.125, 0.13, 0.135, 0.14, 0.145, 0.15, 0.155, 0.16, 0.165, 0.17, 0.17500000000000002, 0.18, 0.185, 0.19, 0.195, 0.2, 0.20500000000000002, 0.21, 0.215, 0.22, 0.225, 0.23, 0.23500000000000001, 0.24, 0.245, 0.25, 0.255, 0.26, 0.265, 0.27, 0.275, 0.28, 0.28500000000000003, 0.29, 0.295, 0.3, 0.305, 0.31, 0.315, 0.32, 0.325, 0.33, 0.335, 0.34, 0.34500000000000003, 0.35000000000000003, 0.355, 0.36, 0.365, 0.37, 0.375, 0.38, 0.385, 0.39, 0.395, 0.4, 0.405, 0.41000000000000003, 0.41500000000000004, 0.42, 0.425, 0.43, 0.435, 0.44, 0.445, 0.45, 0.455, 0.46, 0.465]}], "coords": [{"__dtype__": "<f8", "__shape__": [93], "__data__": [0.0025, 0.0075, 0.0125, 0.0175, 0.0225, 0.0275, 0.0325, 0.037500000000000006, 0.042499999999999996, 0.0475, 0.052500000000000005, 0.057499999999999996, 0.0625, 0.0675, 0.07250000000000001, 0.0775, 0.0825, 0.0875, 0.0925, 0.0975, 0.10250000000000001, 0.1075, 0.1125, 0.1175, 0.1225, 0.1275, 0.1325, 0.1375, 0.14250000000000002, 0.1475, 0.1525, 0.1575, 0.1625, 0.1675, 0.17250000000000001, 0.1775, 0.1825, 0.1875, 0.1925, 0.1975, 0.2025, 0.20750000000000002, 0.2125, 0.2175, 0.2225, 0.2275, 0.2325, 0.2375, 0.2425, 0.2475, 0.2525, 0.2575, 0.2625, 0.2675, 0.2725, 0.2775, 0.28250000000000003, 0.2875, 0.2925, 0.2975, 0.3025, 0.3075, 0.3125, 0.3175, 0.3225, 0.3275, 0.3325, 0.3375, 0.3425, 0.34750000000000003, 0.35250000000000004, 0.3575, 0.3625, 0.3675, 0.3725, 0.3775, 0.3825, 0.3875, 0.3925, 0.3975, 0.4025, 0.40750000000000003, 0.41250000000000003, 0.4175, 0.4225, 0.4275, 0.4325, 0.4375, 0.4425, 0.4475, 0.4525, 0.4575, 0.4625]}], "data": {"__dtype__": [["k", "<f8"], ["power_2", "<c8"], ["modes", "<i8"]], "__shape__": [93], "__data__": [[0.0037081367915242675, {"__complex__": [24126.482421875, 1.2190086180058346e-12]}, 191], [0.008018577791264523, {"__complex__": [52262.92578125, -1.687178635733158e-13]}, 1380], [0.012844085612331841, {"__complex__": [56445.484375, -2.4703516684522475e-13]}, 3770], [0.01775141230162106, {"__complex__": [57152.34765625, -3.208801700369489e-14]}, 7256], [0.022691010615224643, {"__complex__": [1466.2117919921875, 0.0]}, 12010], [0.027661296094027222, {"__complex__": [-2522.64501953125, 1.2989881793910169e-13]}, 17924], [0.03263163473973046, {"__complex__": [4178.29931640625, -9.346874741745538e-15]}, 24910], [0.03760885918999335, {"__complex__": [-1175.1424560546875, -2.4515862633695505e-14]}, 33240], [0.04258994605322728, {"__complex__": [7566.78076171875, 5.4698738214623704e-14]}, 42566], [0.047583805693835864, {"__complex__": [16558.544921875, 3.2653236583683526e-15]}, 53478], [0.052589415944125126, {"__complex__": [5809.30859375, -3.567848463502041e-15]}, 65258], [0.057576993125266096, {"__complex__": [-273.8470764160156, -2.993143385053576e-14]}, 77788], [0.0625679362273907, {"__complex__": [6397.28125, 2.518776347229198e-15]}, 92438], [0.06756372941029527, {"__complex__": [5810.32958984375, -8.670563826109184e-15]}, 107412], [0.07255867544245412, {"__complex__": [504.7760925292969, -9.37004532801768e-15]}, 124242], [0.07755343255815964, {"__complex__": [6715.25634765625, -6.578623686385662e-15]}, 141568], [0.08254944316463679, {"__complex__": [-207.51905822753906, 2.8943556264812015e-14]}, 160886], [0.0875469705282893, {"__complex__": [5782.73046875, 1.031684859206317e-14]}, 180544], [0.09254207143002044, {"__complex__": [4076.5732421875, 1.6136457065842567e-14]}, 202004], [0.09754200795670145, {"__complex__": [4285.3779296875, -3.525568983346432e-14]}, 224538], [0.10254171329034444, {"__complex__": [-567.0232543945312, -3.75475771825849e-15]}, 248038], [0.10754099109209159, {"__complex__": [130.171875, -1.5358447139394125e-14]}, 272876], [0.11253870054955198, {"__complex__": [4617.349609375, -9.74695720185395e-15]}, 298594], [0.11753608765430268, {"__complex__": [2372.713623046875, 1.0001438933494085e-14]}, 325916], [0.12253572907412832, {"__complex__": [1811.5606689453125, -3.416887202323769e-14]}, 354334], [0.1275331697481456, {"__complex__": [1400.65673828125, 1.0323091224884434e-14]}, 383424], [0.13252928315027618, {"__complex__": [1482.9871826171875, 1.1241612058821102e-14]}, 414230], [0.13752809598823948, {"__complex__": [1108.245361328125, 5.216090722597131e-15]}, 446370], [0.1425292748907053, {"__complex__": [-17.39154815673828, -1.5536349469305946e-14]}, 479558], [0.14752984329410787, {"__complex__": [-1205.629638671875, 9.067814655074925e-15]}, 513532], [0.15252898535896237, {"__complex__": [1469.9356689453125, -5.089843426424193e-15]}, 548930], [0.15752847498756622, {"__complex__": [1669.1358642578125, 2.0676687494331283e-14]}, 585548], [0.16252705956276423, {"__complex__": [387.67889404296875, -1.195739386276656e-14]}, 623094], [0.16752723347134682, {"__complex__": [-217.99644470214844, -4.216546105057905e-15]}, 662620], [0.17252557298757182, {"__complex__": [44.28334426879883, -4.31368172586666e-15]}, 701674], [0.1775232051718564, {"__complex__": [352.0447692871094, 5.634786731721457e-15]}, 743764], [0.1825215844754662, {"__complex__": [-71.03121185302734, 5.92730956005573e-15]}, 785620], [0.18752064712987349, {"__complex__": [2176.808349609375, -8.975521945142097e-15]}, 830100], [0.19252067437217257, {"__complex__": [1089.699462890625, 4.260308485794272e-15]}, 874418], [0.19751987908784707, {"__complex__": [-552.1255493164062, 5.057786193985933e-15]}, 920682], [0.20251936794243589, {"__complex__": [-1102.2373046875, -3.849561880879928e-15]}, 967718], [0.20751955964231095, {"__complex__": [-657.7533569335938, -4.580719768037774e-16]}, 1016568], [0.2125192859071403, {"__complex__": [-276.9100341796875, 9.942762420138938e-15]}, 1065478], [0.21751870204394746, {"__complex__": [157.4932403564453, -3.335981241004175e-15]}, 1116700], [0.22251763655620238, {"__complex__": [1185.444091796875, 1.1961236004215305e-15]}, 1167926], [0.2275173612096972, {"__complex__": [880.7402954101562, 6.0968686154370955e-15]}, 1222034], [0.23251753944930767, {"__complex__": [-8.614224433898926, -6.936143587927494e-15]}, 1275574], [0.237518608068736, {"__complex__": [-205.23983764648438, 7.864553743281593e-16]}, 1332228], [0.24251933382685822, {"__complex__": [468.8201904296875, 6.3762827618796605e-15]}, 1387574], [0.2475188275283454, {"__complex__": [194.05471801757812, 4.186431542684173e-15]}, 1446004], [0.2525176353551358, {"__complex__": [-329.6361083984375, -3.096148097153856e-15]}, 1504002], [0.25751592740199597, {"__complex__": [-1131.3453369140625, -5.654161763356952e-15]}, 1564788], [0.2625152321376914, {"__complex__": [-841.96435546875, -5.297743004646551e-15]}, 1626114], [0.2675142035428968, {"__complex__": [-761.2577514648438, -1.6547197318009807e-15]}, 1688484], [0.27251407722071946, {"__complex__": [-976.4821166992188, 2.6564890813761703e-15]}, 1752920], [0.277514999580621, {"__complex__": [-135.9896240234375, -3.586163433404047e-15]}, 1817892], [0.28251513318998955, {"__complex__": [-168.73468017578125, -9.890084805874483e-16]}, 1883346], [0.2875150555774266, {"__complex__": [-866.3792114257812, 1.909328306624967e-15]}, 1951100], [0.2925143032383768, {"__complex__": [366.7290954589844, -1.845568113278636e-15]}, 2018506], [0.2975129983065177, {"__complex__": [-75.1360092163086, 5.350793525166035e-15]}, 2088638], [0.30251265006104155, {"__complex__": [216.39439392089844, 3.880956310036961e-15]}, 2159752], [0.3075131135075962, {"__complex__": [503.61822509765625, -6.258748152481299e-16]}, 2232050], [0.31251255553945134, {"__complex__": [-171.69410705566406, 0.0]}, 2304048], [0.3175120364779517, {"__complex__": [1482.8470458984375, -2.3483141429678223e-15]}, 2379552], [0.3225126598898453, {"__complex__": [798.0491943359375, 0.0]}, 2454976], [0.3275133985704822, {"__complex__": [-1065.512939453125, -4.597786952529356e-16]}, 2531986], [0.33251410375899365, 