{"poles": {"dims": ["k"], "edges": [{"__dtype__": "<f8", "__shape__": [86], "__data__": [0.0, 0.005, 0.01, 0.015, 0.02, 0.025, 0.03, 0.035, 0.04, 0.045, 0.05, 0.055, 0.06, 0.065, 0.07, 0.075, 0.08, 0.085, 0.09, 0.095, 0.1, 0.105, 0.11, 0.115, 0.12, 0.125, 0.13, 0.135, 0.14, 0.145, 0.15, 0.155, 0.16, 0.165, 0.17, 0.17500000000000002, 0.18, 0.185, 0.19, 0.195, 0.2, 0.20500000000000002, 0.21, 0.215, 0.22, 0.225, 0.23, 0.23500000000000001, 0.24, 0.245, 0.25, 0.255, 0.26, 0.265, 0.27, 0.275, 0.28, 0.28500000000000003, 0.29, 0.295, 0.3, 0.305, 0.31, 0.315, 0.32, 0.325, 0.33, 0.335, 0.34, 0.34500000000000003, 0.35000000000000003, 0.355, 0.36, 0.365, 0.37, 0.375, 0.38, 0.385, 0.39, 0.395, 0.4, 0.405, 0.41000000000000003, 0.41500000000000004, 0.42, 0.425]}], "coords": [{"__dtype__": "<f8", "__shape__": [85], "__data__": [0.0025, 0.0075, 0.0125, 0.0175, 0.0225, 0.0275, 0.0325, 0.037500000000000006, 0.042499999999999996, 0.0475, 0.052500000000000005, 0.057499999999999996, 0.0625, 0.0675, 0.07250000000000001, 0.0775, 0.0825, 0.0875, 0.0925, 0.0975, 0.10250000000000001, 0.1075, 0.1125, 0.1175, 0.1225, 0.1275, 0.1325, 0.1375, 0.14250000000000002, 0.1475, 0.1525, 0.1575, 0.1625, 0.1675, 0.17250000000000001, 0.1775, 0.1825, 0.1875, 0.1925, 0.1975, 0.2025, 0.20750000000000002, 0.2125, 0.2175, 0.2225, 0.2275, 0.2325, 0.2375, 0.2425, 0.2475, 0.2525, 0.2575, 0.2625, 0.2675, 0.2725, 0.2775, 0.28250000000000003, 0.2875, 0.2925, 0.2975, 0.3025, 0.3075, 0.3125, 0.3175, 0.3225, 0.3275, 0.3325, 0.3375, 0.3425, 0.34750000000000003, 0.35250000000000004, 0.3575, 0.3625, 0.3675, 0.3725, 0.3775, 0.3825, 0.3875, 0.3925, 0.3975, 0.4025, 0.40750000000000003, 0.41250000000000003, 0.4175, 0.4225]}], "data": {"__dtype__": [["k", "<f8"], ["power_0", "<c8"], ["modes", "<i8"]], "__shape__": [85], "__data__": [[0.003785962175218714, {"__complex__": [74585.234375, -6.525522852109111e-14]}, 223], [0.008055650047333739, {"__complex__": [87100.4765625, 3.647577574185379e-13]}, 1516], [0.012838659412058445, {"__complex__": [90425.7890625, 4.22815943498453e-14]}, 4130], [0.017758445021159877, {"__complex__": [105151.21875, -7.223586759677082e-15]}, 8058], [0.022686221993372543, {"__complex__": [104038.875, -3.3279270164669706e-15]}, 13118], [0.02764503576190599, {"__complex__": [101930.53125, -5.884316708751943e-15]}, 19784], [0.032626124011193657, {"__complex__": [96879.34375, -1.6944228341925736e-14]}, 27482], [0.03761517664423396, {"__complex__": [91765.7109375, 1.8588356561996013e-14]}, 36794], [0.042612076216348424, {"__complex__": [88483.234375, -1.6079463606953615e-14]}, 47060], [0.04758810749327745, {"__complex__": [89575.875, 2.9867440511370698e-15]}, 58466], [0.05257639262811682, {"__complex__": [86780.1328125, 6.473451840489832e-15]}, 71934], [0.057576644294676294, {"__complex__": [86197.3203125, -4.563530187285314e-15]}, 86096], [0.06257060468948772, {"__complex__": [86113.8984375, 6.8704574534173436e-15]}, 101666], [0.06756431050677218, {"__complex__": [81837.359375, -1.964915055546767e-15]}, 118494], [0.07255460479533274, {"__complex__": [81587.1875, 1.9176694635730535e-15]}, 136590], [0.07755203808236072, {"__complex__": [81770.203125, 1.0411755245671225e-14]}, 156536], [0.08254994891496988, {"__complex__": [79468.0546875, -3.6195522016353905e-15]}, 176896], [0.0875465852208996, {"__complex__": [80005.7265625, 2.7366942076352064e-15]}, 199400], [0.09254606261661012, {"__complex__": [77747.8046875, 8.368505100854722e-15]}, 222578], [0.09754095165434574, {"__complex__": [76943.8515625, 6.595502088409125e-15]}, 247110], [0.10253878096196406, {"__complex__": [76442.3671875, -9.363550279378133e-15]}, 273522], [0.1075376536617221, {"__complex__": [75660.21875, 1.5494771586540548e-15]}, 300528], [0.11253874421958751, {"__complex__": [74872.9140625, 5.294396906867541e-16]}, 329826], [0.11753930483919833, {"__complex__": [74681.046875, -9.731444005183225e-16]}, 358884], [0.12253435939470513, {"__complex__": [74862.5546875, -3.2817251808425112e-15]}, 390212], [0.1275324928771181, {"__complex__": [74542.75, 0.0]}, 423008], [0.13253098558293935, {"__complex__": [73799.953125, 2.549903325733136e-15]}, 456548], [0.1375294182229233, {"__complex__": [73858.3359375, 3.549391774400047e-16]}, 491980], [0.14252928720123362, {"__complex__": [73023.7265625, 1.1569689730391085e-15]}, 528260], [0.14752710781464048, {"__complex__": [72953.4609375, 3.70389000164408e-15]}, 565750], [0.15252590457329984, {"__complex__": [72670.421875, 7.695405498879646e-16]}, 605116], [0.15752627544450365, {"__complex__": [73199.90625, 3.607350268513719e-15]}, 645434], [0.1625268432433497, {"__complex__": [71763.5703125, 1.0163282577517149e-15]}, 687270], [0.16752762298865234, {"__complex__": [71717.390625, -1.2759031985036897e-15]}, 729932], [0.17252411279445126, {"__complex__": [71798.625, 4.516960421724391e-16]}, 773188], [0.17752203527930777, {"__complex__": [71461.265625, -1.135726021996681e-15]}, 820024], [0.18252363779831107, {"__complex__": [71044.796875, 8.059193973626751e-16]}, 866702], [0.18752234050808908, {"__complex__": [71126.7421875, 1.2099028147701083e-15]}, 914078], [0.19252201016210274, {"__complex__": [71061.5390625, 9.656835225606698e-16]}, 964418], [0.19752271477956754, {"__complex__": [71013.3125, -3.6709239028534166e-15]}, 1014810], [0.20252178570627094, {"__complex__": [70340.0390625, 1.0916338278064769e-15]}, 1066432], [0.20751974798690762, {"__complex__": [70912.6640625, 1.0398514214881509e-15]}, 1119538], [0.2125197454352182, {"__complex__": [70386.2578125, 0.0]}, 1175486], [0.2175192296548309, {"__complex__": [70500.2421875, 5.680385056370998e-16]}, 1229656], [0.22251681667262319, {"__complex__": [70625.5546875, 0.0]}, 1287742], [0.22751746426403283, {"__complex__": [70342.5390625, 1.2964710642871555e-15]}, 1346910], [0.23251730364615478, {"__complex__": [70292.203125, -9.938447210789151e-16]}, 1405636], [0.23751678657474465, {"__complex__": [70264.1953125, -5.551812337120491e-16]}, 1467822], [0.2425174971485461, {"__complex__": [70327.734375, 0.0]}, 1529730], [0.24751707342858845, {"__complex__": [70237.3125, 8.767083230448811e-16]}, 1593442], [0.2525171832510974, {"__complex__": [69667.3125, -7.017977002678728e-17]}, 1658816], [0.2575157181508458, {"__complex__": [69917.8125, -1.0806788330622818e-15]}, 1723588], [0.2625146768272274, {"__complex__": [70180.140625, -1.038743184755787e-15]}, 1793172], [0.2675153728644548, {"__complex__": [69515.4296875, 1.4072450802170072e-15]}, 1861328], [0.2725140790996068, {"__complex__": [69434.1875, 4.82325653517661e-16]}, 1930900], [0.2775148647609448, {"__complex__": [69235.6015625, 2.9036609716210596e-16]}, 2004630], [0.28251520974118804, {"__complex__": [69586.53125, 6.732763671632566e-16]}, 2074904], [0.28751406015515885, {"__complex__": [69576.5546875, -4.3306573778603794e-16]}, 2150534], [0.29251361364437867, {"__complex__": [69833.328125, -8.37231187867792e-16]}, 2224768], [0.2975131524186939, {"__complex__": [69585.5546875, 1.2132367364505012e-15]}, 2302904], [0.3025147259314174, {"__complex__": [69630.859375, -9.777098154597946e-17]}, 2381388], [0.3075149652713783, {"__complex__": [69811.9375, 2.840599104000181e-16]}, 2458960], [0.31251335064096714, {"__complex__": [69724.28125, -2.016903820266868e-15]}, 2539672], [0.31751349612987984, {"__complex__": [69349.078125, 6.879005498162797e-16]}, 2623108], [0.32251268944270295, {"__complex__": [69533.2265625, -3.4441968997959635e-16]}, 2704034], [0.32751171630842707, {"__complex__": [69633.96875, 2.503095914490949e-16]}, 2790512], [0.33251237563902225, {"__complex__": [69219.78125, 1.1535687710305929e-15]}, 2876150], [0.3375123279265873, {"__complex__": [69699.4453125, 0.0]}, 2962974], [0.34251273719712905, {"__complex__": [69111.8984375, -1.5257698446609298e-16]}, 3051976], [0.34751247641754474, {"__complex__": [69192.28125, -7.413666458755104e-16]}, 3140560], [0.35251198333721223, {"__complex__": [69393.2578125, -7.202857428238046e-16]}, 3232476], [0.3575118605439826, {"__complex__": [69223.8828125, 