{"edges": {"__dtype__": "<f8", "__shape__": [116], "__data__": [0.0, 0.005, 0.01, 0.015, 0.02, 0.025, 0.03, 0.035, 0.04, 0.045, 0.05, 0.055, 0.06, 0.065, 0.07, 0.075, 0.08, 0.085, 0.09, 0.095, 0.1, 0.105, 0.11, 0.115, 0.12, 0.125, 0.13, 0.135, 0.14, 0.145, 0.15, 0.155, 0.16, 0.165, 0.17, 0.17500000000000002, 0.18, 0.185, 0.19, 0.195, 0.2, 0.20500000000000002, 0.21, 0.215, 0.22, 0.225, 0.23, 0.23500000000000001, 0.24, 0.245, 0.25, 0.255, 0.26, 0.265, 0.27, 0.275, 0.28, 0.28500000000000003, 0.29, 0.295, 0.3, 0.305, 0.31, 0.315, 0.32, 0.325, 0.33, 0.335, 0.34, 0.34500000000000003, 0.35000000000000003, 0.355, 0.36, 0.365, 0.37, 0.375, 0.38, 0.385, 0.39, 0.395, 0.4, 0.405, 0.41000000000000003, 0.41500000000000004, 0.42, 0.425, 0.43, 0.435, 0.44, 0.445, 0.45, 0.455, 0.46, 0.465, 0.47000000000000003, 0.47500000000000003, 0.48, 0.485, 0.49, 0.495, 0.5, 0.505, 0.51, 0.515, 0.52, 0.525, 0.53, 0.535, 0.54, 0.545, 0.55, 0.555, 0.56, 0.5650000000000001, 0.5700000000000001, 0.5750000000000001]}, "poles": {"__dtype__": [["k", "<f8"], ["power_0", "<c8"], ["modes", "<i8"]], "__shape__": [115], "__data__": [[0.0037054420134658554, {"__complex__": [134153.6875, -3.5064856834104985e-12]}, 83], [0.008002706039259398, {"__complex__": [90607.265625, 0.0]}, 596], [0.012849701484846114, {"__complex__": [104101.4765625, -3.532018292206826e-14]}, 1648], [0.0177641384261076, {"__complex__": [108146.6640625, 0.0]}, 3156], [0.022684229681789413, {"__complex__": [112198.4609375, -4.357702621058529e-14]}, 5176], [0.027646384376179004, {"__complex__": [97010.8046875, -2.9834784003122256e-14]}, 7804], [0.032636129245414154, {"__complex__": [100418.015625, -5.352920848413064e-15]}, 10874], [0.037622935176432226, {"__complex__": [100345.7265625, 7.657841917009522e-14]}, 14442], [0.0426065943302704, {"__complex__": [97758.1953125, 6.277789347256457e-15]}, 18544], [0.047584168879418735, {"__complex__": [94989.4765625, -2.0210993862128553e-14]}, 23040], [0.052572163944886785, {"__complex__": [91749.0546875, 1.641617783821204e-14]}, 28366], [0.05756591012932392, {"__complex__": [90708.9140625, -1.7212035595892076e-15]}, 33818], [0.06255885577973451, {"__complex__": [88087.0390625, 6.799113138819535e-15]}, 40130], [0.06756290621144688, {"__complex__": [86851.4609375, -2.2990771341834665e-14]}, 46838], [0.07256050504780319, {"__complex__": [84470.4453125, -2.3790892216338233e-14]}, 53826], [0.0775516441986681, {"__complex__": [82983.1484375, -5.671050329775782e-15]}, 61584], [0.08254999402587553, {"__complex__": [84003.375, 1.3330507115099244e-14]}, 69864], [0.08754547074829418, {"__complex__": [84825.9609375, 1.4059328144234735e-14]}, 78404], [0.09254370656486871, {"__complex__": [80407.515625, 1.5892514965165118e-14]}, 87902], [0.09754153604884025, {"__complex__": [79830.0, -5.084421992045292e-15]}, 97310], [0.10253422913940137, {"__complex__": [80259.9375, -8.646093044263007e-15]}, 107716], [0.1075359850070505, {"__complex__": [80403.0546875, 1.3490575166306626e-15]}, 118654], [0.11253957840084304, {"__complex__": [79583.9609375, 0.0]}, 129910], [0.11753653834673844, {"__complex__": [78660.2109375, -4.117223445179339e-15]}, 141376], [0.12253336603812491, {"__complex__": [78781.6328125, -3.024599435857522e-15]}, 153958], [0.12753369323485178, {"__complex__": [78725.3984375, 2.79310744895529e-15]}, 166718], [0.1325298054599073, {"__complex__": [77961.1640625, -9.064294386146136e-15]}, 179806], [0.13753126919241337, {"__complex__": [76688.0546875, 0.0]}, 194282], [0.14252978867508304, {"__complex__": [76000.3671875, 3.922084841823841e-15]}, 207774], [0.14752584639061916, {"__complex__": [75855.5, 1.0427836377933084e-15]}, 223278], [0.1525273402624495, {"__complex__": [76290.640625, -1.4643682410260084e-15]}, 238496], [0.15752777994300757, {"__complex__": [74782.9921875, -7.320452600492137e-15]}, 254444], [0.16252677921627748, {"__complex__": [75396.1640625, 3.4406520669117042e-15]}, 270682], [0.16752582095517576, {"__complex__": [75742.375, -4.855527855192289e-15]}, 287710], [0.1725259295419247, {"__complex__": [75066.296875, 3.814369355987406e-15]}, 305202], [0.17752572093623975, {"__complex__": [75093.375, 3.964510181052967e-15]}, 323008], [0.18252702152554795, {"__complex__": [75094.84375, -1.5326230029487071e-15]}, 341812], [0.18752508561671835, {"__complex__": [74730.1171875, -1.2934316983141702e-15]}, 360020], [0.19252006361125312, {"__complex__": [74377.921875, 1.2263022196618988e-15]}, 379728], [0.19751626124600596, {"__complex__": [74259.2734375, -5.825717910669707e-16]}, 399660], [0.20251335405021748, {"__complex__": [74033.234375, 1.1771153340521968e-15]}, 420320], [0.20751594275294782, {"__complex__": [73846.2890625, -1.053365514524238e-15]}, 442070], [0.21251689533718626, {"__complex__": [73962.84375, 2.516304493330873e-15]}, 462644], [0.21751895130525958, {"__complex__": [73740.4296875, -4.792528826828184e-16]}, 485820], [0.22252064263763735, {"__complex__": [73409.984375, 3.2126979248719165e-15]}, 507304], [0.22751949683857262, {"__complex__": [73044.9140625, 1.0966521009722646e-16]}, 530776], [0.23252062744923513, {"__complex__": [73382.71875, 2.0993739390966416e-16]}, 554524], [0.23751988845699762, {"__complex__": [73017.8828125, 4.028155972011859e-16]}, 578008], [0.24251952417933192, {"__complex__": [73039.21875, -2.5086515506524305e-15]}, 603272], [0.24751886354741093, {"__complex__": [73556.9921875, 3.70898257548121e-16]}, 627748], [0.2525158523431189, {"__complex__": [73161.8203125, 4.989452234482666e-15]}, 653304], [0.2575140585584922, {"__complex__": [73011.546875, 4.451854822420465e-15]}, 679896], [0.2625126084722789, {"__complex__": [73453.6484375, 6.594909588862521e-16]}, 706092], [0.26751303339828036, {"__complex__": [73110.3984375, -3.1709649821376115e-16]}, 734258], [0.2725141980302592, {"__complex__": [73585.109375, 6.11754352500927e-16]}, 761190], [0.27751499291909654, {"__complex__": [73105.53125, 4.4210252054205726e-16]}, 789966], [0.2825156597003922, {"__complex__": [72785.6015625, -2.8454777490785697e-16]}, 818248], [0.2875141801620819, {"__complex__": [72464.7265625, -5.497615992781609e-16]}, 847024], [0.29251195304227423, {"__complex__": [72819.234375, 6.63710347633881e-16]}, 877004], [0.2975142527009851, {"__complex__": [72797.1875, 7.687545562524718e-16]}, 908602], [0.30251615798691667, {"__complex__": [72881.484375, -1.7379089551331937e-15]}, 937802], [0.30751506635382575, {"__complex__": [73015.2734375, -1.920834825696943e-15]}, 969706], [0.31251223811931306, {"__complex__": [72953.4296875, -1.3970453212244077e-15]}, 999956], [0.3175098816792195, {"__complex__": [72506.6328125, -9.006465329254717e-16]}, 1034060], [0.3225110492752749, {"__complex__": [72531.625, 1.5283532157407166e-15]}, 1066386], [0.3275123331358606, {"__complex__": [72828.03125, -4.020604090951936e-15]}, 1100278], [0.3325123291547583, {"__complex__": [72791.0, 1.6438924272735842e-15]}, 1133070], [0.3375117534479973, {"__complex__": [72338.875, 1.3952912218697625e-15]}, 1168082], [0.3425129583700723, {"__complex__": [72426.8125, 3.8700035387542525e-16]}, 1203258], [0.3475132726509487, {"__complex__": [73087.9765625, 0.0]}, 1237894], [0.35251300538197095, {"__complex__": [72991.8984375, 7.309512640582755e-16]}, 1274124], [0.3575125695577228, {"__complex__": [72665.65625, 7.996522005859405e-16]}, 1310242], [0.36251151779301266, {"__complex__": [72490.203125, -3.457245971744008e-16]}, 1346914], [0.3675115630015573, {"__complex__": [72607.546875, 0.0]}, 1385312], [0.3725118957087531, {"__complex__": [72646.4140625, 1.3095914987610062e-15]}, 1422310], [0.37751124096797295, {"__complex__": [72490.109375, 4.780269083707862e-16]}, 1461198], [0.3825103314725004, {"__complex__": [72469.953125, -1.1645259098269357e-16]}, 1499520], [0.38750966779422413, {"__complex__": [72359.828125, 7.560948944670376e-17]}, 1539692], [0.3925103292814964, {"__complex__": [72683.296875, 1.1052647055101667e-15]}, 1579920], [0.3975099588994165, {"__complex__": [72358.234375, -4.3131748825268467e-16]}, 1619438], 