{"edges": {"__dtype__": "<f8", "__shape__": [128], "__data__": [0.0, 0.005, 0.01, 0.015, 0.02, 0.025, 0.03, 0.035, 0.04, 0.045, 0.05, 0.055, 0.06, 0.065, 0.07, 0.075, 0.08, 0.085, 0.09, 0.095, 0.1, 0.105, 0.11, 0.115, 0.12, 0.125, 0.13, 0.135, 0.14, 0.145, 0.15, 0.155, 0.16, 0.165, 0.17, 0.17500000000000002, 0.18, 0.185, 0.19, 0.195, 0.2, 0.20500000000000002, 0.21, 0.215, 0.22, 0.225, 0.23, 0.23500000000000001, 0.24, 0.245, 0.25, 0.255, 0.26, 0.265, 0.27, 0.275, 0.28, 0.28500000000000003, 0.29, 0.295, 0.3, 0.305, 0.31, 0.315, 0.32, 0.325, 0.33, 0.335, 0.34, 0.34500000000000003, 0.35000000000000003, 0.355, 0.36, 0.365, 0.37, 0.375, 0.38, 0.385, 0.39, 0.395, 0.4, 0.405, 0.41000000000000003, 0.41500000000000004, 0.42, 0.425, 0.43, 0.435, 0.44, 0.445, 0.45, 0.455, 0.46, 0.465, 0.47000000000000003, 0.47500000000000003, 0.48, 0.485, 0.49, 0.495, 0.5, 0.505, 0.51, 0.515, 0.52, 0.525, 0.53, 0.535, 0.54, 0.545, 0.55, 0.555, 0.56, 0.5650000000000001, 0.5700000000000001, 0.5750000000000001, 0.58, 0.585, 0.59, 0.595, 0.6, 0.605, 0.61, 0.615, 0.62, 0.625, 0.63, 0.635]}, "poles": {"__dtype__": [["k", "<f8"], ["power_0", "<c8"], ["modes", "<i8"]], "__shape__": [127], "__data__": [[0.0037537781648676505, {"__complex__": [113061.453125, 2.1260914578359602e-13]}, 77], [0.008050398333474014, {"__complex__": [108584.75, -5.808816426998431e-15]}, 548], [0.012848609532355457, {"__complex__": [106170.984375, 1.941630077475099e-14]}, 1480], [0.017751579213119567, {"__complex__": [115512.1328125, -5.561011432565028e-15]}, 2872], [0.022691827324042853, {"__complex__": [112051.421875, 7.98760454886983e-15]}, 4736], [0.027648005536595924, {"__complex__": [111474.40625, 1.2107805738375242e-14]}, 7036], [0.032612636555868525, {"__complex__": [107206.9921875, -3.042087913361245e-15]}, 9838], [0.03761114292794433, {"__complex__": [100548.203125, 1.173030305905826e-15]}, 13208], [0.04261303922036164, {"__complex__": [94755.9140625, -9.559311451949864e-15]}, 16858], [0.04760505554480107, {"__complex__": [93035.8828125, 3.0403678541431674e-16]}, 21080], [0.05259133615803475, {"__complex__": [91936.3671875, -4.503283698362431e-15]}, 25624], [0.05756841184374016, {"__complex__": [87216.3828125, 4.473958994212013e-15]}, 30728], [0.06256248327880025, {"__complex__": [87592.21875, -4.504649856627233e-16]}, 36498], [0.06756661487904435, {"__complex__": [88441.671875, -2.0265538548766993e-15]}, 42528], [0.07257304507008182, {"__complex__": [85588.015625, 3.595124142013491e-16]}, 49152], [0.07756473030387098, {"__complex__": [85325.0, 7.013142694481172e-16]}, 55744], [0.08254764044823601, {"__complex__": [84474.21875, -1.5468600386052758e-15]}, 63346], [0.08754405971893497, {"__complex__": [83632.7734375, -1.4814917532085829e-15]}, 71388], [0.09254365223263855, {"__complex__": [82394.1796875, -1.8949037590496997e-15]}, 79762], [0.09754150838846357, {"__complex__": [81027.4765625, -6.853035997395572e-16]}, 88564], [0.10254123052801507, {"__complex__": [80877.53125, 1.1280522211319123e-15]}, 97988], [0.10754181638082774, {"__complex__": [79731.546875, -1.5334525658414243e-16]}, 107708], [0.11254085353408888, {"__complex__": [80757.8203125, -8.320347466155053e-16]}, 117952], [0.11753281793039293, {"__complex__": [79287.15625, -5.090575898165331e-16]}, 128288], [0.12252442444514552, {"__complex__": [79832.0546875, -5.298250906777548e-16]}, 139770], [0.12753052839909865, {"__complex__": [78567.6484375, 5.792513689741746e-16]}, 151946], [0.13253665927256145, {"__complex__": [78209.6875, 1.2366570915629642e-15]}, 163582], [0.13753197887556465, {"__complex__": [77973.015625, -1.2786660082193964e-15]}, 175940], [0.1425260716253757, {"__complex__": [78327.15625, 2.581892080851566e-17]}, 189064], [0.14752506711896965, {"__complex__": [76944.2265625, 5.310660998246008e-16]}, 202824], [0.1525272624752809, {"__complex__": [76310.453125, 9.069635987669759e-16]}, 216806], [0.15752484634575162, {"__complex__": [76371.5546875, 5.297156116693222e-16]}, 230876], [0.16252366735405163, {"__complex__": [76013.125, -1.6171439208926815e-16]}, 246232], [0.1675242007800524, {"__complex__": [75143.8125, 2.090599339507577e-16]}, 261330], [0.17252326579974073, {"__complex__": [75809.4765625, 7.328881107712909e-16]}, 277280], [0.17752110470595878, {"__complex__": [75339.3515625, -7.408289917122408e-16]}, 293320], [0.1825207522633753, {"__complex__": [74405.328125, 2.8052315079853736e-16]}, 310574], [0.18752231962759572, {"__complex__": [75381.8828125, 1.4101960371261228e-16]}, 327560], [0.19252167162300435, {"__complex__": [74694.046875, -1.4292431942191363e-17]}, 345268], [0.19752225984779248, {"__complex__": [74146.25, 3.0942621782967944e-16]}, 363544], [0.20251992290984697, {"__complex__": [74870.3671875, -1.422258315690616e-16]}, 381660], [0.20751551078768798, {"__complex__": [75162.5546875, -8.344827644772988e-17]}, 400854], [0.21251512379553542, {"__complex__": [75226.390625, 1.4120224519186399e-16]}, 421010], [0.21751870975885984, {"__complex__": [74679.8125, -2.9147028401819075e-16]}, 441160], [0.2225209082741387, {"__complex__": [74788.9609375, 2.1120857860525605e-16]}, 461296], [0.22752039891934017, {"__complex__": [74205.8125, 5.305066345629393e-16]}, 482192], [0.23252118259031918, {"__complex__": [73977.5390625, -1.9431481087473445e-16]}, 503860], [0.23751936566507853, {"__complex__": [74272.015625, -2.8082747385461807e-16]}, 525024], [0.24251707186595864, {"__complex__": [74373.2421875, 7.099195550919595e-17]}, 547954], [0.24751627666670906, {"__complex__": [74175.453125, 1.2735231682708031e-16]}, 570544], [0.2525167544702008, {"__complex__": [73704.6875, 9.628430637465015e-17]}, 594374], [0.25751857595461863, {"__complex__": [73823.5625, 2.6479771943496526e-16]}, 617900], [0.2625190906945416, {"__complex__": [73587.4609375, 3.1123092740292313e-16]}, 642106], [0.2675172479110602, {"__complex__": [73718.6796875, 1.8665677276371852e-16]}, 666112], [0.272514629608296, {"__complex__": [73929.2578125, 9.19626053114158e-17]}, 691786], [0.27751615229387816, {"__complex__": [73970.453125, -4.771449750191271e-17]}, 717996], [0.28251644607381426, {"__complex__": [73788.6328125, 3.642579427581209e-16]}, 743152], [0.2875152531419474, {"__complex__": [73199.0, 1.1838672454329976e-16]}, 770192], [0.2925134012698469, {"__complex__": [73633.046875, -3.436152932298355e-17]}, 796430], [0.2975118362281548, {"__complex__": [73505.2734375, 2.807713843916421e-16]}, 824820], [0.3025125080826814, {"__complex__": [73685.046875, -2.955267777421508e-16]}, 852562], [0.30751063191170563, {"__complex__": [73350.4921875, -3.3145825285436814e-17]}, 880372], [0.3125111278203564, {"__complex__": [72991.2890625, -3.3894468076678137e-16]}, 910652], [0.31751269361539736, {"__complex__": [73582.0, -1.3918164809618885e-16]}, 938996], [0.3225130904459611, {"__complex__": [73503.421875, -6.597987627183504e-17]}, 969352], [0.32751158760760724, {"__complex__": [73502.5234375, -1.982215121159285e-16]}, 998344], [0.3325089848249692, {"__complex__": [73354.4609375, 2.5462898964150388e-17]}, 1029922], [0.33751027924368393, {"__complex__": [73215.4609375, 5.4893267166015417e-17]}, 1061918], [0.34251253316973607, {"__complex__": [73293.2109375, -3.561026301326177e-16]}, 1093272], [0.34751415893089227, {"__complex__": [72956.8046875, 1.9385202648306818e-16]}, 1125464], [0.352514235068077, {"__complex__": [73196.078125, 3.450587498685201e-16]}, 1157380], [0.357512374484406, {"__complex__": [73133.5625, 1.4064157555523064e-16]}, 1190172], [0.3625118834929162, {"__complex__": [73292.734375, 1.2463541894409274e-16]}, 1224650], [0.3675116774700016, {"__complex__": [72995.734375, 2.815625131643776e-16]}, 1257864], [0.3725098709245497, {"__complex__": [73066.28125, -1.5145283939618852e-16]}, 1292312], [0.37751067052804127, {"__complex__": [73084.328125, 6.690883980440149e-17]}, 1328534], [0.3825116981355865, {"__complex__": [72874.5546875, -3.409897185680156e-18]}, 1362848], [0.3875116125361288, {"__complex__": [72851.2421875, 1.0933102912975503e-16]}, 1399204], 