{"edges": {"__dtype__": "<f8", "__shape__": [128], "__data__": [0.0, 0.005, 0.01, 0.015, 0.02, 0.025, 0.03, 0.035, 0.04, 0.045, 0.05, 0.055, 0.06, 0.065, 0.07, 0.075, 0.08, 0.085, 0.09, 0.095, 0.1, 0.105, 0.11, 0.115, 0.12, 0.125, 0.13, 0.135, 0.14, 0.145, 0.15, 0.155, 0.16, 0.165, 0.17, 0.17500000000000002, 0.18, 0.185, 0.19, 0.195, 0.2, 0.20500000000000002, 0.21, 0.215, 0.22, 0.225, 0.23, 0.23500000000000001, 0.24, 0.245, 0.25, 0.255, 0.26, 0.265, 0.27, 0.275, 0.28, 0.28500000000000003, 0.29, 0.295, 0.3, 0.305, 0.31, 0.315, 0.32, 0.325, 0.33, 0.335, 0.34, 0.34500000000000003, 0.35000000000000003, 0.355, 0.36, 0.365, 0.37, 0.375, 0.38, 0.385, 0.39, 0.395, 0.4, 0.405, 0.41000000000000003, 0.41500000000000004, 0.42, 0.425, 0.43, 0.435, 0.44, 0.445, 0.45, 0.455, 0.46, 0.465, 0.47000000000000003, 0.47500000000000003, 0.48, 0.485, 0.49, 0.495, 0.5, 0.505, 0.51, 0.515, 0.52, 0.525, 0.53, 0.535, 0.54, 0.545, 0.55, 0.555, 0.56, 0.5650000000000001, 0.5700000000000001, 0.5750000000000001, 0.58, 0.585, 0.59, 0.595, 0.6, 0.605, 0.61, 0.615, 0.62, 0.625, 0.63, 0.635]}, "poles": {"__dtype__": [["k", "<f8"], ["power_0", "<c8"], ["modes", "<i8"]], "__shape__": [127], "__data__": [[0.0037537781648676505, {"__complex__": [107178.1328125, 3.3220179536906647e-13]}, 77], [0.008050398333474014, {"__complex__": [107180.109375, 7.758919375044915e-14]}, 548], [0.012848609532355457, {"__complex__": [118917.859375, -2.473456823474246e-14]}, 1480], [0.017751579213119567, {"__complex__": [111234.8984375, -6.41269755531507e-15]}, 2872], [0.022691827324042853, {"__complex__": [105361.0546875, -1.6503315717386114e-15]}, 4736], [0.027648005536595924, {"__complex__": [97604.2265625, 4.1404567118895775e-15]}, 7036], [0.032612636555868525, {"__complex__": [96968.4609375, 1.5759343386406613e-15]}, 9838], [0.03761114292794433, {"__complex__": [97698.0625, 5.1698334063146265e-15]}, 13208], [0.04261303922036164, {"__complex__": [94682.421875, -8.021845008729638e-15]}, 16858], [0.04760505554480107, {"__complex__": [93228.7265625, -2.557684170386614e-15]}, 21080], [0.05259133615803475, {"__complex__": [91349.078125, -1.0803443609272347e-15]}, 25624], [0.05756841184374016, {"__complex__": [89345.546875, 2.679912506983067e-15]}, 30728], [0.06256248327880025, {"__complex__": [89013.96875, -4.069588853324599e-15]}, 36498], [0.06756661487904435, {"__complex__": [87773.828125, -3.2581473834809773e-15]}, 42528], [0.07257304507008182, {"__complex__": [85249.6875, -1.1116686716381032e-16]}, 49152], [0.07756473030387098, {"__complex__": [85628.71875, 2.0191305375363014e-16]}, 55744], [0.08254764044823601, {"__complex__": [84335.8125, 1.2237620737322015e-15]}, 63346], [0.08754405971893497, {"__complex__": [83253.0234375, 2.8267233808351754e-16]}, 71388], [0.09254365223263855, {"__complex__": [82523.1796875, 1.2387863206341247e-15]}, 79762], [0.09754150838846357, {"__complex__": [82648.203125, 1.6024999388445163e-15]}, 88564], [0.10254123052801507, {"__complex__": [80650.8125, 8.291888747314084e-16]}, 97988], [0.10754181638082774, {"__complex__": [79002.4765625, 1.2389045346698259e-16]}, 107708], [0.11254085353408888, {"__complex__": [78169.8125, -6.820376524531815e-16]}, 117952], [0.11753281793039293, {"__complex__": [77718.8984375, 2.960964073991793e-16]}, 128288], [0.12252442444514552, {"__complex__": [77938.2109375, 8.388097396441188e-16]}, 139770], [0.12753052839909865, {"__complex__": [78005.796875, 8.567625500216145e-16]}, 151946], [0.13253665927256145, {"__complex__": [77786.8125, 2.672647028938434e-16]}, 163582], [0.13753197887556465, {"__complex__": [77909.75, 1.779557353391451e-15]}, 175940], [0.1425260716253757, {"__complex__": [77671.7109375, 6.04931343292116e-17]}, 189064], [0.14752506711896965, {"__complex__": [77570.78125, -3.712085098348325e-16]}, 202824], [0.1525272624752809, {"__complex__": [77776.8984375, 3.0092356875624276e-16]}, 216806], [0.15752484634575162, {"__complex__": [76495.171875, -5.899133432581789e-16]}, 230876], [0.16252366735405163, {"__complex__": [76236.859375, -1.149923035346492e-15]}, 246232], [0.1675242007800524, {"__complex__": [76163.6171875, 2.488245574041009e-16]}, 261330], [0.17252326579974073, {"__complex__": [75182.328125, 4.774375322581749e-16]}, 277280], [0.17752110470595878, {"__complex__": [75384.421875, -7.656345368610402e-17]}, 293320], [0.1825207522633753, {"__complex__": [75955.8671875, 2.4167030537335424e-16]}, 310574], [0.18752231962759572, {"__complex__": [76080.6875, -1.809925178616412e-16]}, 327560], [0.19252167162300435, {"__complex__": [75753.6484375, 2.0054937041322012e-16]}, 345268], [0.19752225984779248, {"__complex__": [75360.28125, -3.854301136098934e-16]}, 363544], [0.20251992290984697, {"__complex__": [75399.2421875, 2.552017890546397e-16]}, 381660], [0.20751551078768798, {"__complex__": [75417.859375, -1.0343845914372328e-16]}, 400854], [0.21251512379553542, {"__complex__": [75919.796875, -2.234106043711565e-16]}, 421010], [0.21751870975885984, {"__complex__": [75029.2890625, 1.1400843770872188e-16]}, 441160], [0.2225209082741387, {"__complex__": [75680.5703125, 6.06072931946778e-16]}, 461296], [0.22752039891934017, {"__complex__": [75038.671875, -1.41978289498949e-17]}, 482192], [0.23252118259031918, {"__complex__": [74953.859375, -2.712623013581897e-16]}, 503860], [0.23751936566507853, {"__complex__": [75079.984375, -2.3194099377361573e-16]}, 525024], [0.24251707186595864, {"__complex__": [74346.5390625, 5.031758459703585e-16]}, 547954], [0.24751627666670906, {"__complex__": [74503.7265625, -2.2703389368215515e-16]}, 570544], [0.2525167544702008, {"__complex__": [74479.90625, 2.1423907720207472e-16]}, 594374], [0.25751857595461863, {"__complex__": [74248.0859375, -9.691044239368339e-17]}, 617900], [0.2625190906945416, {"__complex__": [74158.5, -5.110055803067608e-17]}, 642106], [0.2675172479110602, {"__complex__": [74784.15625, 1.0902223929836654e-16]}, 666112], [0.272514629608296, {"__complex__": [73987.0625, 9.158064639176332e-17]}, 691786], [0.27751615229387816, {"__complex__": [73925.7890625, 2.655767250486432e-17]}, 717996], [0.28251644607381426, {"__complex__": [73883.6875, -1.1363490445078886e-17]}, 743152], [0.2875152531419474, {"__complex__": [73866.1875, 2.76486747637295e-16]}, 770192], [0.2925134012698469, {"__complex__": [73825.2265625, 7.791369699592128e-17]}, 796430], [0.2975118362281548, {"__complex__": [74247.0, 9.743558958609126e-17]}, 824820], [0.3025125080826814, {"__complex__": [74255.609375, -1.2290843787864943e-16]}, 852562], [0.30751063191170563, {"__complex__": [73987.765625, -1.2522564208965138e-16]}, 880372], [0.3125111278203564, {"__complex__": [74072.7265625, 1.691309728707574e-16]}, 910652], [0.31751269361539736, {"__complex__": [74132.5859375, -5.935213462714576e-17]}, 938996], [0.3225130904459611, {"__complex__": [74248.234375, 4.6355423211875835e-17]}, 969352], [0.32751158760760724, {"__complex__": [73858.96875, 1.0551924851821267e-16]}, 998344], [0.3325089848249692, {"__complex__": [74131.8125, 6.217019339032612e-17]}, 1029922], [0.33751027924368393, {"__complex__": [73611.6015625, -1.711824337294481e-16]}, 1061918], [0.34251253316973607, {"__complex__": [73760.109375, -3.952637426110422e-16]}, 1093272], [0.34751415893089227, {"__complex__": [73914.5390625, -5.0364603859159075e-18]}, 1125464], [0.352514235068077, {"__complex__": [73378.6171875, 6.470906877060247e-17]}, 1157380], [0.357512374484406, {"__complex__": [73307.4453125, -1.0156643692095247e-16]}, 1190172], [0.3625118834929162, {"__complex__": [73364.25, -2.0196059678651724e-17]}, 1224650], [0.3675116774700016, {"__complex__": [73578.96875, 5.0963510746788294e-17]}, 1257864], [0.3725098709245497, {"__complex__": [73618.859375, -2.635064177068761e-16]}, 1292312], [0.37751067052804127, {"__complex__": [73430.75, 1.3107500016048336e-16]}, 1328534], [0.3825116981355865, {"__complex__": [73455.796875, -6.152624982706583e-17]}, 1362848], [0.3875116125361288, {"__complex__": [73503.9453125, -7.523247375839189e-17]}, 1399204], 