{"edges": {"__dtype__": "<f8", "__shape__": [128], "__data__": [0.0, 0.005, 0.01, 0.015, 0.02, 0.025, 0.03, 0.035, 0.04, 0.045, 0.05, 0.055, 0.06, 0.065, 0.07, 0.075, 0.08, 0.085, 0.09, 0.095, 0.1, 0.105, 0.11, 0.115, 0.12, 0.125, 0.13, 0.135, 0.14, 0.145, 0.15, 0.155, 0.16, 0.165, 0.17, 0.17500000000000002, 0.18, 0.185, 0.19, 0.195, 0.2, 0.20500000000000002, 0.21, 0.215, 0.22, 0.225, 0.23, 0.23500000000000001, 0.24, 0.245, 0.25, 0.255, 0.26, 0.265, 0.27, 0.275, 0.28, 0.28500000000000003, 0.29, 0.295, 0.3, 0.305, 0.31, 0.315, 0.32, 0.325, 0.33, 0.335, 0.34, 0.34500000000000003, 0.35000000000000003, 0.355, 0.36, 0.365, 0.37, 0.375, 0.38, 0.385, 0.39, 0.395, 0.4, 0.405, 0.41000000000000003, 0.41500000000000004, 0.42, 0.425, 0.43, 0.435, 0.44, 0.445, 0.45, 0.455, 0.46, 0.465, 0.47000000000000003, 0.47500000000000003, 0.48, 0.485, 0.49, 0.495, 0.5, 0.505, 0.51, 0.515, 0.52, 0.525, 0.53, 0.535, 0.54, 0.545, 0.55, 0.555, 0.56, 0.5650000000000001, 0.5700000000000001, 0.5750000000000001, 0.58, 0.585, 0.59, 0.595, 0.6, 0.605, 0.61, 0.615, 0.62, 0.625, 0.63, 0.635]}, "poles": {"__dtype__": [["k", "<f8"], ["power_2", "<c8"], ["modes", "<i8"]], "__shape__": [127], "__data__": [[0.0037537781648676505, {"__complex__": [-531.703369140625, 7.559436475228221e-13]}, 77], [0.008050398333474014, {"__complex__": [35522.546875, 3.1865506869462046e-13]}, 548], [0.012848609532355457, {"__complex__": [28895.50390625, -3.1463601255637963e-13]}, 1480], [0.017751579213119567, {"__complex__": [1761.0565185546875, -6.485533139179156e-13]}, 2872], [0.022691827324042853, {"__complex__": [28801.65234375, 2.7039031820844106e-13]}, 4736], [0.027648005536595924, {"__complex__": [8247.3720703125, 0.0]}, 7036], [0.032612636555868525, {"__complex__": [12873.8525390625, -9.466584552928273e-14]}, 9838], [0.03761114292794433, {"__complex__": [1839.7037353515625, -1.9390801356093668e-13]}, 13208], [0.04261303922036164, {"__complex__": [-132.92547607421875, 1.6573542668471553e-13]}, 16858], [0.04760505554480107, {"__complex__": [6697.81298828125, -6.627058385562379e-14]}, 21080], [0.05259133615803475, {"__complex__": [3723.304443359375, 3.6345712816363354e-14]}, 25624], [0.05756841184374016, {"__complex__": [7063.826171875, 0.0]}, 30728], [0.06256248327880025, {"__complex__": [4024.56689453125, -2.8706722464627923e-14]}, 36498], [0.06756661487904435, {"__complex__": [3484.636962890625, -5.474761032161438e-15]}, 42528], [0.07257304507008182, {"__complex__": [6258.99658203125, -3.789561370324927e-14]}, 49152], [0.07756473030387098, {"__complex__": [9606.8505859375, -6.682854139863914e-14]}, 55744], [0.08254764044823601, {"__complex__": [10884.7734375, -2.9404304918668675e-14]}, 63346], [0.08754405971893497, {"__complex__": [3280.525146484375, 0.0]}, 71388], [0.09254365223263855, {"__complex__": [1264.0810546875, 1.7514403488172285e-14]}, 79762], [0.09754150838846357, {"__complex__": [5895.41650390625, -2.1031628180548725e-14]}, 88564], [0.10254123052801507, {"__complex__": [1480.8079833984375, -2.3761137642967084e-14]}, 97988], [0.10754181638082774, {"__complex__": [1322.9932861328125, 8.646735095237026e-15]}, 107708], [0.11254085353408888, {"__complex__": [4631.1259765625, 5.132254281389921e-14]}, 117952], [0.11753281793039293, {"__complex__": [3067.0390625, -1.0889435241110551e-14]}, 128288], [0.12252442444514552, {"__complex__": [506.13006591796875, 1.415940847508462e-14]}, 139770], [0.12753052839909865, {"__complex__": [1680.2705078125, 9.193949719382352e-15]}, 151946], [0.13253665927256145, {"__complex__": [2506.75390625, -4.625812096380449e-15]}, 163582], [0.13753197887556465, {"__complex__": [1506.158203125, -1.8526934814858814e-14]}, 175940], [0.1425260716253757, {"__complex__": [-28.903757095336914, -4.9259645739871145e-15]}, 189064], [0.14752506711896965, {"__complex__": [479.451171875, 1.3775330702514577e-14]}, 202824], [0.1525272624752809, {"__complex__": [704.3949584960938, 4.295649241452563e-15]}, 216806], [0.15752484634575162, {"__complex__": [364.3162841796875, 1.4118527276918338e-14]}, 230876], [0.16252366735405163, {"__complex__": [1035.1072998046875, 1.5129187507824382e-14]}, 246232], [0.1675242007800524, {"__complex__": [2775.065673828125, 2.1382679291472376e-14]}, 261330], [0.17252326579974073, {"__complex__": [596.5308837890625, 5.038170181476944e-15]}, 277280], [0.17752110470595878, {"__complex__": [1517.2010498046875, -6.3502153229279094e-15]}, 293320], [0.1825207522633753, {"__complex__": [31.460796356201172, -5.622588610248048e-15]}, 310574], [0.18752231962759572, {"__complex__": [637.50439453125, -1.421606057969583e-14]}, 327560], [0.19252167162300435, {"__complex__": [1426.9295654296875, 0.0]}, 345268], [0.19752225984779248, {"__complex__": [662.813720703125, 5.123575666515648e-15]}, 363544], [0.20251992290984697, {"__complex__": [-2704.707275390625, 2.745212817985743e-15]}, 381660], [0.20751551078768798, {"__complex__": [-1672.3173828125, -2.3233461527816072e-15]}, 400854], [0.21251512379553542, {"__complex__": [-560.5596923828125, 3.04165825589875e-15]}, 421010], [0.21751870975885984, {"__complex__": [470.7086486816406, -5.277691617202674e-15]}, 441160], [0.2225209082741387, {"__complex__": [378.08355712890625, 3.0283892730217747e-15]}, 461296], [0.22752039891934017, {"__complex__": [-29.47673988342285, -5.311446727183705e-15]}, 482192], [0.23252118259031918, {"__complex__": [186.24208068847656, 0.0]}, 503860], [0.23751936566507853, {"__complex__": [-3.2762861251831055, 6.2085333923901035e-15]}, 525024], [0.24251707186595864, {"__complex__": [-367.90887451171875, 5.098909220058656e-15]}, 547954], [0.24751627666670906, {"__complex__": [-563.2672119140625, -4.897023999278277e-15]}, 570544], [0.2525167544702008, {"__complex__": [-63.15134811401367, 3.1337932059451526e-15]}, 594374], [0.25751857595461863, {"__complex__": [-375.0450744628906, -4.521715135294684e-15]}, 617900], [0.2625190906945416, {"__complex__": [-2443.1142578125, -5.80167509222013e-15]}, 642106], [0.2675172479110602, {"__complex__": [-1065.0509033203125, 3.4953678542054903e-15]}, 666112], [0.272514629608296, {"__complex__": [-1671.01123046875, 1.2116323501692831e-14]}, 691786], [0.27751615229387816, {"__complex__": [-353.3467712402344, -1.297113856415003e-15]}, 717996], [0.28251644607381426, {"__complex__": [460.67462158203125, 8.772442407906089e-15]}, 743152], [0.2875152531419474, {"__complex__": [434.84185791015625, -1.813812424569599e-15]}, 770192], [0.2925134012698469, {"__complex__": [271.2902526855469, 9.354972376721289e-15]}, 796430], [0.2975118362281548, {"__complex__": [178.6199493408203, -2.8228055887563283e-16]}, 824820], [0.3025125080826814, {"__complex__": [-326.931396484375, -6.554286312228678e-15]}, 852562], [0.30751063191170563, {"__complex__": [-424.48126220703125, -6.347243507832468e-15]}, 880372], [0.3125111278203564, {"__complex__": [-449.9451904296875, -2.045397373337792e-15]}, 910652], [0.31751269361539736, {"__complex__": [-640.8746337890625, 1.4877421152054908e-15]}, 938996], [0.3225130904459611, {"__complex__": [-52.46422576904297, -9.607681903677531e-16]}, 969352], [0.32751158760760724, {"__complex__": [330.660888671875, 2.3321684244437344e-15]}, 998344], [0.3325089848249692, {"__complex__": [9.811929702758789, 3.1649280195038525e-15]}, 1029922], [0.33751027924368393, {"__complex__": [111.91776275634766, -4.60435124611234e-15]}, 1061918], [0.34251253316973607, {"__complex__": [-270.5987548828125, -1.7037344579641533e-15]}, 1093272], [0.34751415893089227, {"__complex__": [426.44317626953125, -1.4481267018997624e-15]}, 1125464], [0.352514235068077, {"__complex__": [181.5670623779297, -5.23043141391062e-15]}, 1157380], [0.357512374484406, {"__complex__": [-444.1556091308594, -3.3256713677284324e-15]}, 1190172], [0.3625118834929162, {"__complex__": [-1238.6768798828125, 5.323364057235099e-15]}, 1224650], [0.3675116774700016, {"__complex__": [-458.2111511230469, -3.7020003770178744e-16]}, 1257864], [0.3725098709245497, {"__complex__": [-325.6913146972656, 