{"poles": {"dims": ["k"], "edges": [{"__dtype__": "<f8", "__shape__": [86], "__data__": [0.0, 0.005, 0.01, 0.015, 0.02, 0.025, 0.03, 0.035, 0.04, 0.045, 0.05, 0.055, 0.06, 0.065, 0.07, 0.075, 0.08, 0.085, 0.09, 0.095, 0.1, 0.105, 0.11, 0.115, 0.12, 0.125, 0.13, 0.135, 0.14, 0.145, 0.15, 0.155, 0.16, 0.165, 0.17, 0.17500000000000002, 0.18, 0.185, 0.19, 0.195, 0.2, 0.20500000000000002, 0.21, 0.215, 0.22, 0.225, 0.23, 0.23500000000000001, 0.24, 0.245, 0.25, 0.255, 0.26, 0.265, 0.27, 0.275, 0.28, 0.28500000000000003, 0.29, 0.295, 0.3, 0.305, 0.31, 0.315, 0.32, 0.325, 0.33, 0.335, 0.34, 0.34500000000000003, 0.35000000000000003, 0.355, 0.36, 0.365, 0.37, 0.375, 0.38, 0.385, 0.39, 0.395, 0.4, 0.405, 0.41000000000000003, 0.41500000000000004, 0.42, 0.425]}], "coords": [{"__dtype__": "<f8", "__shape__": [85], "__data__": [0.0025, 0.0075, 0.0125, 0.0175, 0.0225, 0.0275, 0.0325, 0.037500000000000006, 0.042499999999999996, 0.0475, 0.052500000000000005, 0.057499999999999996, 0.0625, 0.0675, 0.07250000000000001, 0.0775, 0.0825, 0.0875, 0.0925, 0.0975, 0.10250000000000001, 0.1075, 0.1125, 0.1175, 0.1225, 0.1275, 0.1325, 0.1375, 0.14250000000000002, 0.1475, 0.1525, 0.1575, 0.1625, 0.1675, 0.17250000000000001, 0.1775, 0.1825, 0.1875, 0.1925, 0.1975, 0.2025, 0.20750000000000002, 0.2125, 0.2175, 0.2225, 0.2275, 0.2325, 0.2375, 0.2425, 0.2475, 0.2525, 0.2575, 0.2625, 0.2675, 0.2725, 0.2775, 0.28250000000000003, 0.2875, 0.2925, 0.2975, 0.3025, 0.3075, 0.3125, 0.3175, 0.3225, 0.3275, 0.3325, 0.3375, 0.3425, 0.34750000000000003, 0.35250000000000004, 0.3575, 0.3625, 0.3675, 0.3725, 0.3775, 0.3825, 0.3875, 0.3925, 0.3975, 0.4025, 0.40750000000000003, 0.41250000000000003, 0.4175, 0.4225]}], "data": {"__dtype__": [["k", "<f8"], ["power_0", "<c8"], ["modes", "<i8"]], "__shape__": [85], "__data__": [[0.003785962175218714, {"__complex__": [77539.4765625, 1.3051045704218223e-13]}, 223], [0.008055650047333739, {"__complex__": [83559.9453125, 2.879666719923096e-14]}, 1516], [0.012838659412058445, {"__complex__": [98481.65625, -1.1979784839914048e-13]}, 4130], [0.017758445021159877, {"__complex__": [111040.40625, -4.3341520558062493e-14]}, 8058], [0.022686221993372543, {"__complex__": [101254.0, -4.2153739808654944e-14]}, 13118], [0.02764503576190599, {"__complex__": [92822.4609375, -2.9421583543759715e-15]}, 19784], [0.032626124011193657, {"__complex__": [92840.046875, 0.0]}, 27482], [0.03761517664423396, {"__complex__": [94315.0234375, -2.4520811000173365e-14]}, 36794], [0.042612076216348424, {"__complex__": [95111.921875, -2.4737637458626836e-15]}, 47060], [0.04758810749327745, {"__complex__": [90491.8203125, -1.4933721102718296e-14]}, 58466], [0.05257639262811682, {"__complex__": [87860.046875, 4.0459075061852635e-15]}, 71934], [0.057576644294676294, {"__complex__": [84639.71875, -8.958040879176662e-15]}, 86096], [0.06257060468948772, {"__complex__": [84755.9140625, 1.2595839017528858e-14]}, 101666], [0.06756431050677218, {"__complex__": [82944.140625, 5.8947449548820644e-15]}, 118494], [0.07255460479533274, {"__complex__": [81460.7578125, -5.1137852361948094e-15]}, 136590], [0.07755203808236072, {"__complex__": [81838.1171875, 1.4873935611476956e-15]}, 156536], [0.08254994891496988, {"__complex__": [80468.0, 3.948602055270584e-15]}, 176896], [0.0875465852208996, {"__complex__": [79649.8828125, 2.919140498732132e-16]}, 199400], [0.09254606261661012, {"__complex__": [77317.90625, 4.707283960412104e-15]}, 222578], [0.09754095165434574, {"__complex__": [76735.6484375, 2.3555364223321453e-16]}, 247110], [0.10253878096196406, {"__complex__": [75977.0703125, 1.702463696785035e-15]}, 273522], [0.1075376536617221, {"__complex__": [75451.2734375, 1.065265586279332e-15]}, 300528], [0.11253874421958751, {"__complex__": [74986.59375, 3.882558049340219e-15]}, 329826], [0.11753930483919833, {"__complex__": [74829.6171875, 1.2975259379438423e-15]}, 358884], [0.12253435939470513, {"__complex__": [74030.859375, -2.610463216846503e-15]}, 390212], [0.1275324928771181, {"__complex__": [74403.3515625, -3.5777083505245545e-15]}, 423008], [0.13253098558293935, {"__complex__": [73762.9921875, 5.099806439708035e-16]}, 456548], [0.1375294182229233, {"__complex__": [73443.4765625, 4.73252236586673e-16]}, 491980], [0.14252928720123362, {"__complex__": [73783.4453125, 6.611251501393016e-16]}, 528260], [0.14752710781464048, {"__complex__": [73507.4765625, 5.144291551306647e-16]}, 565750], [0.15252590457329984, {"__complex__": [73409.7109375, 7.695405498879646e-16]}, 605116], [0.15752627544450365, {"__complex__": [71787.5390625, 3.6073502685137187e-16]}, 645434], [0.1625268432433497, {"__complex__": [71740.640625, 3.3877609474049816e-16]}, 687270], [0.16752762298865234, {"__complex__": [72001.5625, -1.1164152589860591e-15]}, 729932], [0.17252411279445126, {"__complex__": [72200.421875, -6.022613895632521e-16]}, 773188], [0.17752203527930777, {"__complex__": [72206.53125, -4.258972450138656e-16]}, 820024], [0.18252363779831107, {"__complex__": [71535.578125, 2.1491182517949757e-15]}, 866702], [0.18752234050808908, {"__complex__": [71857.359375, 1.2735819047117393e-15]}, 914078], [0.19252201016210274, {"__complex__": [71510.3828125, -2.4142088064016745e-16]}, 964418], [0.19752271477956754, {"__complex__": [71144.1640625, 1.1471637196416927e-16]}, 1014810], [0.20252178570627094, {"__complex__": [71017.9296875, 8.733070622451815e-16]}, 1066432], [0.20751974798690762, {"__complex__": [71336.40625, 8.318811689542562e-16]}, 1119538], [0.2125197454352182, {"__complex__": [70660.0859375, -1.8816822100177705e-15]}, 1175486], [0.2175192296548309, {"__complex__": [70711.375, -1.514769242486481e-15]}, 1229656], [0.22251681667262319, {"__complex__": [70618.4453125, -1.808053500500776e-16]}, 1287742], [0.22751746426403283, {"__complex__": [70648.5859375, -3.4572560302602567e-16]}, 1346910], [0.23251730364615478, {"__complex__": [70341.9296875, -4.1410194064643504e-16]}, 1405636], [0.23751678657474465, {"__complex__": [70848.015625, 7.931160708484527e-16]}, 1467822], [0.2425174971485461, {"__complex__": [69996.046875, 0.0]}, 1529730], [0.24751707342858845, {"__complex__": [69958.03125, 0.0]}, 1593442], [0.2525171832510974, {"__complex__": [69975.625, 2.8071908010714912e-16]}, 1658816], [0.2575157181508458, {"__complex__": [70589.046875, -7.42966744052433e-16]}, 1723588], [0.2625146768272274, {"__complex__": [70449.5390625, -5.842930149553506e-16]}, 1793172], [0.2675153728644548, {"__complex__": [70242.1640625, -6.254422990494381e-16]}, 1861328], [0.2725140790996068, {"__complex__": [70336.921875, -7.234884802764915e-16]}, 1930900], [0.2775148647609448, {"__complex__": [70322.3671875, 6.968786755407017e-16]}, 2004630], [0.28251520974118804, {"__complex__": [69778.8984375, 8.977018228843421e-16]}, 2074904], [0.28751406015515885, {"__complex__": [70000.3671875, -7.578650477430113e-16]}, 2150534], [0.29251361364437867, {"__complex__": [70035.15625, -1.2558467288621288e-15]}, 2224768], [0.2975131524186939, {"__complex__": [69614.8359375, -1.0110306357669007e-16]}, 2302904], [0.3025147259314174, {"__complex__": [69896.6953125, -2.9331295125538327e-16]}, 2381388], [0.3075149652713783, {"__complex__": [69831.7578125, -6.628064576000422e-16]}, 2458960], [0.31251335064096714, {"__complex__": [69658.6328125, 1.4668391420122676e-15]}, 2539672], [0.31751349612987984, {"__complex__": [69548.84375, -1.7752272680255277e-16]}, 2623108], [0.32251268944270295, {"__complex__": [69719.078125, 1.044022211720431e-15]}, 2704034], [0.32751171630842707, {"__complex__": [69459.8203125, -2.503095914490949e-16]}, 2790512], [0.33251237563902225, {"__complex__": [69847.09375, -1.2952350314588746e-15]}, 2876150], [0.3375123279265873, {"__complex__": [69635.546875, 1.3063933141104107e-15]}, 2962974], [0.34251273719712905, {"__complex__": [69682.90625, 9.154618803267783e-16]}, 3051976], [0.34751247641754474, {"__complex__": [69777.359375, -2.965466583502042e-16]}, 3140560], [0.35251198333721223, {"__complex__": [69400.6796875, 0.0]}, 3232476], 