{"edges": {"__dtype__": "<f8", "__shape__": [116], "__data__": [0.0, 0.005, 0.01, 0.015, 0.02, 0.025, 0.03, 0.035, 0.04, 0.045, 0.05, 0.055, 0.06, 0.065, 0.07, 0.075, 0.08, 0.085, 0.09, 0.095, 0.1, 0.105, 0.11, 0.115, 0.12, 0.125, 0.13, 0.135, 0.14, 0.145, 0.15, 0.155, 0.16, 0.165, 0.17, 0.17500000000000002, 0.18, 0.185, 0.19, 0.195, 0.2, 0.20500000000000002, 0.21, 0.215, 0.22, 0.225, 0.23, 0.23500000000000001, 0.24, 0.245, 0.25, 0.255, 0.26, 0.265, 0.27, 0.275, 0.28, 0.28500000000000003, 0.29, 0.295, 0.3, 0.305, 0.31, 0.315, 0.32, 0.325, 0.33, 0.335, 0.34, 0.34500000000000003, 0.35000000000000003, 0.355, 0.36, 0.365, 0.37, 0.375, 0.38, 0.385, 0.39, 0.395, 0.4, 0.405, 0.41000000000000003, 0.41500000000000004, 0.42, 0.425, 0.43, 0.435, 0.44, 0.445, 0.45, 0.455, 0.46, 0.465, 0.47000000000000003, 0.47500000000000003, 0.48, 0.485, 0.49, 0.495, 0.5, 0.505, 0.51, 0.515, 0.52, 0.525, 0.53, 0.535, 0.54, 0.545, 0.55, 0.555, 0.56, 0.5650000000000001, 0.5700000000000001, 0.5750000000000001]}, "poles": {"__dtype__": [["k", "<f8"], ["power_2", "<c8"], ["modes", "<i8"]], "__shape__": [115], "__data__": [[0.0037054420134658554, {"__complex__": [-60732.50390625, -7.012970933140128e-13]}, 83], [0.008002706039259398, {"__complex__": [-11201.955078125, 7.813108883827913e-13]}, 596], [0.012849701484846114, {"__complex__": [-6667.11572265625, 4.2384219506481913e-13]}, 1648], [0.0177641384261076, {"__complex__": [36859.3359375, -1.1066095143095339e-13]}, 3156], [0.022684229681789413, {"__complex__": [2375.978515625, -1.5743957244677975e-13]}, 5176], [0.027646384376179004, {"__complex__": [24403.681640625, -4.4752172616551594e-14]}, 7804], [0.032636129245414154, {"__complex__": [10455.1455078125, -8.564673357460903e-14]}, 10874], [0.037622935176432226, {"__complex__": [1953.1591796875, 6.448709161067587e-14]}, 14442], [0.0426065943302704, {"__complex__": [13313.03515625, 2.8250051427379345e-14]}, 18544], [0.047584168879418735, {"__complex__": [3610.27734375, -3.0316491640225776e-14]}, 23040], [0.052572163944886785, {"__complex__": [10416.6962890625, 7.387279942492123e-14]}, 28366], [0.05756591012932392, {"__complex__": [5807.375, -1.8933239578997757e-14]}, 33818], [0.06255885577973451, {"__complex__": [5348.28076171875, -5.8019097203465195e-15]}, 40130], [0.06756290621144688, {"__complex__": [4751.19580078125, -3.2311352486831535e-14]}, 46838], [0.07256050504780319, {"__complex__": [1480.5218505859375, 8.651233687219893e-15]}, 53826], [0.0775516441986681, {"__complex__": [4466.80712890625, 7.561400439701042e-15]}, 61584], [0.08254999402587553, {"__complex__": [1875.93701171875, 0.0]}, 69864], [0.08754547074829418, {"__complex__": [-1160.7510986328125, 0.0]}, 78404], [0.09254370656486871, {"__complex__": [4096.11865234375, -3.9731287412912795e-15]}, 87902], [0.09754153604884025, {"__complex__": [1157.7705078125, -1.345876484397249e-14]}, 97310], [0.10253422913940137, {"__complex__": [-985.6043090820312, -1.7292186088526014e-14]}, 107716], [0.1075359850070505, {"__complex__": [1630.874267578125, 4.415097404157891e-15]}, 118654], [0.11253957840084304, {"__complex__": [-915.4048461914062, -2.6883686486537436e-15]}, 129910], [0.11753653834673844, {"__complex__": [2852.79931640625, 1.9762672875674007e-14]}, 141376], [0.12253336603812491, {"__complex__": [1735.2911376953125, -3.024599435857522e-15]}, 153958], [0.12753369323485178, {"__complex__": [2172.542236328125, -2.79310744895529e-15]}, 166718], [0.1325298054599073, {"__complex__": [1127.3355712890625, -4.855871750568874e-15]}, 179806], [0.13753126919241337, {"__complex__": [2415.3369140625, -9.5873270666803e-15]}, 194282], [0.14252978867508304, {"__complex__": [1674.66455078125, -1.5688339367295363e-14]}, 207774], [0.14752584639061916, {"__complex__": [968.1197509765625, 7.299485146915804e-15]}, 223278], [0.1525273402624495, {"__complex__": [138.86480712890625, 1.952490903331383e-14]}, 238496], [0.15752777994300757, {"__complex__": [-563.1614990234375, 5.490339238610866e-15]}, 254444], [0.16252677921627748, {"__complex__": [-824.5604248046875, 5.160978100367556e-15]}, 270682], [0.16752582095517576, {"__complex__": [-495.8724060058594, -8.092546001804007e-15]}, 287710], [0.1725259295419247, {"__complex__": [701.8944091796875, 2.2886218253506804e-15]}, 305202], [0.17752572093623975, {"__complex__": [1266.52001953125, 2.883280247179378e-15]}, 323008], [0.18252702152554795, {"__complex__": [821.9136962890625, -8.173989913748403e-15]}, 341812], [0.18752508561671835, {"__complex__": [213.89328002929688, -6.143800593462088e-15]}, 360020], [0.19252006361125312, {"__complex__": [-345.97882080078125, 1.2263022196618988e-15]}, 379728], [0.19751626124600596, {"__complex__": [1651.279052734375, 1.0486292450963709e-14]}, 399660], [0.20251335405021748, {"__complex__": [64.59603881835938, -2.2157464987007094e-15]}, 420320], [0.20751594275294782, {"__complex__": [-475.08148193359375, -6.7152052080315765e-15]}, 442070], [0.21251689533718626, {"__complex__": [-799.4178466796875, -1.0065217973323493e-14]}, 462644], [0.21751895130525958, {"__complex__": [789.8313598632812, 2.875517401976029e-15]}, 485820], [0.22252064263763735, {"__complex__": [635.7334594726562, 6.425395849743833e-15]}, 507304], [0.22751949683857262, {"__complex__": [501.7453918457031, -5.263929872908633e-15]}, 530776], [0.23252062744923513, {"__complex__": [-1066.065185546875, -7.137871260579683e-15]}, 554524], [0.23751988845699762, {"__complex__": [-915.2781372070312, 2.416893742025793e-15]}, 578008], [0.24251952417933192, {"__complex__": [-260.2843017578125, -1.9297318480166652e-15]}, 603272], [0.24751886354741093, {"__complex__": [-204.56951904296875, -2.967186060384968e-15]}, 627748], [0.2525158523431189, {"__complex__": [-950.3471069335938, 5.345841347039913e-15]}, 653304], [0.2575140585584922, {"__complex__": [-472.90960693359375, 4.794305160797695e-15]}, 679896], [0.2625126084722789, {"__complex__": [-298.6146545410156, -3.2974547944312604e-15]}, 706092], [0.26751303339828036, {"__complex__": [-0.23496323823928833, -3.8051578726860154e-15]}, 734258], [0.2725141980302592, {"__complex__": [-1807.774658203125, 0.0]}, 761190], [0.27751499291909654, {"__complex__": [-15.114001274108887, 0.0]}, 789966], [0.2825156597003922, {"__complex__": [-339.3557434082031, 0.0]}, 818248], [0.2875141801620819, {"__complex__": [27.28091812133789, 4.398092794225287e-15]}, 847024], [0.29251195304227423, {"__complex__": [587.4486083984375, -2.654841390535524e-15]}, 877004], [0.2975142527009851, {"__complex__": [-64.17671203613281, 1.0250061102963352e-15]}, 908602], [0.30251615798691667, {"__complex__": [-1440.322509765625, 1.9861817235117176e-15]}, 937802], [0.30751506635382575, {"__complex__": [-818.5181884765625, 1.6807305254243842e-15]}, 969706], [0.31251223811931306, {"__complex__": [13.002778053283691, -9.313635474829385e-16]}, 999956], [0.3175098816792195, {"__complex__": [26.270145416259766, -2.8145204418618787e-15]}, 1034060], [0.3225110492752749, {"__complex__": [-164.45489501953125, 4.58505964722215e-15]}, 1066386], [0.3275123331358606, {"__complex__": [-628.3651123046875, -2.750939607742129e-15]}, 1100278], [0.3325123291547583, {"__complex__": [336.93670654296875, 8.219462136367921e-16]}, 1133070], [0.3375117534479973, {"__complex__": [-1188.6075439453125, 1.5946185090285519e-15]}, 1168082], [0.3425129583700723, {"__complex__": [-218.8424835205078, -1.548001415501701e-15]}, 1203258], [0.3475132726509487, {"__complex__": [-474.9190673828125, 3.761721758453019e-16]}, 1237894], [0.35251300538197095, {"__complex__": [-319.7137451171875, -2.923805056233102e-15]}, 1274124], [0.3575125695577228, {"__complex__": [-713.2473754882812, 0.0]}, 1310242], [0.36251151779301266, {"__complex__": [114.16166687011719, -2.7657967773952064e-15]}, 1346914], [0.3675115630015573, {"__complex__": [341.2422180175781, -3.0252762151823783e-15]}, 1385312], [0.3725118957087531, {"__complex__": [776.27587890625, 3.928774708041255e-15]}, 1422310], [0.37751124096797295, {"__complex__": [465.4506530761719, 