{"edges": {"__dtype__": "<f8", "__shape__": [128], "__data__": [0.0, 0.005, 0.01, 0.015, 0.02, 0.025, 0.03, 0.035, 0.04, 0.045, 0.05, 0.055, 0.06, 0.065, 0.07, 0.075, 0.08, 0.085, 0.09, 0.095, 0.1, 0.105, 0.11, 0.115, 0.12, 0.125, 0.13, 0.135, 0.14, 0.145, 0.15, 0.155, 0.16, 0.165, 0.17, 0.17500000000000002, 0.18, 0.185, 0.19, 0.195, 0.2, 0.20500000000000002, 0.21, 0.215, 0.22, 0.225, 0.23, 0.23500000000000001, 0.24, 0.245, 0.25, 0.255, 0.26, 0.265, 0.27, 0.275, 0.28, 0.28500000000000003, 0.29, 0.295, 0.3, 0.305, 0.31, 0.315, 0.32, 0.325, 0.33, 0.335, 0.34, 0.34500000000000003, 0.35000000000000003, 0.355, 0.36, 0.365, 0.37, 0.375, 0.38, 0.385, 0.39, 0.395, 0.4, 0.405, 0.41000000000000003, 0.41500000000000004, 0.42, 0.425, 0.43, 0.435, 0.44, 0.445, 0.45, 0.455, 0.46, 0.465, 0.47000000000000003, 0.47500000000000003, 0.48, 0.485, 0.49, 0.495, 0.5, 0.505, 0.51, 0.515, 0.52, 0.525, 0.53, 0.535, 0.54, 0.545, 0.55, 0.555, 0.56, 0.5650000000000001, 0.5700000000000001, 0.5750000000000001, 0.58, 0.585, 0.59, 0.595, 0.6, 0.605, 0.61, 0.615, 0.62, 0.625, 0.63, 0.635]}, "poles": {"__dtype__": [["k", "<f8"], ["power_0", "<c8"], ["modes", "<i8"]], "__shape__": [127], "__data__": [[0.0037537781648676505, {"__complex__": [85489.09375, -8.858714407649834e-14]}, 77], [0.008050398333474014, {"__complex__": [87708.4921875, -4.420146228743295e-14]}, 548], [0.012848609532355457, {"__complex__": [115991.578125, -2.86905644641261e-14]}, 1480], [0.017751579213119567, {"__complex__": [111902.9375, 1.0009943991317466e-14]}, 2872], [0.022691827324042853, {"__complex__": [107499.703125, -2.162834425716454e-14]}, 4736], [0.027648005536595924, {"__complex__": [101304.9296875, 8.341505290386281e-16]}, 7036], [0.032612636555868525, {"__complex__": [101359.890625, 6.0018399890846355e-15]}, 9838], [0.03761114292794433, {"__complex__": [97749.2265625, 5.359061837280658e-15]}, 13208], [0.04261303922036164, {"__complex__": [100160.875, -1.1855585584704276e-14]}, 16858], [0.04760505554480107, {"__complex__": [95601.640625, -3.502490342500715e-15]}, 21080], [0.05259133615803475, {"__complex__": [93557.265625, -8.25911672494746e-15]}, 25624], [0.05756841184374016, {"__complex__": [89606.796875, -7.532520401378154e-17]}, 30728], [0.06256248327880025, {"__complex__": [89640.078125, -5.373165412308475e-17]}, 36498], [0.06756661487904435, {"__complex__": [88859.703125, 4.295827965404434e-15]}, 42528], [0.07257304507008182, {"__complex__": [87447.296875, 3.4983588995958126e-17]}, 49152], [0.07756473030387098, {"__complex__": [85257.25, -1.7782846863882013e-15]}, 55744], [0.08254764044823601, {"__complex__": [83959.3359375, 1.4338152332229537e-15]}, 63346], [0.08754405971893497, {"__complex__": [83953.3359375, -2.290597741458388e-15]}, 71388], [0.09254365223263855, {"__complex__": [84310.3359375, 2.98633599301473e-15]}, 79762], [0.09754150838846357, {"__complex__": [81574.7265625, -6.739260943733599e-16]}, 88564], [0.10254123052801507, {"__complex__": [79549.5234375, 2.5162093080034254e-16]}, 97988], [0.10754181638082774, {"__complex__": [80232.8671875, -4.949680967114643e-16]}, 107708], [0.11254085353408888, {"__complex__": [80814.4140625, 3.5225334184337974e-16]}, 117952], [0.11753281793039293, {"__complex__": [81257.40625, -4.132666073417647e-16]}, 128288], [0.12252442444514552, {"__complex__": [79581.5078125, -1.3906343406048767e-15]}, 139770], [0.12753052839909865, {"__complex__": [78531.71875, -3.4349647700664837e-16]}, 151946], [0.13253665927256145, {"__complex__": [78764.421875, 1.1847301767916252e-17]}, 163582], [0.13753197887556465, {"__complex__": [78203.1875, -1.336306176763578e-16]}, 175940], [0.1425260716253757, {"__complex__": [77577.953125, -1.0631702385260617e-15]}, 189064], [0.14752506711896965, {"__complex__": [77229.0859375, -5.194966356167319e-16]}, 202824], [0.1525272624752809, {"__complex__": [77068.5078125, 5.869353342343104e-16]}, 216806], [0.15752484634575162, {"__complex__": [77002.1171875, 1.285526657454801e-15]}, 230876], [0.16252366735405163, {"__complex__": [76661.0390625, -6.47830597455231e-16]}, 246232], [0.1675242007800524, {"__complex__": [76464.3046875, 8.669298570644223e-16]}, 261330], [0.17252326579974073, {"__complex__": [75557.9140625, 3.306821390641117e-16]}, 277280], [0.17752110470595878, {"__complex__": [75429.4296875, -1.466045551550029e-16]}, 293320], [0.1825207522633753, {"__complex__": [75935.6015625, -1.5883344774719906e-16]}, 310574], [0.18752231962759572, {"__complex__": [75968.8203125, -2.4402399817553713e-16]}, 327560], [0.19252167162300435, {"__complex__": [76201.8984375, -1.198084428754865e-16]}, 345268], [0.19752225984779248, {"__complex__": [75951.9296875, -4.711368776800237e-16]}, 363544], [0.20251992290984697, {"__complex__": [75081.6484375, -1.7601598753828537e-16]}, 381660], [0.20751551078768798, {"__complex__": [74857.7578125, -2.5515292584149497e-16]}, 400854], [0.21251512379553542, {"__complex__": [74714.1015625, 1.807959268085394e-16]}, 421010], [0.21751870975885984, {"__complex__": [75248.53125, -5.279543654741845e-16]}, 441160], [0.2225209082741387, {"__complex__": [75272.3984375, -1.1090292541087323e-17]}, 461296], [0.22752039891934017, {"__complex__": [75046.9375, 3.189205307261141e-16]}, 482192], [0.23252118259031918, {"__complex__": [74733.1953125, -3.734426651123341e-16]}, 503860], [0.23751936566507853, {"__complex__": [74877.28125, -2.8216065077403714e-16]}, 525024], [0.24251707186595864, {"__complex__": [75069.828125, 1.0887379677436022e-16]}, 547954], [0.24751627666670906, {"__complex__": [74392.109375, -5.084565405311174e-17]}, 570544], [0.2525167544702008, {"__complex__": [74455.078125, -2.4924550630910666e-16]}, 594374], [0.25751857595461863, {"__complex__": [74618.8671875, -2.3403157696655775e-16]}, 617900], [0.2625190906945416, {"__complex__": [74951.34375, 2.742704065214653e-16]}, 642106], [0.2675172479110602, {"__complex__": [74937.8203125, 7.746420043361506e-17]}, 666112], [0.272514629608296, {"__complex__": [74317.265625, 3.0361988638559e-16]}, 691786], [0.27751615229387816, {"__complex__": [74048.5234375, 3.770524018961767e-16]}, 717996], [0.28251644607381426, {"__complex__": [74021.3828125, 2.758344528585704e-16]}, 743152], [0.2875152531419474, {"__complex__": [74044.9765625, 1.2600210660448756e-16]}, 770192], [0.2925134012698469, {"__complex__": [74213.796875, -1.3980358203771032e-16]}, 796430], [0.2975118362281548, {"__complex__": [74158.9765625, 1.3768153951171169e-16]}, 824820], [0.3025125080826814, {"__complex__": [73860.6796875, -5.110834676332388e-17]}, 852562], [0.30751063191170563, {"__complex__": [73887.3359375, 2.7910614408711973e-16]}, 880372], [0.3125111278203564, {"__complex__": [73904.4296875, 1.3423202430379815e-16]}, 910652], [0.31751269361539736, {"__complex__": [73917.5, 4.627013096455427e-17]}, 938996], [0.3225130904459611, {"__complex__": [73573.6328125, -9.677629355066199e-17]}, 969352], [0.32751158760760724, {"__complex__": [73810.0078125, -8.894359459894426e-17]}, 998344], [0.3325089848249692, {"__complex__": [73907.8125, -1.732958735770762e-16]}, 1029922], [0.33751027924368393, {"__complex__": [73805.5859375, 3.285729807033342e-17]}, 1061918], [0.34251253316973607, {"__complex__": [73909.453125, -1.931595902835776e-16]}, 1093272], [0.34751415893089227, {"__complex__": [73675.9375, -1.0419601100103404e-16]}, 1125464], [0.352514235068077, {"__complex__": [73685.9140625, -7.6318363379327e-17]}, 1157380], [0.357512374484406, {"__complex__": [73614.2265625, 4.630666124563808e-16]}, 1190172], [0.3625118834929162, {"__complex__": [73642.3203125, 9.368355126710993e-17]}, 1224650], [0.3675116774700016, {"__complex__": [73190.125, 1.1232187599673037e-16]}, 1257864], [0.3725098709245497, {"__complex__": [73532.609375, -1.5787747842199398e-16]}, 1292312], [0.37751067052804127, {"__complex__": [73390.3515625, 1.1690337132931047e-16]}, 1328534], [0.3825116981355865, {"__complex__": [73564.3671875, 2.545999986153951e-16]}, 1362848], [0.3875116125361288, {"__complex__": [73408.1953125, 