{"edges": {"__dtype__": "<f8", "__shape__": [116], "__data__": [0.0, 0.005, 0.01, 0.015, 0.02, 0.025, 0.03, 0.035, 0.04, 0.045, 0.05, 0.055, 0.06, 0.065, 0.07, 0.075, 0.08, 0.085, 0.09, 0.095, 0.1, 0.105, 0.11, 0.115, 0.12, 0.125, 0.13, 0.135, 0.14, 0.145, 0.15, 0.155, 0.16, 0.165, 0.17, 0.17500000000000002, 0.18, 0.185, 0.19, 0.195, 0.2, 0.20500000000000002, 0.21, 0.215, 0.22, 0.225, 0.23, 0.23500000000000001, 0.24, 0.245, 0.25, 0.255, 0.26, 0.265, 0.27, 0.275, 0.28, 0.28500000000000003, 0.29, 0.295, 0.3, 0.305, 0.31, 0.315, 0.32, 0.325, 0.33, 0.335, 0.34, 0.34500000000000003, 0.35000000000000003, 0.355, 0.36, 0.365, 0.37, 0.375, 0.38, 0.385, 0.39, 0.395, 0.4, 0.405, 0.41000000000000003, 0.41500000000000004, 0.42, 0.425, 0.43, 0.435, 0.44, 0.445, 0.45, 0.455, 0.46, 0.465, 0.47000000000000003, 0.47500000000000003, 0.48, 0.485, 0.49, 0.495, 0.5, 0.505, 0.51, 0.515, 0.52, 0.525, 0.53, 0.535, 0.54, 0.545, 0.55, 0.555, 0.56, 0.5650000000000001, 0.5700000000000001, 0.5750000000000001]}, "poles": {"__dtype__": [["k", "<f8"], ["power_0", "<c8"], ["modes", "<i8"]], "__shape__": [115], "__data__": [[0.0037054420134658554, {"__complex__": [170087.796875, -4.2735292301449013e-13]}, 83], [0.008002706039259398, {"__complex__": [92410.359375, -2.060097121917622e-14]}, 596], [0.012849701484846114, {"__complex__": [99316.859375, -1.0589156132078271e-14]}, 1648], [0.0177641384261076, {"__complex__": [111648.3359375, 7.736383047043677e-15]}, 3156], [0.022684229681789413, {"__complex__": [103465.09375, 9.741134697374525e-15]}, 5176], [0.027646384376179004, {"__complex__": [98349.5703125, 1.5398582948566823e-14]}, 7804], [0.032636129245414154, {"__complex__": [96449.2734375, 1.3068654290993866e-15]}, 10874], [0.037622935176432226, {"__complex__": [89052.0625, 7.232363026862262e-17]}, 14442], [0.0426065943302704, {"__complex__": [87968.3125, 1.4878329594890838e-15]}, 18544], [0.047584168879418735, {"__complex__": [87578.7734375, 1.4785625809280795e-16]}, 23040], [0.052572163944886785, {"__complex__": [84542.2890625, 4.178189594470033e-16]}, 28366], [0.05756591012932392, {"__complex__": [83388.6640625, -6.7522362179361136e-15]}, 33818], [0.06255885577973451, {"__complex__": [80840.2734375, 1.3989972027722368e-16]}, 40130], [0.06756290621144688, {"__complex__": [79223.3984375, -3.3022534478356928e-15]}, 46838], [0.07256050504780319, {"__complex__": [80030.2421875, 2.12690227165439e-15]}, 53826], [0.0775516441986681, {"__complex__": [78131.09375, -2.1759391265533095e-15]}, 61584], [0.08254999402587553, {"__complex__": [76020.453125, -9.950674131382767e-16]}, 69864], [0.08754547074829418, {"__complex__": [75206.109375, -2.4231986317686804e-15]}, 78404], [0.09254370656486871, {"__complex__": [73820.0546875, -5.271077560434038e-16]}, 87902], [0.09754153604884025, {"__complex__": [74184.0703125, -3.9373156588857756e-16]}, 97310], [0.10253422913940137, {"__complex__": [73266.296875, -6.977266614000216e-16]}, 107716], [0.1075359850070505, {"__complex__": [73034.234375, 1.5452959922681708e-15]}, 118654], [0.11253957840084304, {"__complex__": [72989.6171875, -1.092409498227925e-15]}, 129910], [0.11753653834673844, {"__complex__": [72720.9296875, -1.586770537014004e-15]}, 141376], [0.12253336603812491, {"__complex__": [71901.296875, -1.576081484145467e-16]}, 153958], [0.12753369323485178, {"__complex__": [71362.4296875, -6.345394858425085e-16]}, 166718], [0.1325298054599073, {"__complex__": [70918.4296875, -5.943372375230105e-16]}, 179806], [0.13753126919241337, {"__complex__": [70733.375, 4.711942046051961e-17]}, 194282], [0.14252978867508304, {"__complex__": [70110.6171875, -1.2498208305962433e-15]}, 207774], [0.14752584639061916, {"__complex__": [70273.4375, -5.377648598879614e-16]}, 223278], [0.1525273402624495, {"__complex__": [69480.46875, -5.982307832837425e-16]}, 238496], [0.15752777994300757, {"__complex__": [70252.953125, 4.921399397273659e-17]}, 254444], [0.16252677921627748, {"__complex__": [69491.8515625, 5.439182895519679e-16]}, 270682], [0.16752582095517576, {"__complex__": [69226.046875, -9.451589613366325e-16]}, 287710], [0.1725259295419247, {"__complex__": [69017.953125, -4.37686911318241e-16]}, 305202], [0.17752572093623975, {"__complex__": [69478.8828125, -4.1456831169323733e-16]}, 323008], [0.18252702152554795, {"__complex__": [69132.484375, -3.3051913816132443e-16]}, 341812], [0.18752508561671835, {"__complex__": [68653.6875, -4.0210043669590726e-16]}, 360020], [0.19252006361125312, {"__complex__": [68512.390625, -7.723331116359436e-17]}, 379728], [0.19751626124600596, {"__complex__": [68374.25, -4.861846826857924e-16]}, 399660], [0.20251335405021748, {"__complex__": [68355.5390625, 1.556361895388897e-16]}, 420320], [0.20751594275294782, {"__complex__": [68366.2421875, -5.90030763200492e-16]}, 442070], [0.21251689533718626, {"__complex__": [68871.9453125, 5.795571478681334e-16]}, 462644], [0.21751895130525958, {"__complex__": [67383.546875, -3.9029970602365836e-16]}, 485820], [0.22252064263763735, {"__complex__": [67810.953125, -1.4003494114631895e-16]}, 507304], [0.22751949683857262, {"__complex__": [67856.3984375, -2.4894551437071328e-17]}, 530776], [0.23252062744923513, {"__complex__": [67567.9296875, 3.6879030356231536e-17]}, 554524], [0.23751988845699762, {"__complex__": [67539.75, -1.5488491101934453e-16]}, 578008], [0.24251952417933192, {"__complex__": [67242.5546875, 4.612981664811914e-16]}, 603272], [0.24751886354741093, {"__complex__": [67109.3203125, 1.8844016092949304e-16]}, 627748], [0.2525158523431189, {"__complex__": [67148.7421875, -2.455968887277516e-17]}, 653304], [0.2575140585584922, {"__complex__": [67186.140625, 5.418390354246954e-17]}, 679896], [0.2625126084722789, {"__complex__": [67288.765625, 5.140924065945719e-16]}, 706092], [0.26751303339828036, {"__complex__": [67106.296875, 1.4213481523190117e-16]}, 734258], [0.2725141980302592, {"__complex__": [66967.2890625, -6.093179896139644e-18]}, 761190], [0.27751499291909654, {"__complex__": [67040.4453125, 2.8375204039347076e-16]}, 789966], [0.2825156597003922, {"__complex__": [67095.5625, -3.3338658291579666e-16]}, 818248], [0.2875141801620819, {"__complex__": [67231.7890625, 3.4768775484834025e-16]}, 847024], [0.29251195304227423, {"__complex__": [67012.4765625, -3.3447817015679103e-16]}, 877004], [0.2975142527009851, {"__complex__": [67036.5390625, -1.0088026950973411e-18]}, 908602], [0.30251615798691667, {"__complex__": [66988.453125, 4.021465933740877e-17]}, 937802], [0.30751506635382575, {"__complex__": [66908.3671875, 2.0821550827679417e-16]}, 969706], [0.31251223811931306, {"__complex__": [66835.515625, -3.578684010057061e-18]}, 999956], [0.3175098816792195, {"__complex__": [66859.03125, -5.366210477718129e-17]}, 1034060], [0.3225110492752749, {"__complex__": [66916.6015625, -1.142565521878184e-16]}, 1066386], [0.3275123331358606, {"__complex__": [66931.3359375, 1.1714050084987227e-16]}, 1100278], [0.3325123291547583, {"__complex__": [66553.109375, -1.474622157187673e-16]}, 1133070], [0.3375117534479973, {"__complex__": [66744.5703125, -2.868586925462035e-17]}, 1168082], [0.3425129583700723, {"__complex__": [66941.171875, 8.352290799131686e-17]}, 1203258], [0.3475132726509487, {"__complex__": [66600.515625, -4.2368591330382553e-17]}, 1237894], [0.35251300538197095, {"__complex__": [66654.0859375, 8.91812667499879e-17]}, 1274124], [0.3575125695577228, {"__complex__": [66798.6484375, -6.007993527936483e-18]}, 1310242], [0.36251151779301266, {"__complex__": [66892.5859375, -1.9178138826905604e-16]}, 1346914], [0.3675115630015573, {"__complex__": [66474.3359375, 3.6086769338673557e-16]}, 1385312], [0.3725118957087531, {"__complex__": [66831.5625, -1.6609937577808525e-16]}, 1422310], [0.37751124096797295, {"__complex__": [66693.46875, 1.0583360362076242e-16]}, 1461198], [0.3825103314725004, {"__complex__": [66571.7578125, -1.1281255457301315e-17]}, 1499520], [0.38750966779422413, {"__complex__": [66540.4296875, -6.320493016218095e-17]}, 1539692], [0.3925103292814964, {"__complex__": 