{"edges": {"__dtype__": "<f8", "__shape__": [116], "__data__": [0.0, 0.005, 0.01, 0.015, 0.02, 0.025, 0.03, 0.035, 0.04, 0.045, 0.05, 0.055, 0.06, 0.065, 0.07, 0.075, 0.08, 0.085, 0.09, 0.095, 0.1, 0.105, 0.11, 0.115, 0.12, 0.125, 0.13, 0.135, 0.14, 0.145, 0.15, 0.155, 0.16, 0.165, 0.17, 0.17500000000000002, 0.18, 0.185, 0.19, 0.195, 0.2, 0.20500000000000002, 0.21, 0.215, 0.22, 0.225, 0.23, 0.23500000000000001, 0.24, 0.245, 0.25, 0.255, 0.26, 0.265, 0.27, 0.275, 0.28, 0.28500000000000003, 0.29, 0.295, 0.3, 0.305, 0.31, 0.315, 0.32, 0.325, 0.33, 0.335, 0.34, 0.34500000000000003, 0.35000000000000003, 0.355, 0.36, 0.365, 0.37, 0.375, 0.38, 0.385, 0.39, 0.395, 0.4, 0.405, 0.41000000000000003, 0.41500000000000004, 0.42, 0.425, 0.43, 0.435, 0.44, 0.445, 0.45, 0.455, 0.46, 0.465, 0.47000000000000003, 0.47500000000000003, 0.48, 0.485, 0.49, 0.495, 0.5, 0.505, 0.51, 0.515, 0.52, 0.525, 0.53, 0.535, 0.54, 0.545, 0.55, 0.555, 0.56, 0.5650000000000001, 0.5700000000000001, 0.5750000000000001]}, "poles": {"__dtype__": [["k", "<f8"], ["power_2", "<c8"], ["modes", "<i8"]], "__shape__": [115], "__data__": [[0.0037054420134658554, {"__complex__": [130611.40625, -2.1038912799420384e-12]}, 83], [0.008002706039259398, {"__complex__": [-22686.404296875, -1.4649578479550979e-13]}, 596], [0.012849701484846114, {"__complex__": [-597.2277221679688, 7.064036584413652e-14]}, 1648], [0.0177641384261076, {"__complex__": [14670.5478515625, 4.610872773001817e-13]}, 3156], [0.022684229681789413, {"__complex__": [23123.923828125, 1.3494820495438264e-13]}, 5176], [0.027646384376179004, {"__complex__": [7294.68115234375, -5.966956800624451e-14]}, 7804], [0.032636129245414154, {"__complex__": [7476.3310546875, -1.0705841696826129e-14]}, 10874], [0.037622935176432226, {"__complex__": [11800.2080078125, -1.450959578180866e-13]}, 14442], [0.0426065943302704, {"__complex__": [13345.404296875, -5.0222314778051655e-14]}, 18544], [0.047584168879418735, {"__complex__": [3918.435546875, -5.052748465532138e-15]}, 23040], [0.052572163944886785, {"__complex__": [2896.482177734375, 2.462426591028511e-14]}, 28366], [0.05756591012932392, {"__complex__": [5636.48681640625, -1.0327221357535245e-14]}, 33818], [0.06255885577973451, {"__complex__": [1983.658447265625, 5.8019097203465195e-15]}, 40130], [0.06756290621144688, {"__complex__": [4780.802734375, 2.73403770055438e-14]}, 46838], [0.07256050504780319, {"__complex__": [2759.134033203125, -2.1628083371016786e-14]}, 53826], [0.0775516441986681, {"__complex__": [4743.61376953125, 1.0396925392830696e-14]}, 61584], [0.08254999402587553, {"__complex__": [5494.7158203125, 3.665889477828116e-14]}, 69864], [0.08754547074829418, {"__complex__": [519.2161254882812, 1.781776325603373e-14]}, 78404], [0.09254370656486871, {"__complex__": [2386.167236328125, -1.854126830639225e-14]}, 87902], [0.09754153604884025, {"__complex__": [1491.5010986328125, 4.785338470018061e-15]}, 97310], [0.10253422913940137, {"__complex__": [-17.471261978149414, 1.1888378465257227e-14]}, 107716], [0.1075359850070505, {"__complex__": [820.0894775390625, -6.8679290600697895e-15]}, 118654], [0.11253957840084304, {"__complex__": [-152.3496856689453, -8.96122826415718e-15]}, 129910], [0.11753653834673844, {"__complex__": [1416.9913330078125, 4.940668218918502e-15]}, 141376], [0.12253336603812491, {"__complex__": [-476.3638000488281, 2.268449608656877e-14]}, 153958], [0.12753369323485178, {"__complex__": [1046.4271240234375, -1.117242979582116e-14]}, 166718], [0.1325298054599073, {"__complex__": [1560.1727294921875, 2.5897983657905766e-15]}, 179806], [0.13753126919241337, {"__complex__": [1795.309326171875, -6.591287675980061e-15]}, 194282], [0.14252978867508304, {"__complex__": [1151.0411376953125, -1.1205956842181143e-15]}, 207774], [0.14752584639061916, {"__complex__": [1573.65087890625, 6.256701615001614e-15]}, 223278], [0.1525273402624495, {"__complex__": [1311.099609375, 5.8574729641040334e-15]}, 238496], [0.15752777994300757, {"__complex__": [1858.0421142578125, 8.464273186970135e-15]}, 254444], [0.16252677921627748, {"__complex__": [1027.071044921875, 2.1504074359406967e-15]}, 270682], [0.16752582095517576, {"__complex__": [1413.8221435546875, 1.6185091791849778e-15]}, 287710], [0.1725259295419247, {"__complex__": [-894.250244140625, -3.432932632146902e-15]}, 305202], [0.17752572093623975, {"__complex__": [713.7892456054688, 3.604100203095104e-15]}, 323008], [0.18252702152554795, {"__complex__": [63.17782211303711, -6.1304920117948285e-15]}, 341812], [0.18752508561671835, {"__complex__": [-32.766021728515625, 2.5868633966283404e-15]}, 360020], [0.19252006361125312, {"__complex__": [1101.8289794921875, -1.8394533824324074e-15]}, 379728], [0.19751626124600596, {"__complex__": [-489.5904235839844, 0.0]}, 399660], [0.20251335405021748, {"__complex__": [452.899169921875, 2.2157464987007094e-15]}, 420320], [0.20751594275294782, {"__complex__": [-237.9884490966797, -7.900241358931785e-16]}, 442070], [0.21251689533718626, {"__complex__": [491.1307373046875, -1.509782759525995e-15]}, 462644], [0.21751895130525958, {"__complex__": [-517.131591796875, -9.585057653656369e-16]}, 485820], [0.22252064263763735, {"__complex__": [-49.867591857910156, 1.8358274461434485e-15]}, 507304], [0.22751949683857262, {"__complex__": [-193.47567749023438, 3.0706259356619e-15]}, 530776], [0.23252062744923513, {"__complex__": [-513.5387573242188, -1.2596243899277645e-15]}, 554524], [0.23751988845699762, {"__complex__": [-803.834716796875, -8.056311944023718e-16]}, 578008], [0.24251952417933192, {"__complex__": [417.9799499511719, -3.087571041529959e-15]}, 603272], [0.24751886354741093, {"__complex__": [-49.30754089355469, 9.82880430148124e-15]}, 627748], [0.2525158523431189, {"__complex__": [220.09713745117188, 0.0]}, 653304], [0.2575140585584922, {"__complex__": [-564.8274536132812, 4.109404484043235e-15]}, 679896], [0.2625126084722789, {"__complex__": [-147.67161560058594, 1.3189819177725041e-15]}, 706092], [0.26751303339828036, {"__complex__": [706.0825805664062, 8.878701844106194e-15]}, 734258], [0.2725141980302592, {"__complex__": [541.2034912109375, 5.505789119568784e-15]}, 761190], [0.27751499291909654, {"__complex__": [-5.804042339324951, -5.894700273894097e-16]}, 789966], [0.2825156597003922, {"__complex__": [99.61140441894531, 0.0]}, 818248], [0.2875141801620819, {"__complex__": [467.19927978515625, -1.4431242311923969e-15]}, 847024], [0.29251195304227423, {"__complex__": [-30.18193817138672, 5.309682675191929e-16]}, 877004], [0.2975142527009851, {"__complex__": [148.1929473876953, 2.0500122205926704e-15]}, 908602], [0.30251615798691667, {"__complex__": [-693.9896850585938, -9.930908617558588e-16]}, 937802], [0.30751506635382575, {"__complex__": [-261.51605224609375, 1.920834825696943e-15]}, 969706], [0.31251223811931306, {"__complex__": [-586.4094848632812, 4.6568177374146924e-15]}, 999956], [0.3175098816792195, {"__complex__": [-41.709754943847656, -4.165490347129205e-15]}, 1034060], [0.3225110492752749, {"__complex__": [-178.8716278076172, 3.4933788090871004e-15]}, 1066386], [0.3275123331358606, {"__complex__": [-191.64959716796875, 3.5180285266433846e-15]}, 1100278], [0.3325123291547583, {"__complex__": [179.78704833984375, -4.9316769641833975e-15]}, 1133070], [0.3375117534479973, {"__complex__": [70.77403259277344, 1.9932731362856898e-16]}, 1168082], [0.3425129583700723, {"__complex__": [-171.3243865966797, -5.805005308131379e-16]}, 1203258], [0.3475132726509487, {"__complex__": [-601.6881713867188, -7.523443516906038e-16]}, 1237894], [0.35251300538197095, {"__complex__": [-803.329833984375, -2.7410672269836435e-15]}, 1274124], [0.3575125695577228, {"__complex__": [-859.2119750976562, -2.1324058682291747e-15]}, 1310242], [0.36251151779301266, {"__complex__": [-234.86595153808594, 3.111521321630048e-15]}, 1346914], [0.3675115630015573, {"__complex__": [144.1735382080078, -2.0168508807076645e-15]}, 1385312], [0.3725118957087531, {"__complex__": [46.32183837890625, 3.273978852781634e-15]}, 1422310], 