{"poles": {"dims": ["k"], "edges": [{"__dtype__": "<f8", "__shape__": [86], "__data__": [0.0, 0.005, 0.01, 0.015, 0.02, 0.025, 0.03, 0.035, 0.04, 0.045, 0.05, 0.055, 0.06, 0.065, 0.07, 0.075, 0.08, 0.085, 0.09, 0.095, 0.1, 0.105, 0.11, 0.115, 0.12, 0.125, 0.13, 0.135, 0.14, 0.145, 0.15, 0.155, 0.16, 0.165, 0.17, 0.17500000000000002, 0.18, 0.185, 0.19, 0.195, 0.2, 0.20500000000000002, 0.21, 0.215, 0.22, 0.225, 0.23, 0.23500000000000001, 0.24, 0.245, 0.25, 0.255, 0.26, 0.265, 0.27, 0.275, 0.28, 0.28500000000000003, 0.29, 0.295, 0.3, 0.305, 0.31, 0.315, 0.32, 0.325, 0.33, 0.335, 0.34, 0.34500000000000003, 0.35000000000000003, 0.355, 0.36, 0.365, 0.37, 0.375, 0.38, 0.385, 0.39, 0.395, 0.4, 0.405, 0.41000000000000003, 0.41500000000000004, 0.42, 0.425]}], "coords": [{"__dtype__": "<f8", "__shape__": [85], "__data__": [0.0025, 0.0075, 0.0125, 0.0175, 0.0225, 0.0275, 0.0325, 0.037500000000000006, 0.042499999999999996, 0.0475, 0.052500000000000005, 0.057499999999999996, 0.0625, 0.0675, 0.07250000000000001, 0.0775, 0.0825, 0.0875, 0.0925, 0.0975, 0.10250000000000001, 0.1075, 0.1125, 0.1175, 0.1225, 0.1275, 0.1325, 0.1375, 0.14250000000000002, 0.1475, 0.1525, 0.1575, 0.1625, 0.1675, 0.17250000000000001, 0.1775, 0.1825, 0.1875, 0.1925, 0.1975, 0.2025, 0.20750000000000002, 0.2125, 0.2175, 0.2225, 0.2275, 0.2325, 0.2375, 0.2425, 0.2475, 0.2525, 0.2575, 0.2625, 0.2675, 0.2725, 0.2775, 0.28250000000000003, 0.2875, 0.2925, 0.2975, 0.3025, 0.3075, 0.3125, 0.3175, 0.3225, 0.3275, 0.3325, 0.3375, 0.3425, 0.34750000000000003, 0.35250000000000004, 0.3575, 0.3625, 0.3675, 0.3725, 0.3775, 0.3825, 0.3875, 0.3925, 0.3975, 0.4025, 0.40750000000000003, 0.41250000000000003, 0.4175, 0.4225]}], "data": {"__dtype__": [["k", "<f8"], ["power_0", "<c8"], ["modes", "<i8"]], "__shape__": [85], "__data__": [[0.003785962175218714, {"__complex__": [95014.7109375, 0.0]}, 223], [0.008055650047333739, {"__complex__": [113290.09375, 1.1518666879692385e-13]}, 1516], [0.012838659412058445, {"__complex__": [108605.984375, -7.046932617516335e-14]}, 4130], [0.017758445021159877, {"__complex__": [101752.7421875, -2.528255281183684e-14]}, 8058], [0.022686221993372543, {"__complex__": [104487.453125, 1.7748943523135212e-14]}, 13118], [0.02764503576190599, {"__complex__": [98731.4375, 1.1768633417503886e-14]}, 19784], [0.032626124011193657, {"__complex__": [106109.8203125, 0.0]}, 27482], [0.03761517664423396, {"__complex__": [95354.203125, -1.8983854879793885e-14]}, 36794], [0.042612076216348424, {"__complex__": [95502.703125, -1.4842582051659628e-14]}, 47060], [0.04758810749327745, {"__complex__": [92625.8125, -3.982325401516093e-15]}, 58466], [0.05257639262811682, {"__complex__": [89562.84375, -3.236725920244916e-15]}, 71934], [0.057576644294676294, {"__complex__": [88239.796875, 6.084707339896892e-15]}, 86096], [0.06257060468948772, {"__complex__": [86130.578125, 4.580304827772738e-15]}, 101666], [0.06756431050677218, {"__complex__": [85375.0234375, -7.859660222187068e-15]}, 118494], [0.07255460479533274, {"__complex__": [87312.515625, 2.727352069501702e-14]}, 136590], [0.07755203808236072, {"__complex__": [83939.3125, 9.296209757173098e-17]}, 156536], [0.08254994891496988, {"__complex__": [82383.9453125, 7.239104403270781e-15]}, 176896], [0.0875465852208996, {"__complex__": [80993.796875, -1.2844217876784025e-14]}, 199400], [0.09254606261661012, {"__complex__": [81029.8984375, 3.203568392008173e-15]}, 222578], [0.09754095165434574, {"__complex__": [81086.3359375, 0.0]}, 247110], [0.10253878096196406, {"__complex__": [80197.7109375, 1.702463696785035e-15]}, 273522], [0.1075376536617221, {"__complex__": [77577.2265625, -1.9368464483175685e-16]}, 300528], [0.11253874421958751, {"__complex__": [76731.9453125, 7.059196405218981e-16]}, 329826], [0.11753930483919833, {"__complex__": [76930.765625, -1.2975259379438423e-15]}, 358884], [0.12253435939470513, {"__complex__": [76182.515625, 2.9833864125341537e-15]}, 390212], [0.1275324928771181, {"__complex__": [75380.6796875, 1.100833240888369e-15]}, 423008], [0.13253098558293935, {"__complex__": [76074.2109375, -1.019961287941607e-15]}, 456548], [0.1375294182229233, {"__complex__": [76165.9921875, 0.0]}, 491980], [0.14252928720123362, {"__complex__": [75156.8828125, -8.815002001857355e-16]}, 528260], [0.14752710781464048, {"__complex__": [74134.421875, 0.0]}, 565750], [0.15252590457329984, {"__complex__": [74710.0078125, 7.695405498879646e-16]}, 605116], [0.15752627544450365, {"__complex__": [74149.4921875, -3.4269826492089143e-15]}, 645434], [0.1625268432433497, {"__complex__": [74397.265625, -1.3551043789619926e-15]}, 687270], [0.16752762298865234, {"__complex__": [74308.7265625, 0.0]}, 729932], [0.17252411279445126, {"__complex__": [73892.65625, -1.8067841686897563e-15]}, 773188], [0.17752203527930777, {"__complex__": [73311.6953125, 1.987520459084853e-15]}, 820024], [0.18252363779831107, {"__complex__": [73852.640625, -8.059193973626751e-16]}, 866702], [0.18752234050808908, {"__complex__": [73995.9609375, 1.0188655449452151e-15]}, 914078], [0.19252201016210274, {"__complex__": [73889.84375, 2.4142088064016745e-16]}, 964418], [0.19752271477956754, {"__complex__": [73279.9375, -4.588654878566771e-15]}, 1014810], [0.20252178570627094, {"__complex__": [72313.2890625, -8.733070622451815e-16]}, 1066432], [0.20751974798690762, {"__complex__": [72527.3671875, 0.0]}, 1119538], [0.2125197454352182, {"__complex__": [72194.65625, 1.9807181492436906e-15]}, 1175486], [0.2175192296548309, {"__complex__": [72319.0390625, -2.272154022548399e-15]}, 1229656], [0.22251681667262319, {"__complex__": [72770.25, -1.0848321532400248e-15]}, 1287742], [0.22751746426403283, {"__complex__": [72017.1484375, 1.2100396105910898e-15]}, 1346910], [0.23251730364615478, {"__complex__": [71684.7890625, -6.625630944463842e-16]}, 1405636], [0.23751678657474465, {"__complex__": [71820.21875, 7.931160708484527e-16]}, 1467822], [0.2425174971485461, {"__complex__": [72480.6484375, -1.0654262049019552e-15]}, 1529730], [0.24751707342858845, {"__complex__": [72448.8515625, 1.1689444307265082e-15]}, 1593442], [0.2525171832510974, {"__complex__": [72629.203125, 2.8071906422528136e-15]}, 1658816], [0.2575157181508458, {"__complex__": [72071.7578125, 6.754242838988159e-16]}, 1723588], [0.2625146768272274, {"__complex__": [71810.5, 3.8952869428342013e-16]}, 1793172], [0.2675153728644548, {"__complex__": [71836.7578125, -7.505307482714139e-16]}, 1861328], [0.2725140790996068, {"__complex__": [71599.7734375, -1.2058141337941526e-16]}, 1930900], [0.2775148647609448, {"__complex__": [71667.3984375, 0.0]}, 2004630], [0.28251520974118804, {"__complex__": [71506.1015625, -1.3465527343265132e-15]}, 2074904], [0.28751406015515885, {"__complex__": [71918.2578125, -8.661314755720759e-16]}, 2150534], [0.29251361364437867, {"__complex__": [71759.1640625, 8.89558130492084e-16]}, 2224768], [0.2975131524186939, {"__complex__": [71549.8125, 1.1626851748836541e-15]}, 2302904], [0.3025147259314174, {"__complex__": [71746.140625, 3.9108392618391783e-16]}, 2381388], [0.3075149652713783, {"__complex__": [71810.359375, 3.787465207302445e-16]}, 2458960], [0.31251335064096714, {"__complex__": [71798.34375, 5.959034014424837e-16]}, 2539672], [0.31751349612987984, {"__complex__": [71850.1015625, -1.2426590611480898e-15]}, 2623108], [0.32251268944270295, {"__complex__": [71471.234375, 0.0]}, 2704034], [0.32751171630842707, {"__complex__": [71455.9765625, 5.006191828981898e-16]}, 2790512], [0.33251237563902225, {"__complex__": [71232.1484375, 3.2380875786471865e-16]}, 2876150], [0.3375123279265873, {"__complex__": [71134.3359375, 3.9290025599040667e-16]}, 2962974], [0.34251273719712905, {"__complex__": [71139.3125, 3.0515396893218596e-16]}, 3051976], [0.34751247641754474, {"__complex__": [71464.984375, -1.1861866334008167e-15]}, 3140560], [0.35251198333721223, {"__complex__": [71279.8046875, 1.800714330589732e-15]}, 3232476], [0.3575118605439826, {"__complex__": [71502.828125, 1.4008271909850002e-16]}, 3324188], 