{"poles": {"dims": ["k"], "edges": [{"__dtype__": "<f8", "__shape__": [94], "__data__": [0.0, 0.005, 0.01, 0.015, 0.02, 0.025, 0.03, 0.035, 0.04, 0.045, 0.05, 0.055, 0.06, 0.065, 0.07, 0.075, 0.08, 0.085, 0.09, 0.095, 0.1, 0.105, 0.11, 0.115, 0.12, 0.125, 0.13, 0.135, 0.14, 0.145, 0.15, 0.155, 0.16, 0.165, 0.17, 0.17500000000000002, 0.18, 0.185, 0.19, 0.195, 0.2, 0.20500000000000002, 0.21, 0.215, 0.22, 0.225, 0.23, 0.23500000000000001, 0.24, 0.245, 0.25, 0.255, 0.26, 0.265, 0.27, 0.275, 0.28, 0.28500000000000003, 0.29, 0.295, 0.3, 0.305, 0.31, 0.315, 0.32, 0.325, 0.33, 0.335, 0.34, 0.34500000000000003, 0.35000000000000003, 0.355, 0.36, 0.365, 0.37, 0.375, 0.38, 0.385, 0.39, 0.395, 0.4, 0.405, 0.41000000000000003, 0.41500000000000004, 0.42, 0.425, 0.43, 0.435, 0.44, 0.445, 0.45, 0.455, 0.46, 0.465]}], "coords": [{"__dtype__": "<f8", "__shape__": [93], "__data__": [0.0025, 0.0075, 0.0125, 0.0175, 0.0225, 0.0275, 0.0325, 0.037500000000000006, 0.042499999999999996, 0.0475, 0.052500000000000005, 0.057499999999999996, 0.0625, 0.0675, 0.07250000000000001, 0.0775, 0.0825, 0.0875, 0.0925, 0.0975, 0.10250000000000001, 0.1075, 0.1125, 0.1175, 0.1225, 0.1275, 0.1325, 0.1375, 0.14250000000000002, 0.1475, 0.1525, 0.1575, 0.1625, 0.1675, 0.17250000000000001, 0.1775, 0.1825, 0.1875, 0.1925, 0.1975, 0.2025, 0.20750000000000002, 0.2125, 0.2175, 0.2225, 0.2275, 0.2325, 0.2375, 0.2425, 0.2475, 0.2525, 0.2575, 0.2625, 0.2675, 0.2725, 0.2775, 0.28250000000000003, 0.2875, 0.2925, 0.2975, 0.3025, 0.3075, 0.3125, 0.3175, 0.3225, 0.3275, 0.3325, 0.3375, 0.3425, 0.34750000000000003, 0.35250000000000004, 0.3575, 0.3625, 0.3675, 0.3725, 0.3775, 0.3825, 0.3875, 0.3925, 0.3975, 0.4025, 0.40750000000000003, 0.41250000000000003, 0.4175, 0.4225, 0.4275, 0.4325, 0.4375, 0.4425, 0.4475, 0.4525, 0.4575, 0.4625]}], "data": {"__dtype__": [["k", "<f8"], ["power_2", "<c8"], ["modes", "<i8"]], "__shape__": [93], "__data__": [[0.0037081367915242675, {"__complex__": [64003.234375, 1.2190086180058346e-12]}, 191], [0.008018577791264523, {"__complex__": [-15065.9970703125, -5.06153550062366e-13]}, 1380], [0.012844085612331841, {"__complex__": [7791.78955078125, 3.7055273671530997e-13]}, 3770], [0.01775141230162106, {"__complex__": [11614.4033203125, -1.203300595286911e-14]}, 7256], [0.022691010615224643, {"__complex__": [27825.69921875, -9.69319940882351e-15]}, 12010], [0.027661296094027222, {"__complex__": [5680.2958984375, -9.092917662312933e-14]}, 17924], [0.03263163473973046, {"__complex__": [5765.43896484375, 2.570390426925081e-14]}, 24910], [0.03760885918999335, {"__complex__": [10559.16015625, 2.8018128724223434e-14]}, 33240], [0.04258994605322728, {"__complex__": [12854.220703125, 2.7349369107311852e-14]}, 42566], [0.047583805693835864, {"__complex__": [12092.0107421875, -1.7415060075986512e-14]}, 53478], [0.052589415944125126, {"__complex__": [4094.894287109375, -2.140708908694635e-14]}, 65258], [0.057576993125266096, {"__complex__": [115.0283432006836, -1.1972573540214304e-14]}, 77788], [0.0625679362273907, {"__complex__": [1424.75830078125, 2.0150210777833584e-14]}, 92438], [0.06756372941029527, {"__complex__": [4455.20947265625, 1.5173485636899887e-14]}, 107412], [0.07255867544245412, {"__complex__": [7043.74267578125, -3.748018300613661e-15]}, 124242], [0.07755343255815964, {"__complex__": [9133.5751953125, 1.9735871059156987e-14]}, 141568], [0.08254944316463679, {"__complex__": [5660.06787109375, -1.736613375888721e-14]}, 160886], [0.0875469705282893, {"__complex__": [4936.048828125, -2.5792121480157923e-15]}, 180544], [0.09254207143002044, {"__complex__": [7078.0419921875, 2.3052082127655773e-15]}, 202004], [0.09754200795670145, {"__complex__": [1477.13232421875, 0.0]}, 224538], [0.10254171329034444, {"__complex__": [3953.67236328125, 1.501903087303396e-14]}, 248038], [0.10754099109209159, {"__complex__": [3688.794921875, -1.3651952730450462e-14]}, 272876], [0.11253870054955198, {"__complex__": [629.212646484375, -8.57732243927543e-15]}, 298594], [0.11753608765430268, {"__complex__": [3812.140625, 1.4287770389010378e-14]}, 325916], [0.12253572907412832, {"__complex__": [2545.058837890625, -1.577024914736075e-14]}, 354334], [0.1275331697481456, {"__complex__": [2646.00732421875, -7.286888072924238e-15]}, 383424], [0.13252928315027618, {"__complex__": [1510.193603515625, 1.7986578616487406e-14]}, 414230], [0.13752809598823948, {"__complex__": [2923.924072265625, 0.0]}, 446370], [0.1425292748907053, {"__complex__": [2017.84765625, -9.710217994799743e-15]}, 479558], [0.14752984329410787, {"__complex__": [344.5627136230469, 3.627125946733265e-15]}, 513532], [0.15252898535896237, {"__complex__": [-767.9268798828125, -1.6966145107677705e-15]}, 548930], [0.15752847498756622, {"__complex__": [-93.2537841796875, -4.771543267922604e-15]}, 585548], [0.16252705956276423, {"__complex__": [1076.7763671875, 3.736685846812346e-15]}, 623094], [0.16752723347134682, {"__complex__": [917.0050048828125, -2.1082730525289525e-15]}, 662620], [0.17252557298757182, {"__complex__": [841.1259765625, 6.636433685035768e-15]}, 701674], [0.1775232051718564, {"__complex__": [1002.33203125, 5.634786731721457e-15]}, 743764], [0.1825215844754662, {"__complex__": [-1286.28955078125, -1.1854618908353222e-15]}, 785620], [0.18752064712987349, {"__complex__": [-210.73272705078125, -1.121940243142762e-15]}, 830100], [0.19252067437217257, {"__complex__": [-1656.5147705078125, 3.1952312584665856e-15]}, 874418], [0.19751987908784707, {"__complex__": [-1420.3504638671875, 8.598236529776086e-15]}, 920682], [0.20251936794243589, {"__complex__": [-1536.3720703125, 3.368366698709496e-15]}, 967718], [0.20751955964231095, {"__complex__": [-33.62949752807617, 4.580719768037774e-16]}, 1016568], [0.2125192859071403, {"__complex__": [-614.8654174804688, 3.059311481310714e-15]}, 1065478], [0.21751870204394746, {"__complex__": [323.6155090332031, -2.5019860366322496e-15]}, 1116700], [0.22251763655620238, {"__complex__": [1609.69580078125, -1.594831431935668e-15]}, 1167926], [0.2275173612096972, {"__complex__": [440.86846923828125, 1.3336900096268646e-15]}, 1222034], [0.23251753944930767, {"__complex__": [1170.531005859375, -8.213854248861506e-16]}, 1275574], [0.237518608068736, {"__complex__": [1122.19091796875, -2.6215180026597964e-16]}, 1332228], [0.24251933382685822, {"__complex__": [814.9413452148438, 2.013563122322897e-15]}, 1387574], [0.2475188275283454, {"__complex__": [-314.09661865234375, 0.0]}, 1446004], [0.2525176353551358, {"__complex__": [389.2091369628906, 2.7865332027351758e-15]}, 1504002], [0.25751592740199597, {"__complex__": [-562.0729370117188, -5.058986863188666e-15]}, 1564788], [0.2625152321376914, {"__complex__": [17.884952545166016, 1.145457901165041e-15]}, 1626114], [0.2675142035428968, {"__complex__": [277.08270263671875, -1.9305062478886924e-15]}, 1688484], [0.27251407722071946, {"__complex__": [890.6114501953125, 1.5938934488257022e-15]}, 1752920], [0.277514999580621, {"__complex__": [-63.98780822753906, 1.5369272008701799e-15]}, 1817892], [0.28251513318998955, {"__complex__": [585.61669921875, -4.945042402937241e-16]}, 1883346], [0.2875150555774266, {"__complex__": [242.5070037841797, -2.3866603832812085e-15]}, 1951100], [0.2925143032383768, {"__complex__": [2.909015655517578, -3.691136226557272e-15]}, 2018506], [0.2975129983065177, {"__complex__": [-1080.251953125, -3.009821463785013e-15]}, 2088638], [0.30251265006104155, {"__complex__": [495.1056823730469, -2.156086791852037e-15]}, 2159752], [0.3075131135075962, {"__complex__": [884.81787109375, -2.294874199050838e-15]}, 2232050], [0.31251255553945134, {"__complex__": [-27.919052124023438, -4.042114545587018e-16]}, 2304048], [0.3175120364779517, {"__complex__": [225.6510772705078, 7.827713633427544e-16]}, 2379552], [0.3225126598898453, {"__complex__": [-348.65704345703125, 1.4226044345286878e-15]}, 2454976], [0.3275133985704822, {"__complex__": [633.39892578125, -2.390849172963618e-15]}, 2531986], [0.33251410375899365, {"__complex__": [899.3078002929688, 