{"poles": {"dims": ["k"], "edges": [{"__dtype__": "<f8", "__shape__": [94], "__data__": [0.0, 0.005, 0.01, 0.015, 0.02, 0.025, 0.03, 0.035, 0.04, 0.045, 0.05, 0.055, 0.06, 0.065, 0.07, 0.075, 0.08, 0.085, 0.09, 0.095, 0.1, 0.105, 0.11, 0.115, 0.12, 0.125, 0.13, 0.135, 0.14, 0.145, 0.15, 0.155, 0.16, 0.165, 0.17, 0.17500000000000002, 0.18, 0.185, 0.19, 0.195, 0.2, 0.20500000000000002, 0.21, 0.215, 0.22, 0.225, 0.23, 0.23500000000000001, 0.24, 0.245, 0.25, 0.255, 0.26, 0.265, 0.27, 0.275, 0.28, 0.28500000000000003, 0.29, 0.295, 0.3, 0.305, 0.31, 0.315, 0.32, 0.325, 0.33, 0.335, 0.34, 0.34500000000000003, 0.35000000000000003, 0.355, 0.36, 0.365, 0.37, 0.375, 0.38, 0.385, 0.39, 0.395, 0.4, 0.405, 0.41000000000000003, 0.41500000000000004, 0.42, 0.425, 0.43, 0.435, 0.44, 0.445, 0.45, 0.455, 0.46, 0.465]}], "coords": [{"__dtype__": "<f8", "__shape__": [93], "__data__": [0.0025, 0.0075, 0.0125, 0.0175, 0.0225, 0.0275, 0.0325, 0.037500000000000006, 0.042499999999999996, 0.0475, 0.052500000000000005, 0.057499999999999996, 0.0625, 0.0675, 0.07250000000000001, 0.0775, 0.0825, 0.0875, 0.0925, 0.0975, 0.10250000000000001, 0.1075, 0.1125, 0.1175, 0.1225, 0.1275, 0.1325, 0.1375, 0.14250000000000002, 0.1475, 0.1525, 0.1575, 0.1625, 0.1675, 0.17250000000000001, 0.1775, 0.1825, 0.1875, 0.1925, 0.1975, 0.2025, 0.20750000000000002, 0.2125, 0.2175, 0.2225, 0.2275, 0.2325, 0.2375, 0.2425, 0.2475, 0.2525, 0.2575, 0.2625, 0.2675, 0.2725, 0.2775, 0.28250000000000003, 0.2875, 0.2925, 0.2975, 0.3025, 0.3075, 0.3125, 0.3175, 0.3225, 0.3275, 0.3325, 0.3375, 0.3425, 0.34750000000000003, 0.35250000000000004, 0.3575, 0.3625, 0.3675, 0.3725, 0.3775, 0.3825, 0.3875, 0.3925, 0.3975, 0.4025, 0.40750000000000003, 0.41250000000000003, 0.4175, 0.4225, 0.4275, 0.4325, 0.4375, 0.4425, 0.4475, 0.4525, 0.4575, 0.4625]}], "data": {"__dtype__": [["k", "<f8"], ["power_0", "<c8"], ["modes", "<i8"]], "__shape__": [93], "__data__": [[0.0037081367915242675, {"__complex__": [85392.015625, -8.380684384315384e-13]}, 191], [0.008018577791264523, {"__complex__": [94693.640625, 2.1089732946664476e-14]}, 1380], [0.012844085612331841, {"__complex__": [117798.7890625, 0.0]}, 3770], [0.01775141230162106, {"__complex__": [115426.296875, -4.813202381147644e-14]}, 7256], [0.022691010615224643, {"__complex__": [109485.328125, -4.846599704411755e-15]}, 12010], [0.027661296094027222, {"__complex__": [106092.2578125, 1.2989882132723347e-14]}, 17924], [0.03263163473973046, {"__complex__": [109758.640625, -2.3367186007330898e-14]}, 24910], [0.03760885918999335, {"__complex__": [102092.71875, -1.7511330452639647e-14]}, 33240], [0.04258994605322728, {"__complex__": [97357.140625, -5.469873652055781e-15]}, 42566], [0.047583805693835864, {"__complex__": [98200.5234375, -1.7415060075986512e-14]}, 53478], [0.052589415944125126, {"__complex__": [96284.9765625, -8.919620311722155e-15]}, 65258], [0.057576993125266096, {"__complex__": [92997.2578125, 1.1972573540214304e-14]}, 77788], [0.0625679362273907, {"__complex__": [92919.953125, 2.392837413400708e-14]}, 92438], [0.06756372941029527, {"__complex__": [94406.0625, -9.347951320621498e-15]}, 107412], [0.07255867544245412, {"__complex__": [92281.078125, 4.68502266400884e-15]}, 124242], [0.07755343255815964, {"__complex__": [90001.84375, -6.578623686385662e-15]}, 141568], [0.08254944316463679, {"__complex__": [87115.6640625, -4.341533439721802e-15]}, 160886], [0.0875469705282893, {"__complex__": [87329.53125, 2.7404128940318895e-15]}, 180544], [0.09254207143002044, {"__complex__": [86837.25, 9.220832851062309e-15]}, 202004], [0.09754200795670145, {"__complex__": [84071.9453125, 0.0]}, 224538], [0.10254171329034444, {"__complex__": [84517.5546875, -5.866808934778891e-17]}, 248038], [0.10754099109209159, {"__complex__": [82958.890625, -7.465911980337342e-16]}, 272876], [0.11253870054955198, {"__complex__": [81923.3359375, -1.6569827920778074e-15]}, 298594], [0.11753608765430268, {"__complex__": [83174.2109375, -1.4287769753735667e-15]}, 325916], [0.12253572907412832, {"__complex__": [82975.640625, -7.228031141551326e-15]}, 354334], [0.1275331697481456, {"__complex__": [81691.5, -1.8217220182310595e-15]}, 383424], [0.13252928315027618, {"__complex__": [81921.265625, 2.7401429022799522e-15]}, 414230], [0.13752809598823948, {"__complex__": [81986.0546875, 1.0432181656952499e-15]}, 446370], [0.1425292748907053, {"__complex__": [80163.703125, -3.8840873673264865e-15]}, 479558], [0.14752984329410787, {"__complex__": [80902.765625, 4.080516425377127e-15]}, 513532], [0.15252898535896237, {"__complex__": [80942.5234375, -8.483072553838852e-16]}, 548930], [0.15752847498756622, {"__complex__": [79981.875, 1.7893287254709764e-15]}, 585548], [0.16252705956276423, {"__complex__": [79854.046875, -1.1210057540437038e-15]}, 623094], [0.16752723347134682, {"__complex__": [80136.28125, -7.027576559418859e-15]}, 662620], [0.17252557298757182, {"__complex__": [78895.5859375, -2.0738855265736776e-16]}, 701674], [0.1775232051718564, {"__complex__": [78770.6875, 2.5043496820715628e-15]}, 743764], [0.1825215844754662, {"__complex__": [79732.28125, -2.9636547270883056e-16]}, 785620], [0.18752064712987349, {"__complex__": [79559.8515625, 1.2621827470658278e-15]}, 830100], [0.19252067437217257, {"__complex__": [79139.9296875, 5.32538560724284e-16]}, 874418], [0.19751987908784707, {"__complex__": [78983.1875, -1.3908912033461316e-15]}, 920682], [0.20251936794243589, {"__complex__": [79209.046875, -8.42091674677374e-16]}, 967718], [0.20751955964231095, {"__complex__": [78622.328125, 4.580719768037774e-16]}, 1016568], [0.2125192859071403, {"__complex__": [79097.9453125, 6.555667081811821e-16]}, 1065478], [0.21751870204394746, {"__complex__": [79046.0703125, 2.0849882756276094e-16]}, 1116700], [0.22251763655620238, {"__complex__": [78786.140625, -5.980618002107653e-16]}, 1167926], [0.2275173612096972, {"__complex__": [77995.71875, 0.0]}, 1222034], [0.23251753944930767, {"__complex__": [78074.6796875, 7.301203776765783e-16]}, 1275574], [0.237518608068736, {"__complex__": [78622.3515625, -1.7476786331468248e-15]}, 1332228], [0.24251933382685822, {"__complex__": [78760.9296875, 1.1745784703751701e-15]}, 1387574], [0.2475188275283454, {"__complex__": [78219.40625, -4.830498137480042e-16]}, 1446004], [0.2525176353551358, {"__complex__": [78528.40625, 1.8576887312373716e-15]}, 1504002], [0.25751592740199597, {"__complex__": [77737.796875, -1.1903498003365716e-15]}, 1564788], [0.2625152321376914, {"__complex__": [78409.390625, 1.8613690893931915e-15]}, 1626114], [0.2675142035428968, {"__complex__": [77895.5, 1.1720930639496892e-15]}, 1688484], [0.27251407722071946, {"__complex__": [77843.6953125, 2.324428078553047e-16]}, 1752920], [0.277514999580621, {"__complex__": [77947.953125, 7.364443256607789e-16]}, 1817892], [0.28251513318998955, {"__complex__": [77500.3359375, 1.2362605742645308e-15]}, 1883346], [0.2875150555774266, {"__complex__": [77311.5390625, 7.159980620448033e-16]}, 1951100], [0.2925143032383768, {"__complex__": [77312.625, 1.153480044329368e-15]}, 2018506], [0.2975129983065177, {"__complex__": [77308.03125, 4.458994780770227e-16]}, 2088638], [0.30251265006104155, {"__complex__": [77567.25, 0.0]}, 2159752], [0.3075131135075962, {"__complex__": [77682.8828125, 8.344997183711337e-16]}, 2232050], [0.31251255553945134, {"__complex__": [78091.7265625, -7.073700256253934e-16]}, 2304048], [0.3175120364779517, {"__complex__": [77424.28125, 7.827713633427544e-16]}, 2379552], [0.3225126598898453, {"__complex__": [77475.8046875, -1.8968058774118776e-16]}, 2454976], [0.3275133985704822, {"__complex__": [77155.4296875, -7.356458912288733e-16]}, 2531986], [0.33251410375899365, {"__complex__": [76997.7578125, 1.2491316634145335e-15]}, 2609516], [0.3375135412275565, {"__complex__": [76982.765625, -2.598910163901987e-16]}, 2687634], [0.34251245849241974, {"__complex__": [77247.140625, 1.4298599069966314e-15]}, 2768188], [0.3475114266102975, {"__complex__": [77188.3203125, -7.558444506473362e-16]}, 2849374], 