{"poles": {"dims": ["k"], "edges": [{"__dtype__": "<f8", "__shape__": [94], "__data__": [0.0, 0.005, 0.01, 0.015, 0.02, 0.025, 0.03, 0.035, 0.04, 0.045, 0.05, 0.055, 0.06, 0.065, 0.07, 0.075, 0.08, 0.085, 0.09, 0.095, 0.1, 0.105, 0.11, 0.115, 0.12, 0.125, 0.13, 0.135, 0.14, 0.145, 0.15, 0.155, 0.16, 0.165, 0.17, 0.17500000000000002, 0.18, 0.185, 0.19, 0.195, 0.2, 0.20500000000000002, 0.21, 0.215, 0.22, 0.225, 0.23, 0.23500000000000001, 0.24, 0.245, 0.25, 0.255, 0.26, 0.265, 0.27, 0.275, 0.28, 0.28500000000000003, 0.29, 0.295, 0.3, 0.305, 0.31, 0.315, 0.32, 0.325, 0.33, 0.335, 0.34, 0.34500000000000003, 0.35000000000000003, 0.355, 0.36, 0.365, 0.37, 0.375, 0.38, 0.385, 0.39, 0.395, 0.4, 0.405, 0.41000000000000003, 0.41500000000000004, 0.42, 0.425, 0.43, 0.435, 0.44, 0.445, 0.45, 0.455, 0.46, 0.465]}], "coords": [{"__dtype__": "<f8", "__shape__": [93], "__data__": [0.0025, 0.0075, 0.0125, 0.0175, 0.0225, 0.0275, 0.0325, 0.037500000000000006, 0.042499999999999996, 0.0475, 0.052500000000000005, 0.057499999999999996, 0.0625, 0.0675, 0.07250000000000001, 0.0775, 0.0825, 0.0875, 0.0925, 0.0975, 0.10250000000000001, 0.1075, 0.1125, 0.1175, 0.1225, 0.1275, 0.1325, 0.1375, 0.14250000000000002, 0.1475, 0.1525, 0.1575, 0.1625, 0.1675, 0.17250000000000001, 0.1775, 0.1825, 0.1875, 0.1925, 0.1975, 0.2025, 0.20750000000000002, 0.2125, 0.2175, 0.2225, 0.2275, 0.2325, 0.2375, 0.2425, 0.2475, 0.2525, 0.2575, 0.2625, 0.2675, 0.2725, 0.2775, 0.28250000000000003, 0.2875, 0.2925, 0.2975, 0.3025, 0.3075, 0.3125, 0.3175, 0.3225, 0.3275, 0.3325, 0.3375, 0.3425, 0.34750000000000003, 0.35250000000000004, 0.3575, 0.3625, 0.3675, 0.3725, 0.3775, 0.3825, 0.3875, 0.3925, 0.3975, 0.4025, 0.40750000000000003, 0.41250000000000003, 0.4175, 0.4225, 0.4275, 0.4325, 0.4375, 0.4425, 0.4475, 0.4525, 0.4575, 0.4625]}], "data": {"__dtype__": [["k", "<f8"], ["power_2", "<c8"], ["modes", "<i8"]], "__shape__": [93], "__data__": [[0.0037081367915242675, {"__complex__": [-16588.548828125, 0.0]}, 191], [0.008018577791264523, {"__complex__": [12607.8349609375, -2.53076775031183e-13]}, 1380], [0.012844085612331841, {"__complex__": [-26236.025390625, 2.4703516684522475e-13]}, 3770], [0.01775141230162106, {"__complex__": [-16487.654296875, 6.417603400738978e-14]}, 7256], [0.022691010615224643, {"__complex__": [31472.283203125, -3.877279763529404e-14]}, 12010], [0.027661296094027222, {"__complex__": [17832.353515625, -5.195952853089339e-14]}, 17924], [0.03263163473973046, {"__complex__": [14130.0283203125, -9.346874741745538e-15]}, 24910], [0.03760885918999335, {"__complex__": [83.37879943847656, -3.502266090527929e-14]}, 33240], [0.04258994605322728, {"__complex__": [-894.3551025390625, -1.0939747642924741e-13]}, 42566], [0.047583805693835864, {"__complex__": [9401.0537109375, -1.7415060075986512e-14]}, 53478], [0.052589415944125126, {"__complex__": [10950.109375, 1.6055318085759183e-14]}, 65258], [0.057576993125266096, {"__complex__": [3064.392822265625, -1.7958860310321456e-14]}, 77788], [0.0625679362273907, {"__complex__": [5122.3271484375, -1.259388173614599e-15]}, 92438], [0.06756372941029527, {"__complex__": [3763.02978515625, -8.670563826109184e-15]}, 107412], [0.07255867544245412, {"__complex__": [5368.2099609375, -7.496036601227322e-15]}, 124242], [0.07755343255815964, {"__complex__": [6907.5537109375, -6.578623686385662e-15]}, 141568], [0.08254944316463679, {"__complex__": [4160.75244140625, -1.4109983255579384e-14]}, 160886], [0.0875469705282893, {"__complex__": [1629.9683837890625, -1.2896060740078962e-15]}, 180544], [0.09254207143002044, {"__complex__": [3006.923583984375, 2.3052082127655773e-15]}, 202004], [0.09754200795670145, {"__complex__": [404.5741271972656, 2.073864033112641e-15]}, 224538], [0.10254171329034444, {"__complex__": [1230.746826171875, 4.2241024859803605e-15]}, 248038], [0.10754099109209159, {"__complex__": [-567.3719482421875, -2.0477929519192167e-14]}, 272876], [0.11253870054955198, {"__complex__": [-1203.1651611328125, -3.1190264570591947e-15]}, 298594], [0.11753608765430268, {"__complex__": [-888.8336181640625, -2.8575539507471335e-15]}, 325916], [0.12253572907412832, {"__complex__": [2746.0419921875, 5.256749574614758e-15]}, 354334], [0.1275331697481456, {"__complex__": [3074.297607421875, 8.501368994895137e-15]}, 383424], [0.13252928315027618, {"__complex__": [3787.1806640625, -3.3724834905913886e-15]}, 414230], [0.13752809598823948, {"__complex__": [1271.9915771484375, -4.6944814809308285e-15]}, 446370], [0.1425292748907053, {"__complex__": [2715.115478515625, -1.9420436836632433e-15]}, 479558], [0.14752984329410787, {"__complex__": [399.54986572265625, -5.837405483034158e-15]}, 513532], [0.15252898535896237, {"__complex__": [-661.70068359375, 0.0]}, 548930], [0.15752847498756622, {"__complex__": [1054.8790283203125, -9.543086535845208e-15]}, 585548], [0.16252705956276423, {"__complex__": [1013.5543823242188, -7.473371693624692e-15]}, 623094], [0.16752723347134682, {"__complex__": [1352.9752197265625, -2.1082730525289525e-15]}, 662620], [0.17252557298757182, {"__complex__": [-532.0254516601562, -6.636433790914887e-16]}, 701674], [0.1775232051718564, {"__complex__": [-724.6920776367188, -1.2521748410357814e-15]}, 743764], [0.1825215844754662, {"__complex__": [-592.8464965820312, 7.112771133253697e-15]}, 785620], [0.18752064712987349, {"__complex__": [810.0985107421875, 2.243880486285524e-15]}, 830100], [0.19252067437217257, {"__complex__": [923.5706176757812, -2.928962004574223e-15]}, 874418], [0.19751987908784707, {"__complex__": [1853.3214111328125, -2.0231144775943732e-15]}, 920682], [0.20251936794243589, {"__complex__": [832.8657836914062, -2.4059761226103956e-15]}, 967718], [0.20751955964231095, {"__complex__": [-1781.433837890625, -2.5193957400718777e-15]}, 1016568], [0.2125192859071403, {"__complex__": [-709.1817626953125, 3.4963559181384624e-15]}, 1065478], [0.21751870204394746, {"__complex__": [-697.048095703125, -4.169976657134337e-15]}, 1116700], [0.22251763655620238, {"__complex__": [-825.2479248046875, -3.5883708012645916e-15]}, 1167926], [0.2275173612096972, {"__complex__": [-283.3824462890625, 3.8105428846481847e-16]}, 1222034], [0.23251753944930767, {"__complex__": [778.7041625976562, 7.301203776765783e-16]}, 1275574], [0.237518608068736, {"__complex__": [-780.3568725585938, 6.990714850224654e-16]}, 1332228], [0.24251933382685822, {"__complex__": [749.5357055664062, 6.711876897944459e-16]}, 1387574], [0.2475188275283454, {"__complex__": [266.77801513671875, 3.2203320210672827e-15]}, 1446004], [0.2525176353551358, {"__complex__": [-791.1409301757812, -2.7865332027351758e-15]}, 1504002], [0.25751592740199597, {"__complex__": [-660.309814453125, -1.1903498003365716e-15]}, 1564788], [0.2625152321376914, {"__complex__": [-223.33604431152344, 1.7181868517475614e-15]}, 1626114], [0.2675142035428968, {"__complex__": [-309.8857727050781, -1.1031464878673205e-15]}, 1688484], [0.27251407722071946, {"__complex__": [628.5443725585938, 1.0625956325504681e-15]}, 1752920], [0.277514999580621, {"__complex__": [1169.0196533203125, 1.0246181692064927e-15]}, 1817892], [0.28251513318998955, {"__complex__": [792.3377685546875, 9.890084805874483e-16]}, 1883346], [0.2875150555774266, {"__complex__": [287.6150207519531, 1.909328306624967e-15]}, 1951100], [0.2925143032383768, {"__complex__": [-1124.95703125, 2.768352064038836e-15]}, 2018506], [0.2975129983065177, {"__complex__": [-1082.3531494140625, 3.567195824616181e-15]}, 2088638], [0.30251265006104155, {"__complex__": [-121.3974380493164, -8.624347590924621e-16]}, 2159752], [0.3075131135075962, {"__complex__": [-729.37744140625, 6.258748152481299e-16]}, 2232050], [0.31251255553945134, {"__complex__": [-179.13441467285156, -1.970530883987063e-15]}, 2304048], [0.3175120364779517, {"__complex__": [76.25228881835938, 1.6633891140161285e-15]}, 2379552], [0.3225126598898453, {"__complex__": [-798.9010620117188, -7.587223509647511e-16]}, 2454976], [0.3275133985704822, {"__complex__": [-685.0289306640625, 