{"edges": {"__dtype__": "<f8", "__shape__": [128], "__data__": [0.0, 0.005, 0.01, 0.015, 0.02, 0.025, 0.03, 0.035, 0.04, 0.045, 0.05, 0.055, 0.06, 0.065, 0.07, 0.075, 0.08, 0.085, 0.09, 0.095, 0.1, 0.105, 0.11, 0.115, 0.12, 0.125, 0.13, 0.135, 0.14, 0.145, 0.15, 0.155, 0.16, 0.165, 0.17, 0.17500000000000002, 0.18, 0.185, 0.19, 0.195, 0.2, 0.20500000000000002, 0.21, 0.215, 0.22, 0.225, 0.23, 0.23500000000000001, 0.24, 0.245, 0.25, 0.255, 0.26, 0.265, 0.27, 0.275, 0.28, 0.28500000000000003, 0.29, 0.295, 0.3, 0.305, 0.31, 0.315, 0.32, 0.325, 0.33, 0.335, 0.34, 0.34500000000000003, 0.35000000000000003, 0.355, 0.36, 0.365, 0.37, 0.375, 0.38, 0.385, 0.39, 0.395, 0.4, 0.405, 0.41000000000000003, 0.41500000000000004, 0.42, 0.425, 0.43, 0.435, 0.44, 0.445, 0.45, 0.455, 0.46, 0.465, 0.47000000000000003, 0.47500000000000003, 0.48, 0.485, 0.49, 0.495, 0.5, 0.505, 0.51, 0.515, 0.52, 0.525, 0.53, 0.535, 0.54, 0.545, 0.55, 0.555, 0.56, 0.5650000000000001, 0.5700000000000001, 0.5750000000000001, 0.58, 0.585, 0.59, 0.595, 0.6, 0.605, 0.61, 0.615, 0.62, 0.625, 0.63, 0.635]}, "poles": {"__dtype__": [["k", "<f8"], ["power_2", "<c8"], ["modes", "<i8"]], "__shape__": [127], "__data__": [[0.0037537781648676505, {"__complex__": [56676.40234375, 1.1339154441791788e-12]}, 77], [0.008050398333474014, {"__complex__": [-14742.9326171875, 1.0621835442453653e-12]}, 548], [0.012848609532355457, {"__complex__": [-1781.385009765625, 1.5731800627818981e-13]}, 1480], [0.017751579213119567, {"__complex__": [17660.716796875, 3.242766569589578e-13]}, 2872], [0.022691827324042853, {"__complex__": [21783.66796875, 2.4580936786901264e-13]}, 4736], [0.027648005536595924, {"__complex__": [11296.1865234375, -3.3091337694112974e-14]}, 7036], [0.032612636555868525, {"__complex__": [3782.50048828125, 2.3666461382320682e-14]}, 9838], [0.03761114292794433, {"__complex__": [8171.482421875, -1.5865200863121598e-13]}, 13208], [0.04261303922036164, {"__complex__": [12756.4287109375, 1.1739592045874325e-13]}, 16858], [0.04760505554480107, {"__complex__": [13377.16796875, -7.455440344944497e-14]}, 21080], [0.05259133615803475, {"__complex__": [12972.552734375, -3.6345712816363354e-14]}, 25624], [0.05756841184374016, {"__complex__": [3411.60205078125, -4.5462894245670155e-14]}, 30728], [0.06256248327880025, {"__complex__": [5960.09619140625, 3.189635716465376e-14]}, 36498], [0.06756661487904435, {"__complex__": [6077.0478515625, 3.2848567887034524e-14]}, 42528], [0.07257304507008182, {"__complex__": [6228.8388671875, 1.8947806851624636e-14]}, 49152], [0.07756473030387098, {"__complex__": [5323.3203125, 6.2651757561224194e-15]}, 55744], [0.08254764044823601, {"__complex__": [4735.40576171875, -3.675538199536879e-14]}, 63346], [0.08754405971893497, {"__complex__": [3743.05810546875, 3.913777735600234e-14]}, 71388], [0.09254365223263855, {"__complex__": [6674.55712890625, -5.8381343548852705e-15]}, 79762], [0.09754150838846357, {"__complex__": [2460.55322265625, 3.154744396488898e-14]}, 88564], [0.10254123052801507, {"__complex__": [3763.6318359375, -4.752227528593417e-15]}, 97988], [0.10754181638082774, {"__complex__": [982.7650146484375, 0.0]}, 107708], [0.11254085353408888, {"__complex__": [-447.7588806152344, -3.9478880064960486e-15]}, 117952], [0.11753281793039293, {"__complex__": [-2009.70361328125, 9.07452908524781e-15]}, 128288], [0.12252442444514552, {"__complex__": [2429.888916015625, -6.6632507481458395e-15]}, 139770], [0.12753052839909865, {"__complex__": [1746.660888671875, -9.193949719382352e-15]}, 151946], [0.13253665927256145, {"__complex__": [1309.1644287109375, -3.77181603007995e-14]}, 163582], [0.13753197887556465, {"__complex__": [283.0523681640625, -6.61676250950609e-16]}, 175940], [0.1425260716253757, {"__complex__": [1424.9698486328125, 8.620438110356569e-15]}, 189064], [0.14752506711896965, {"__complex__": [-254.85491943359375, 9.1835540840207e-15]}, 202824], [0.1525272624752809, {"__complex__": [-624.8989868164062, 2.1478246207262816e-15]}, 216806], [0.15752484634575162, {"__complex__": [161.27182006835938, 3.5296318192295844e-15]}, 230876], [0.16252366735405163, {"__complex__": [-471.73455810546875, 1.3001646573327762e-15]}, 246232], [0.1675242007800524, {"__complex__": [-596.6708374023438, 4.4547245700457625e-15]}, 261330], [0.17252326579974073, {"__complex__": [1874.347412109375, 1.1755730564618361e-14]}, 277280], [0.17752110470595878, {"__complex__": [1559.260986328125, -1.5875538307319774e-15]}, 293320], [0.1825207522633753, {"__complex__": [279.83392333984375, -5.997427794462388e-15]}, 310574], [0.18752231962759572, {"__complex__": [633.9685668945312, 4.975621457003424e-15]}, 327560], [0.19252167162300435, {"__complex__": [-215.93539428710938, 2.5288035232587944e-15]}, 345268], [0.19752225984779248, {"__complex__": [-784.3040161132812, -6.40446958314456e-16]}, 363544], [0.20251992290984697, {"__complex__": [-282.79803466796875, 1.2200945269497088e-15]}, 381660], [0.20751551078768798, {"__complex__": [-870.004150390625, -4.93711025702356e-15]}, 400854], [0.21251512379553542, {"__complex__": [-558.3287963867188, 7.189374251904534e-15]}, 421010], [0.21751870975885984, {"__complex__": [247.75054931640625, -6.333229771236619e-15]}, 441160], [0.2225209082741387, {"__complex__": [-522.5477294921875, -5.047315596208449e-15]}, 461296], [0.22752039891934017, {"__complex__": [-499.7890930175781, -1.448576370515636e-15]}, 482192], [0.23252118259031918, {"__complex__": [-951.2706298828125, 6.931408673752342e-15]}, 503860], [0.23751936566507853, {"__complex__": [378.95550537109375, 0.0]}, 525024], [0.24251707186595864, {"__complex__": [1472.4898681640625, 0.0]}, 547954], [0.24751627666670906, {"__complex__": [-211.2248992919922, 0.0]}, 570544], [0.2525167544702008, {"__complex__": [-168.61892700195312, -1.5668966029725763e-15]}, 594374], [0.25751857595461863, {"__complex__": [217.97315979003906, -2.6376671622552325e-15]}, 617900], [0.2625190906945416, {"__complex__": [730.982177734375, -4.351256107406861e-15]}, 642106], [0.2675172479110602, {"__complex__": [-73.9980697631836, -1.3981470993305488e-15]}, 666112], [0.272514629608296, {"__complex__": [78.35688018798828, -6.058161750846416e-15]}, 691786], [0.27751615229387816, {"__complex__": [1197.767822265625, -6.485569282075015e-16]}, 717996], [0.28251644607381426, {"__complex__": [324.6455078125, 3.602967296528151e-15]}, 743152], [0.2875152531419474, {"__complex__": [138.25076293945312, 2.2672655836515577e-15]}, 770192], [0.2925134012698469, {"__complex__": [910.047607421875, -2.9234287618462845e-15]}, 796430], [0.2975118362281548, {"__complex__": [391.6602783203125, 7.903855013243009e-15]}, 824820], [0.3025125080826814, {"__complex__": [40.97574996948242, -4.369524066980294e-15]}, 852562], [0.30751063191170563, {"__complex__": [-733.3198852539062, 5.289369766325587e-16]}, 880372], [0.3125111278203564, {"__complex__": [-1.2897961139678955, 3.579445191582899e-15]}, 910652], [0.31751269361539736, {"__complex__": [410.5502014160156, -2.479570156716112e-15]}, 938996], [0.3225130904459611, {"__complex__": [408.4373474121094, 2.8823046769823777e-15]}, 969352], [0.32751158760760724, {"__complex__": [-151.34214782714844, -9.328674544807885e-16]}, 998344], [0.3325089848249692, {"__complex__": [141.2982940673828, -1.9215634857898184e-15]}, 1029922], [0.33751027924368393, {"__complex__": [-561.4384765625, -2.1925481720995454e-15]}, 1061918], [0.34251253316973607, {"__complex__": [-495.981689453125, -4.259336091970824e-15]}, 1093272], [0.34751415893089227, {"__complex__": [-383.7222900390625, -1.861877309161544e-15]}, 1125464], [0.352514235068077, {"__complex__": [344.2218017578125, 2.0117043085201474e-15]}, 1157380], [0.357512374484406, {"__complex__": [-90.55958557128906, -2.34753275507398e-15]}, 1190172], [0.3625118834929162, {"__complex__": [-773.6148071289062, 4.562883477630085e-15]}, 1224650], [0.3675116774700016, {"__complex__": [-357.86419677734375, -7.404000754035749e-16]}, 1257864], [0.3725098709245497, {"__complex__": [-62.61442565917969, 