{"edges": {"__dtype__": "<f8", "__shape__": [116], "__data__": [0.0, 0.005, 0.01, 0.015, 0.02, 0.025, 0.03, 0.035, 0.04, 0.045, 0.05, 0.055, 0.06, 0.065, 0.07, 0.075, 0.08, 0.085, 0.09, 0.095, 0.1, 0.105, 0.11, 0.115, 0.12, 0.125, 0.13, 0.135, 0.14, 0.145, 0.15, 0.155, 0.16, 0.165, 0.17, 0.17500000000000002, 0.18, 0.185, 0.19, 0.195, 0.2, 0.20500000000000002, 0.21, 0.215, 0.22, 0.225, 0.23, 0.23500000000000001, 0.24, 0.245, 0.25, 0.255, 0.26, 0.265, 0.27, 0.275, 0.28, 0.28500000000000003, 0.29, 0.295, 0.3, 0.305, 0.31, 0.315, 0.32, 0.325, 0.33, 0.335, 0.34, 0.34500000000000003, 0.35000000000000003, 0.355, 0.36, 0.365, 0.37, 0.375, 0.38, 0.385, 0.39, 0.395, 0.4, 0.405, 0.41000000000000003, 0.41500000000000004, 0.42, 0.425, 0.43, 0.435, 0.44, 0.445, 0.45, 0.455, 0.46, 0.465, 0.47000000000000003, 0.47500000000000003, 0.48, 0.485, 0.49, 0.495, 0.5, 0.505, 0.51, 0.515, 0.52, 0.525, 0.53, 0.535, 0.54, 0.545, 0.55, 0.555, 0.56, 0.5650000000000001, 0.5700000000000001, 0.5750000000000001]}, "poles": {"__dtype__": [["k", "<f8"], ["power_2", "<c8"], ["modes", "<i8"]], "__shape__": [115], "__data__": [[0.0037054420134658554, {"__complex__": [-109722.0703125, -4.9090796531980896e-12]}, 83], [0.008002706039259398, {"__complex__": [-10171.1298828125, -1.5626217767655826e-12]}, 596], [0.012849701484846114, {"__complex__": [-14239.482421875, -1.4128073168827304e-13]}, 1648], [0.0177641384261076, {"__complex__": [30632.2109375, 3.1353936916396485e-13]}, 3156], [0.022684229681789413, {"__complex__": [17495.83984375, 1.3494820495438264e-13]}, 5176], [0.027646384376179004, {"__complex__": [20002.48046875, 7.458695661967385e-14]}, 7804], [0.032636129245414154, {"__complex__": [7774.73876953125, 3.211752424344544e-14]}, 10874], [0.037622935176432226, {"__complex__": [11975.478515625, 8.060886451334483e-15]}, 14442], [0.0426065943302704, {"__complex__": [9706.6474609375, 1.0044462955610331e-13]}, 18544], [0.047584168879418735, {"__complex__": [12913.13671875, 0.0]}, 23040], [0.052572163944886785, {"__complex__": [9245.947265625, 4.5144487784533685e-14]}, 28366], [0.05756591012932392, {"__complex__": [4971.1884765625, 3.7866479157995514e-14]}, 33818], [0.06255885577973451, {"__complex__": [3130.5947265625, 0.0]}, 40130], [0.06756290621144688, {"__complex__": [5139.51806640625, -2.3612142853479158e-14]}, 46838], [0.07256050504780319, {"__complex__": [2350.220458984375, -2.5953699367593785e-14]}, 53826], [0.0775516441986681, {"__complex__": [4010.18994140625, 4.5368402638206254e-14]}, 61584], [0.08254999402587553, {"__complex__": [-17.490663528442383, 6.665253557549622e-15]}, 69864], [0.08754547074829418, {"__complex__": [2522.006591796875, -2.969627209338955e-15]}, 78404], [0.09254370656486871, {"__complex__": [1234.2535400390625, 1.3243762470970932e-14]}, 87902], [0.09754153604884025, {"__complex__": [1653.6192626953125, -7.178007916785328e-15]}, 97310], [0.10253422913940137, {"__complex__": [2536.271484375, 3.890741827566706e-14]}, 107716], [0.1075359850070505, {"__complex__": [108.04280090332031, -3.924531072975511e-15]}, 118654], [0.11253957840084304, {"__complex__": [238.6122283935547, -1.4337965561464668e-14]}, 129910], [0.11753653834673844, {"__complex__": [2567.499755859375, 6.587557766396827e-15]}, 141376], [0.12253336603812491, {"__complex__": [1361.583984375, 1.3610697990754442e-14]}, 153958], [0.12753369323485178, {"__complex__": [224.63722229003906, 0.0]}, 166718], [0.1325298054599073, {"__complex__": [-744.2140502929688, -5.179596731581153e-15]}, 179806], [0.13753126919241337, {"__complex__": [-1879.2398681640625, -1.4380991447053397e-14]}, 194282], [0.14252978867508304, {"__complex__": [64.86058807373047, 8.964765473744914e-15]}, 207774], [0.14752584639061916, {"__complex__": [-1460.9984130859375, 8.342269102346467e-15]}, 223278], [0.1525273402624495, {"__complex__": [-1307.07861328125, -1.952490988034678e-15]}, 238496], [0.15752777994300757, {"__complex__": [1154.687744140625, 5.490339238610866e-15]}, 254444], [0.16252677921627748, {"__complex__": [-1559.535888671875, 1.7203260334558521e-15]}, 270682], [0.16752582095517576, {"__complex__": [-169.21231079101562, 1.9422111420769154e-14]}, 287710], [0.1725259295419247, {"__complex__": [450.855712890625, 1.2968856233873654e-14]}, 305202], [0.17752572093623975, {"__complex__": [363.5207214355469, -2.3066241977435023e-14]}, 323008], [0.18252702152554795, {"__complex__": [-1438.8494873046875, -1.8732059513145967e-15]}, 341812], [0.18752508561671835, {"__complex__": [-339.1751708984375, -3.880295200821629e-15]}, 360020], [0.19252006361125312, {"__complex__": [530.9739990234375, -3.678906764864815e-15]}, 379728], [0.19751626124600596, {"__complex__": [-1215.1077880859375, 4.660574328535765e-15]}, 399660], [0.20251335405021748, {"__complex__": [-747.3670654296875, -3.3236198539301825e-15]}, 420320], [0.20751594275294782, {"__complex__": [-2056.592529296875, -4.213462058096952e-15]}, 442070], [0.21251689533718626, {"__complex__": [-895.0556640625, -3.5228263330148698e-15]}, 462644], [0.21751895130525958, {"__complex__": [549.959228515625, -1.6773851687992033e-15]}, 485820], [0.22252064263763735, {"__complex__": [826.88916015625, 4.589568615358621e-16]}, 507304], [0.22751949683857262, {"__complex__": [346.02935791015625, -4.386608403889058e-16]}, 530776], [0.23252062744923513, {"__complex__": [-92.75183868408203, 5.4583722151814885e-15]}, 554524], [0.23751988845699762, {"__complex__": [-612.677001953125, -1.6112623888047436e-15]}, 578008], [0.24251952417933192, {"__complex__": [-174.6409454345703, -3.8594636960333304e-15]}, 603272], [0.24751886354741093, {"__complex__": [-1548.0418701171875, 4.450779090577452e-15]}, 627748], [0.2525158523431189, {"__complex__": [-740.4492797851562, 7.127789027408515e-15]}, 653304], [0.2575140585584922, {"__complex__": [-264.91693115234375, 1.3698015652671572e-15]}, 679896], [0.2625126084722789, {"__complex__": [-1176.087890625, -3.2974547944312604e-16]}, 706092], [0.26751303339828036, {"__complex__": [-632.3045043945312, 3.8051578726860154e-15]}, 734258], [0.2725141980302592, {"__complex__": [-36.206947326660156, 0.0]}, 761190], [0.27751499291909654, {"__complex__": [-129.0201416015625, -5.894700273894097e-16]}, 789966], [0.2825156597003922, {"__complex__": [-368.58978271484375, -3.4145731930151652e-15]}, 818248], [0.2875141801620819, {"__complex__": [-1508.846923828125, -1.0995232197321455e-14]}, 847024], [0.29251195304227423, {"__complex__": [-673.3182983398438, -3.185809499236039e-15]}, 877004], [0.2975142527009851, {"__complex__": [849.62548828125, 1.5375091125049436e-15]}, 908602], [0.30251615798691667, {"__complex__": [-565.4305419921875, -2.9792725852675764e-15]}, 937802], [0.30751506635382575, {"__complex__": [-1216.5933837890625, 9.604174128484714e-16]}, 969706], [0.31251223811931306, {"__complex__": [-145.60536193847656, 1.3970453212244077e-15]}, 999956], [0.3175098816792195, {"__complex__": [-999.9546508789062, -3.1522629711182694e-15]}, 1034060], [0.3225110492752749, {"__complex__": [-201.37254333496094, 1.5283532157407166e-15]}, 1066386], [0.3275123331358606, {"__complex__": [542.496826171875, 4.655436226677721e-15]}, 1100278], [0.3325123291547583, {"__complex__": [-502.5057373046875, -3.2877848545471685e-15]}, 1133070], [0.3375117534479973, {"__complex__": [13.767574310302734, -7.973092545142759e-16]}, 1168082], [0.3425129583700723, {"__complex__": [-143.99935913085938, -5.805005308131379e-16]}, 1203258], [0.3475132726509487, {"__complex__": [-549.3079833984375, -2.257033002132252e-15]}, 1237894], [0.35251300538197095, {"__complex__": [-401.41552734375, -2.1928539509935042e-15]}, 1274124], [0.3575125695577228, {"__complex__": [382.8382568359375, -5.331014670572937e-16]}, 1310242], [0.36251151779301266, {"__complex__": [433.2084045410156, 3.457245971744008e-16]}, 1346914], [0.3675115630015573, {"__complex__": [284.45294189453125, 1.0924608496003523e-15]}, 1385312], [0.3725118957087531, {"__complex__": [306.37237548828125, 3.2739787469025154e-16]}, 1422310], 