{"edges": {"__dtype__": "<f8", "__shape__": [116], "__data__": [0.0, 0.005, 0.01, 0.015, 0.02, 0.025, 0.03, 0.035, 0.04, 0.045, 0.05, 0.055, 0.06, 0.065, 0.07, 0.075, 0.08, 0.085, 0.09, 0.095, 0.1, 0.105, 0.11, 0.115, 0.12, 0.125, 0.13, 0.135, 0.14, 0.145, 0.15, 0.155, 0.16, 0.165, 0.17, 0.17500000000000002, 0.18, 0.185, 0.19, 0.195, 0.2, 0.20500000000000002, 0.21, 0.215, 0.22, 0.225, 0.23, 0.23500000000000001, 0.24, 0.245, 0.25, 0.255, 0.26, 0.265, 0.27, 0.275, 0.28, 0.28500000000000003, 0.29, 0.295, 0.3, 0.305, 0.31, 0.315, 0.32, 0.325, 0.33, 0.335, 0.34, 0.34500000000000003, 0.35000000000000003, 0.355, 0.36, 0.365, 0.37, 0.375, 0.38, 0.385, 0.39, 0.395, 0.4, 0.405, 0.41000000000000003, 0.41500000000000004, 0.42, 0.425, 0.43, 0.435, 0.44, 0.445, 0.45, 0.455, 0.46, 0.465, 0.47000000000000003, 0.47500000000000003, 0.48, 0.485, 0.49, 0.495, 0.5, 0.505, 0.51, 0.515, 0.52, 0.525, 0.53, 0.535, 0.54, 0.545, 0.55, 0.555, 0.56, 0.5650000000000001, 0.5700000000000001, 0.5750000000000001]}, "poles": {"__dtype__": [["k", "<f8"], ["power_2", "<c8"], ["modes", "<i8"]], "__shape__": [115], "__data__": [[0.0037054420134658554, {"__complex__": [-42741.7734375, -3.506485466570064e-13]}, 83], [0.008002706039259398, {"__complex__": [-26348.427734375, -4.8831930523924455e-14]}, 596], [0.012849701484846114, {"__complex__": [13849.1953125, -1.4128073168827304e-13]}, 1648], [0.0177641384261076, {"__complex__": [-983.7417602539062, -3.6886983810317797e-13]}, 3156], [0.022684229681789413, {"__complex__": [26110.35546875, -1.3494820495438264e-13]}, 5176], [0.027646384376179004, {"__complex__": [12987.7119140625, -5.966956800624451e-14]}, 7804], [0.032636129245414154, {"__complex__": [20097.42578125, 3.211752424344544e-14]}, 10874], [0.037622935176432226, {"__complex__": [6950.7900390625, 1.6121772902668967e-14]}, 14442], [0.0426065943302704, {"__complex__": [7264.45654296875, 4.394452331321283e-14]}, 18544], [0.047584168879418735, {"__complex__": [10301.5693359375, 5.052748465532138e-15]}, 23040], [0.052572163944886785, {"__complex__": [12282.1376953125, 3.283235567642408e-14]}, 28366], [0.05756591012932392, {"__complex__": [2875.451171875, -6.88481423835683e-15]}, 33818], [0.06255885577973451, {"__complex__": [6165.71044921875, -2.3207638881386078e-14]}, 40130], [0.06756290621144688, {"__complex__": [2543.204345703125, -7.45646661006339e-15]}, 46838], [0.07256050504780319, {"__complex__": [4419.35546875, 1.1895446108169117e-14]}, 53826], [0.0775516441986681, {"__complex__": [4437.88916015625, 3.7807003892571106e-14]}, 61584], [0.08254999402587553, {"__complex__": [5424.015625, -3.332626778774811e-15]}, 69864], [0.08754547074829418, {"__complex__": [263.5499572753906, 2.0787389618339737e-14]}, 78404], [0.09254370656486871, {"__complex__": [2263.09375, 5.297504988388373e-15]}, 87902], [0.09754153604884025, {"__complex__": [4868.375, 1.2561513854374325e-14]}, 97310], [0.10253422913940137, {"__complex__": [4033.42431640625, -1.7292186088526014e-14]}, 107716], [0.1075359850070505, {"__complex__": [25.070798873901367, -1.177359279541006e-14]}, 118654], [0.11253957840084304, {"__complex__": [2668.882080078125, -7.168982780732334e-15]}, 129910], [0.11753653834673844, {"__complex__": [1877.190673828125, 8.234447207996034e-16]}, 141376], [0.12253336603812491, {"__complex__": [2305.68359375, -9.357354233368968e-15]}, 153958], [0.12753369323485178, {"__complex__": [923.2927856445312, -8.379322558624107e-15]}, 166718], [0.1325298054599073, {"__complex__": [813.6190795898438, -7.121945347105408e-15]}, 179806], [0.13753126919241337, {"__complex__": [1253.4444580078125, 2.396831766670075e-15]}, 194282], [0.14252978867508304, {"__complex__": [961.2607421875, -1.0085361263842147e-14]}, 207774], [0.14752584639061916, {"__complex__": [1668.2657470703125, 3.128350807500807e-15]}, 223278], [0.1525273402624495, {"__complex__": [576.5645141601562, 7.809963952138711e-15]}, 238496], [0.15752777994300757, {"__complex__": [953.1307373046875, 0.0]}, 254444], [0.16252677921627748, {"__complex__": [-1277.9361572265625, -1.290244525091889e-15]}, 270682], [0.16752582095517576, {"__complex__": [1445.378662109375, -8.092546001804007e-15]}, 287710], [0.1725259295419247, {"__complex__": [580.2064208984375, -7.628739241370404e-16]}, 305202], [0.17752572093623975, {"__complex__": [394.19256591796875, 0.0]}, 323008], [0.18252702152554795, {"__complex__": [1174.90771484375, 1.3623315817053215e-15]}, 341812], [0.18752508561671835, {"__complex__": [289.9845886230469, 1.1640885602464887e-14]}, 360020], [0.19252006361125312, {"__complex__": [1861.9227294921875, 4.292057821756205e-15]}, 379728], [0.19751626124600596, {"__complex__": [-810.6793212890625, -7.35496919309275e-15]}, 399660], [0.20251335405021748, {"__complex__": [-454.7358703613281, 5.539366352630892e-15]}, 420320], [0.20751594275294782, {"__complex__": [-213.52679443359375, 0.0]}, 442070], [0.21251689533718626, {"__complex__": [131.31971740722656, -2.0130436793679932e-15]}, 462644], [0.21751895130525958, {"__complex__": [191.966552734375, -6.709540675196813e-15]}, 485820], [0.22252064263763735, {"__complex__": [-2.7102468013763428, 2.2947842018001922e-15]}, 507304], [0.22751949683857262, {"__complex__": [-16.04268455505371, -3.7286170109568015e-15]}, 530776], [0.23252062744923513, {"__complex__": [464.7230529785156, 6.298121949638823e-16]}, 554524], [0.23751988845699762, {"__complex__": [-348.1048889160156, 4.833787484051586e-15]}, 578008], [0.24251952417933192, {"__complex__": [-17.69440460205078, -2.315678175268351e-15]}, 603272], [0.24751886354741093, {"__complex__": [-945.4179077148438, -4.450779090577452e-15]}, 627748], [0.2525158523431189, {"__complex__": [-1235.9154052734375, -1.4255577207784084e-15]}, 653304], [0.2575140585584922, {"__complex__": [-966.6024780273438, 0.0]}, 679896], [0.2625126084722789, {"__complex__": [-1053.143798828125, 1.3189819177725041e-15]}, 706092], [0.26751303339828036, {"__complex__": [292.3283386230469, -1.5854824910688058e-16]}, 734258], [0.2725141980302592, {"__complex__": [166.43687438964844, 2.447017410003708e-15]}, 761190], [0.27751499291909654, {"__complex__": [49.992027282714844, -2.3578801095576387e-15]}, 789966], [0.2825156597003922, {"__complex__": [-425.15594482421875, -2.845477802018129e-15]}, 818248], [0.2875141801620819, {"__complex__": [-26.750490188598633, 0.0]}, 847024], [0.29251195304227423, {"__complex__": [192.73680114746094, -5.309682675191929e-16]}, 877004], [0.2975142527009851, {"__complex__": [1458.4398193359375, 3.075018225009887e-15]}, 908602], [0.30251615798691667, {"__complex__": [384.4762268066406, 0.0]}, 937802], [0.30751506635382575, {"__complex__": [436.80670166015625, -1.6807305254243842e-15]}, 969706], [0.31251223811931306, {"__complex__": [-187.95367431640625, -2.9105110858841828e-15]}, 999956], [0.3175098816792195, {"__complex__": [-334.7783203125, 1.3509697993882076e-15]}, 1034060], [0.3225110492752749, {"__complex__": [-513.4612426757812, 0.0]}, 1066386], [0.3275123331358606, {"__complex__": [-869.077392578125, 4.2322149440326886e-15]}, 1100278], [0.3325123291547583, {"__complex__": [35.39909362792969, 1.2329192410458494e-15]}, 1133070], [0.3375117534479973, {"__complex__": [-298.8770751953125, 0.0]}, 1168082], [0.3425129583700723, {"__complex__": [136.93917846679688, -3.4830032907579456e-15]}, 1203258], [0.3475132726509487, {"__complex__": [-224.15939331054688, 0.0]}, 1237894], [0.35251300538197095, {"__complex__": [358.69915771484375, 0.0]}, 1274124], [0.3575125695577228, {"__complex__": [378.7102966308594, 1.2439034584267247e-15]}, 1310242], [0.36251151779301266, {"__complex__": [-60.897884368896484, 2.8522278075747984e-15]}, 1346914], [0.3675115630015573, {"__complex__": [-267.2135925292969, -2.0168508807076645e-15]}, 1385312], [0.3725118957087531, {"__complex__": [-246.1949005126953, 0.0]}, 1422310], [0.37751124096797295, {"__complex__": [380.2236328125, -1.5934229220235024e-15]}, 1461198], [0.3825103314725004, {"__complex__": [298.5541687011719, 9.316207278615486e-16]}, 