{"poles": {"dims": ["k"], "edges": [{"__dtype__": "<f8", "__shape__": [94], "__data__": [0.0, 0.005, 0.01, 0.015, 0.02, 0.025, 0.03, 0.035, 0.04, 0.045, 0.05, 0.055, 0.06, 0.065, 0.07, 0.075, 0.08, 0.085, 0.09, 0.095, 0.1, 0.105, 0.11, 0.115, 0.12, 0.125, 0.13, 0.135, 0.14, 0.145, 0.15, 0.155, 0.16, 0.165, 0.17, 0.17500000000000002, 0.18, 0.185, 0.19, 0.195, 0.2, 0.20500000000000002, 0.21, 0.215, 0.22, 0.225, 0.23, 0.23500000000000001, 0.24, 0.245, 0.25, 0.255, 0.26, 0.265, 0.27, 0.275, 0.28, 0.28500000000000003, 0.29, 0.295, 0.3, 0.305, 0.31, 0.315, 0.32, 0.325, 0.33, 0.335, 0.34, 0.34500000000000003, 0.35000000000000003, 0.355, 0.36, 0.365, 0.37, 0.375, 0.38, 0.385, 0.39, 0.395, 0.4, 0.405, 0.41000000000000003, 0.41500000000000004, 0.42, 0.425, 0.43, 0.435, 0.44, 0.445, 0.45, 0.455, 0.46, 0.465]}], "coords": [{"__dtype__": "<f8", "__shape__": [93], "__data__": [0.0025, 0.0075, 0.0125, 0.0175, 0.0225, 0.0275, 0.0325, 0.037500000000000006, 0.042499999999999996, 0.0475, 0.052500000000000005, 0.057499999999999996, 0.0625, 0.0675, 0.07250000000000001, 0.0775, 0.0825, 0.0875, 0.0925, 0.0975, 0.10250000000000001, 0.1075, 0.1125, 0.1175, 0.1225, 0.1275, 0.1325, 0.1375, 0.14250000000000002, 0.1475, 0.1525, 0.1575, 0.1625, 0.1675, 0.17250000000000001, 0.1775, 0.1825, 0.1875, 0.1925, 0.1975, 0.2025, 0.20750000000000002, 0.2125, 0.2175, 0.2225, 0.2275, 0.2325, 0.2375, 0.2425, 0.2475, 0.2525, 0.2575, 0.2625, 0.2675, 0.2725, 0.2775, 0.28250000000000003, 0.2875, 0.2925, 0.2975, 0.3025, 0.3075, 0.3125, 0.3175, 0.3225, 0.3275, 0.3325, 0.3375, 0.3425, 0.34750000000000003, 0.35250000000000004, 0.3575, 0.3625, 0.3675, 0.3725, 0.3775, 0.3825, 0.3875, 0.3925, 0.3975, 0.4025, 0.40750000000000003, 0.41250000000000003, 0.4175, 0.4225, 0.4275, 0.4325, 0.4375, 0.4425, 0.4475, 0.4525, 0.4575, 0.4625]}], "data": {"__dtype__": [["k", "<f8"], ["power_0", "<c8"], ["modes", "<i8"]], "__shape__": [93], "__data__": [[0.0037081367915242675, {"__complex__": [111701.0703125, -1.1428205116178342e-13]}, 191], [0.008018577791264523, {"__complex__": [104958.6875, -1.0544866473332238e-14]}, 1380], [0.012844085612331841, {"__complex__": [116916.8125, 1.5439697927826547e-14]}, 3770], [0.01775141230162106, {"__complex__": [102795.4609375, 4.41210212624981e-14]}, 7256], [0.022691010615224643, {"__complex__": [100065.5859375, 1.2116498837512913e-14]}, 12010], [0.027661296094027222, {"__complex__": [104391.65625, -1.2989882132723347e-14]}, 17924], [0.03263163473973046, {"__complex__": [105166.7578125, 1.0515233872705494e-14]}, 24910], [0.03760885918999335, {"__complex__": [101665.1796875, -2.0575812646576874e-14]}, 33240], [0.04258994605322728, {"__complex__": [101850.9453125, -4.1024054508000726e-15]}, 42566], [0.047583805693835864, {"__complex__": [96110.3125, 1.3605515684364462e-16]}, 53478], [0.052589415944125126, {"__complex__": [95634.578125, -1.1484011712501602e-14]}, 65258], [0.057576993125266096, {"__complex__": [93629.7890625, -8.979430155160728e-15]}, 77788], [0.0625679362273907, {"__complex__": [90394.4765625, 1.2593881524387753e-14]}, 92438], [0.06756372941029527, {"__complex__": [91301.0390625, -6.502922657823651e-15]}, 107412], [0.07255867544245412, {"__complex__": [90009.078125, 2.811013725460246e-15]}, 124242], [0.07755343255815964, {"__complex__": [86820.4765625, -4.933967764789247e-15]}, 141568], [0.08254944316463679, {"__complex__": [85756.53125, -1.808972266550751e-15]}, 160886], [0.0875469705282893, {"__complex__": [86313.1953125, -1.7732084179353062e-15]}, 180544], [0.09254207143002044, {"__complex__": [84561.2421875, -1.1526041063827886e-15]}, 202004], [0.09754200795670145, {"__complex__": [83990.2578125, -1.166548492156081e-15]}, 224538], [0.10254171329034444, {"__complex__": [83334.5, -2.3467236268511155e-15]}, 248038], [0.10754099109209159, {"__complex__": [83476.7265625, -5.86607331313398e-15]}, 272876], [0.11253870054955198, {"__complex__": [82287.515625, 0.0]}, 298594], [0.11753608765430268, {"__complex__": [82436.2265625, 7.590377648584849e-16]}, 325916], [0.12253572907412832, {"__complex__": [81964.234375, 1.4373924651174454e-15]}, 354334], [0.1275331697481456, {"__complex__": [81705.0234375, -2.1253422487237843e-15]}, 383424], [0.13252928315027618, {"__complex__": [80844.625, -9.48510988346273e-16]}, 414230], [0.13752809598823948, {"__complex__": [81688.09375, 1.3692237829180114e-15]}, 446370], [0.1425292748907053, {"__complex__": [80628.3984375, 1.9420436836632433e-15]}, 479558], [0.14752984329410787, {"__complex__": [79827.46875, -6.800860885427076e-16]}, 513532], [0.15252898535896237, {"__complex__": [79550.765625, -8.483072553838852e-16]}, 548930], [0.15752847498756622, {"__complex__": [78936.0703125, 3.976286321299966e-16]}, 585548], [0.16252705956276423, {"__complex__": [79043.53125, 2.428845800428025e-15]}, 623094], [0.16752723347134682, {"__complex__": [78703.875, -2.2839625088660713e-15]}, 662620], [0.17252557298757182, {"__complex__": [80266.7890625, 1.4931975367814005e-15]}, 701674], [0.1775232051718564, {"__complex__": [79339.28125, 3.1304371025894534e-16]}, 743764], [0.1825215844754662, {"__complex__": [79084.6328125, 4.44548195828356e-16]}, 785620], [0.18752064712987349, {"__complex__": [78898.5703125, -7.012126519642263e-17]}, 830100], [0.19252067437217257, {"__complex__": [78624.1796875, 5.32538560724284e-16]}, 874418], [0.19751987908784707, {"__complex__": [78504.0234375, -6.954456016730658e-16]}, 920682], [0.20251936794243589, {"__complex__": [77873.6953125, -2.105229186693435e-16]}, 967718], [0.20751955964231095, {"__complex__": [78483.1953125, -2.0326942084695826e-15]}, 1016568], [0.2125192859071403, {"__complex__": [78281.2109375, -1.3111334163623642e-15]}, 1065478], [0.21751870204394746, {"__complex__": [77731.6875, 9.38244737267314e-16]}, 1116700], [0.22251763655620238, {"__complex__": [77893.3125, 8.472542346117705e-16]}, 1167926], [0.2275173612096972, {"__complex__": [77650.25, 1.9052714423240923e-16]}, 1222034], [0.23251753944930767, {"__complex__": [77204.671875, 1.8253009441914457e-16]}, 1275574], [0.237518608068736, {"__complex__": [77331.0078125, -1.922446517637331e-15]}, 1332228], [0.24251933382685822, {"__complex__": [77249.7109375, -8.389845990081676e-16]}, 1387574], [0.2475188275283454, {"__complex__": [77052.28125, -1.2076245343700106e-16]}, 1446004], [0.2525176353551358, {"__complex__": [77316.5078125, 3.0961481500934153e-16]}, 1504002], [0.25751592740199597, {"__complex__": [77025.34375, -1.413540440839238e-15]}, 1564788], [0.2625152321376914, {"__complex__": [76894.046875, 7.875023070509656e-16]}, 1626114], [0.2675142035428968, {"__complex__": [76599.609375, 6.894665549170753e-17]}, 1688484], [0.27251407722071946, {"__complex__": [76528.078125, 0.0]}, 1752920], [0.277514999580621, {"__complex__": [76486.90625, 1.0886568246342332e-15]}, 1817892], [0.28251513318998955, {"__complex__": [76970.6640625, 9.271954042286185e-16]}, 1883346], [0.2875150555774266, {"__complex__": [76839.6171875, -2.3866603832812085e-16]}, 1951100], [0.2925143032383768, {"__complex__": [76331.484375, 4.0371803139714656e-16]}, 2018506], [0.2975129983065177, {"__complex__": [76527.0703125, -2.2294973903851133e-16]}, 2088638], [0.30251265006104155, {"__complex__": [76776.796875, 8.624347590924621e-16]}, 2159752], [0.3075131135075962, {"__complex__": [76955.3828125, -4.1724985918556684e-16]}, 2232050], [0.31251255553945134, {"__complex__": [77033.046875, 2.021057272793509e-16]}, 2304048], [0.3175120364779517, {"__complex__": [77198.3359375, -7.827713633427544e-16]}, 2379552], [0.3225126598898453, {"__complex__": [77045.25, -1.8968058774118776e-16]}, 2454976], [0.3275133985704822, {"__complex__": [76560.7578125, -9.655352917949003e-16]}, 2531986], [0.33251410375899365, {"__complex__": [76238.4609375, 3.7920068920865044e-16]}, 2609516], [0.3375135412275565, {"__complex__": [76224.234375, 5.630971801206142e-16]}, 2687634], [0.34251245849241974, {"__complex__": [76420.6640625, -2.523282033112999e-16]}, 2768188], [0.3475114266102975, {"__complex__": 