{"poles": {"dims": ["k"], "edges": [{"__dtype__": "<f8", "__shape__": [86], "__data__": [0.0, 0.005, 0.01, 0.015, 0.02, 0.025, 0.03, 0.035, 0.04, 0.045, 0.05, 0.055, 0.06, 0.065, 0.07, 0.075, 0.08, 0.085, 0.09, 0.095, 0.1, 0.105, 0.11, 0.115, 0.12, 0.125, 0.13, 0.135, 0.14, 0.145, 0.15, 0.155, 0.16, 0.165, 0.17, 0.17500000000000002, 0.18, 0.185, 0.19, 0.195, 0.2, 0.20500000000000002, 0.21, 0.215, 0.22, 0.225, 0.23, 0.23500000000000001, 0.24, 0.245, 0.25, 0.255, 0.26, 0.265, 0.27, 0.275, 0.28, 0.28500000000000003, 0.29, 0.295, 0.3, 0.305, 0.31, 0.315, 0.32, 0.325, 0.33, 0.335, 0.34, 0.34500000000000003, 0.35000000000000003, 0.355, 0.36, 0.365, 0.37, 0.375, 0.38, 0.385, 0.39, 0.395, 0.4, 0.405, 0.41000000000000003, 0.41500000000000004, 0.42, 0.425]}], "coords": [{"__dtype__": "<f8", "__shape__": [85], "__data__": [0.0025, 0.0075, 0.0125, 0.0175, 0.0225, 0.0275, 0.0325, 0.037500000000000006, 0.042499999999999996, 0.0475, 0.052500000000000005, 0.057499999999999996, 0.0625, 0.0675, 0.07250000000000001, 0.0775, 0.0825, 0.0875, 0.0925, 0.0975, 0.10250000000000001, 0.1075, 0.1125, 0.1175, 0.1225, 0.1275, 0.1325, 0.1375, 0.14250000000000002, 0.1475, 0.1525, 0.1575, 0.1625, 0.1675, 0.17250000000000001, 0.1775, 0.1825, 0.1875, 0.1925, 0.1975, 0.2025, 0.20750000000000002, 0.2125, 0.2175, 0.2225, 0.2275, 0.2325, 0.2375, 0.2425, 0.2475, 0.2525, 0.2575, 0.2625, 0.2675, 0.2725, 0.2775, 0.28250000000000003, 0.2875, 0.2925, 0.2975, 0.3025, 0.3075, 0.3125, 0.3175, 0.3225, 0.3275, 0.3325, 0.3375, 0.3425, 0.34750000000000003, 0.35250000000000004, 0.3575, 0.3625, 0.3675, 0.3725, 0.3775, 0.3825, 0.3875, 0.3925, 0.3975, 0.4025, 0.40750000000000003, 0.41250000000000003, 0.4175, 0.4225]}], "data": {"__dtype__": [["k", "<f8"], ["power_2", "<c8"], ["modes", "<i8"]], "__shape__": [85], "__data__": [[0.003785962175218714, {"__complex__": [-25802.583984375, -7.830626880429847e-13]}, 223], [0.008055650047333739, {"__complex__": [3341.8134765625, 9.214933503753908e-13]}, 1516], [0.012838659412058445, {"__complex__": [-10822.0927734375, 1.1275091374874507e-13]}, 4130], [0.017758445021159877, {"__complex__": [31726.7578125, -1.589189121010276e-13]}, 8058], [0.022686221993372543, {"__complex__": [16820.5859375, -5.324683226347153e-14]}, 13118], [0.02764503576190599, {"__complex__": [21897.06640625, -9.709122611792353e-14]}, 19784], [0.032626124011193657, {"__complex__": [8569.0615234375, -2.5416343359921552e-14]}, 27482], [0.03761517664423396, {"__complex__": [14977.982421875, 3.480373338160016e-14]}, 36794], [0.042612076216348424, {"__complex__": [10277.3369140625, -4.947527576428662e-14]}, 47060], [0.04758810749327745, {"__complex__": [11442.46484375, -3.1858603212128744e-14]}, 58466], [0.05257639262811682, {"__complex__": [9654.2421875, -6.473451840489832e-15]}, 71934], [0.057576644294676294, {"__complex__": [5226.0556640625, -1.352157148997845e-14]}, 86096], [0.06257060468948772, {"__complex__": [3266.500244140625, -1.3740914906834687e-14]}, 101666], [0.06756431050677218, {"__complex__": [6185.77001953125, 3.929830111093534e-15]}, 118494], [0.07255460479533274, {"__complex__": [1022.6373291015625, -1.8750546430736266e-14]}, 136590], [0.07755203808236072, {"__complex__": [5800.28759765625, 2.379829697836313e-14]}, 156536], [0.08254994891496988, {"__complex__": [-1196.978759765625, 2.6324013701803893e-15]}, 176896], [0.0875465852208996, {"__complex__": [2481.21435546875, -7.589765032005747e-15]}, 199400], [0.09254606261661012, {"__complex__": [1895.1181640625, 8.368505100854722e-15]}, 222578], [0.09754095165434574, {"__complex__": [2442.803955078125, -9.422145689328581e-16]}, 247110], [0.10253878096196406, {"__complex__": [2709.719970703125, -1.702463696785035e-15]}, 273522], [0.1075376536617221, {"__complex__": [819.032470703125, -1.5494772010057022e-14]}, 300528], [0.11253874421958751, {"__complex__": [231.90296936035156, 2.8236785620875922e-15]}, 329826], [0.11753930483919833, {"__complex__": [2522.52294921875, -5.190103751775369e-15]}, 358884], [0.12253435939470513, {"__complex__": [1871.8448486328125, -2.3867092994339124e-15]}, 390212], [0.1275324928771181, {"__complex__": [291.3515625, -6.6049998688466876e-15]}, 423008], [0.13253098558293935, {"__complex__": [12.008315086364746, 2.039922575883214e-15]}, 456548], [0.1375294182229233, {"__complex__": [-842.0836181640625, 3.786017892693384e-15]}, 491980], [0.14252928720123362, {"__complex__": [22.20131492614746, -3.526000800742942e-15]}, 528260], [0.14752710781464048, {"__complex__": [-704.01953125, 6.17315028508445e-15]}, 565750], [0.15252590457329984, {"__complex__": [-451.26751708984375, 1.5390810997759291e-15]}, 605116], [0.15752627544450365, {"__complex__": [897.6574096679688, -2.885880214810975e-15]}, 645434], [0.1625268432433497, {"__complex__": [-421.5765686035156, -4.0653130310068595e-15]}, 687270], [0.16752762298865234, {"__complex__": [-17.063007354736328, 3.8277097013901876e-15]}, 729932], [0.17252411279445126, {"__complex__": [399.170166015625, 1.8067841686897563e-15]}, 773188], [0.17752203527930777, {"__complex__": [108.23914337158203, 1.135726021996681e-15]}, 820024], [0.18252363779831107, {"__complex__": [-1505.63623046875, -6.850314586415163e-15]}, 866702], [0.18752234050808908, {"__complex__": [-298.9181213378906, 1.0188655449452151e-15]}, 914078], [0.19252201016210274, {"__complex__": [711.1040649414062, -9.656835225606698e-16]}, 964418], [0.19752271477956754, {"__complex__": [-1052.750732421875, 9.177309757133541e-16]}, 1014810], [0.20252178570627094, {"__complex__": [-613.0032958984375, 2.83824795229684e-15]}, 1066432], [0.20751974798690762, {"__complex__": [-1640.1517333984375, -4.159405844771281e-16]}, 1119538], [0.2125197454352182, {"__complex__": [-511.8411560058594, 1.7826462707918505e-15]}, 1175486], [0.2175192296548309, {"__complex__": [538.5147094726562, -2.272154022548399e-15]}, 1229656], [0.22251681667262319, {"__complex__": [464.75653076171875, 1.3560401386104718e-15]}, 1287742], [0.22751746426403283, {"__complex__": [527.3055419921875, 3.4572560302602567e-16]}, 1346910], [0.23251730364615478, {"__complex__": [112.6172103881836, 3.9753788843156605e-15]}, 1405636], [0.23751678657474465, {"__complex__": [-584.8963623046875, -2.5379713843634013e-15]}, 1467822], [0.2425174971485461, {"__complex__": [-81.67437744140625, 1.8264450739449494e-15]}, 1529730], [0.24751707342858845, {"__complex__": [-1130.1544189453125, -1.1689444307265082e-15]}, 1593442], [0.2525171832510974, {"__complex__": [-199.2803497314453, -4.210786069258339e-16]}, 1658816], [0.2575157181508458, {"__complex__": [-202.67037963867188, -5.403394165311409e-16]}, 1723588], [0.2625146768272274, {"__complex__": [-737.1265258789062, 3.246072293543157e-15]}, 1793172], [0.2675153728644548, {"__complex__": [-151.47213745117188, -5.003537968879031e-16]}, 1861328], [0.2725140790996068, {"__complex__": [-151.42393493652344, 1.929302614070644e-15]}, 1930900], [0.2775148647609448, {"__complex__": [-209.8556671142578, -2.3229287772968477e-15]}, 2004630], [0.28251520974118804, {"__complex__": [-51.418495178222656, 1.3465527343265132e-15]}, 2074904], [0.28751406015515885, {"__complex__": [-1453.3145751953125, -2.598394479655787e-15]}, 2150534], [0.29251361364437867, {"__complex__": [-616.2667236328125, 1.674462375735584e-15]}, 2224768], [0.2975131524186939, {"__complex__": [874.1432495117188, 4.0441225430676026e-16]}, 2302904], [0.3025147259314174, {"__complex__": [-285.3586120605469, -7.821678523678357e-16]}, 2381388], [0.3075149652713783, {"__complex__": [-689.8875122070312, -1.3256129152000844e-15]}, 2458960], [0.31251335064096714, {"__complex__": [-60.94933319091797, 7.334195710061338e-16]}, 2539672], [0.31751349612987984, {"__complex__": [-945.6088256835938, -2.1302728275097516e-15]}, 2623108], [0.32251268944270295, {"__complex__": [-256.71307373046875, 1.2915738374234863e-15]}, 2704034], [0.32751171630842707, {"__complex__": [495.7589416503906, -3.337461219321265e-16]}, 2790512], [0.33251237563902225, {"__complex__": [-291.238037109375, 