{"edges": {"__dtype__": "<f8", "__shape__": [128], "__data__": [0.0, 0.005, 0.01, 0.015, 0.02, 0.025, 0.03, 0.035, 0.04, 0.045, 0.05, 0.055, 0.06, 0.065, 0.07, 0.075, 0.08, 0.085, 0.09, 0.095, 0.1, 0.105, 0.11, 0.115, 0.12, 0.125, 0.13, 0.135, 0.14, 0.145, 0.15, 0.155, 0.16, 0.165, 0.17, 0.17500000000000002, 0.18, 0.185, 0.19, 0.195, 0.2, 0.20500000000000002, 0.21, 0.215, 0.22, 0.225, 0.23, 0.23500000000000001, 0.24, 0.245, 0.25, 0.255, 0.26, 0.265, 0.27, 0.275, 0.28, 0.28500000000000003, 0.29, 0.295, 0.3, 0.305, 0.31, 0.315, 0.32, 0.325, 0.33, 0.335, 0.34, 0.34500000000000003, 0.35000000000000003, 0.355, 0.36, 0.365, 0.37, 0.375, 0.38, 0.385, 0.39, 0.395, 0.4, 0.405, 0.41000000000000003, 0.41500000000000004, 0.42, 0.425, 0.43, 0.435, 0.44, 0.445, 0.45, 0.455, 0.46, 0.465, 0.47000000000000003, 0.47500000000000003, 0.48, 0.485, 0.49, 0.495, 0.5, 0.505, 0.51, 0.515, 0.52, 0.525, 0.53, 0.535, 0.54, 0.545, 0.55, 0.555, 0.56, 0.5650000000000001, 0.5700000000000001, 0.5750000000000001, 0.58, 0.585, 0.59, 0.595, 0.6, 0.605, 0.61, 0.615, 0.62, 0.625, 0.63, 0.635]}, "poles": {"__dtype__": [["k", "<f8"], ["power_0", "<c8"], ["modes", "<i8"]], "__shape__": [127], "__data__": [[0.0037537781648676505, {"__complex__": [138144.5625, -9.449295729560547e-13]}, 77], [0.008050398333474014, {"__complex__": [82588.90625, 1.0621835849029468e-13]}, 548], [0.012848609532355457, {"__complex__": [105583.375, 1.9664750784773727e-14]}, 1480], [0.017751579213119567, {"__complex__": [130194.8359375, 4.0534582119869725e-14]}, 2872], [0.022691827324042853, {"__complex__": [117097.8125, 1.167594531259128e-13]}, 4736], [0.027648005536595924, {"__complex__": [108754.5546875, -7.445550388252356e-14]}, 7036], [0.032612636555868525, {"__complex__": [106184.75, -3.549969292051397e-14]}, 9838], [0.03761114292794433, {"__complex__": [104694.3203125, 2.6442002003224628e-14]}, 13208], [0.04261303922036164, {"__complex__": [103237.4140625, -1.381128471002668e-14]}, 16858], [0.04760505554480107, {"__complex__": [102277.734375, 4.694166130564566e-14]}, 21080], [0.05259133615803475, {"__complex__": [98361.3203125, -1.5333347859101086e-14]}, 25624], [0.05756841184374016, {"__complex__": [96957.5859375, -1.9890017503030114e-14]}, 30728], [0.06256248327880025, {"__complex__": [97099.984375, -1.75429959323398e-14]}, 36498], [0.06756661487904435, {"__complex__": [96093.359375, -1.2318212957637947e-14]}, 42528], [0.07257304507008182, {"__complex__": [92629.8203125, -1.6579329936380373e-14]}, 49152], [0.07756473030387098, {"__complex__": [89309.1796875, 5.743077776445551e-15]}, 55744], [0.08254764044823601, {"__complex__": [89371.421875, 2.3890997958176535e-14]}, 63346], [0.08754405971893497, {"__complex__": [87429.921875, 3.261481516919607e-15]}, 71388], [0.09254365223263855, {"__complex__": [85558.6484375, 1.0946502391865915e-14]}, 79762], [0.09754150838846357, {"__complex__": [87358.109375, 0.0]}, 88564], [0.10254123052801507, {"__complex__": [85619.4609375, -8.31639817503848e-15]}, 97988], [0.10754181638082774, {"__complex__": [84623.9375, -1.3983392487546334e-14]}, 107708], [0.11254085353408888, {"__complex__": [85223.9921875, 8.882748120495228e-15]}, 117952], [0.11753281793039293, {"__complex__": [85906.96875, -5.4447176205552755e-15]}, 128288], [0.12252442444514552, {"__complex__": [84216.1171875, 5.413891126989376e-15]}, 139770], [0.12753052839909865, {"__complex__": [84179.8125, 8.044705580943085e-15]}, 151946], [0.13253665927256145, {"__complex__": [84283.625, -2.4018639894097128e-15]}, 163582], [0.13753197887556465, {"__complex__": [83391.3125, 4.962571749780669e-16]}, 175940], [0.1425260716253757, {"__complex__": [83392.1171875, -3.0787278058023873e-15]}, 189064], [0.14752506711896965, {"__complex__": [82517.390625, 8.430215686226934e-15]}, 202824], [0.1525272624752809, {"__complex__": [81703.7109375, 1.0739123103631408e-15]}, 216806], [0.15752484634575162, {"__complex__": [81849.953125, 1.0084662038144189e-15]}, 230876], [0.16252366735405163, {"__complex__": [81867.546875, 3.7822968769560955e-15]}, 246232], [0.1675242007800524, {"__complex__": [80751.2109375, -1.7818898703699524e-15]}, 261330], [0.17252326579974073, {"__complex__": [80510.3828125, 5.038170181476944e-15]}, 277280], [0.17752110470595878, {"__complex__": [80350.625, 0.0]}, 293320], [0.1825207522633753, {"__complex__": [81111.2421875, 1.405647152562012e-15]}, 310574], [0.18752231962759572, {"__complex__": [80704.1015625, 7.108030501606151e-16]}, 327560], [0.19252167162300435, {"__complex__": [80672.34375, 0.0]}, 345268], [0.19752225984779248, {"__complex__": [80463.6328125, 3.20223479157228e-16]}, 363544], [0.20251992290984697, {"__complex__": [80191.5390625, 2.1351655015713292e-15]}, 381660], [0.20751551078768798, {"__complex__": [80255.5546875, 1.7425096145862054e-15]}, 400854], [0.21251512379553542, {"__complex__": [80715.6875, 0.0]}, 421010], [0.21751870975885984, {"__complex__": [80168.4296875, 9.235960435983797e-16]}, 441160], [0.2225209082741387, {"__complex__": [80227.3671875, 0.0]}, 461296], [0.22752039891934017, {"__complex__": [79777.8125, -1.810720463144545e-16]}, 482192], [0.23252118259031918, {"__complex__": [79731.4296875, 2.0794226868289974e-15]}, 503860], [0.23751936566507853, {"__complex__": [79906.34375, -4.434666671036103e-16]}, 525024], [0.24251707186595864, {"__complex__": [79739.4296875, -1.6996364066862186e-15]}, 547954], [0.24751627666670906, {"__complex__": [79706.765625, 0.0]}, 570544], [0.2525167544702008, {"__complex__": [79625.6484375, -3.1337932059451526e-15]}, 594374], [0.25751857595461863, {"__complex__": [79570.9453125, -1.8840479730394518e-15]}, 617900], [0.2625190906945416, {"__complex__": [79092.953125, 3.263442186434264e-15]}, 642106], [0.2675172479110602, {"__complex__": [79478.328125, 0.0]}, 666112], [0.272514629608296, {"__complex__": [79223.6640625, -3.3656453936082046e-15]}, 691786], [0.27751615229387816, {"__complex__": [79495.5234375, 1.621392373458313e-15]}, 717996], [0.28251644607381426, {"__complex__": [79186.5703125, -7.832537486062157e-17]}, 743152], [0.2875152531419474, {"__complex__": [79549.3515625, -1.5115103891010385e-15]}, 770192], [0.2925134012698469, {"__complex__": [79366.765625, 8.770286603176209e-16]}, 796430], [0.2975118362281548, {"__complex__": [79028.734375, -2.8228055887563283e-16]}, 824820], [0.3025125080826814, {"__complex__": [79520.03125, -2.730952541862684e-16]}, 852562], [0.30751063191170563, {"__complex__": [79280.8671875, 1.3223424151116172e-15]}, 880372], [0.3125111278203564, {"__complex__": [79215.9296875, -3.83512007500836e-16]}, 910652], [0.31751269361539736, {"__complex__": [79070.28125, -2.231613119868677e-15]}, 938996], [0.3225130904459611, {"__complex__": [78705.875, 1.200960264429471e-15]}, 969352], [0.32751158760760724, {"__complex__": [78831.6953125, -1.6325179394622615e-15]}, 998344], [0.3325089848249692, {"__complex__": [78522.3515625, -2.260662908888151e-16]}, 1029922], [0.33751027924368393, {"__complex__": [78887.765625, -1.5347837839971529e-15]}, 1061918], [0.34251253316973607, {"__complex__": [79206.3984375, -1.2778008699428946e-15]}, 1093272], [0.34751415893089227, {"__complex__": [78798.1484375, 8.275010027653266e-16]}, 1125464], [0.352514235068077, {"__complex__": [79214.75, -3.017556727478017e-16]}, 1157380], [0.357512374484406, {"__complex__": [78754.7734375, -3.9125545035573683e-16]}, 1190172], [0.3625118834929162, {"__complex__": [79207.265625, -7.604806325445734e-16]}, 1224650], [0.3675116774700016, {"__complex__": [79075.765625, 9.25500067784689e-16]}, 1257864], [0.3725098709245497, {"__complex__": [78628.7578125, -2.2520745241985847e-16]}, 1292312], [0.37751067052804127, {"__complex__": [78773.7890625, 6.133883319957398e-16]}, 1328534], [0.3825116981355865, {"__complex__": [79008.8984375, 8.54206204586801e-16]}, 1362848], [0.3875116125361288, {"__complex__": [78990.671875, 4.1600554131627067e-16]}, 1399204], [0.3925104655048909, {"__complex__": [79180.34375, 3.2463249740592346e-16]}, 1434426], [0.3975103524535893, 