{"edges": {"__dtype__": "<f8", "__shape__": [128], "__data__": [0.0, 0.005, 0.01, 0.015, 0.02, 0.025, 0.03, 0.035, 0.04, 0.045, 0.05, 0.055, 0.06, 0.065, 0.07, 0.075, 0.08, 0.085, 0.09, 0.095, 0.1, 0.105, 0.11, 0.115, 0.12, 0.125, 0.13, 0.135, 0.14, 0.145, 0.15, 0.155, 0.16, 0.165, 0.17, 0.17500000000000002, 0.18, 0.185, 0.19, 0.195, 0.2, 0.20500000000000002, 0.21, 0.215, 0.22, 0.225, 0.23, 0.23500000000000001, 0.24, 0.245, 0.25, 0.255, 0.26, 0.265, 0.27, 0.275, 0.28, 0.28500000000000003, 0.29, 0.295, 0.3, 0.305, 0.31, 0.315, 0.32, 0.325, 0.33, 0.335, 0.34, 0.34500000000000003, 0.35000000000000003, 0.355, 0.36, 0.365, 0.37, 0.375, 0.38, 0.385, 0.39, 0.395, 0.4, 0.405, 0.41000000000000003, 0.41500000000000004, 0.42, 0.425, 0.43, 0.435, 0.44, 0.445, 0.45, 0.455, 0.46, 0.465, 0.47000000000000003, 0.47500000000000003, 0.48, 0.485, 0.49, 0.495, 0.5, 0.505, 0.51, 0.515, 0.52, 0.525, 0.53, 0.535, 0.54, 0.545, 0.55, 0.555, 0.56, 0.5650000000000001, 0.5700000000000001, 0.5750000000000001, 0.58, 0.585, 0.59, 0.595, 0.6, 0.605, 0.61, 0.615, 0.62, 0.625, 0.63, 0.635]}, "poles": {"__dtype__": [["k", "<f8"], ["power_0", "<c8"], ["modes", "<i8"]], "__shape__": [127], "__data__": [[0.0037537781648676505, {"__complex__": [115011.1640625, -1.1516329068757963e-13]}, 77], [0.008050398333474014, {"__complex__": [98943.5859375, 4.771528021329553e-14]}, 548], [0.012848609532355457, {"__complex__": [105520.7734375, -4.892182782468245e-14]}, 1480], [0.017751579213119567, {"__complex__": [97343.5, -1.8871936416473174e-14]}, 2872], [0.022691827324042853, {"__complex__": [101969.6328125, 2.964558055962817e-14]}, 4736], [0.027648005536595924, {"__complex__": [98588.1953125, -2.8235894118698937e-15]}, 7036], [0.032612636555868525, {"__complex__": [102244.34375, 1.1382550506189456e-15]}, 9838], [0.03761114292794433, {"__complex__": [97228.109375, -1.6935103467743203e-15]}, 13208], [0.04261303922036164, {"__complex__": [95855.0546875, -6.229787990135556e-15]}, 16858], [0.04760505554480107, {"__complex__": [93184.0078125, -1.4729942128026093e-15]}, 21080], [0.05259133615803475, {"__complex__": [93904.3984375, -5.075899464167374e-16]}, 25624], [0.05756841184374016, {"__complex__": [90655.578125, 1.0063401511168106e-15]}, 30728], [0.06256248327880025, {"__complex__": [88165.78125, -2.1333024526038434e-15]}, 36498], [0.06756661487904435, {"__complex__": [89112.078125, 3.4584826398469993e-16]}, 42528], [0.07257304507008182, {"__complex__": [89214.4921875, -3.4458835541521836e-15]}, 49152], [0.07756473030387098, {"__complex__": [87437.1640625, 5.007316265219378e-16]}, 55744], [0.08254764044823601, {"__complex__": [83339.015625, -9.854004378695002e-16]}, 63346], [0.08754405971893497, {"__complex__": [82336.5859375, -1.244156509519717e-15]}, 71388], [0.09254365223263855, {"__complex__": [82470.015625, 3.220234241701434e-16]}, 79762], [0.09754150838846357, {"__complex__": [81326.1875, 2.7959909079264213e-16]}, 88564], [0.10254123052801507, {"__complex__": [79732.1953125, 6.377539361726692e-17]}, 97988], [0.10754181638082774, {"__complex__": [79868.8203125, -1.0159610689690801e-15]}, 107708], [0.11254085353408888, {"__complex__": [79779.03125, 2.1011708400849028e-16]}, 117952], [0.11753281793039293, {"__complex__": [79543.5, -9.51845227664021e-16]}, 128288], [0.12252442444514552, {"__complex__": [79282.7265625, -8.711847153167174e-16]}, 139770], [0.12753052839909865, {"__complex__": [78073.4765625, -2.461946789215539e-16]}, 151946], [0.13253665927256145, {"__complex__": [78428.59375, 7.67522705649368e-16]}, 163582], [0.13753197887556465, {"__complex__": [78927.921875, 2.889381584317128e-16]}, 175940], [0.1425260716253757, {"__complex__": [77538.5078125, 1.5064326118707062e-16]}, 189064], [0.14752506711896965, {"__complex__": [77000.125, 8.248922471669018e-16]}, 202824], [0.1525272624752809, {"__complex__": [76930.0, 1.6337249878818784e-16]}, 216806], [0.15752484634575162, {"__complex__": [77042.640625, -1.0262239583860297e-16]}, 230876], [0.16252366735405163, {"__complex__": [76644.1640625, 9.040694327699957e-17]}, 246232], [0.1675242007800524, {"__complex__": [76579.7734375, -1.913799608265065e-16]}, 261330], [0.17252326579974073, {"__complex__": [75863.375, -4.957885672348883e-17]}, 277280], [0.17752110470595878, {"__complex__": [76056.0234375, -7.430303244630363e-16]}, 293320], [0.1825207522633753, {"__complex__": [76055.7890625, -3.8026141268662924e-16]}, 310574], [0.18752231962759572, {"__complex__": [75641.3203125, 6.922224824900856e-16]}, 327560], [0.19252167162300435, {"__complex__": [75528.9140625, 5.0883988911419896e-17]}, 345268], [0.19752225984779248, {"__complex__": [75393.5625, 8.70348587918659e-16]}, 363544], [0.20251992290984697, {"__complex__": [75265.3828125, 2.905348420070668e-16]}, 381660], [0.20751551078768798, {"__complex__": [74915.703125, -3.4010347477818445e-16]}, 400854], [0.21251512379553542, {"__complex__": [74638.0234375, -2.1673991550906344e-16]}, 421010], [0.21751870975885984, {"__complex__": [74808.125, -9.175722629148624e-16]}, 441160], [0.2225209082741387, {"__complex__": [75160.734375, 1.5576084896592389e-16]}, 461296], [0.22752039891934017, {"__complex__": [74797.5078125, 1.6463255294145722e-16]}, 482192], [0.23252118259031918, {"__complex__": [74982.7265625, 1.6858925228759642e-17]}, 503860], [0.23751936566507853, {"__complex__": [74919.34375, 1.1850296658042061e-16]}, 525024], [0.24251707186595864, {"__complex__": [74645.1875, -1.4780294795669013e-16]}, 547954], [0.24751627666670906, {"__complex__": [74446.375, 1.130182164887122e-16]}, 570544], [0.2525167544702008, {"__complex__": [74711.4609375, 1.7487412095093757e-16]}, 594374], [0.25751857595461863, {"__complex__": [74660.296875, -8.805098069121584e-17]}, 617900], [0.2625190906945416, {"__complex__": [74503.0234375, -1.9673638542670589e-16]}, 642106], [0.2675172479110602, {"__complex__": [74852.609375, -2.9262309585940385e-16]}, 666112], [0.272514629608296, {"__complex__": [74463.859375, 8.792348238031937e-17]}, 691786], [0.27751615229387816, {"__complex__": [74435.7265625, -5.119152672223323e-16]}, 717996], [0.28251644607381426, {"__complex__": [74068.6015625, -1.2615290493887842e-16]}, 743152], [0.2875152531419474, {"__complex__": [74061.109375, 2.986326358014955e-16]}, 770192], [0.2925134012698469, {"__complex__": [74524.1171875, 1.630050982473163e-16]}, 796430], [0.2975118362281548, {"__complex__": [74309.28125, 3.7855480011658943e-16]}, 824820], [0.3025125080826814, {"__complex__": [74068.6953125, 1.3781650891790074e-16]}, 852562], [0.30751063191170563, {"__complex__": [74298.2890625, -2.343285678936888e-16]}, 880372], [0.3125111278203564, {"__complex__": [73990.96875, 5.473918327023149e-17]}, 910652], [0.31751269361539736, {"__complex__": [74235.078125, 2.3379149606557036e-16]}, 938996], [0.3225130904459611, {"__complex__": [74282.6171875, -1.894769424918221e-16]}, 969352], [0.32751158760760724, {"__complex__": [74042.90625, -1.7722128895244864e-16]}, 998344], [0.3325089848249692, {"__complex__": [74052.203125, -3.489460222914865e-16]}, 1029922], [0.33751027924368393, {"__complex__": [74138.8671875, -2.504522106215888e-16]}, 1061918], [0.34251253316973607, {"__complex__": [74146.5546875, -3.277700397914514e-16]}, 1093272], [0.34751415893089227, {"__complex__": [74048.625, -1.8993026393728077e-16]}, 1125464], [0.352514235068077, {"__complex__": [74162.40625, -7.243145491583013e-17]}, 1157380], [0.357512374484406, {"__complex__": [73744.0078125, -6.573548079677257e-17]}, 1190172], [0.3625118834929162, {"__complex__": [73771.71875, 2.7093701423666443e-16]}, 1224650], [0.3675116774700016, {"__complex__": [73811.3203125, 5.828683187729587e-17]}, 1257864], [0.3725098709245497, {"__complex__": [73534.90625, 3.0005485705949467e-16]}, 1292312], [0.37751067052804127, {"__complex__": [73474.203125, -2.3599235236033305e-16]}, 1328534], [0.3825116981355865, {"__complex__": [73688.8515625, -1.0654352310967994e-16]}, 1362848], [0.3875116125361288, {"__complex__": [73760.0703125, -2.7054293215795437e-16]}, 