{"edges": {"__dtype__": "<f8", "__shape__": [128], "__data__": [0.0, 0.005, 0.01, 0.015, 0.02, 0.025, 0.03, 0.035, 0.04, 0.045, 0.05, 0.055, 0.06, 0.065, 0.07, 0.075, 0.08, 0.085, 0.09, 0.095, 0.1, 0.105, 0.11, 0.115, 0.12, 0.125, 0.13, 0.135, 0.14, 0.145, 0.15, 0.155, 0.16, 0.165, 0.17, 0.17500000000000002, 0.18, 0.185, 0.19, 0.195, 0.2, 0.20500000000000002, 0.21, 0.215, 0.22, 0.225, 0.23, 0.23500000000000001, 0.24, 0.245, 0.25, 0.255, 0.26, 0.265, 0.27, 0.275, 0.28, 0.28500000000000003, 0.29, 0.295, 0.3, 0.305, 0.31, 0.315, 0.32, 0.325, 0.33, 0.335, 0.34, 0.34500000000000003, 0.35000000000000003, 0.355, 0.36, 0.365, 0.37, 0.375, 0.38, 0.385, 0.39, 0.395, 0.4, 0.405, 0.41000000000000003, 0.41500000000000004, 0.42, 0.425, 0.43, 0.435, 0.44, 0.445, 0.45, 0.455, 0.46, 0.465, 0.47000000000000003, 0.47500000000000003, 0.48, 0.485, 0.49, 0.495, 0.5, 0.505, 0.51, 0.515, 0.52, 0.525, 0.53, 0.535, 0.54, 0.545, 0.55, 0.555, 0.56, 0.5650000000000001, 0.5700000000000001, 0.5750000000000001, 0.58, 0.585, 0.59, 0.595, 0.6, 0.605, 0.61, 0.615, 0.62, 0.625, 0.63, 0.635]}, "poles": {"__dtype__": [["k", "<f8"], ["power_2", "<c8"], ["modes", "<i8"]], "__shape__": [127], "__data__": [[0.0037537781648676505, {"__complex__": [40725.7578125, -1.5118872950456441e-12]}, 77], [0.008050398333474014, {"__complex__": [47654.14453125, 6.373101373892409e-13]}, 548], [0.012848609532355457, {"__complex__": [17524.71484375, 0.0]}, 1480], [0.017751579213119567, {"__complex__": [16939.818359375, -3.242766569589578e-13]}, 2872], [0.022691827324042853, {"__complex__": [26876.765625, -7.374281036070379e-14]}, 4736], [0.027648005536595924, {"__complex__": [17019.2734375, -1.9854801938841427e-13]}, 7036], [0.032612636555868525, {"__complex__": [22571.81640625, -7.099938584102794e-14]}, 9838], [0.03761114292794433, {"__complex__": [18092.5859375, 3.525600154158891e-14]}, 13208], [0.04261303922036164, {"__complex__": [5355.29052734375, -8.286771334235776e-14]}, 16858], [0.04760505554480107, {"__complex__": [7517.90087890625, -6.627058385562379e-14]}, 21080], [0.05259133615803475, {"__complex__": [6563.90673828125, 2.0444464941512044e-14]}, 25624], [0.05756841184374016, {"__complex__": [3327.611328125, -1.041858046775361e-13]}, 30728], [0.06256248327880025, {"__complex__": [1999.832275390625, 7.974088782943672e-14]}, 36498], [0.06756661487904435, {"__complex__": [981.6099243164062, 5.474761032161438e-15]}, 42528], [0.07257304507008182, {"__complex__": [3700.615234375, -1.1842378646990687e-14]}, 49152], [0.07756473030387098, {"__complex__": [6590.9833984375, 4.176783837414946e-15]}, 55744], [0.08254764044823601, {"__complex__": [-2109.357177734375, 3.307984515108463e-14]}, 63346], [0.08754405971893497, {"__complex__": [-2700.70556640625, 9.784444339000584e-15]}, 71388], [0.09254365223263855, {"__complex__": [2252.25244140625, 2.9190673044975773e-14]}, 79762], [0.09754150838846357, {"__complex__": [-526.2877197265625, -1.4459245432918433e-14]}, 88564], [0.10254123052801507, {"__complex__": [-1206.6929931640625, -5.940284410741771e-15]}, 97988], [0.10754181638082774, {"__complex__": [-117.02304077148438, -1.4050945059155759e-14]}, 107708], [0.11254085353408888, {"__complex__": [-190.93185424804688, 1.5791552025984194e-14]}, 117952], [0.11753281793039293, {"__complex__": [2555.163818359375, 3.629811888209008e-15]}, 128288], [0.12252442444514552, {"__complex__": [4464.04052734375, -1.9989752244437518e-14]}, 139770], [0.12753052839909865, {"__complex__": [240.9222412109375, -1.532324953230392e-14]}, 151946], [0.13253665927256145, {"__complex__": [1724.4061279296875, -5.693306967497836e-15]}, 163582], [0.13753197887556465, {"__complex__": [2459.910400390625, 3.970057399824535e-15]}, 175940], [0.1425260716253757, {"__complex__": [-916.896484375, 1.231491122320955e-14]}, 189064], [0.14752506711896965, {"__complex__": [340.3915100097656, 0.0]}, 202824], [0.1525272624752809, {"__complex__": [964.6688232421875, -8.591298482905126e-15]}, 216806], [0.15752484634575162, {"__complex__": [1054.072998046875, -1.5126993692490993e-14]}, 230876], [0.16252366735405163, {"__complex__": [1302.4481201171875, 0.0]}, 246232], [0.1675242007800524, {"__complex__": [-397.0167236328125, 1.425511896295962e-14]}, 261330], [0.17252326579974073, {"__complex__": [-23.95281982421875, -1.1755730564618361e-14]}, 277280], [0.17752110470595878, {"__complex__": [1761.5577392578125, 8.731545963146757e-15]}, 293320], [0.1825207522633753, {"__complex__": [1348.971435546875, 3.7483923715389924e-16]}, 310574], [0.18752231962759572, {"__complex__": [-437.548095703125, -4.264818089205454e-15]}, 327560], [0.19252167162300435, {"__complex__": [208.7587890625, 2.3602166499426397e-15]}, 345268], [0.19752225984779248, {"__complex__": [-649.9432983398438, -5.123575666515648e-15]}, 363544], [0.20251992290984697, {"__complex__": [477.5443420410156, 2.4401890538994176e-15]}, 381660], [0.20751551078768798, {"__complex__": [176.2068634033203, -6.970038458344822e-15]}, 400854], [0.21251512379553542, {"__complex__": [249.81329345703125, -3.871201455099907e-15]}, 421010], [0.21751870975885984, {"__complex__": [-1973.027587890625, 2.111076731584364e-15]}, 441160], [0.2225209082741387, {"__complex__": [-1380.9464111328125, -7.06624149587865e-15]}, 461296], [0.22752039891934017, {"__complex__": [218.99234008789062, -6.277164236941383e-15]}, 482192], [0.23252118259031918, {"__complex__": [389.3219299316406, -1.8483756039823105e-15]}, 503860], [0.23751936566507853, {"__complex__": [-425.1734619140625, 5.765066751756273e-15]}, 525024], [0.24251707186595864, {"__complex__": [-1187.443603515625, 7.648363618329747e-15]}, 547954], [0.24751627666670906, {"__complex__": [-583.8386840820312, -7.753621861586197e-15]}, 570544], [0.2525167544702008, {"__complex__": [-298.5304260253906, 3.5255173566882967e-15]}, 594374], [0.25751857595461863, {"__complex__": [-271.89996337890625, 7.536191892157807e-16]}, 617900], [0.2625190906945416, {"__complex__": [-1138.218994140625, 0.0]}, 642106], [0.2675172479110602, {"__complex__": [-612.886474609375, -5.942125436852628e-15]}, 666112], [0.272514629608296, {"__complex__": [335.8597412109375, 1.3462581786191055e-15]}, 691786], [0.27751615229387816, {"__complex__": [1243.3837890625, 4.864176908616702e-15]}, 717996], [0.28251644607381426, {"__complex__": [-72.39188385009766, 6.2660299888497254e-15]}, 743152], [0.2875152531419474, {"__complex__": [-821.1085205078125, -2.4184167072649563e-15]}, 770192], [0.2925134012698469, {"__complex__": [-858.6862182617188, 2.3387430941803223e-15]}, 796430], [0.2975118362281548, {"__complex__": [-499.0862731933594, -1.1291222355025313e-15]}, 824820], [0.3025125080826814, {"__complex__": [-437.86029052734375, 1.3654762974011215e-15]}, 852562], [0.30751063191170563, {"__complex__": [-1093.5469970703125, -7.934054384790585e-16]}, 880372], [0.3125111278203564, {"__complex__": [-652.0609130859375, -5.11349343334448e-15]}, 910652], [0.31751269361539736, {"__complex__": [-550.3040161132812, -3.2234412672584164e-15]}, 938996], [0.3225130904459611, {"__complex__": [-27.08017921447754, -1.9215363807355062e-15]}, 969352], [0.32751158760760724, {"__complex__": [460.3168640136719, 4.664337272403942e-16]}, 998344], [0.3325089848249692, {"__complex__": [7.932967185974121, -2.938861702145258e-15]}, 1029922], [0.33751027924368393, {"__complex__": [-70.5281982421875, -1.0085722099877677e-14]}, 1061918], [0.34251253316973607, {"__complex__": [86.13998413085938, -5.909828917606769e-15]}, 1093272], [0.34751415893089227, {"__complex__": [-748.8145141601562, -3.1031287074304156e-15]}, 1125464], [0.352514235068077, {"__complex__": [-602.1537475585938, -2.3637525889809528e-15]}, 1157380], [0.357512374484406, {"__complex__": [-705.4022216796875, 5.86883188768495e-16]}, 1190172], [0.3625118834929162, {"__complex__": [247.3600311279297, -4.562883477630085e-15]}, 1224650], [0.3675116774700016, {"__complex__": [341.7765808105469, -2.4063001127127203e-15]}, 1257864], [0.3725098709245497, {"__complex__": [610.8788452148438, 