{"edges": {"__dtype__": "<f8", "__shape__": [116], "__data__": [0.0, 0.005, 0.01, 0.015, 0.02, 0.025, 0.03, 0.035, 0.04, 0.045, 0.05, 0.055, 0.06, 0.065, 0.07, 0.075, 0.08, 0.085, 0.09, 0.095, 0.1, 0.105, 0.11, 0.115, 0.12, 0.125, 0.13, 0.135, 0.14, 0.145, 0.15, 0.155, 0.16, 0.165, 0.17, 0.17500000000000002, 0.18, 0.185, 0.19, 0.195, 0.2, 0.20500000000000002, 0.21, 0.215, 0.22, 0.225, 0.23, 0.23500000000000001, 0.24, 0.245, 0.25, 0.255, 0.26, 0.265, 0.27, 0.275, 0.28, 0.28500000000000003, 0.29, 0.295, 0.3, 0.305, 0.31, 0.315, 0.32, 0.325, 0.33, 0.335, 0.34, 0.34500000000000003, 0.35000000000000003, 0.355, 0.36, 0.365, 0.37, 0.375, 0.38, 0.385, 0.39, 0.395, 0.4, 0.405, 0.41000000000000003, 0.41500000000000004, 0.42, 0.425, 0.43, 0.435, 0.44, 0.445, 0.45, 0.455, 0.46, 0.465, 0.47000000000000003, 0.47500000000000003, 0.48, 0.485, 0.49, 0.495, 0.5, 0.505, 0.51, 0.515, 0.52, 0.525, 0.53, 0.535, 0.54, 0.545, 0.55, 0.555, 0.56, 0.5650000000000001, 0.5700000000000001, 0.5750000000000001]}, "poles": {"__dtype__": [["k", "<f8"], ["power_2", "<c8"], ["modes", "<i8"]], "__shape__": [115], "__data__": [[0.0037054420134658554, {"__complex__": [39533.2890625, 0.0]}, 83], [0.008002706039259398, {"__complex__": [12540.2587890625, -3.9065544419139564e-13]}, 596], [0.012849701484846114, {"__complex__": [8276.4296875, -2.649013820799073e-13]}, 1648], [0.0177641384261076, {"__complex__": [41651.4765625, 0.0]}, 3156], [0.022684229681789413, {"__complex__": [17335.19140625, -2.2491367492397107e-14]}, 5176], [0.027646384376179004, {"__complex__": [6150.82080078125, -5.966956800624451e-14]}, 7804], [0.032636129245414154, {"__complex__": [16843.65625, 2.1411683393652257e-14]}, 10874], [0.037622935176432226, {"__complex__": [6065.43212890625, 2.4182658506970503e-14]}, 14442], [0.0426065943302704, {"__complex__": [269.1522521972656, 5.0222314778051655e-14]}, 18544], [0.047584168879418735, {"__complex__": [6637.767578125, -9.094947153254554e-14]}, 23040], [0.052572163944886785, {"__complex__": [4530.71142578125, -1.436415582019377e-14]}, 28366], [0.05756591012932392, {"__complex__": [1849.6480712890625, 6.88481423835683e-15]}, 33818], [0.06255885577973451, {"__complex__": [2976.2607421875, -1.0153342434122883e-14]}, 40130], [0.06756290621144688, {"__complex__": [4594.8251953125, 1.7398420960770648e-14]}, 46838], [0.07256050504780319, {"__complex__": [1136.0462646484375, 1.0814042109024867e-15]}, 53826], [0.0775516441986681, {"__complex__": [3631.85205078125, -3.024560175880417e-14]}, 61584], [0.08254999402587553, {"__complex__": [2240.05810546875, 6.665253557549622e-15]}, 69864], [0.08754547074829418, {"__complex__": [4137.0927734375, 5.93925441867791e-15]}, 78404], [0.09254370656486871, {"__complex__": [2000.7657470703125, -3.310940617742733e-16]}, 87902], [0.09754153604884025, {"__complex__": [4108.23095703125, 1.9141353880072244e-14]}, 97310], [0.10253422913940137, {"__complex__": [-1257.6651611328125, 8.646093044263007e-15]}, 107716], [0.1075359850070505, {"__complex__": [62.311302185058594, 7.358495391252169e-15]}, 118654], [0.11253957840084304, {"__complex__": [2278.76171875, 8.96122826415718e-15]}, 129910], [0.11753653834673844, {"__complex__": [2011.27197265625, -1.9762672875674007e-14]}, 141376], [0.12253336603812491, {"__complex__": [2951.378662109375, -1.0586098343138683e-14]}, 153958], [0.12753369323485178, {"__complex__": [2117.8369140625, -5.58621489791058e-15]}, 166718], [0.1325298054599073, {"__complex__": [2085.21435546875, 0.0]}, 179806], [0.13753126919241337, {"__complex__": [-2215.01318359375, 2.396831766670075e-15]}, 194282], [0.14252978867508304, {"__complex__": [-1571.02880859375, 4.482382736872457e-15]}, 207774], [0.14752584639061916, {"__complex__": [-311.5835266113281, -5.213918083087424e-15]}, 223278], [0.1525273402624495, {"__complex__": [-844.195068359375, 5.8574729641040334e-15]}, 238496], [0.15752777994300757, {"__complex__": [-670.3583374023438, -8.464273186970135e-15]}, 254444], [0.16252677921627748, {"__complex__": [28.164865493774414, 5.160978100367556e-15]}, 270682], [0.16752582095517576, {"__complex__": [1210.5888671875, -2.023136500451002e-15]}, 287710], [0.1725259295419247, {"__complex__": [660.370361328125, -3.0514956965481616e-15]}, 305202], [0.17752572093623975, {"__complex__": [1621.12353515625, -1.009148107688606e-14]}, 323008], [0.18252702152554795, {"__complex__": [775.2761840820312, -4.0869949568742014e-15]}, 341812], [0.18752508561671835, {"__complex__": [498.28729248046875, -9.700738002054073e-15]}, 360020], [0.19252006361125312, {"__complex__": [-2196.707763671875, -4.905208878647595e-15]}, 379728], [0.19751626124600596, {"__complex__": [-338.13153076171875, 1.1651435821339413e-15]}, 399660], [0.20251335405021748, {"__complex__": [-1145.8717041015625, 1.1078732705261784e-14]}, 420320], [0.20751594275294782, {"__complex__": [-1354.6138916015625, 2.106731029048476e-15]}, 442070], [0.21251689533718626, {"__complex__": [-690.1432495117188, 5.787500419364303e-15]}, 462644], [0.21751895130525958, {"__complex__": [546.69140625, -5.2717818683296804e-15]}, 485820], [0.22252064263763735, {"__complex__": [-1169.7965087890625, 1.8358274461434485e-15]}, 507304], [0.22751949683857262, {"__complex__": [-474.24298095703125, -1.3159824682271583e-15]}, 530776], [0.23252062744923513, {"__complex__": [-321.5939025878906, 3.3589983025546265e-15]}, 554524], [0.23751988845699762, {"__complex__": [-476.103759765625, 2.0140781183548275e-15]}, 578008], [0.24251952417933192, {"__complex__": [-829.8556518554688, 7.718927603824898e-16]}, 603272], [0.24751886354741093, {"__complex__": [-760.9560546875, 2.225389545288726e-15]}, 627748], [0.2525158523431189, {"__complex__": [-27.4377384185791, 3.563894513704258e-15]}, 653304], [0.2575140585584922, {"__complex__": [67.06151580810547, 1.1985762901994238e-15]}, 679896], [0.2625126084722789, {"__complex__": [-541.074951171875, 3.9569457533175124e-15]}, 706092], [0.26751303339828036, {"__complex__": [-515.7416381835938, 3.4880615597607115e-15]}, 734258], [0.2725141980302592, {"__complex__": [-502.4422912597656, -6.72929771869152e-15]}, 761190], [0.27751499291909654, {"__complex__": [-31.501001358032227, 1.1789400547788194e-15]}, 789966], [0.2825156597003922, {"__complex__": [-724.3468627929688, 0.0]}, 818248], [0.2875141801620819, {"__complex__": [-64.18268585205078, 4.398092794225287e-15]}, 847024], [0.29251195304227423, {"__complex__": [-558.9108276367188, -3.185809499236039e-15]}, 877004], [0.2975142527009851, {"__complex__": [-455.6703186035156, -2.306263615817856e-15]}, 908602], [0.30251615798691667, {"__complex__": [185.61805725097656, -8.937817967560966e-15]}, 937802], [0.30751506635382575, {"__complex__": [-1041.9588623046875, 3.841669651393886e-15]}, 969706], [0.31251223811931306, {"__complex__": [-520.5426025390625, 5.588181284897631e-15]}, 999956], [0.3175098816792195, {"__complex__": [-918.934326171875, -1.8012930658509434e-15]}, 1034060], [0.3225110492752749, {"__complex__": [33.75827407836914, -1.310017026937883e-15]}, 1066386], [0.3275123331358606, {"__complex__": [-87.91858673095703, 3.808993237871183e-15]}, 1100278], [0.3325123291547583, {"__complex__": [32.08992385864258, -7.192029170798584e-16]}, 1133070], [0.3375117534479973, {"__complex__": [-499.19512939453125, 2.3919276576637094e-15]}, 1168082], [0.3425129583700723, {"__complex__": [-0.1355566829442978, 2.709002583007095e-15]}, 1203258], [0.3475132726509487, {"__complex__": [-115.65618896484375, 1.8338394598162427e-15]}, 1237894], [0.35251300538197095, {"__complex__": [865.6130981445312, 0.0]}, 1274124], [0.3575125695577228, {"__complex__": [-108.95674896240234, 0.0]}, 1310242], [0.36251151779301266, {"__complex__": [-289.9249572753906, 5.531593554790413e-15]}, 1346914], [0.3675115630015573, {"__complex__": [-214.79489135742188, 1.3445672890981491e-15]}, 1385312], [0.3725118957087531, {"__complex__": [-154.50711059570312, 1.3095914987610062e-15]}, 1422310], [0.37751124096797295, {"__complex__": [-867.620849609375, -9.16218174869558e-16]}, 