{"poles": {"dims": ["k"], "edges": [{"__dtype__": "<f8", "__shape__": [86], "__data__": [0.0, 0.005, 0.01, 0.015, 0.02, 0.025, 0.03, 0.035, 0.04, 0.045, 0.05, 0.055, 0.06, 0.065, 0.07, 0.075, 0.08, 0.085, 0.09, 0.095, 0.1, 0.105, 0.11, 0.115, 0.12, 0.125, 0.13, 0.135, 0.14, 0.145, 0.15, 0.155, 0.16, 0.165, 0.17, 0.17500000000000002, 0.18, 0.185, 0.19, 0.195, 0.2, 0.20500000000000002, 0.21, 0.215, 0.22, 0.225, 0.23, 0.23500000000000001, 0.24, 0.245, 0.25, 0.255, 0.26, 0.265, 0.27, 0.275, 0.28, 0.28500000000000003, 0.29, 0.295, 0.3, 0.305, 0.31, 0.315, 0.32, 0.325, 0.33, 0.335, 0.34, 0.34500000000000003, 0.35000000000000003, 0.355, 0.36, 0.365, 0.37, 0.375, 0.38, 0.385, 0.39, 0.395, 0.4, 0.405, 0.41000000000000003, 0.41500000000000004, 0.42, 0.425]}], "coords": [{"__dtype__": "<f8", "__shape__": [85], "__data__": [0.0025, 0.0075, 0.0125, 0.0175, 0.0225, 0.0275, 0.0325, 0.037500000000000006, 0.042499999999999996, 0.0475, 0.052500000000000005, 0.057499999999999996, 0.0625, 0.0675, 0.07250000000000001, 0.0775, 0.0825, 0.0875, 0.0925, 0.0975, 0.10250000000000001, 0.1075, 0.1125, 0.1175, 0.1225, 0.1275, 0.1325, 0.1375, 0.14250000000000002, 0.1475, 0.1525, 0.1575, 0.1625, 0.1675, 0.17250000000000001, 0.1775, 0.1825, 0.1875, 0.1925, 0.1975, 0.2025, 0.20750000000000002, 0.2125, 0.2175, 0.2225, 0.2275, 0.2325, 0.2375, 0.2425, 0.2475, 0.2525, 0.2575, 0.2625, 0.2675, 0.2725, 0.2775, 0.28250000000000003, 0.2875, 0.2925, 0.2975, 0.3025, 0.3075, 0.3125, 0.3175, 0.3225, 0.3275, 0.3325, 0.3375, 0.3425, 0.34750000000000003, 0.35250000000000004, 0.3575, 0.3625, 0.3675, 0.3725, 0.3775, 0.3825, 0.3875, 0.3925, 0.3975, 0.4025, 0.40750000000000003, 0.41250000000000003, 0.4175, 0.4225]}], "data": {"__dtype__": [["k", "<f8"], ["power_0", "<c8"], ["modes", "<i8"]], "__shape__": [85], "__data__": [[0.003785962175218714, {"__complex__": [46796.24609375, -6.525522852109111e-14]}, 223], [0.008055650047333739, {"__complex__": [95032.5546875, -9.598888388783963e-14]}, 1516], [0.012838659412058445, {"__complex__": [106152.96875, 1.4093864218593134e-14]}, 4130], [0.017758445021159877, {"__complex__": [106621.359375, 9.571252075407308e-14]}, 8058], [0.022686221993372543, {"__complex__": [102785.8046875, 3.5497887046270424e-14]}, 13118], [0.02764503576190599, {"__complex__": [106829.9453125, 1.8388490244245414e-15]}, 19784], [0.032626124011193657, {"__complex__": [98193.8515625, -1.8003243142691687e-14]}, 27482], [0.03761517664423396, {"__complex__": [92577.90625, -3.163975742712902e-15]}, 36794], [0.042612076216348424, {"__complex__": [91379.2265625, -6.1844094705358274e-15]}, 47060], [0.04758810749327745, {"__complex__": [87067.9921875, 5.9734881022741396e-15]}, 58466], [0.05257639262811682, {"__complex__": [86262.609375, 8.091815012370527e-15]}, 71934], [0.057576644294676294, {"__complex__": [87331.6484375, -1.081725702257617e-14]}, 86096], [0.06257060468948772, {"__complex__": [84425.8046875, 2.290152413886369e-15]}, 101666], [0.06756431050677218, {"__complex__": [84174.90625, 2.9473724774410322e-15]}, 118494], [0.07255460479533274, {"__complex__": [82327.1796875, -1.7045950434385637e-15]}, 136590], [0.07755203808236072, {"__complex__": [81559.234375, 2.9747871222953913e-15]}, 156536], [0.08254994891496988, {"__complex__": [79551.671875, 2.9614516473320564e-15]}, 176896], [0.0875465852208996, {"__complex__": [79520.609375, 5.8382808915851455e-15]}, 199400], [0.09254606261661012, {"__complex__": [77558.0390625, 8.368505100854722e-15]}, 222578], [0.09754095165434574, {"__complex__": [76480.8359375, -2.532201607684942e-15]}, 247110], [0.10253878096196406, {"__complex__": [75195.46875, 2.1280796474510734e-15]}, 273522], [0.1075376536617221, {"__complex__": [76478.34375, 6.972647319822365e-15]}, 300528], [0.11253874421958751, {"__complex__": [75779.8984375, -4.941437324834609e-15]}, 329826], [0.11753930483919833, {"__complex__": [74708.8828125, 6.487629689719211e-16]}, 358884], [0.12253435939470513, {"__complex__": [74809.609375, -2.9833864125341537e-15]}, 390212], [0.1275324928771181, {"__complex__": [75487.90625, 6.880208284947898e-16]}, 423008], [0.13253098558293935, {"__complex__": [73525.765625, 7.649709659562052e-16]}, 456548], [0.1375294182229233, {"__complex__": [73262.375, -3.312765761985829e-15]}, 491980], [0.14252928720123362, {"__complex__": [72859.859375, -1.763000400371471e-15]}, 528260], [0.14752710781464048, {"__complex__": [72386.5234375, -8.230866905607108e-16]}, 565750], [0.15252590457329984, {"__complex__": [72747.7421875, -1.9238513747199114e-16]}, 605116], [0.15752627544450365, {"__complex__": [72630.25, 0.0]}, 645434], [0.1625268432433497, {"__complex__": [72842.1640625, 1.3551043789619926e-15]}, 687270], [0.16752762298865234, {"__complex__": [71469.859375, -1.3556471153229458e-15]}, 729932], [0.17252411279445126, {"__complex__": [71886.3203125, -1.2045227791265042e-15]}, 773188], [0.17752203527930777, {"__complex__": [71577.609375, 0.0]}, 820024], [0.18252363779831107, {"__complex__": [71828.1328125, 0.0]}, 866702], [0.18752234050808908, {"__complex__": [70786.5546875, 1.2735819047117393e-15]}, 914078], [0.19252201016210274, {"__complex__": [71118.203125, 1.448525336780564e-15]}, 964418], [0.19752271477956754, {"__complex__": [70780.3359375, -9.177309757133541e-16]}, 1014810], [0.20252178570627094, {"__complex__": [70812.953125, -1.5282873589290676e-15]}, 1066432], [0.20751974798690762, {"__complex__": [71028.328125, -2.0797029223856405e-16]}, 1119538], [0.2125197454352182, {"__complex__": [70813.2734375, -9.408411050088853e-16]}, 1175486], [0.2175192296548309, {"__complex__": [70618.8984375, -1.704115411032181e-15]}, 1229656], [0.22251681667262319, {"__complex__": [70566.5234375, 5.424160766200124e-16]}, 1287742], [0.22751746426403283, {"__complex__": [70475.6875, -9.07529734413097e-16]}, 1346910], [0.23251730364615478, {"__complex__": [70122.5, 8.696141044742711e-16]}, 1405636], [0.23751678657474465, {"__complex__": [70194.6171875, -8.724276832272539e-16]}, 1467822], [0.2425174971485461, {"__complex__": [70192.2421875, 1.217629978710554e-15]}, 1529730], [0.24751707342858845, {"__complex__": [69665.25, 1.6072985922489487e-15]}, 1593442], [0.2525171832510974, {"__complex__": [69939.078125, 6.667077854759771e-16]}, 1658816], [0.2575157181508458, {"__complex__": [70242.078125, -1.3508485677976318e-15]}, 1723588], [0.2625146768272274, {"__complex__": [69892.75, 5.193715923778935e-16]}, 1793172], [0.2675153728644548, {"__complex__": [69768.8046875, 5.003537968879031e-16]}, 1861328], [0.2725140790996068, {"__complex__": [69647.765625, -6.029070668970763e-17]}, 1930900], [0.2775148647609448, {"__complex__": [69791.1015625, -5.807321943242119e-16]}, 2004630], [0.28251520974118804, {"__complex__": [69645.609375, -3.366381835816283e-16]}, 2074904], [0.28751406015515885, {"__complex__": [69543.7578125, 0.0]}, 2150534], [0.29251361364437867, {"__complex__": [69694.4140625, -1.569808411077661e-16]}, 2224768], [0.2975131524186939, {"__complex__": [69903.3984375, 0.0]}, 2302904], [0.3025147259314174, {"__complex__": [69685.6328125, -5.377404018116095e-16]}, 2381388], [0.3075149652713783, {"__complex__": [69751.4765625, 2.840599104000181e-16]}, 2458960], [0.31251335064096714, {"__complex__": [69564.0546875, -2.7503233912730017e-16]}, 2539672], [0.31751349612987984, {"__complex__": [69403.8125, 3.994261419231886e-16]}, 2623108], [0.32251268944270295, {"__complex__": [69429.8671875, 3.4441968997959635e-16]}, 2704034], [0.32751171630842707, {"__complex__": [69325.234375, 6.67492243864253e-16]}, 2790512], [0.33251237563902225, {"__complex__": [69326.34375, 1.4166633983762054e-16]}, 2876150], [0.3375123279265873, {"__complex__": [69587.1796875, 1.5716009445522879e-16]}, 2962974], [0.34251273719712905, {"__complex__": [69328.78125, -3.8144246778267735e-16]}, 3051976], [0.34751247641754474, {"__complex__": [69570.515625, -1.0379133042257146e-15]}, 3140560], [0.35251198333721223, {"__complex__": [69581.1640625, -1.53060719688314e-16]}, 3232476], [0.3575118605439826, {"__complex__": 