{"edges": {"__dtype__": "<f8", "__shape__": [128], "__data__": [0.0, 0.005, 0.01, 0.015, 0.02, 0.025, 0.03, 0.035, 0.04, 0.045, 0.05, 0.055, 0.06, 0.065, 0.07, 0.075, 0.08, 0.085, 0.09, 0.095, 0.1, 0.105, 0.11, 0.115, 0.12, 0.125, 0.13, 0.135, 0.14, 0.145, 0.15, 0.155, 0.16, 0.165, 0.17, 0.17500000000000002, 0.18, 0.185, 0.19, 0.195, 0.2, 0.20500000000000002, 0.21, 0.215, 0.22, 0.225, 0.23, 0.23500000000000001, 0.24, 0.245, 0.25, 0.255, 0.26, 0.265, 0.27, 0.275, 0.28, 0.28500000000000003, 0.29, 0.295, 0.3, 0.305, 0.31, 0.315, 0.32, 0.325, 0.33, 0.335, 0.34, 0.34500000000000003, 0.35000000000000003, 0.355, 0.36, 0.365, 0.37, 0.375, 0.38, 0.385, 0.39, 0.395, 0.4, 0.405, 0.41000000000000003, 0.41500000000000004, 0.42, 0.425, 0.43, 0.435, 0.44, 0.445, 0.45, 0.455, 0.46, 0.465, 0.47000000000000003, 0.47500000000000003, 0.48, 0.485, 0.49, 0.495, 0.5, 0.505, 0.51, 0.515, 0.52, 0.525, 0.53, 0.535, 0.54, 0.545, 0.55, 0.555, 0.56, 0.5650000000000001, 0.5700000000000001, 0.5750000000000001, 0.58, 0.585, 0.59, 0.595, 0.6, 0.605, 0.61, 0.615, 0.62, 0.625, 0.63, 0.635]}, "poles": {"__dtype__": [["k", "<f8"], ["power_2", "<c8"], ["modes", "<i8"]], "__shape__": [127], "__data__": [[0.0037537781648676505, {"__complex__": [30951.84765625, 0.0]}, 77], [0.008050398333474014, {"__complex__": [-16394.900390625, 1.0621835849029468e-13]}, 548], [0.012848609532355457, {"__complex__": [-10524.853515625, 2.75306497434305e-13]}, 1480], [0.017751579213119567, {"__complex__": [10320.6103515625, 8.106916423973945e-14]}, 2872], [0.022691827324042853, {"__complex__": [10075.63671875, 1.9664750784773727e-13]}, 4736], [0.027648005536595924, {"__complex__": [16691.466796875, -1.9854801938841427e-13]}, 7036], [0.032612636555868525, {"__complex__": [6756.4130859375, 0.0]}, 9838], [0.03761114292794433, {"__complex__": [4930.6748046875, 3.525600154158891e-14]}, 13208], [0.04261303922036164, {"__complex__": [756.1826171875, -1.035846416779472e-14]}, 16858], [0.04760505554480107, {"__complex__": [1535.692138671875, -7.179313025150458e-14]}, 21080], [0.05259133615803475, {"__complex__": [1657.889892578125, -3.6345712816363354e-14]}, 25624], [0.05756841184374016, {"__complex__": [8470.7158203125, 6.819434475663702e-14]}, 30728], [0.06256248327880025, {"__complex__": [3966.6728515625, -7.655125312941088e-14]}, 36498], [0.06756661487904435, {"__complex__": [4172.2998046875, -8.212141971758631e-15]}, 42528], [0.07257304507008182, {"__complex__": [3844.5078125, 3.3158659872760746e-14]}, 49152], [0.07756473030387098, {"__complex__": [1877.0704345703125, 3.9679448149507884e-14]}, 55744], [0.08254764044823601, {"__complex__": [2983.784423828125, 5.145753614876902e-14]}, 63346], [0.08754405971893497, {"__complex__": [4387.8349609375, 4.892222169500292e-15]}, 71388], [0.09254365223263855, {"__complex__": [-224.5954132080078, 2.0433470453856684e-14]}, 79762], [0.09754150838846357, {"__complex__": [617.9498901367188, 5.257907045137181e-15]}, 88564], [0.10254123052801507, {"__complex__": [4615.97216796875, 7.128341292890125e-15]}, 97988], [0.10754181638082774, {"__complex__": [2265.5986328125, -1.5672208471847852e-14]}, 107708], [0.11254085353408888, {"__complex__": [2643.846435546875, -2.368732888600924e-14]}, 117952], [0.11753281793039293, {"__complex__": [-313.0224914550781, -1.2704341396973292e-14]}, 128288], [0.12252442444514552, {"__complex__": [1044.74609375, -2.1239112289110455e-14]}, 139770], [0.12753052839909865, {"__complex__": [2667.75244140625, 1.532324953230392e-15]}, 151946], [0.13253665927256145, {"__complex__": [269.90460205078125, -1.8503248385521795e-14]}, 163582], [0.13753197887556465, {"__complex__": [2845.97607421875, -3.970057399824535e-15]}, 175940], [0.1425260716253757, {"__complex__": [2576.080322265625, -3.0787278058023873e-15]}, 189064], [0.14752506711896965, {"__complex__": [3170.93896484375, 1.2627386759649344e-14]}, 202824], [0.1525272624752809, {"__complex__": [1330.15625, -4.295649241452563e-15]}, 216806], [0.15752484634575162, {"__complex__": [982.947021484375, -8.067729630515351e-15]}, 230876], [0.16252366735405163, {"__complex__": [-578.4920043945312, 6.619019958189641e-15]}, 246232], [0.1675242007800524, {"__complex__": [2699.56298828125, -8.909449140091525e-15]}, 261330], [0.17252326579974073, {"__complex__": [2595.519775390625, -6.717560383141417e-15]}, 277280], [0.17752110470595878, {"__complex__": [257.9196472167969, 7.937769365418124e-15]}, 293320], [0.1825207522633753, {"__complex__": [-131.2328643798828, 1.2744533957353456e-14]}, 310574], [0.18752231962759572, {"__complex__": [-1036.2431640625, -3.554015144923957e-15]}, 327560], [0.19252167162300435, {"__complex__": [-258.6377258300781, 1.4161299052622891e-14]}, 345268], [0.19752225984779248, {"__complex__": [-1227.958740234375, 1.6011173693163605e-15]}, 363544], [0.20251992290984697, {"__complex__": [-579.8583984375, -9.76075621559767e-15]}, 381660], [0.20751551078768798, {"__complex__": [1010.651611328125, 3.485019229172411e-15]}, 400854], [0.21251512379553542, {"__complex__": [1498.8868408203125, 6.0833165117975e-15]}, 421010], [0.21751870975885984, {"__complex__": [1288.323974609375, 7.916537637562247e-15]}, 441160], [0.2225209082741387, {"__complex__": [1129.5517578125, 7.570973182554437e-16]}, 461296], [0.22752039891934017, {"__complex__": [-224.0094757080078, -6.518593614380803e-15]}, 482192], [0.23252118259031918, {"__complex__": [-203.19761657714844, 2.7725635118525842e-15]}, 503860], [0.23751936566507853, {"__complex__": [-72.74288177490234, 3.5477333368288825e-15]}, 525024], [0.24251707186595864, {"__complex__": [-100.63343048095703, 3.399272813372437e-15]}, 547954], [0.24751627666670906, {"__complex__": [532.3544311523438, -3.264682666185518e-15]}, 570544], [0.2525167544702008, {"__complex__": [694.2734985351562, -7.834483014862881e-16]}, 594374], [0.25751857595461863, {"__complex__": [-301.0968933105469, 3.7680959460789035e-15]}, 617900], [0.2625190906945416, {"__complex__": [619.0726318359375, 1.4504187730550325e-15]}, 642106], [0.2675172479110602, {"__complex__": [178.18154907226562, 1.3981470993305488e-15]}, 666112], [0.272514629608296, {"__complex__": [-541.5486450195312, 4.7119036781064286e-15]}, 691786], [0.27751615229387816, {"__complex__": [114.38317108154297, -1.945670890501623e-15]}, 717996], [0.28251644607381426, {"__complex__": [-148.81358337402344, 2.50641199553989e-15]}, 743152], [0.2875152531419474, {"__complex__": [322.4082336425781, -2.116114460038159e-15]}, 770192], [0.2925134012698469, {"__complex__": [-834.4344482421875, -3.654286058186974e-15]}, 796430], [0.2975118362281548, {"__complex__": [-854.5764770507812, -3.387366706507594e-15]}, 824820], [0.3025125080826814, {"__complex__": [395.0256652832031, -4.369524066980294e-15]}, 852562], [0.30751063191170563, {"__complex__": [441.38800048828125, 4.23149581306047e-15]}, 880372], [0.3125111278203564, {"__complex__": [-583.3861694335938, 5.11349343334448e-16]}, 910652], [0.31751269361539736, {"__complex__": [16.081029891967773, -1.4877421152054908e-15]}, 938996], [0.3225130904459611, {"__complex__": [-414.2732849121094, -4.563648771897929e-15]}, 969352], [0.32751158760760724, {"__complex__": [-452.5559997558594, -4.664337272403942e-16]}, 998344], [0.3325089848249692, {"__complex__": [845.5803833007812, -9.042651635552605e-16]}, 1029922], [0.33751027924368393, {"__complex__": [-207.82188415527344, -4.8236061480255894e-15]}, 1061918], [0.34251253316973607, {"__complex__": [-126.7656478881836, -3.1945019630989996e-15]}, 1093272], [0.34751415893089227, {"__complex__": [376.6031188964844, -1.24125150414799e-15]}, 1125464], [0.352514235068077, {"__complex__": [-407.0405578613281, 1.6093635526952363e-15]}, 1157380], [0.357512374484406, {"__complex__": [-1004.7190551757812, 2.34753275507398e-15]}, 1190172], [0.3625118834929162, {"__complex__": [-91.9070816040039, -1.5209612650891467e-15]}, 1224650], [0.3675116774700016, {"__complex__": [379.7889099121094, 0.0]}, 1257864], [0.3725098709245497, {"__complex__": [-317.9536437988281, 