{"poles": {"dims": ["k"], "edges": [{"__dtype__": "<f8", "__shape__": [94], "__data__": [0.0, 0.005, 0.01, 0.015, 0.02, 0.025, 0.03, 0.035, 0.04, 0.045, 0.05, 0.055, 0.06, 0.065, 0.07, 0.075, 0.08, 0.085, 0.09, 0.095, 0.1, 0.105, 0.11, 0.115, 0.12, 0.125, 0.13, 0.135, 0.14, 0.145, 0.15, 0.155, 0.16, 0.165, 0.17, 0.17500000000000002, 0.18, 0.185, 0.19, 0.195, 0.2, 0.20500000000000002, 0.21, 0.215, 0.22, 0.225, 0.23, 0.23500000000000001, 0.24, 0.245, 0.25, 0.255, 0.26, 0.265, 0.27, 0.275, 0.28, 0.28500000000000003, 0.29, 0.295, 0.3, 0.305, 0.31, 0.315, 0.32, 0.325, 0.33, 0.335, 0.34, 0.34500000000000003, 0.35000000000000003, 0.355, 0.36, 0.365, 0.37, 0.375, 0.38, 0.385, 0.39, 0.395, 0.4, 0.405, 0.41000000000000003, 0.41500000000000004, 0.42, 0.425, 0.43, 0.435, 0.44, 0.445, 0.45, 0.455, 0.46, 0.465]}], "coords": [{"__dtype__": "<f8", "__shape__": [93], "__data__": [0.0025, 0.0075, 0.0125, 0.0175, 0.0225, 0.0275, 0.0325, 0.037500000000000006, 0.042499999999999996, 0.0475, 0.052500000000000005, 0.057499999999999996, 0.0625, 0.0675, 0.07250000000000001, 0.0775, 0.0825, 0.0875, 0.0925, 0.0975, 0.10250000000000001, 0.1075, 0.1125, 0.1175, 0.1225, 0.1275, 0.1325, 0.1375, 0.14250000000000002, 0.1475, 0.1525, 0.1575, 0.1625, 0.1675, 0.17250000000000001, 0.1775, 0.1825, 0.1875, 0.1925, 0.1975, 0.2025, 0.20750000000000002, 0.2125, 0.2175, 0.2225, 0.2275, 0.2325, 0.2375, 0.2425, 0.2475, 0.2525, 0.2575, 0.2625, 0.2675, 0.2725, 0.2775, 0.28250000000000003, 0.2875, 0.2925, 0.2975, 0.3025, 0.3075, 0.3125, 0.3175, 0.3225, 0.3275, 0.3325, 0.3375, 0.3425, 0.34750000000000003, 0.35250000000000004, 0.3575, 0.3625, 0.3675, 0.3725, 0.3775, 0.3825, 0.3875, 0.3925, 0.3975, 0.4025, 0.40750000000000003, 0.41250000000000003, 0.4175, 0.4225, 0.4275, 0.4325, 0.4375, 0.4425, 0.4475, 0.4525, 0.4575, 0.4625]}], "data": {"__dtype__": [["k", "<f8"], ["power_2", "<c8"], ["modes", "<i8"]], "__shape__": [93], "__data__": [[0.0037081367915242675, {"__complex__": [-41993.328125, -2.133265135720319e-12]}, 191], [0.008018577791264523, {"__complex__": [20064.962890625, 8.435893043140519e-13]}, 1380], [0.012844085612331841, {"__complex__": [-9311.8984375, -2.4703516684522475e-13]}, 3770], [0.01775141230162106, {"__complex__": [16661.443359375, 2.567041360295591e-13]}, 7256], [0.022691010615224643, {"__complex__": [9667.6484375, 1.938639881764702e-14]}, 12010], [0.027661296094027222, {"__complex__": [6420.07763671875, 7.79392894082083e-14]}, 17924], [0.03263163473973046, {"__complex__": [16802.30859375, 1.495499958679286e-13]}, 24910], [0.03760885918999335, {"__complex__": [7168.54443359375, -2.2326946538873786e-14]}, 33240], [0.04258994605322728, {"__complex__": [2164.10546875, -1.0939747304111562e-14]}, 42566], [0.047583805693835864, {"__complex__": [9145.693359375, 1.306129463347341e-14]}, 53478], [0.052589415944125126, {"__complex__": [11068.6962890625, 2.8542787708016326e-14]}, 65258], [0.057576993125266096, {"__complex__": [10502.6845703125, -3.591772062064291e-14]}, 77788], [0.0625679362273907, {"__complex__": [11887.44140625, 5.289430392708787e-14]}, 92438], [0.06756372941029527, {"__complex__": [3301.722900390625, 1.7341127652218367e-14]}, 107412], [0.07255867544245412, {"__complex__": [390.2611389160156, 1.5929077989366297e-14]}, 124242], [0.07755343255815964, {"__complex__": [4572.693359375, 1.6446559215964156e-14]}, 141568], [0.08254944316463679, {"__complex__": [2044.9149169921875, 1.808972266550751e-15]}, 160886], [0.0875469705282893, {"__complex__": [4590.3486328125, 1.1606454560191947e-14]}, 180544], [0.09254207143002044, {"__complex__": [7138.65234375, 1.2678644958452438e-14]}, 202004], [0.09754200795670145, {"__complex__": [2985.086669921875, 2.2812504787755525e-14]}, 224538], [0.10254171329034444, {"__complex__": [3008.973876953125, 2.2528545462517993e-14]}, 248038], [0.10754099109209159, {"__complex__": [1869.850341796875, 1.7064940913063078e-15]}, 272876], [0.11253870054955198, {"__complex__": [4319.42626953125, -3.1190264570591947e-15]}, 298594], [0.11753608765430268, {"__complex__": [2847.296875, -8.215467423109551e-15]}, 325916], [0.12253572907412832, {"__complex__": [-1364.9022216796875, -6.570937285905803e-15]}, 354334], [0.1275331697481456, {"__complex__": [-53.69687271118164, 3.643444036462119e-15]}, 383424], [0.13252928315027618, {"__complex__": [3108.711181640625, 6.744966981182777e-15]}, 414230], [0.13752809598823948, {"__complex__": [3833.0703125, 9.128158552786743e-16]}, 446370], [0.1425292748907053, {"__complex__": [1036.2435302734375, -6.797152681063115e-15]}, 479558], [0.14752984329410787, {"__complex__": [219.61399841308594, 7.25425189346653e-15]}, 513532], [0.15252898535896237, {"__complex__": [2016.580322265625, 1.2724608566060482e-15]}, 548930], [0.15752847498756622, {"__complex__": [2431.231689453125, -3.976286321299966e-16]}, 585548], [0.16252705956276423, {"__complex__": [137.7574005126953, -3.73668558211455e-16]}, 623094], [0.16752723347134682, {"__complex__": [1484.8944091796875, -4.216546105057905e-15]}, 662620], [0.17252557298757182, {"__complex__": [1008.2600708007812, 5.972790147125602e-15]}, 701674], [0.1775232051718564, {"__complex__": [-517.1339721679688, -1.8782623144932313e-15]}, 743764], [0.1825215844754662, {"__complex__": [-755.6544799804688, 3.2600201733273566e-15]}, 785620], [0.18752064712987349, {"__complex__": [993.8347778320312, -5.60970121571381e-16]}, 830100], [0.19252067437217257, {"__complex__": [-1589.7894287109375, -5.591654543497847e-15]}, 874418], [0.19751987908784707, {"__complex__": [-1734.4552001953125, -5.231647753222877e-15]}, 920682], [0.20251936794243589, {"__complex__": [437.4280700683594, 2.8871713047808273e-15]}, 967718], [0.20751955964231095, {"__complex__": [-345.62750244140625, -1.2596978700359389e-15]}, 1016568], [0.2125192859071403, {"__complex__": [-61.224266052246094, 5.244533665449457e-15]}, 1065478], [0.21751870204394746, {"__complex__": [-851.1317138671875, -4.169976657134337e-15]}, 1116700], [0.22251763655620238, {"__complex__": [-881.7861328125, 3.9870785268996106e-15]}, 1167926], [0.2275173612096972, {"__complex__": [-1773.8035888671875, 3.8105428846481847e-16]}, 1222034], [0.23251753944930767, {"__complex__": [-612.2117919921875, -2.7379514162871686e-16]}, 1275574], [0.237518608068736, {"__complex__": [626.0392456054688, -1.4855268064110656e-15]}, 1332228], [0.24251933382685822, {"__complex__": [-15.678647994995117, 3.3559384489722296e-16]}, 1387574], [0.2475188275283454, {"__complex__": [172.61048889160156, 2.5762655321505314e-15]}, 1446004], [0.2525176353551358, {"__complex__": [565.654541015625, 1.2384592600373661e-15]}, 1504002], [0.25751592740199597, {"__complex__": [842.2465209960938, 3.2734621626838087e-15]}, 1564788], [0.2625152321376914, {"__complex__": [-168.65579223632812, -4.581831604660164e-15]}, 1626114], [0.2675142035428968, {"__complex__": [-2098.969970703125, 3.861012495777385e-15]}, 1688484], [0.27251407722071946, {"__complex__": [-882.6702880859375, -2.1251912651009362e-15]}, 1752920], [0.277514999580621, {"__complex__": [-624.9881591796875, 1.6650045117256609e-15]}, 1817892], [0.28251513318998955, {"__complex__": [56.67531204223633, 1.7307648674978141e-15]}, 1883346], [0.2875150555774266, {"__complex__": [183.0143280029297, -1.1933301916406043e-15]}, 1951100], [0.2925143032383768, {"__complex__": [-133.26312255859375, -6.92088016009709e-16]}, 2018506], [0.2975129983065177, {"__complex__": [653.3888549804688, 2.6753967625830176e-15]}, 2088638], [0.30251265006104155, {"__complex__": [1131.51416015625, -2.156086791852037e-15]}, 2159752], [0.3075131135075962, {"__complex__": [-13.744711875915527, -2.0862493488673934e-15]}, 2232050], [0.31251255553945134, {"__complex__": [258.2627868652344, -4.2442203655105974e-15]}, 2304048], [0.3175120364779517, {"__complex__": [555.9646606445312, -2.0547748750968445e-15]}, 2379552], [0.3225126598898453, {"__complex__": [-559.190673828125, -5.690417632235633e-16]}, 2454976], [0.3275133985704822, {"__complex__": [-632.2869873046875, 0.0]}, 2531986], 