{"edges": {"__dtype__": "<f8", "__shape__": [116], "__data__": [0.0, 0.005, 0.01, 0.015, 0.02, 0.025, 0.03, 0.035, 0.04, 0.045, 0.05, 0.055, 0.06, 0.065, 0.07, 0.075, 0.08, 0.085, 0.09, 0.095, 0.1, 0.105, 0.11, 0.115, 0.12, 0.125, 0.13, 0.135, 0.14, 0.145, 0.15, 0.155, 0.16, 0.165, 0.17, 0.17500000000000002, 0.18, 0.185, 0.19, 0.195, 0.2, 0.20500000000000002, 0.21, 0.215, 0.22, 0.225, 0.23, 0.23500000000000001, 0.24, 0.245, 0.25, 0.255, 0.26, 0.265, 0.27, 0.275, 0.28, 0.28500000000000003, 0.29, 0.295, 0.3, 0.305, 0.31, 0.315, 0.32, 0.325, 0.33, 0.335, 0.34, 0.34500000000000003, 0.35000000000000003, 0.355, 0.36, 0.365, 0.37, 0.375, 0.38, 0.385, 0.39, 0.395, 0.4, 0.405, 0.41000000000000003, 0.41500000000000004, 0.42, 0.425, 0.43, 0.435, 0.44, 0.445, 0.45, 0.455, 0.46, 0.465, 0.47000000000000003, 0.47500000000000003, 0.48, 0.485, 0.49, 0.495, 0.5, 0.505, 0.51, 0.515, 0.52, 0.525, 0.53, 0.535, 0.54, 0.545, 0.55, 0.555, 0.56, 0.5650000000000001, 0.5700000000000001, 0.5750000000000001]}, "poles": {"__dtype__": [["k", "<f8"], ["power_0", "<c8"], ["modes", "<i8"]], "__shape__": [115], "__data__": [[0.0037054420134658554, {"__complex__": [96972.671875, 1.7532428417052492e-12]}, 83], [0.008002706039259398, {"__complex__": [87618.6015625, -8.545588011093369e-14]}, 596], [0.012849701484846114, {"__complex__": [110302.1171875, 1.5894082653743896e-13]}, 1648], [0.0177641384261076, {"__complex__": [104000.3046875, 7.37739676206356e-14]}, 3156], [0.022684229681789413, {"__complex__": [103507.015625, -6.747410247719132e-14]}, 5176], [0.027646384376179004, {"__complex__": [100673.8359375, -3.169945588573503e-14]}, 7804], [0.032636129245414154, {"__complex__": [103182.71875, -3.211752424344544e-14]}, 10874], [0.037622935176432226, {"__complex__": [96659.1484375, -1.6121772902668967e-14]}, 14442], [0.0426065943302704, {"__complex__": [96228.375, -1.0986130828303207e-14]}, 18544], [0.047584168879418735, {"__complex__": [92191.8828125, -5.052748465532138e-15]}, 23040], [0.052572163944886785, {"__complex__": [91701.15625, -1.0260110937124287e-14]}, 28366], [0.05756591012932392, {"__complex__": [91034.34375, 1.7212035595892076e-15]}, 33818], [0.06255885577973451, {"__complex__": [89274.65625, -1.7405729161039558e-14]}, 40130], [0.06756290621144688, {"__complex__": [87213.6953125, -1.5844991334626468e-14]}, 46838], [0.07256050504780319, {"__complex__": [86146.7109375, -8.651233687219893e-15]}, 53826], [0.0775516441986681, {"__complex__": [82849.9609375, -7.561400439701042e-15]}, 61584], [0.08254999402587553, {"__complex__": [81222.328125, 8.33156684105791e-15]}, 69864], [0.08754547074829418, {"__complex__": [82020.25, 2.598423702292467e-15]}, 78404], [0.09254370656486871, {"__complex__": [80967.6640625, -5.297504988388373e-15]}, 87902], [0.09754153604884025, {"__complex__": [80072.7109375, -4.785338470018061e-15]}, 97310], [0.10253422913940137, {"__complex__": [78421.8828125, 3.242284997477746e-15]}, 107716], [0.1075359850070505, {"__complex__": [79102.7734375, 0.0]}, 118654], [0.11253957840084304, {"__complex__": [78817.96875, 0.0]}, 129910], [0.11753653834673844, {"__complex__": [76837.21875, 0.0]}, 141376], [0.12253336603812491, {"__complex__": [77371.6953125, -7.561498695522924e-15]}, 153958], [0.12753369323485178, {"__complex__": [77688.5859375, 2.79310744895529e-15]}, 166718], [0.1325298054599073, {"__complex__": [75876.453125, 1.2948991828952883e-15]}, 179806], [0.13753126919241337, {"__complex__": [76415.953125, -9.5873270666803e-15]}, 194282], [0.14252978867508304, {"__complex__": [75828.6640625, -1.3447147787100898e-14]}, 207774], [0.14752584639061916, {"__complex__": [75728.84375, 2.085567275586617e-15]}, 223278], [0.1525273402624495, {"__complex__": [74779.6875, -3.904981976069356e-15]}, 238496], [0.15752777994300757, {"__complex__": [75218.65625, 1.830113150123034e-15]}, 254444], [0.16252677921627748, {"__complex__": [74304.0, 4.193294627139301e-15]}, 270682], [0.16752582095517576, {"__complex__": [74933.0390625, 1.6185091791849778e-15]}, 287710], [0.1725259295419247, {"__complex__": [73996.4609375, -4.386524865264635e-15]}, 305202], [0.17752572093623975, {"__complex__": [74658.9453125, -5.766560494358756e-15]}, 323008], [0.18252702152554795, {"__complex__": [74157.1484375, 1.3623315817053215e-15]}, 341812], [0.18752508561671835, {"__complex__": [74352.046875, 2.5868633966283404e-15]}, 360020], [0.19252006361125312, {"__complex__": [73997.9375, 4.3303797098723576e-15]}, 379728], [0.19751626124600596, {"__complex__": [73877.71875, 7.282147653034929e-16]}, 399660], [0.20251335405021748, {"__complex__": [73981.578125, 2.769683123375887e-16]}, 420320], [0.20751594275294782, {"__complex__": [73663.0078125, -7.900241358931785e-16]}, 442070], [0.21251689533718626, {"__complex__": [73371.7265625, -3.01956551905199e-15]}, 462644], [0.21751895130525958, {"__complex__": [73064.0390625, 9.585057653656369e-16]}, 485820], [0.22252064263763735, {"__complex__": [72955.859375, -3.442176461518966e-16]}, 507304], [0.22751949683857262, {"__complex__": [72991.2265625, 1.096652074502485e-15]}, 530776], [0.23252062744923513, {"__complex__": [72721.7109375, -2.519248779855529e-15]}, 554524], [0.23751988845699762, {"__complex__": [73002.890625, 3.927452066094118e-15]}, 578008], [0.24251952417933192, {"__complex__": [72854.140625, 2.315678175268351e-15]}, 603272], [0.24751886354741093, {"__complex__": [72223.125, 4.265330120622069e-15]}, 627748], [0.2525158523431189, {"__complex__": [72830.59375, -2.1383365811676125e-15]}, 653304], [0.2575140585584922, {"__complex__": [72801.484375, 6.849007826335786e-16]}, 679896], [0.2625126084722789, {"__complex__": [72496.9296875, 2.3082183561018823e-15]}, 706092], [0.26751303339828036, {"__complex__": [71997.8203125, 7.927412455344029e-17]}, 734258], [0.2725141980302592, {"__complex__": [72396.0078125, 1.529385854782538e-15]}, 761190], [0.27751499291909654, {"__complex__": [72431.3203125, 5.894700273894097e-16]}, 789966], [0.2825156597003922, {"__complex__": [72327.9921875, 9.959171989426096e-16]}, 818248], [0.2875141801620819, {"__complex__": [72026.4375, 1.3744040246651819e-15]}, 847024], [0.29251195304227423, {"__complex__": [71847.75, 0.0]}, 877004], [0.2975142527009851, {"__complex__": [71874.9765625, 7.687545562524718e-16]}, 908602], [0.30251615798691667, {"__complex__": [71827.0625, 1.6137725709439318e-15]}, 937802], [0.30751506635382575, {"__complex__": [71898.765625, 6.722922101697537e-15]}, 969706], [0.31251223811931306, {"__complex__": [72026.40625, 2.0955679818366116e-15]}, 999956], [0.3175098816792195, {"__complex__": [71840.5390625, 1.4072602076960496e-17]}, 1034060], [0.3225110492752749, {"__complex__": [72028.21875, -1.310017026937883e-15]}, 1066386], [0.3275123331358606, {"__complex__": [72619.640625, 3.1741612080245164e-16]}, 1100278], [0.3325123291547583, {"__complex__": [72210.4375, 0.0]}, 1133070], [0.3375117534479973, {"__complex__": [71668.8515625, 9.966365416730653e-16]}, 1168082], [0.3425129583700723, {"__complex__": [71690.5390625, 3.8700035387542525e-16]}, 1203258], [0.3475132726509487, {"__complex__": [72010.578125, 0.0]}, 1237894], [0.35251300538197095, {"__complex__": [72139.6328125, 6.395823494335462e-16]}, 1274124], [0.3575125695577228, {"__complex__": [71893.21875, -7.996522005859405e-16]}, 1310242], [0.36251151779301266, {"__complex__": [71982.46875, 3.457245971744008e-16]}, 1346914], [0.3675115630015573, {"__complex__": [71827.234375, 6.722836445490746e-16]}, 1385312], [0.3725118957087531, {"__complex__": [71810.5234375, 3.2739787469025154e-16]}, 1422310], [0.37751124096797295, {"__complex__": [71809.4609375, 1.1552316025851715e-15]}, 1461198], [0.3825103314725004, {"__complex__": [71655.640625, -6.210804499479929e-16]}, 1499520], [0.38750966779422413, {"__complex__": [71625.0546875, -6.048759155736301e-16]}, 1539692], [0.3925103292814964, {"__complex__": [71782.234375, -1.4736862387205161e-15]}, 1579920], [0.3975099588994165, {"__complex__": [72051.28125, 8.626349765053693e-16]}, 1619438], [0.4025095615803663, 