{"edges": {"__dtype__": "<f8", "__shape__": [128], "__data__": [0.0, 0.005, 0.01, 0.015, 0.02, 0.025, 0.03, 0.035, 0.04, 0.045, 0.05, 0.055, 0.06, 0.065, 0.07, 0.075, 0.08, 0.085, 0.09, 0.095, 0.1, 0.105, 0.11, 0.115, 0.12, 0.125, 0.13, 0.135, 0.14, 0.145, 0.15, 0.155, 0.16, 0.165, 0.17, 0.17500000000000002, 0.18, 0.185, 0.19, 0.195, 0.2, 0.20500000000000002, 0.21, 0.215, 0.22, 0.225, 0.23, 0.23500000000000001, 0.24, 0.245, 0.25, 0.255, 0.26, 0.265, 0.27, 0.275, 0.28, 0.28500000000000003, 0.29, 0.295, 0.3, 0.305, 0.31, 0.315, 0.32, 0.325, 0.33, 0.335, 0.34, 0.34500000000000003, 0.35000000000000003, 0.355, 0.36, 0.365, 0.37, 0.375, 0.38, 0.385, 0.39, 0.395, 0.4, 0.405, 0.41000000000000003, 0.41500000000000004, 0.42, 0.425, 0.43, 0.435, 0.44, 0.445, 0.45, 0.455, 0.46, 0.465, 0.47000000000000003, 0.47500000000000003, 0.48, 0.485, 0.49, 0.495, 0.5, 0.505, 0.51, 0.515, 0.52, 0.525, 0.53, 0.535, 0.54, 0.545, 0.55, 0.555, 0.56, 0.5650000000000001, 0.5700000000000001, 0.5750000000000001, 0.58, 0.585, 0.59, 0.595, 0.6, 0.605, 0.61, 0.615, 0.62, 0.625, 0.63, 0.635]}, "poles": {"__dtype__": [["k", "<f8"], ["power_2", "<c8"], ["modes", "<i8"]], "__shape__": [127], "__data__": [[0.0037537781648676505, {"__complex__": [67005.328125, -6.0475491801825765e-12]}, 77], [0.008050398333474014, {"__complex__": [-7441.396484375, 0.0]}, 548], [0.012848609532355457, {"__complex__": [-1525.3551025390625, -4.719540188345694e-13]}, 1480], [0.017751579213119567, {"__complex__": [10533.076171875, 0.0]}, 2872], [0.022691827324042853, {"__complex__": [17237.546875, -1.9664750784773727e-13]}, 4736], [0.027648005536595924, {"__complex__": [16362.7109375, 1.9854801938841427e-13]}, 7036], [0.032612636555868525, {"__complex__": [26311.1171875, -1.1833230691160341e-14]}, 9838], [0.03761114292794433, {"__complex__": [3442.370849609375, -7.051200308317782e-14]}, 13208], [0.04261303922036164, {"__complex__": [11031.408203125, -2.762256942005336e-14]}, 16858], [0.04760505554480107, {"__complex__": [14326.955078125, 8.836077621541052e-14]}, 21080], [0.05259133615803475, {"__complex__": [7614.2451171875, 9.086428712310607e-14]}, 25624], [0.05756841184374016, {"__complex__": [7220.67724609375, -3.0308597293157366e-14]}, 30728], [0.06256248327880025, {"__complex__": [2114.60205078125, 0.0]}, 36498], [0.06756661487904435, {"__complex__": [5516.55859375, 0.0]}, 42528], [0.07257304507008182, {"__complex__": [4917.6162109375, 5.447494194556375e-14]}, 49152], [0.07756473030387098, {"__complex__": [2423.510498046875, -1.6707135349659785e-14]}, 55744], [0.08254764044823601, {"__complex__": [5555.83251953125, -7.351076229667169e-15]}, 63346], [0.08754405971893497, {"__complex__": [534.2611083984375, -1.2230556059025441e-14]}, 71388], [0.09254365223263855, {"__complex__": [1815.3260498046875, 1.8973937818047432e-14]}, 79762], [0.09754150838846357, {"__complex__": [-262.39105224609375, -1.774543680673358e-14]}, 88564], [0.10254123052801507, {"__complex__": [-724.1121215820312, -9.504455057186834e-15]}, 97988], [0.10754181638082774, {"__complex__": [2945.22900390625, 1.2970103066372012e-14]}, 107708], [0.11254085353408888, {"__complex__": [2998.803955078125, 2.368732888600924e-14]}, 117952], [0.11753281793039293, {"__complex__": [442.3000793457031, -2.9038495105672066e-14]}, 128288], [0.12252442444514552, {"__complex__": [733.80859375, -1.3326501496291679e-14]}, 139770], [0.12753052839909865, {"__complex__": [245.71302795410156, 5.363137336306372e-15]}, 151946], [0.13253665927256145, {"__complex__": [3130.449462890625, -2.846653483748918e-15]}, 163582], [0.13753197887556465, {"__complex__": [2261.783935546875, 1.588022959929814e-14]}, 175940], [0.1425260716253757, {"__complex__": [1092.6298828125, 1.7240876220713137e-14]}, 189064], [0.14752506711896965, {"__complex__": [-747.59375, 9.1835540840207e-15]}, 202824], [0.1525272624752809, {"__complex__": [57.975032806396484, -4.295649241452563e-15]}, 216806], [0.15752484634575162, {"__complex__": [1299.3729248046875, 0.0]}, 230876], [0.16252366735405163, {"__complex__": [1011.8217163085938, -1.5129187507824382e-14]}, 246232], [0.1675242007800524, {"__complex__": [-217.96217346191406, -5.1229336155416295e-15]}, 261330], [0.17252326579974073, {"__complex__": [1279.976318359375, 3.3587801915707085e-15]}, 277280], [0.17752110470595878, {"__complex__": [-201.7161407470703, 0.0]}, 293320], [0.1825207522633753, {"__complex__": [861.0350952148438, 2.998713812527899e-14]}, 310574], [0.18752231962759572, {"__complex__": [1847.10009765625, 6.397227345566418e-15]}, 327560], [0.19252167162300435, {"__complex__": [1710.2921142578125, 2.1579123172599593e-14]}, 345268], [0.19752225984779248, {"__complex__": [-195.3470916748047, -2.561787833257824e-15]}, 363544], [0.20251992290984697, {"__complex__": [-1304.5355224609375, -1.4641133899880032e-14]}, 381660], [0.20751551078768798, {"__complex__": [866.7967529296875, 4.6466923055632145e-15]}, 400854], [0.21251512379553542, {"__complex__": [768.5546264648438, 4.424230113395187e-15]}, 421010], [0.21751870975885984, {"__complex__": [-1120.7425537109375, 6.069345550365488e-15]}, 441160], [0.2225209082741387, {"__complex__": [334.3089904785156, 9.085167819065324e-15]}, 461296], [0.22752039891934017, {"__complex__": [-284.11932373046875, -1.690005726779232e-14]}, 482192], [0.23252118259031918, {"__complex__": [-156.01719665527344, -4.620939115834895e-15]}, 503860], [0.23751936566507853, {"__complex__": [-60.31345748901367, 3.5477333368288825e-15]}, 525024], [0.24251707186595864, {"__complex__": [-592.5739135742188, -5.098909220058656e-15]}, 547954], [0.24751627666670906, {"__complex__": [-1071.12548828125, -1.632341333092759e-15]}, 570544], [0.2525167544702008, {"__complex__": [-1271.04052734375, 7.442758228845027e-15]}, 594374], [0.25751857595461863, {"__complex__": [728.818603515625, 5.652143919118355e-16]}, 617900], [0.2625190906945416, {"__complex__": [383.4011535644531, 2.900837546110065e-15]}, 642106], [0.2675172479110602, {"__complex__": [342.4003601074219, 6.641198668880547e-15]}, 666112], [0.272514629608296, {"__complex__": [633.8995971679688, -6.731290893095528e-16]}, 691786], [0.27751615229387816, {"__complex__": [198.1090087890625, -6.485569493833252e-15]}, 717996], [0.28251644607381426, {"__complex__": [-764.0587158203125, -6.892633199492935e-15]}, 743152], [0.2875152531419474, {"__complex__": [-1055.703857421875, -6.046041768162391e-16]}, 770192], [0.2925134012698469, {"__complex__": [-1601.2623291015625, 3.5081146412704834e-15]}, 796430], [0.2975118362281548, {"__complex__": [313.97430419921875, 5.645611177512657e-16]}, 824820], [0.3025125080826814, {"__complex__": [-143.75619506835938, -4.642619347636342e-15]}, 852562], [0.30751063191170563, {"__complex__": [-34.462493896484375, -3.173621753916234e-15]}, 880372], [0.3125111278203564, {"__complex__": [-526.3057250976562, 8.181589493351168e-15]}, 910652], [0.31751269361539736, {"__complex__": [-428.6104736328125, -2.231613119868677e-15]}, 938996], [0.3225130904459611, {"__complex__": [-58.252960205078125, -4.803841057717884e-15]}, 969352], [0.32751158760760724, {"__complex__": [-343.18658447265625, -2.56538539394305e-15]}, 998344], [0.3325089848249692, {"__complex__": [-649.009521484375, 1.3563976923933315e-15]}, 1029922], [0.33751027924368393, {"__complex__": [-283.01123046875, 5.262115951852088e-15]}, 1061918], [0.34251253316973607, {"__complex__": [-262.70550537109375, -1.7037344579641533e-15]}, 1093272], [0.34751415893089227, {"__complex__": [176.10443115234375, 3.3100040110613065e-15]}, 1125464], [0.352514235068077, {"__complex__": [-93.89835357666016, -4.828090763964827e-15]}, 1157380], [0.357512374484406, {"__complex__": [387.62652587890625, 7.825109007114737e-16]}, 1190172], [0.3625118834929162, {"__complex__": [1019.52197265625, 0.0]}, 1224650], [0.3675116774700016, {"__complex__": [258.0588073730469, -4.3961251366888155e-15]}, 1257864], [0.3725098709245497, {"__complex__": [1145.704345703125, -7.206638900951945e-16]}, 1292312], [0.37751067052804127, 