{"edges": {"__dtype__": "<f8", "__shape__": [116], "__data__": [0.0, 0.005, 0.01, 0.015, 0.02, 0.025, 0.03, 0.035, 0.04, 0.045, 0.05, 0.055, 0.06, 0.065, 0.07, 0.075, 0.08, 0.085, 0.09, 0.095, 0.1, 0.105, 0.11, 0.115, 0.12, 0.125, 0.13, 0.135, 0.14, 0.145, 0.15, 0.155, 0.16, 0.165, 0.17, 0.17500000000000002, 0.18, 0.185, 0.19, 0.195, 0.2, 0.20500000000000002, 0.21, 0.215, 0.22, 0.225, 0.23, 0.23500000000000001, 0.24, 0.245, 0.25, 0.255, 0.26, 0.265, 0.27, 0.275, 0.28, 0.28500000000000003, 0.29, 0.295, 0.3, 0.305, 0.31, 0.315, 0.32, 0.325, 0.33, 0.335, 0.34, 0.34500000000000003, 0.35000000000000003, 0.355, 0.36, 0.365, 0.37, 0.375, 0.38, 0.385, 0.39, 0.395, 0.4, 0.405, 0.41000000000000003, 0.41500000000000004, 0.42, 0.425, 0.43, 0.435, 0.44, 0.445, 0.45, 0.455, 0.46, 0.465, 0.47000000000000003, 0.47500000000000003, 0.48, 0.485, 0.49, 0.495, 0.5, 0.505, 0.51, 0.515, 0.52, 0.525, 0.53, 0.535, 0.54, 0.545, 0.55, 0.555, 0.56, 0.5650000000000001, 0.5700000000000001, 0.5750000000000001]}, "poles": {"__dtype__": [["k", "<f8"], ["power_2", "<c8"], ["modes", "<i8"]], "__shape__": [115], "__data__": [[0.0037054420134658554, {"__complex__": [-41323.671875, -2.805188373256051e-12]}, 83], [0.008002706039259398, {"__complex__": [3746.593017578125, -3.9065544419139564e-13]}, 596], [0.012849701484846114, {"__complex__": [14370.6279296875, -4.415022695851943e-14]}, 1648], [0.0177641384261076, {"__complex__": [25949.70703125, 0.0]}, 3156], [0.022684229681789413, {"__complex__": [26303.552734375, -5.622842211912456e-14]}, 5176], [0.027646384376179004, {"__complex__": [4418.69677734375, -5.966956800624451e-14]}, 7804], [0.032636129245414154, {"__complex__": [-1521.2569580078125, 4.2823366787304515e-14]}, 10874], [0.037622935176432226, {"__complex__": [4316.005859375, -8.060886451334483e-15]}, 14442], [0.0426065943302704, {"__complex__": [8486.9892578125, -1.8833367618252897e-14]}, 18544], [0.047584168879418735, {"__complex__": [12343.673828125, -2.2737367883136385e-14]}, 23040], [0.052572163944886785, {"__complex__": [7425.02587890625, -1.3851149468656256e-14]}, 28366], [0.05756591012932392, {"__complex__": [10775.693359375, -4.303008687214782e-15]}, 33818], [0.06255885577973451, {"__complex__": [22.804677963256836, 2.9009548601732597e-15]}, 40130], [0.06756290621144688, {"__complex__": [6085.5791015625, -4.9709775988701025e-15]}, 46838], [0.07256050504780319, {"__complex__": [5502.06005859375, -1.2976849683796893e-14]}, 53826], [0.0775516441986681, {"__complex__": [2794.58154296875, -1.5122800879402085e-14]}, 61584], [0.08254999402587553, {"__complex__": [3634.22216796875, -1.999576109616534e-14]}, 69864], [0.08754547074829418, {"__complex__": [3050.97607421875, -2.969627209338955e-15]}, 78404], [0.09254370656486871, {"__complex__": [1915.2139892578125, -4.635317076598063e-15]}, 87902], [0.09754153604884025, {"__complex__": [6022.55322265625, 2.3926692350090305e-15]}, 97310], [0.10253422913940137, {"__complex__": [2909.9326171875, -8.646093044263007e-15]}, 107716], [0.1075359850070505, {"__complex__": [3878.2734375, -7.849062145951023e-15]}, 118654], [0.11253957840084304, {"__complex__": [1914.4722900390625, 7.168982780732334e-15]}, 129910], [0.11753653834673844, {"__complex__": [211.064697265625, 1.1013573001728352e-14]}, 141376], [0.12253336603812491, {"__complex__": [2076.511962890625, -1.814759619162866e-14]}, 153958], [0.12753369323485178, {"__complex__": [-587.452392578125, 5.93535340843933e-15]}, 166718], [0.1325298054599073, {"__complex__": [213.69137573242188, 2.5897983657905766e-15]}, 179806], [0.13753126919241337, {"__complex__": [-636.3505859375, 9.5873270666803e-15]}, 194282], [0.14252978867508304, {"__complex__": [296.337890625, 2.0170722527684294e-14]}, 207774], [0.14752584639061916, {"__complex__": [859.8491821289062, 0.0]}, 223278], [0.1525273402624495, {"__complex__": [1670.3184814453125, 9.76245494017339e-16]}, 238496], [0.15752777994300757, {"__complex__": [777.6841430664062, 9.150565538856934e-15]}, 254444], [0.16252677921627748, {"__complex__": [940.044189453125, -1.290244525091889e-15]}, 270682], [0.16752582095517576, {"__complex__": [-590.9430541992188, -8.092545895924889e-16]}, 287710], [0.1725259295419247, {"__complex__": [-503.4779968261719, -1.1443109126753402e-15]}, 305202], [0.17752572093623975, {"__complex__": [1431.086181640625, 5.766560494358756e-15]}, 323008], [0.18252702152554795, {"__complex__": [100.0382308959961, -2.384080320923872e-15]}, 341812], [0.18752508561671835, {"__complex__": [-1097.34716796875, -1.2934316983141702e-15]}, 360020], [0.19252006361125312, {"__complex__": [630.0527954101562, -6.1315109924303755e-15]}, 379728], [0.19751626124600596, {"__complex__": [322.0667419433594, 9.32114865707153e-15]}, 399660], [0.20251335405021748, {"__complex__": [1037.4625244140625, -2.2157464987007094e-15]}, 420320], [0.20751594275294782, {"__complex__": [2194.245361328125, -4.213462058096952e-15]}, 442070], [0.21251689533718626, {"__complex__": [-124.42647552490234, -3.01956551905199e-15]}, 462644], [0.21751895130525958, {"__complex__": [535.8702392578125, 6.230287739574436e-15]}, 485820], [0.22252064263763735, {"__complex__": [1122.398193359375, -3.2126979248719165e-15]}, 507304], [0.22751949683857262, {"__complex__": [-237.08302307128906, -1.973973861159415e-15]}, 530776], [0.23252062744923513, {"__complex__": [373.7314453125, -2.9391234353259594e-15]}, 554524], [0.23751988845699762, {"__complex__": [477.29461669921875, 3.625340401280453e-15]}, 578008], [0.24251952417933192, {"__complex__": [-189.6632843017578, -1.5437855207649795e-15]}, 603272], [0.24751886354741093, {"__complex__": [599.9575805664062, -7.41796515096242e-16]}, 627748], [0.2525158523431189, {"__complex__": [-620.3877563476562, -3.563894301946021e-16]}, 653304], [0.2575140585584922, {"__complex__": [-391.08697509765625, -5.479206261068629e-15]}, 679896], [0.2625126084722789, {"__complex__": [-556.1149291992188, 6.594909588862521e-16]}, 706092], [0.26751303339828036, {"__complex__": [-524.4990234375, -3.1709650350771708e-15]}, 734258], [0.2725141980302592, {"__complex__": [55.593040466308594, 1.8352631104423403e-15]}, 761190], [0.27751499291909654, {"__complex__": [-1136.192138671875, -2.0631450429233747e-15]}, 789966], [0.2825156597003922, {"__complex__": [317.169189453125, 2.845477802018129e-15]}, 818248], [0.2875141801620819, {"__complex__": [-349.9865417480469, 1.3744040246651819e-15]}, 847024], [0.29251195304227423, {"__complex__": [-841.497314453125, 1.327420695267762e-15]}, 877004], [0.2975142527009851, {"__complex__": [859.3651733398438, -4.868778838619135e-15]}, 908602], [0.30251615798691667, {"__complex__": [-407.663818359375, 2.110318001821861e-15]}, 937802], [0.30751506635382575, {"__complex__": [-398.8275146484375, 9.604174128484714e-16]}, 969706], [0.31251223811931306, {"__complex__": [-469.427001953125, 1.6298862080951423e-15]}, 999956], [0.3175098816792195, {"__complex__": [-263.5226745605469, -1.5761314855591347e-15]}, 1034060], [0.3225110492752749, {"__complex__": [401.00750732421875, -1.8558574460054078e-15]}, 1066386], [0.3275123331358606, {"__complex__": [377.9622497558594, 0.0]}, 1100278], [0.3325123291547583, {"__complex__": [-488.5031433105469, 2.4658384820916987e-15]}, 1133070], [0.3375117534479973, {"__complex__": [-19.084367752075195, -1.3952912218697625e-15]}, 1168082], [0.3425129583700723, {"__complex__": [-510.1916809082031, 7.740007077508505e-16]}, 1203258], [0.3475132726509487, {"__complex__": [24.689109802246094, 6.583013011118334e-16]}, 1237894], [0.35251300538197095, {"__complex__": [-175.27645874023438, 1.0964269754967521e-15]}, 1274124], [0.3575125695577228, {"__complex__": [-209.53916931152344, 7.108019384298718e-16]}, 1310242], [0.36251151779301266, {"__complex__": [-456.0074157714844, 1.7286229329324448e-15]}, 1346914], [0.3675115630015573, {"__complex__": [219.18377685546875, -1.3445672890981491e-15]}, 1385312], [0.3725118957087531, {"__complex__": [337.7256774902344, 2.946580925151823e-15]}, 1422310], [0.37751124096797295, 