{"edges": {"__dtype__": "<f8", "__shape__": [116], "__data__": [0.0, 0.005, 0.01, 0.015, 0.02, 0.025, 0.03, 0.035, 0.04, 0.045, 0.05, 0.055, 0.06, 0.065, 0.07, 0.075, 0.08, 0.085, 0.09, 0.095, 0.1, 0.105, 0.11, 0.115, 0.12, 0.125, 0.13, 0.135, 0.14, 0.145, 0.15, 0.155, 0.16, 0.165, 0.17, 0.17500000000000002, 0.18, 0.185, 0.19, 0.195, 0.2, 0.20500000000000002, 0.21, 0.215, 0.22, 0.225, 0.23, 0.23500000000000001, 0.24, 0.245, 0.25, 0.255, 0.26, 0.265, 0.27, 0.275, 0.28, 0.28500000000000003, 0.29, 0.295, 0.3, 0.305, 0.31, 0.315, 0.32, 0.325, 0.33, 0.335, 0.34, 0.34500000000000003, 0.35000000000000003, 0.355, 0.36, 0.365, 0.37, 0.375, 0.38, 0.385, 0.39, 0.395, 0.4, 0.405, 0.41000000000000003, 0.41500000000000004, 0.42, 0.425, 0.43, 0.435, 0.44, 0.445, 0.45, 0.455, 0.46, 0.465, 0.47000000000000003, 0.47500000000000003, 0.48, 0.485, 0.49, 0.495, 0.5, 0.505, 0.51, 0.515, 0.52, 0.525, 0.53, 0.535, 0.54, 0.545, 0.55, 0.555, 0.56, 0.5650000000000001, 0.5700000000000001, 0.5750000000000001]}, "poles": {"__dtype__": [["k", "<f8"], ["power_2", "<c8"], ["modes", "<i8"]], "__shape__": [115], "__data__": [[0.0037054420134658554, {"__complex__": [15170.5908203125, -1.7532428417052492e-12]}, 83], [0.008002706039259398, {"__complex__": [16680.232421875, -3.9065544419139564e-13]}, 596], [0.012849701484846114, {"__complex__": [26281.51953125, -4.2384219506481913e-13]}, 1648], [0.0177641384261076, {"__complex__": [23802.37109375, -3.3198286784538733e-13]}, 3156], [0.022684229681789413, {"__complex__": [14045.697265625, -1.3494820495438264e-13]}, 5176], [0.027646384376179004, {"__complex__": [9005.302734375, -1.0815108438802165e-13]}, 7804], [0.032636129245414154, {"__complex__": [12153.3212890625, 2.1411683393652257e-14]}, 10874], [0.037622935176432226, {"__complex__": [3502.38037109375, -4.030443225667242e-15]}, 14442], [0.0426065943302704, {"__complex__": [-1440.7391357421875, 3.7666735236505794e-14]}, 18544], [0.047584168879418735, {"__complex__": [6836.86083984375, -1.5158245820112888e-14]}, 23040], [0.052572163944886785, {"__complex__": [10749.931640625, -8.20808891910602e-15]}, 28366], [0.05756591012932392, {"__complex__": [9107.4892578125, 3.442406949771826e-14]}, 33818], [0.06255885577973451, {"__complex__": [8270.6083984375, 0.0]}, 40130], [0.06756290621144688, {"__complex__": [4264.56640625, 1.491293322012678e-14]}, 46838], [0.07256050504780319, {"__complex__": [4602.66943359375, -1.0814042109024867e-15]}, 53826], [0.0775516441986681, {"__complex__": [2268.453857421875, 9.451750549626303e-16]}, 61584], [0.08254999402587553, {"__complex__": [2969.75927734375, -9.16472369457029e-15]}, 69864], [0.08754547074829418, {"__complex__": [1596.0247802734375, -4.640042249894321e-15]}, 78404], [0.09254370656486871, {"__complex__": [4157.8447265625, 1.3243762470970932e-14]}, 87902], [0.09754153604884025, {"__complex__": [2923.252197265625, -7.178007916785328e-15]}, 97310], [0.10253422913940137, {"__complex__": [428.7708740234375, 4.3230465221315035e-15]}, 107716], [0.1075359850070505, {"__complex__": [4033.66064453125, 3.924531072975511e-15]}, 118654], [0.11253957840084304, {"__complex__": [2174.4541015625, 1.4337965561464668e-14]}, 129910], [0.11753653834673844, {"__complex__": [1588.2916259765625, 1.9762672875674007e-14]}, 141376], [0.12253336603812491, {"__complex__": [1089.7376708984375, -2.268449608656877e-14]}, 153958], [0.12753369323485178, {"__complex__": [809.3341064453125, 5.58621489791058e-15]}, 166718], [0.1325298054599073, {"__complex__": [912.6320190429688, 7.283807837611548e-16]}, 179806], [0.13753126919241337, {"__complex__": [591.9746704101562, -5.992079628433424e-15]}, 194282], [0.14252978867508304, {"__complex__": [498.90423583984375, -4.482382736872457e-15]}, 207774], [0.14752584639061916, {"__complex__": [-573.9495239257812, 0.0]}, 223278], [0.1525273402624495, {"__complex__": [692.6608276367188, -7.809963952138711e-15]}, 238496], [0.15752777994300757, {"__complex__": [436.4414367675781, -1.830113150123034e-15]}, 254444], [0.16252677921627748, {"__complex__": [536.5464477539062, -6.8813041338234085e-15]}, 270682], [0.16752582095517576, {"__complex__": [89.45402526855469, 4.855527855192289e-15]}, 287710], [0.1725259295419247, {"__complex__": [-55.93852996826172, 0.0]}, 305202], [0.17752572093623975, {"__complex__": [-571.6580200195312, 5.04574053844303e-15]}, 323008], [0.18252702152554795, {"__complex__": [-862.1685791015625, -1.7029145300712111e-15]}, 341812], [0.18752508561671835, {"__complex__": [-388.830078125, -1.2934316983141702e-15]}, 360020], [0.19252006361125312, {"__complex__": [279.0914306640625, -2.7591799677694926e-15]}, 379728], [0.19751626124600596, {"__complex__": [394.5931091308594, -4.660574328535765e-15]}, 399660], [0.20251335405021748, {"__complex__": [284.7191467285156, 1.5233257575614071e-15]}, 420320], [0.20751594275294782, {"__complex__": [-1061.72509765625, 1.053365514524238e-15]}, 442070], [0.21251689533718626, {"__complex__": [-675.906982421875, 2.516304493330873e-15]}, 462644], [0.21751895130525958, {"__complex__": [-462.9794616699219, 0.0]}, 485820], [0.22252064263763735, {"__complex__": [-445.0675964355469, 5.5074823384303456e-15]}, 507304], [0.22751949683857262, {"__complex__": [-141.1700439453125, -1.7546433615556233e-15]}, 530776], [0.23252062744923513, {"__complex__": [855.503662109375, -2.519248779855529e-15]}, 554524], [0.23751988845699762, {"__complex__": [-30.620044708251953, -2.0140781183548275e-15]}, 578008], [0.24251952417933192, {"__complex__": [-157.18521118164062, 3.859463801912449e-16]}, 603272], [0.24751886354741093, {"__complex__": [-741.7557983398438, 7.41796515096242e-16]}, 627748], [0.2525158523431189, {"__complex__": [382.916015625, 0.0]}, 653304], [0.2575140585584922, {"__complex__": [212.2088623046875, 4.451854822420465e-15]}, 679896], [0.2625126084722789, {"__complex__": [773.948486328125, 0.0]}, 706092], [0.26751303339828036, {"__complex__": [-163.83755493164062, 4.439350922053097e-15]}, 734258], [0.2725141980302592, {"__complex__": [84.8853530883789, 2.1411402602230243e-15]}, 761190], [0.27751499291909654, {"__complex__": [-91.73796844482422, 0.0]}, 789966], [0.2825156597003922, {"__complex__": [155.2844696044922, 1.991834397885219e-15]}, 818248], [0.2875141801620819, {"__complex__": [179.97901916503906, -1.5118444377196119e-15]}, 847024], [0.29251195304227423, {"__complex__": [358.1662292480469, 3.185809499236039e-15]}, 877004], [0.2975142527009851, {"__complex__": [137.8474884033203, 0.0]}, 908602], [0.30251615798691667, {"__complex__": [-142.9850311279297, 1.3654999084445263e-15]}, 937802], [0.30751506635382575, {"__complex__": [483.0817565917969, 3.3614610508487684e-15]}, 969706], [0.31251223811931306, {"__complex__": [-216.314697265625, 1.862727094965877e-15]}, 999956], [0.3175098816792195, {"__complex__": [-653.5737915039062, 0.0]}, 1034060], [0.3225110492752749, {"__complex__": [550.3339233398438, 1.7466894045435502e-15]}, 1066386], [0.3275123331358606, {"__complex__": [-59.303863525390625, -1.6928859776130754e-15]}, 1100278], [0.3325123291547583, {"__complex__": [542.5042114257812, 4.1097310681839606e-16]}, 1133070], [0.3375117534479973, {"__complex__": [-449.1444396972656, 5.182510101403234e-15]}, 1168082], [0.3425129583700723, {"__complex__": [-53.95440673828125, 4.837504688140612e-16]}, 1203258], [0.3475132726509487, {"__complex__": [256.268310546875, 0.0]}, 1237894], [0.35251300538197095, {"__complex__": [-347.57659912109375, 1.461902528116551e-15]}, 1274124], [0.3575125695577228, {"__complex__": [-260.0318603515625, 1.9213864559038422e-15]}, 1310242], [0.36251151779301266, {"__complex__": [-126.7326889038086, -8.643114664662224e-16]}, 1346914], [0.3675115630015573, {"__complex__": [400.38134765625, 3.361418222745373e-16]}, 1385312], [0.3725118957087531, {"__complex__": [120.22100067138672, -2.6191829975220123e-15]}, 1422310], [0.37751124096797295, {"__complex__": [184.04441833496094, 1.2747383164429782e-15]}, 1461198], [0.3825103314725004, {"__complex__": [-26.727874755859375, 