{"edges": {"__dtype__": "<f8", "__shape__": [128], "__data__": [0.0, 0.005, 0.01, 0.015, 0.02, 0.025, 0.03, 0.035, 0.04, 0.045, 0.05, 0.055, 0.06, 0.065, 0.07, 0.075, 0.08, 0.085, 0.09, 0.095, 0.1, 0.105, 0.11, 0.115, 0.12, 0.125, 0.13, 0.135, 0.14, 0.145, 0.15, 0.155, 0.16, 0.165, 0.17, 0.17500000000000002, 0.18, 0.185, 0.19, 0.195, 0.2, 0.20500000000000002, 0.21, 0.215, 0.22, 0.225, 0.23, 0.23500000000000001, 0.24, 0.245, 0.25, 0.255, 0.26, 0.265, 0.27, 0.275, 0.28, 0.28500000000000003, 0.29, 0.295, 0.3, 0.305, 0.31, 0.315, 0.32, 0.325, 0.33, 0.335, 0.34, 0.34500000000000003, 0.35000000000000003, 0.355, 0.36, 0.365, 0.37, 0.375, 0.38, 0.385, 0.39, 0.395, 0.4, 0.405, 0.41000000000000003, 0.41500000000000004, 0.42, 0.425, 0.43, 0.435, 0.44, 0.445, 0.45, 0.455, 0.46, 0.465, 0.47000000000000003, 0.47500000000000003, 0.48, 0.485, 0.49, 0.495, 0.5, 0.505, 0.51, 0.515, 0.52, 0.525, 0.53, 0.535, 0.54, 0.545, 0.55, 0.555, 0.56, 0.5650000000000001, 0.5700000000000001, 0.5750000000000001, 0.58, 0.585, 0.59, 0.595, 0.6, 0.605, 0.61, 0.615, 0.62, 0.625, 0.63, 0.635]}, "poles": {"__dtype__": [["k", "<f8"], ["power_2", "<c8"], ["modes", "<i8"]], "__shape__": [127], "__data__": [[0.0037537781648676505, {"__complex__": [14314.861328125, 3.3072535595563e-12]}, 77], [0.008050398333474014, {"__complex__": [-10901.9130859375, 1.0621835849029468e-13]}, 548], [0.012848609532355457, {"__complex__": [16975.443359375, -6.292720251127593e-13]}, 1480], [0.017751579213119567, {"__complex__": [17643.626953125, 0.0]}, 2872], [0.022691827324042853, {"__complex__": [28041.064453125, 7.374281307120922e-13]}, 4736], [0.027648005536595924, {"__complex__": [15147.1376953125, -2.3163936047065903e-13]}, 7036], [0.032612636555868525, {"__complex__": [981.978271484375, 1.479153815219219e-14]}, 9838], [0.03761114292794433, {"__complex__": [7656.1162109375, 1.5865200863121598e-13]}, 13208], [0.04261303922036164, {"__complex__": [17480.90625, -5.524513884010672e-14]}, 16858], [0.04760505554480107, {"__complex__": [15627.462890625, 0.0]}, 21080], [0.05259133615803475, {"__complex__": [1429.6846923828125, -4.997535724008198e-14]}, 25624], [0.05756841184374016, {"__complex__": [10157.3388671875, 6.061719458631473e-14]}, 30728], [0.06256248327880025, {"__complex__": [5464.38330078125, -3.50859918646796e-14]}, 36498], [0.06756661487904435, {"__complex__": [5363.03173828125, 6.843451501960035e-15]}, 42528], [0.07257304507008182, {"__complex__": [6274.15478515625, 2.9605946193960245e-14]}, 49152], [0.07756473030387098, {"__complex__": [3378.61376953125, -5.42981898863943e-14]}, 55744], [0.08254764044823601, {"__complex__": [5930.625, -2.9404304918668675e-14]}, 63346], [0.08754405971893497, {"__complex__": [6.540234088897705, 1.3045926067678428e-14]}, 71388], [0.09254365223263855, {"__complex__": [4946.87890625, -5.8381343548852705e-15]}, 79762], [0.09754150838846357, {"__complex__": [2603.630615234375, -9.201337540748304e-15]}, 88564], [0.10254123052801507, {"__complex__": [3845.18115234375, -3.326559270015392e-14]}, 97988], [0.10754181638082774, {"__complex__": [-559.6223754882812, 4.3233676323218076e-14]}, 107708], [0.11254085353408888, {"__complex__": [-1398.5369873046875, -2.023292523919886e-14]}, 117952], [0.11753281793039293, {"__complex__": [-2323.47265625, 1.814905944104504e-15]}, 128288], [0.12252442444514552, {"__complex__": [1539.165771484375, -2.1655564507957505e-14]}, 139770], [0.12753052839909865, {"__complex__": [2039.3203125, 1.6280952628072915e-15]}, 151946], [0.13253665927256145, {"__complex__": [3337.078125, -1.2809940994507486e-14]}, 163582], [0.13753197887556465, {"__complex__": [3143.451171875, 0.0]}, 175940], [0.1425260716253757, {"__complex__": [2372.9580078125, 3.0787278058023873e-15]}, 189064], [0.14752506711896965, {"__complex__": [3269.362548828125, -2.295888521005175e-15]}, 202824], [0.1525272624752809, {"__complex__": [-201.316162109375, 1.5571730035512758e-14]}, 216806], [0.15752484634575162, {"__complex__": [-388.13201904296875, 1.0084662038144189e-15]}, 230876], [0.16252366735405163, {"__complex__": [1527.0396728515625, 5.673445738950617e-15]}, 246232], [0.1675242007800524, {"__complex__": [626.9932250976562, -1.1582284475042046e-14]}, 261330], [0.17252326579974073, {"__complex__": [-637.6858520507812, 9.236645262121652e-15]}, 277280], [0.17752110470595878, {"__complex__": [849.65771484375, -2.3813306402188476e-15]}, 293320], [0.1825207522633753, {"__complex__": [1219.5830078125, 0.0]}, 310574], [0.18752231962759572, {"__complex__": [-403.3605041503906, 9.240439122692404e-15]}, 327560], [0.19252167162300435, {"__complex__": [511.1416931152344, -2.697390396574949e-15]}, 345268], [0.19752225984779248, {"__complex__": [15.289173126220703, -2.561787833257824e-15]}, 363544], [0.20251992290984697, {"__complex__": [1212.9921875, -3.050236317374272e-16]}, 381660], [0.20751551078768798, {"__complex__": [71.3175277709961, 0.0]}, 400854], [0.21251512379553542, {"__complex__": [682.525146484375, -3.594687125952267e-15]}, 421010], [0.21751870975885984, {"__complex__": [-364.5479736328125, -3.694384174393519e-15]}, 441160], [0.2225209082741387, {"__complex__": [682.0255737304688, -2.7760234296838812e-15]}, 461296], [0.22752039891934017, {"__complex__": [894.6554565429688, -8.208599679973214e-15]}, 482192], [0.23252118259031918, {"__complex__": [1394.622802734375, 5.0830332815282684e-15]}, 503860], [0.23751936566507853, {"__complex__": [1007.1996459960938, 8.869333659709561e-15]}, 525024], [0.24251707186595864, {"__complex__": [175.46401977539062, -1.3597091253489749e-14]}, 547954], [0.24751627666670906, {"__complex__": [-796.213623046875, 2.0404266663659487e-16]}, 570544], [0.2525167544702008, {"__complex__": [894.9896240234375, 3.1337932059451526e-15]}, 594374], [0.25751857595461863, {"__complex__": [1151.138916015625, 3.014476756863123e-15]}, 617900], [0.2625190906945416, {"__complex__": [-1037.198974609375, 0.0]}, 642106], [0.2675172479110602, {"__complex__": [-808.9161376953125, -2.0972207548749415e-15]}, 666112], [0.272514629608296, {"__complex__": [-29.850812911987305, -2.0193873208682175e-15]}, 691786], [0.27751615229387816, {"__complex__": [272.3794860839844, -6.485569282075015e-16]}, 717996], [0.28251644607381426, {"__complex__": [-1234.9134521484375, 1.253205997769945e-15]}, 743152], [0.2875152531419474, {"__complex__": [376.6974792480469, -4.383380255447954e-15]}, 770192], [0.2925134012698469, {"__complex__": [249.67831420898438, 2.3387430941803223e-15]}, 796430], [0.2975118362281548, {"__complex__": [162.5135498046875, -1.693683353253797e-15]}, 824820], [0.3025125080826814, {"__complex__": [-483.1471252441406, -2.730952594802243e-15]}, 852562], [0.30751063191170563, {"__complex__": [190.99862670898438, 2.6446848302232344e-15]}, 880372], [0.3125111278203564, {"__complex__": [-931.1995239257812, 2.045397373337792e-15]}, 910652], [0.31751269361539736, {"__complex__": [-326.32098388671875, 4.959140207553105e-16]}, 938996], [0.3225130904459611, {"__complex__": [-433.9649353027344, 7.686145522942025e-15]}, 969352], [0.32751158760760724, {"__complex__": [-51.5195426940918, 1.1660843181009856e-16]}, 998344], [0.3325089848249692, {"__complex__": [467.82080078125, -3.3909943368624473e-15]}, 1029922], [0.33751027924368393, {"__complex__": [189.67791748046875, 4.3850964500782093e-16]}, 1061918], [0.34251253316973607, {"__complex__": [7.509369850158691, 4.259336144910383e-16]}, 1093272], [0.34751415893089227, {"__complex__": [-134.37112426757812, 0.0]}, 1125464], [0.352514235068077, {"__complex__": [1010.310791015625, 2.816386243686443e-15]}, 1157380], [0.357512374484406, {"__complex__": [124.64862823486328, -1.5650218014229473e-15]}, 1190172], [0.3625118834929162, {"__complex__": [-258.8976745605469, -7.604806325445734e-16]}, 1224650], [0.3675116774700016, {"__complex__": [-501.4271545410156, -7.404000754035749e-16]}, 1257864], [0.3725098709245497, {"__complex__": [-335.6620178222656, 5.404979175713958e-16]}, 1292312], [0.37751067052804127, {"__complex__": [205.2566375732422, 