{"edges": {"__dtype__": "<f8", "__shape__": [128], "__data__": [0.0, 0.005, 0.01, 0.015, 0.02, 0.025, 0.03, 0.035, 0.04, 0.045, 0.05, 0.055, 0.06, 0.065, 0.07, 0.075, 0.08, 0.085, 0.09, 0.095, 0.1, 0.105, 0.11, 0.115, 0.12, 0.125, 0.13, 0.135, 0.14, 0.145, 0.15, 0.155, 0.16, 0.165, 0.17, 0.17500000000000002, 0.18, 0.185, 0.19, 0.195, 0.2, 0.20500000000000002, 0.21, 0.215, 0.22, 0.225, 0.23, 0.23500000000000001, 0.24, 0.245, 0.25, 0.255, 0.26, 0.265, 0.27, 0.275, 0.28, 0.28500000000000003, 0.29, 0.295, 0.3, 0.305, 0.31, 0.315, 0.32, 0.325, 0.33, 0.335, 0.34, 0.34500000000000003, 0.35000000000000003, 0.355, 0.36, 0.365, 0.37, 0.375, 0.38, 0.385, 0.39, 0.395, 0.4, 0.405, 0.41000000000000003, 0.41500000000000004, 0.42, 0.425, 0.43, 0.435, 0.44, 0.445, 0.45, 0.455, 0.46, 0.465, 0.47000000000000003, 0.47500000000000003, 0.48, 0.485, 0.49, 0.495, 0.5, 0.505, 0.51, 0.515, 0.52, 0.525, 0.53, 0.535, 0.54, 0.545, 0.55, 0.555, 0.56, 0.5650000000000001, 0.5700000000000001, 0.5750000000000001, 0.58, 0.585, 0.59, 0.595, 0.6, 0.605, 0.61, 0.615, 0.62, 0.625, 0.63, 0.635]}, "poles": {"__dtype__": [["k", "<f8"], ["power_2", "<c8"], ["modes", "<i8"]], "__shape__": [127], "__data__": [[0.0037537781648676505, {"__complex__": [-69746.59375, -1.1339154441791788e-12]}, 77], [0.008050398333474014, {"__complex__": [-29276.396484375, -2.1243671698058936e-13]}, 548], [0.012848609532355457, {"__complex__": [-11777.1875, -3.9329501569547454e-13]}, 1480], [0.017751579213119567, {"__complex__": [14680.908203125, -4.357467620237643e-13]}, 2872], [0.022691827324042853, {"__complex__": [25373.580078125, 1.8435703267802306e-13]}, 4736], [0.027648005536595924, {"__complex__": [9290.24609375, 5.790984011766476e-14]}, 7036], [0.032612636555868525, {"__complex__": [3489.3759765625, 1.1833230521753751e-13]}, 9838], [0.03761114292794433, {"__complex__": [14688.7978515625, 8.814000385397227e-15]}, 13208], [0.04261303922036164, {"__complex__": [5817.55712890625, -5.524513884010672e-14]}, 16858], [0.04760505554480107, {"__complex__": [10576.017578125, -2.209019405385263e-14]}, 21080], [0.05259133615803475, {"__complex__": [6084.32568359375, -6.587660511493329e-14]}, 25624], [0.05756841184374016, {"__complex__": [3379.660888671875, 3.7885747463479655e-14]}, 30728], [0.06256248327880025, {"__complex__": [-248.9755401611328, -7.974088867646967e-16]}, 36498], [0.06756661487904435, {"__complex__": [8354.6259765625, 5.474761032161438e-15]}, 42528], [0.07257304507008182, {"__complex__": [9054.30859375, -1.2434497875801753e-14]}, 49152], [0.07756473030387098, {"__complex__": [6759.8330078125, -1.6707135349659785e-14]}, 55744], [0.08254764044823601, {"__complex__": [4007.670166015625, 0.0]}, 63346], [0.08754405971893497, {"__complex__": [1185.604248046875, 2.1199630389373038e-14]}, 71388], [0.09254365223263855, {"__complex__": [1010.5975952148438, -1.1676268709770541e-14]}, 79762], [0.09754150838846357, {"__complex__": [2256.1669921875, -7.886860991222246e-15]}, 88564], [0.10254123052801507, {"__complex__": [202.98715209960938, -4.752227528593417e-15]}, 97988], [0.10754181638082774, {"__complex__": [3509.088623046875, -1.729347019047405e-14]}, 107708], [0.11254085353408888, {"__complex__": [2404.856201171875, 6.908803905488967e-15]}, 117952], [0.11753281793039293, {"__complex__": [2980.46435546875, 9.07452908524781e-15]}, 128288], [0.12252442444514552, {"__complex__": [-425.224609375, 2.1655564507957505e-14]}, 139770], [0.12753052839909865, {"__complex__": [-470.6346130371094, 3.064649906460784e-14]}, 151946], [0.13253665927256145, {"__complex__": [1121.4617919921875, 2.846653483748918e-15]}, 163582], [0.13753197887556465, {"__complex__": [77.41860961914062, -5.293410007604872e-15]}, 175940], [0.1425260716253757, {"__complex__": [-978.2243041992188, -1.9703858295948458e-14]}, 189064], [0.14752506711896965, {"__complex__": [-1339.230712890625, -1.1479442816784112e-14]}, 202824], [0.1525272624752809, {"__complex__": [1542.0152587890625, -4.295649241452563e-15]}, 216806], [0.15752484634575162, {"__complex__": [1781.3468017578125, -2.0169324076288377e-15]}, 230876], [0.16252366735405163, {"__complex__": [173.6416778564453, -1.0874103944765248e-14]}, 246232], [0.1675242007800524, {"__complex__": [474.7249450683594, 4.4547245700457625e-15]}, 261330], [0.17252326579974073, {"__complex__": [-480.693359375, 8.396950161289416e-15]}, 277280], [0.17752110470595878, {"__complex__": [145.9716339111328, 6.3502153229279094e-15]}, 293320], [0.1825207522633753, {"__complex__": [-188.2893829345703, -1.2744533957353456e-14]}, 310574], [0.18752231962759572, {"__complex__": [522.052490234375, 0.0]}, 327560], [0.19252167162300435, {"__complex__": [984.5150146484375, -2.0230426915520934e-15]}, 345268], [0.19752225984779248, {"__complex__": [-1000.6068115234375, 4.1629052025741846e-15]}, 363544], [0.20251992290984697, {"__complex__": [226.71109008789062, 1.2200945269497088e-15]}, 381660], [0.20751551078768798, {"__complex__": [38.43730545043945, -1.0455057264000759e-14]}, 400854], [0.21251512379553542, {"__complex__": [1011.4071655273438, -6.63634517009278e-15]}, 421010], [0.21751870975885984, {"__complex__": [-548.3069458007812, 2.638845808601337e-15]}, 441160], [0.2225209082741387, {"__complex__": [545.401123046875, -1.2113557092087099e-14]}, 461296], [0.22752039891934017, {"__complex__": [-648.3673095703125, 1.062289345436741e-14]}, 482192], [0.23252118259031918, {"__complex__": [365.60467529296875, 1.8483756039823105e-15]}, 503860], [0.23751936566507853, {"__complex__": [-455.2867126464844, -7.095466673657765e-15]}, 525024], [0.24251707186595864, {"__complex__": [-584.9548950195312, 8.498182456947567e-15]}, 547954], [0.24751627666670906, {"__complex__": [324.27618408203125, -2.4485119996391384e-15]}, 570544], [0.2525167544702008, {"__complex__": [113.59851837158203, 7.834483014862881e-16]}, 594374], [0.25751857595461863, {"__complex__": [-1144.029296875, 3.014476756863123e-15]}, 617900], [0.2625190906945416, {"__complex__": [-184.86026000976562, 7.796000614003224e-15]}, 642106], [0.2675172479110602, {"__complex__": [-336.8858947753906, 6.990735496652744e-16]}, 666112], [0.272514629608296, {"__complex__": [-822.0206298828125, -3.365645446547764e-16]}, 691786], [0.27751615229387816, {"__complex__": [-639.1742553710938, -7.782683562006492e-15]}, 717996], [0.28251644607381426, {"__complex__": [-566.62744140625, 1.5665074972124314e-15]}, 743152], [0.2875152531419474, {"__complex__": [367.9674377441406, -3.627624849139198e-15]}, 770192], [0.2925134012698469, {"__complex__": [99.14411926269531, 5.846857735450806e-16]}, 796430], [0.2975118362281548, {"__complex__": [-381.7508544921875, 5.645611177512657e-16]}, 824820], [0.3025125080826814, {"__complex__": [172.4539794921875, 7.510119688645728e-16]}, 852562], [0.30751063191170563, {"__complex__": [195.64540100097656, -4.363729938104601e-15]}, 880372], [0.3125111278203564, {"__complex__": [152.95130920410156, -9.843474912127684e-15]}, 910652], [0.31751269361539736, {"__complex__": [-672.7618408203125, 8.058603168146041e-16]}, 938996], [0.3225130904459611, {"__complex__": [-1026.63232421875, 1.9215363807355062e-15]}, 969352], [0.32751158760760724, {"__complex__": [-396.71234130859375, 2.448776909193392e-15]}, 998344], [0.3325089848249692, {"__complex__": [143.12242126464844, -9.042651635552605e-16]}, 1029922], [0.33751027924368393, {"__complex__": [-1.3943408727645874, -8.770192900156419e-16]}, 1061918], [0.34251253316973607, {"__complex__": [70.86190032958984, -8.518672289820766e-16]}, 1093272], [0.34751415893089227, {"__complex__": [413.6689453125, -1.034376200517099e-15]}, 1125464], [0.352514235068077, {"__complex__": [44.94706726074219, 8.046817763476182e-16]}, 1157380], [0.357512374484406, {"__complex__": [472.1241149902344, -7.825109007114737e-16]}, 1190172], [0.3625118834929162, {"__complex__": [278.4251708984375, 3.802403162722867e-16]}, 1224650], [0.3675116774700016, {"__complex__": [-573.150146484375, 0.0]}, 1257864], [0.3725098709245497, {"__complex__": 