{"edges": {"__dtype__": "<f8", "__shape__": [128], "__data__": [0.0, 0.005, 0.01, 0.015, 0.02, 0.025, 0.03, 0.035, 0.04, 0.045, 0.05, 0.055, 0.06, 0.065, 0.07, 0.075, 0.08, 0.085, 0.09, 0.095, 0.1, 0.105, 0.11, 0.115, 0.12, 0.125, 0.13, 0.135, 0.14, 0.145, 0.15, 0.155, 0.16, 0.165, 0.17, 0.17500000000000002, 0.18, 0.185, 0.19, 0.195, 0.2, 0.20500000000000002, 0.21, 0.215, 0.22, 0.225, 0.23, 0.23500000000000001, 0.24, 0.245, 0.25, 0.255, 0.26, 0.265, 0.27, 0.275, 0.28, 0.28500000000000003, 0.29, 0.295, 0.3, 0.305, 0.31, 0.315, 0.32, 0.325, 0.33, 0.335, 0.34, 0.34500000000000003, 0.35000000000000003, 0.355, 0.36, 0.365, 0.37, 0.375, 0.38, 0.385, 0.39, 0.395, 0.4, 0.405, 0.41000000000000003, 0.41500000000000004, 0.42, 0.425, 0.43, 0.435, 0.44, 0.445, 0.45, 0.455, 0.46, 0.465, 0.47000000000000003, 0.47500000000000003, 0.48, 0.485, 0.49, 0.495, 0.5, 0.505, 0.51, 0.515, 0.52, 0.525, 0.53, 0.535, 0.54, 0.545, 0.55, 0.555, 0.56, 0.5650000000000001, 0.5700000000000001, 0.5750000000000001, 0.58, 0.585, 0.59, 0.595, 0.6, 0.605, 0.61, 0.615, 0.62, 0.625, 0.63, 0.635]}, "poles": {"__dtype__": [["k", "<f8"], ["power_0", "<c8"], ["modes", "<i8"]], "__shape__": [127], "__data__": [[0.0037537781648676505, {"__complex__": [91731.6171875, -2.1556205171552323e-13]}, 77], [0.008050398333474014, {"__complex__": [103842.2109375, 7.975453522428289e-14]}, 548], [0.012848609532355457, {"__complex__": [112369.296875, -4.608925965181342e-16]}, 1480], [0.017751579213119567, {"__complex__": [110190.0625, 6.294438711570982e-14]}, 2872], [0.022691827324042853, {"__complex__": [111849.4609375, 1.443589951082621e-14]}, 4736], [0.027648005536595924, {"__complex__": [105844.0703125, 7.703269141003718e-15]}, 7036], [0.032612636555868525, {"__complex__": [103896.5234375, -1.2324355640571435e-14]}, 9838], [0.03761114292794433, {"__complex__": [100758.3671875, -7.320612689719168e-15]}, 13208], [0.04261303922036164, {"__complex__": [93627.2265625, 9.775336193718759e-16]}, 16858], [0.04760505554480107, {"__complex__": [95128.6328125, -2.721499918869122e-15]}, 21080], [0.05259133615803475, {"__complex__": [92012.7421875, -1.9105679393432735e-15]}, 25624], [0.05756841184374016, {"__complex__": [90021.6640625, 5.364681053852743e-16]}, 30728], [0.06256248327880025, {"__complex__": [89782.3125, 2.5787301862688046e-15]}, 36498], [0.06756661487904435, {"__complex__": [87593.375, 3.839489812104127e-15]}, 42528], [0.07257304507008182, {"__complex__": [86280.453125, -1.0802267292266848e-15]}, 49152], [0.07756473030387098, {"__complex__": [86463.546875, -3.1177223439577783e-16]}, 55744], [0.08254764044823601, {"__complex__": [84760.015625, 3.2625337435983337e-15]}, 63346], [0.08754405971893497, {"__complex__": [82511.015625, -1.9283446198072995e-15]}, 71388], [0.09254365223263855, {"__complex__": [80739.5703125, -2.7357348369433225e-16]}, 79762], [0.09754150838846357, {"__complex__": [79400.2734375, -2.27161234497863e-15]}, 88564], [0.10254123052801507, {"__complex__": [81708.1484375, 1.705873897752795e-17]}, 97988], [0.10754181638082774, {"__complex__": [80040.0234375, 7.494417815386001e-16]}, 107708], [0.11254085353408888, {"__complex__": [79808.1015625, -5.9068324326767385e-16]}, 117952], [0.11753281793039293, {"__complex__": [79297.671875, 2.845966645907813e-16]}, 128288], [0.12252442444514552, {"__complex__": [79264.9765625, 1.095629705735149e-15]}, 139770], [0.12753052839909865, {"__complex__": [78407.1953125, -8.674273830418158e-16]}, 151946], [0.13253665927256145, {"__complex__": [78516.375, 9.929578775831399e-16]}, 163582], [0.13753197887556465, {"__complex__": [79606.703125, 8.499557403179197e-16]}, 175940], [0.1425260716253757, {"__complex__": [78240.296875, 5.86652319350809e-16]}, 189064], [0.14752506711896965, {"__complex__": [77057.65625, 6.931504070838027e-16]}, 202824], [0.1525272624752809, {"__complex__": [76567.8828125, -7.950082895130596e-16]}, 216806], [0.15752484634575162, {"__complex__": [76401.2109375, 2.189246914127181e-16]}, 230876], [0.16252366735405163, {"__complex__": [76638.2578125, 7.904698340421119e-16]}, 246232], [0.1675242007800524, {"__complex__": [76215.234375, -3.733251922304618e-16]}, 261330], [0.17252326579974073, {"__complex__": [76076.2421875, 6.509507094908912e-17]}, 277280], [0.17752110470595878, {"__complex__": [75823.625, -3.60007187321664e-16]}, 293320], [0.1825207522633753, {"__complex__": [75519.0625, -8.078299331147664e-16]}, 310574], [0.18752231962759572, {"__complex__": [75166.0625, -3.7137767819626693e-16]}, 327560], [0.19252167162300435, {"__complex__": [74776.484375, -5.268982212680768e-16]}, 345268], [0.19752225984779248, {"__complex__": [75332.4296875, 5.289335885007697e-16]}, 363544], [0.20251992290984697, {"__complex__": [75181.296875, 1.102415432259391e-16]}, 381660], [0.20751551078768798, {"__complex__": [75029.1171875, 1.396302314510988e-16]}, 400854], [0.21251512379553542, {"__complex__": [74877.4453125, -1.4859442083656047e-16]}, 421010], [0.21751870975885984, {"__complex__": [75038.3359375, 1.3070613054684392e-16]}, 441160], [0.2225209082741387, {"__complex__": [74529.59375, -3.017098601767561e-17]}, 461296], [0.22752039891934017, {"__complex__": [74423.125, 3.0890039565789173e-16]}, 482192], [0.23252118259031918, {"__complex__": [75276.3203125, 1.733909794951851e-16]}, 503860], [0.23751936566507853, {"__complex__": [74465.9375, -1.6175949659370944e-16]}, 525024], [0.24251707186595864, {"__complex__": [74341.265625, 1.6860272871413614e-16]}, 547954], [0.24751627666670906, {"__complex__": [74017.6640625, 1.0392365020382238e-16]}, 570544], [0.2525167544702008, {"__complex__": [74354.8828125, 1.184419140337693e-16]}, 594374], [0.25751857595461863, {"__complex__": [74056.25, -1.3271396920875103e-16]}, 617900], [0.2625190906945416, {"__complex__": [74591.484375, 1.2055066873040788e-16]}, 642106], [0.2675172479110602, {"__complex__": [74971.0625, -6.513279700246644e-17]}, 666112], [0.272514629608296, {"__complex__": [73901.9453125, -3.551912491511517e-16]}, 691786], [0.27751615229387816, {"__complex__": [74381.3359375, 1.4379169108606939e-16]}, 717996], [0.28251644607381426, {"__complex__": [73815.3203125, 6.684954088064879e-17]}, 743152], [0.2875152531419474, {"__complex__": [74065.9140625, 2.5610064321290922e-17]}, 770192], [0.2925134012698469, {"__complex__": [73598.953125, -2.3586918847584635e-16]}, 796430], [0.2975118362281548, {"__complex__": [73718.34375, -1.0252623112931e-16]}, 824820], [0.3025125080826814, {"__complex__": [74048.765625, 3.996469263548464e-16]}, 852562], [0.30751063191170563, {"__complex__": [74069.625, 8.55388199360025e-17]}, 880372], [0.3125111278203564, {"__complex__": [74222.84375, 1.0199912021012793e-17]}, 910652], [0.31751269361539736, {"__complex__": [73676.1015625, -1.524587439606122e-16]}, 938996], [0.3225130904459611, {"__complex__": [73850.40625, 1.078845681710856e-16]}, 969352], [0.32751158760760724, {"__complex__": [74021.859375, 8.267443905851917e-17]}, 998344], [0.3325089848249692, {"__complex__": [73739.765625, 2.1942256149724642e-17]}, 1029922], [0.33751027924368393, {"__complex__": [73876.59375, -2.4781422907776126e-17]}, 1061918], [0.34251253316973607, {"__complex__": [73996.8984375, -7.266150377034848e-17]}, 1093272], [0.34751415893089227, {"__complex__": [73476.984375, -9.274283680676155e-18]}, 1125464], [0.352514235068077, {"__complex__": [73442.5234375, 7.816780688009757e-17]}, 1157380], [0.357512374484406, {"__complex__": [73517.5859375, 5.305166202872941e-17]}, 1190172], [0.3625118834929162, {"__complex__": [73912.8046875, 1.47204151911263e-17]}, 1224650], [0.3675116774700016, {"__complex__": [73405.3828125, 4.0990902167840784e-18]}, 1257864], [0.3725098709245497, {"__complex__": [73691.1640625, -2.384362012318393e-16]}, 1292312], [0.37751067052804127, {"__complex__": [73450.3203125, 1.1798736174355916e-16]}, 1328534], [0.3825116981355865, {"__complex__": [73264.3359375, -1.0319431513156703e-16]}, 1362848], [0.3875116125361288, {"__complex__": [73348.6640625, -5.701540895368756e-17]}, 1399204], 