{"poles": {"dims": ["k"], "edges": [{"__dtype__": "<f8", "__shape__": [94], "__data__": [0.0, 0.005, 0.01, 0.015, 0.02, 0.025, 0.03, 0.035, 0.04, 0.045, 0.05, 0.055, 0.06, 0.065, 0.07, 0.075, 0.08, 0.085, 0.09, 0.095, 0.1, 0.105, 0.11, 0.115, 0.12, 0.125, 0.13, 0.135, 0.14, 0.145, 0.15, 0.155, 0.16, 0.165, 0.17, 0.17500000000000002, 0.18, 0.185, 0.19, 0.195, 0.2, 0.20500000000000002, 0.21, 0.215, 0.22, 0.225, 0.23, 0.23500000000000001, 0.24, 0.245, 0.25, 0.255, 0.26, 0.265, 0.27, 0.275, 0.28, 0.28500000000000003, 0.29, 0.295, 0.3, 0.305, 0.31, 0.315, 0.32, 0.325, 0.33, 0.335, 0.34, 0.34500000000000003, 0.35000000000000003, 0.355, 0.36, 0.365, 0.37, 0.375, 0.38, 0.385, 0.39, 0.395, 0.4, 0.405, 0.41000000000000003, 0.41500000000000004, 0.42, 0.425, 0.43, 0.435, 0.44, 0.445, 0.45, 0.455, 0.46, 0.465]}], "coords": [{"__dtype__": "<f8", "__shape__": [93], "__data__": [0.0025, 0.0075, 0.0125, 0.0175, 0.0225, 0.0275, 0.0325, 0.037500000000000006, 0.042499999999999996, 0.0475, 0.052500000000000005, 0.057499999999999996, 0.0625, 0.0675, 0.07250000000000001, 0.0775, 0.0825, 0.0875, 0.0925, 0.0975, 0.10250000000000001, 0.1075, 0.1125, 0.1175, 0.1225, 0.1275, 0.1325, 0.1375, 0.14250000000000002, 0.1475, 0.1525, 0.1575, 0.1625, 0.1675, 0.17250000000000001, 0.1775, 0.1825, 0.1875, 0.1925, 0.1975, 0.2025, 0.20750000000000002, 0.2125, 0.2175, 0.2225, 0.2275, 0.2325, 0.2375, 0.2425, 0.2475, 0.2525, 0.2575, 0.2625, 0.2675, 0.2725, 0.2775, 0.28250000000000003, 0.2875, 0.2925, 0.2975, 0.3025, 0.3075, 0.3125, 0.3175, 0.3225, 0.3275, 0.3325, 0.3375, 0.3425, 0.34750000000000003, 0.35250000000000004, 0.3575, 0.3625, 0.3675, 0.3725, 0.3775, 0.3825, 0.3875, 0.3925, 0.3975, 0.4025, 0.40750000000000003, 0.41250000000000003, 0.4175, 0.4225, 0.4275, 0.4325, 0.4375, 0.4425, 0.4475, 0.4525, 0.4575, 0.4625]}], "data": {"__dtype__": [["k", "<f8"], ["power_0", "<c8"], ["modes", "<i8"]], "__shape__": [93], "__data__": [[0.0037081367915242675, {"__complex__": [73554.5625, 9.523504489357404e-14]}, 191], [0.008018577791264523, {"__complex__": [104108.9765625, 3.163459687889787e-14]}, 1380], [0.012844085612331841, {"__complex__": [110109.671875, 6.561871407568046e-14]}, 3770], [0.01775141230162106, {"__complex__": [117399.84375, 1.3236306039936252e-13]}, 7256], [0.022691010615224643, {"__complex__": [117881.0234375, -9.69319940882351e-15]}, 12010], [0.027661296094027222, {"__complex__": [117595.53125, 4.465271824304973e-15]}, 17924], [0.03263163473973046, {"__complex__": [112749.859375, -1.5772851232574714e-14]}, 24910], [0.03760885918999335, {"__complex__": [100293.7421875, -2.1889162642283085e-14]}, 33240], [0.04258994605322728, {"__complex__": [99950.6640625, -4.615205973331404e-15]}, 42566], [0.047583805693835864, {"__complex__": [93760.671875, 1.088441254749157e-15]}, 53478], [0.052589415944125126, {"__complex__": [94504.8359375, 5.3517722717365875e-15]}, 65258], [0.057576993125266096, {"__complex__": [93179.0234375, -9.353573078292425e-16]}, 77788], [0.0625679362273907, {"__complex__": [93580.796875, 1.8890823133614577e-15]}, 92438], [0.06756372941029527, {"__complex__": [91602.9453125, 1.083820478263648e-15]}, 107412], [0.07255867544245412, {"__complex__": [89526.5546875, -4.68502266400884e-15]}, 124242], [0.07755343255815964, {"__complex__": [88960.8671875, -2.4669838823946234e-15]}, 141568], [0.08254944316463679, {"__complex__": [86592.203125, -7.235889066203004e-15]}, 160886], [0.0875469705282893, {"__complex__": [86177.1015625, 8.866042089676531e-16]}, 180544], [0.09254207143002044, {"__complex__": [85084.0078125, -3.745963398683622e-15]}, 202004], [0.09754200795670145, {"__complex__": [84583.7265625, 3.3700290008684824e-15]}, 224538], [0.10254171329034444, {"__complex__": [83120.2578125, -2.9920725236500098e-15]}, 248038], [0.10754099109209159, {"__complex__": [83650.375, 8.532470456531539e-16]}, 272876], [0.11253870054955198, {"__complex__": [81974.7421875, 1.9493915356619967e-16]}, 298594], [0.11753608765430268, {"__complex__": [82792.71875, -1.2055306424546184e-15]}, 325916], [0.12253572907412832, {"__complex__": [81822.8671875, 3.2854686429529016e-15]}, 354334], [0.1275331697481456, {"__complex__": [82010.0625, -2.2771525757283835e-15]}, 383424], [0.13252928315027618, {"__complex__": [82699.2265625, -2.16049729240839e-15]}, 414230], [0.13752809598823948, {"__complex__": [81180.3984375, 1.3040227071190624e-16]}, 446370], [0.1425292748907053, {"__complex__": [80964.890625, -2.913065525494865e-15]}, 479558], [0.14752984329410787, {"__complex__": [80290.9921875, -1.3601721770854151e-15]}, 513532], [0.15252898535896237, {"__complex__": [79276.5234375, -3.0220945476742544e-15]}, 548930], [0.15752847498756622, {"__complex__": [78636.125, 3.976286321299966e-16]}, 585548], [0.16252705956276423, {"__complex__": [79523.109375, -4.203771312966093e-16]}, 623094], [0.16752723347134682, {"__complex__": [79442.859375, -1.7568941663244944e-16]}, 662620], [0.17252557298757182, {"__complex__": [78876.0546875, 1.3687643734232443e-15]}, 701674], [0.1775232051718564, {"__complex__": [78806.6484375, 2.3478279460560983e-15]}, 743764], [0.1825215844754662, {"__complex__": [79373.4921875, 6.668222937425341e-16]}, 785620], [0.18752064712987349, {"__complex__": [79350.1484375, 2.804850607856905e-16]}, 830100], [0.19252067437217257, {"__complex__": [78943.2890625, -1.1982117483947492e-15]}, 874418], [0.19751987908784707, {"__complex__": [78305.9609375, 1.3276688759213074e-15]}, 920682], [0.20251936794243589, {"__complex__": [78471.5546875, 0.0]}, 967718], [0.20751955964231095, {"__complex__": [78529.3828125, 4.580719768037774e-16]}, 1016568], [0.2125192859071403, {"__complex__": [77901.4453125, -2.18522239589698e-15]}, 1065478], [0.21751870204394746, {"__complex__": [77448.75, 4.039664767484881e-16]}, 1116700], [0.22251763655620238, {"__complex__": [77625.796875, 0.0]}, 1167926], [0.2275173612096972, {"__complex__": [77365.5390625, 2.8579071634861385e-16]}, 1222034], [0.23251753944930767, {"__complex__": [77453.046875, -9.810993104424613e-16]}, 1275574], [0.237518608068736, {"__complex__": [77782.9296875, -1.7476787125561636e-16]}, 1332228], [0.24251933382685822, {"__complex__": [77626.640625, 1.132629163662401e-15]}, 1387574], [0.2475188275283454, {"__complex__": [77457.046875, -5.6355807192303895e-16]}, 1446004], [0.2525176353551358, {"__complex__": [77654.09375, 3.0961481500934153e-16]}, 1504002], [0.25751592740199597, {"__complex__": [77939.0625, -2.2319058756310717e-16]}, 1564788], [0.2625152321376914, {"__complex__": [77421.5546875, -3.8480227690752074e-16]}, 1626114], [0.2675142035428968, {"__complex__": [76726.6953125, -6.894665549170753e-16]}, 1688484], [0.27251407722071946, {"__complex__": [77128.53125, 1.9923668110321277e-16]}, 1752920], [0.277514999580621, {"__complex__": [77540.328125, -1.600965889385145e-17]}, 1817892], [0.28251513318998955, {"__complex__": [76848.359375, -1.158994255285773e-16]}, 1883346], [0.2875150555774266, {"__complex__": [76652.8359375, 6.563315789325527e-16]}, 1951100], [0.2925143032383768, {"__complex__": [76545.328125, -3.460440080048545e-16]}, 2018506], [0.2975129983065177, {"__complex__": [76296.046875, -1.1147487216623363e-15]}, 2088638], [0.30251265006104155, {"__complex__": [76833.7109375, -1.1858477143427966e-15]}, 2159752], [0.3075131135075962, {"__complex__": [76596.8984375, 0.0]}, 2232050], [0.31251255553945134, {"__complex__": [77043.8984375, 1.0105286363967545e-16]}, 2304048], [0.3175120364779517, {"__complex__": [76552.46875, 2.2015445090323334e-16]}, 2379552], [0.3225126598898453, {"__complex__": [76666.0703125, 2.6081081476157808e-16]}, 2454976], [0.3275133985704822, {"__complex__": [76370.0078125, -4.3678977107820067e-16]}, 2531986], [0.33251410375899365, {"__complex__": [76814.828125, -1.6060263487621728e-15]}, 2609516], [0.3375135412275565, {"__complex__": [76837.859375, 4.3315168516040465e-16]}, 2687634], [0.34251245849241974, {"__complex__": [77062.7578125, -5.046564066225998e-16]}, 2768188], [0.3475114266102975, {"__complex__": 