{"poles": {"dims": ["k"], "edges": [{"__dtype__": "<f8", "__shape__": [94], "__data__": [0.0, 0.005, 0.01, 0.015, 0.02, 0.025, 0.03, 0.035, 0.04, 0.045, 0.05, 0.055, 0.06, 0.065, 0.07, 0.075, 0.08, 0.085, 0.09, 0.095, 0.1, 0.105, 0.11, 0.115, 0.12, 0.125, 0.13, 0.135, 0.14, 0.145, 0.15, 0.155, 0.16, 0.165, 0.17, 0.17500000000000002, 0.18, 0.185, 0.19, 0.195, 0.2, 0.20500000000000002, 0.21, 0.215, 0.22, 0.225, 0.23, 0.23500000000000001, 0.24, 0.245, 0.25, 0.255, 0.26, 0.265, 0.27, 0.275, 0.28, 0.28500000000000003, 0.29, 0.295, 0.3, 0.305, 0.31, 0.315, 0.32, 0.325, 0.33, 0.335, 0.34, 0.34500000000000003, 0.35000000000000003, 0.355, 0.36, 0.365, 0.37, 0.375, 0.38, 0.385, 0.39, 0.395, 0.4, 0.405, 0.41000000000000003, 0.41500000000000004, 0.42, 0.425, 0.43, 0.435, 0.44, 0.445, 0.45, 0.455, 0.46, 0.465]}], "coords": [{"__dtype__": "<f8", "__shape__": [93], "__data__": [0.0025, 0.0075, 0.0125, 0.0175, 0.0225, 0.0275, 0.0325, 0.037500000000000006, 0.042499999999999996, 0.0475, 0.052500000000000005, 0.057499999999999996, 0.0625, 0.0675, 0.07250000000000001, 0.0775, 0.0825, 0.0875, 0.0925, 0.0975, 0.10250000000000001, 0.1075, 0.1125, 0.1175, 0.1225, 0.1275, 0.1325, 0.1375, 0.14250000000000002, 0.1475, 0.1525, 0.1575, 0.1625, 0.1675, 0.17250000000000001, 0.1775, 0.1825, 0.1875, 0.1925, 0.1975, 0.2025, 0.20750000000000002, 0.2125, 0.2175, 0.2225, 0.2275, 0.2325, 0.2375, 0.2425, 0.2475, 0.2525, 0.2575, 0.2625, 0.2675, 0.2725, 0.2775, 0.28250000000000003, 0.2875, 0.2925, 0.2975, 0.3025, 0.3075, 0.3125, 0.3175, 0.3225, 0.3275, 0.3325, 0.3375, 0.3425, 0.34750000000000003, 0.35250000000000004, 0.3575, 0.3625, 0.3675, 0.3725, 0.3775, 0.3825, 0.3875, 0.3925, 0.3975, 0.4025, 0.40750000000000003, 0.41250000000000003, 0.4175, 0.4225, 0.4275, 0.4325, 0.4375, 0.4425, 0.4475, 0.4525, 0.4575, 0.4625]}], "data": {"__dtype__": [["k", "<f8"], ["power_0", "<c8"], ["modes", "<i8"]], "__shape__": [93], "__data__": [[0.0037081367915242675, {"__complex__": [52751.02734375, -9.142564092942673e-13]}, 191], [0.008018577791264523, {"__complex__": [94484.4453125, 0.0]}, 1380], [0.012844085612331841, {"__complex__": [126775.8515625, 1.2351758342261238e-13]}, 3770], [0.01775141230162106, {"__complex__": [124871.0, 5.013752339189971e-14]}, 7256], [0.022691010615224643, {"__complex__": [111248.140625, -2.1809697399303475e-14]}, 12010], [0.027661296094027222, {"__complex__": [108000.2578125, -3.247470533180837e-15]}, 17924], [0.03263163473973046, {"__complex__": [99991.0703125, 0.0]}, 24910], [0.03760885918999335, {"__complex__": [102251.625, -1.7511330452639647e-14]}, 33240], [0.04258994605322728, {"__complex__": [98685.2421875, 0.0]}, 42566], [0.047583805693835864, {"__complex__": [94814.703125, -1.1972853908119845e-14]}, 53478], [0.052589415944125126, {"__complex__": [95518.7734375, 7.135696927004082e-15]}, 65258], [0.057576993125266096, {"__complex__": [94492.4609375, -1.496571692526788e-15]}, 77788], [0.0625679362273907, {"__complex__": [91988.8515625, 2.6761997498170147e-15]}, 92438], [0.06756372941029527, {"__complex__": [90807.890625, -1.6257306644559127e-15]}, 107412], [0.07255867544245412, {"__complex__": [89113.4765625, 1.405506862730123e-15]}, 124242], [0.07755343255815964, {"__complex__": [88811.9921875, 5.6535044657898825e-15]}, 141568], [0.08254944316463679, {"__complex__": [86992.203125, 3.617944533101502e-15]}, 160886], [0.0875469705282893, {"__complex__": [85979.390625, -3.707617370128473e-15]}, 180544], [0.09254207143002044, {"__complex__": [85487.34375, -1.728906159574183e-15]}, 202004], [0.09754200795670145, {"__complex__": [85411.171875, 2.5923300413908013e-16]}, 224538], [0.10254171329034444, {"__complex__": [84388.3359375, 1.4960362618250049e-15]}, 248038], [0.10754099109209159, {"__complex__": [83662.015625, -2.1331176141328848e-16]}, 272876], [0.11253870054955198, {"__complex__": [83899.3125, -4.288661219637715e-15]}, 298594], [0.11753608765430268, {"__complex__": [82598.109375, -1.0715827579999546e-15]}, 325916], [0.12253572907412832, {"__complex__": [80602.796875, -9.856405717100468e-16]}, 354334], [0.1275331697481456, {"__complex__": [81362.1796875, -6.072406727436865e-16]}, 383424], [0.13252928315027618, {"__complex__": [80577.71875, 1.6862417452956943e-15]}, 414230], [0.13752809598823948, {"__complex__": [80563.8828125, 0.0]}, 446370], [0.1425292748907053, {"__complex__": [80535.2578125, 6.068886511447635e-17]}, 479558], [0.14752984329410787, {"__complex__": [79645.9921875, 1.926910593027598e-15]}, 513532], [0.15252898535896237, {"__complex__": [79361.7578125, -7.555236369185636e-16]}, 548930], [0.15752847498756622, {"__complex__": [79833.203125, -7.952572642599932e-16]}, 585548], [0.16252705956276423, {"__complex__": [79959.359375, -1.5880913790161286e-15]}, 623094], [0.16752723347134682, {"__complex__": [79093.8984375, -2.635341209782072e-15]}, 662620], [0.17252557298757182, {"__complex__": [79128.1171875, 0.0]}, 701674], [0.1775232051718564, {"__complex__": [78565.375, -1.8391317216706875e-15]}, 743764], [0.1825215844754662, {"__complex__": [78320.46875, -5.927309454176611e-16]}, 785620], [0.18752064712987349, {"__complex__": [78669.2578125, 2.804850607856905e-16]}, 830100], [0.19252067437217257, {"__complex__": [78224.7578125, -1.7640338864462397e-15]}, 874418], [0.19751987908784707, {"__complex__": [77943.828125, -2.3708373843100245e-15]}, 920682], [0.20251936794243589, {"__complex__": [77919.796875, -1.924780940439964e-15]}, 967718], [0.20751955964231095, {"__complex__": [77858.890625, -6.871079387358865e-16]}, 1016568], [0.2125192859071403, {"__complex__": [77728.0703125, 1.09261119794849e-15]}, 1065478], [0.21751870204394746, {"__complex__": [77988.7890625, -5.2124706890690234e-17]}, 1116700], [0.22251763655620238, {"__complex__": [77602.8515625, -1.594831431935668e-15]}, 1167926], [0.2275173612096972, {"__complex__": [77570.625, 9.526357211620462e-17]}, 1222034], [0.23251753944930767, {"__complex__": [77347.828125, -1.1864456137244397e-15]}, 1275574], [0.237518608068736, {"__complex__": [77200.8984375, 2.1845983443730902e-15]}, 1332228], [0.24251933382685822, {"__complex__": [77315.4140625, -2.0345375639210447e-15]}, 1387574], [0.2475188275283454, {"__complex__": [77304.3359375, 1.6101659575940821e-16]}, 1446004], [0.2525176353551358, {"__complex__": [76945.8125, 1.8576887312373716e-15]}, 1504002], [0.25751592740199597, {"__complex__": [77112.2421875, -5.207780376472501e-16]}, 1564788], [0.2625152321376914, {"__complex__": [77252.5390625, 7.159111882281506e-16]}, 1626114], [0.2675142035428968, {"__complex__": [77305.5546875, 1.6547197318009807e-15]}, 1688484], [0.27251407722071946, {"__complex__": [77028.6640625, 2.6564890813761703e-16]}, 1752920], [0.277514999580621, {"__complex__": [77185.625, 3.8423180021754497e-16]}, 1817892], [0.28251513318998955, {"__complex__": [77058.8671875, -6.181303003671552e-17]}, 1883346], [0.2875150555774266, {"__complex__": [76658.0625, 1.7899951286422288e-15]}, 1951100], [0.2925143032383768, {"__complex__": [76644.0859375, -6.632510440182323e-16]}, 2018506], [0.2975129983065177, {"__complex__": [76371.6484375, 5.573743608311681e-16]}, 2088638], [0.30251265006104155, {"__complex__": [76464.1171875, 4.042662933245916e-17]}, 2159752], [0.3075131135075962, {"__complex__": [76354.6640625, 9.648902762055662e-16]}, 2232050], [0.31251255553945134, {"__complex__": [76737.8984375, 1.0105286363967545e-16]}, 2304048], [0.3175120364779517, {"__complex__": [77094.2265625, -1.272003458814531e-15]}, 2379552], [0.3225126598898453, {"__complex__": [76597.703125, 6.164618969239704e-16]}, 2454976], [0.3275133985704822, {"__complex__": [76543.71875, -7.586348418733878e-16]}, 2531986], [0.33251410375899365, {"__complex__": [76409.015625, -1.2045198145111888e-15]}, 2609516], [0.3375135412275565, {"__complex__": [76215.671875, 0.0]}, 2687634], [0.34251245849241974, {"__complex__": [76502.75, -1.8924616571836471e-16]}, 2768188], [0.3475114266102975, {"__complex__": [76377.984375, -5.107057041736532e-16]}, 2849374], [0.3525113295973211, 