{"poles": {"dims": ["k"], "edges": [{"__dtype__": "<f8", "__shape__": [86], "__data__": [0.0, 0.005, 0.01, 0.015, 0.02, 0.025, 0.03, 0.035, 0.04, 0.045, 0.05, 0.055, 0.06, 0.065, 0.07, 0.075, 0.08, 0.085, 0.09, 0.095, 0.1, 0.105, 0.11, 0.115, 0.12, 0.125, 0.13, 0.135, 0.14, 0.145, 0.15, 0.155, 0.16, 0.165, 0.17, 0.17500000000000002, 0.18, 0.185, 0.19, 0.195, 0.2, 0.20500000000000002, 0.21, 0.215, 0.22, 0.225, 0.23, 0.23500000000000001, 0.24, 0.245, 0.25, 0.255, 0.26, 0.265, 0.27, 0.275, 0.28, 0.28500000000000003, 0.29, 0.295, 0.3, 0.305, 0.31, 0.315, 0.32, 0.325, 0.33, 0.335, 0.34, 0.34500000000000003, 0.35000000000000003, 0.355, 0.36, 0.365, 0.37, 0.375, 0.38, 0.385, 0.39, 0.395, 0.4, 0.405, 0.41000000000000003, 0.41500000000000004, 0.42, 0.425]}], "coords": [{"__dtype__": "<f8", "__shape__": [85], "__data__": [0.0025, 0.0075, 0.0125, 0.0175, 0.0225, 0.0275, 0.0325, 0.037500000000000006, 0.042499999999999996, 0.0475, 0.052500000000000005, 0.057499999999999996, 0.0625, 0.0675, 0.07250000000000001, 0.0775, 0.0825, 0.0875, 0.0925, 0.0975, 0.10250000000000001, 0.1075, 0.1125, 0.1175, 0.1225, 0.1275, 0.1325, 0.1375, 0.14250000000000002, 0.1475, 0.1525, 0.1575, 0.1625, 0.1675, 0.17250000000000001, 0.1775, 0.1825, 0.1875, 0.1925, 0.1975, 0.2025, 0.20750000000000002, 0.2125, 0.2175, 0.2225, 0.2275, 0.2325, 0.2375, 0.2425, 0.2475, 0.2525, 0.2575, 0.2625, 0.2675, 0.2725, 0.2775, 0.28250000000000003, 0.2875, 0.2925, 0.2975, 0.3025, 0.3075, 0.3125, 0.3175, 0.3225, 0.3275, 0.3325, 0.3375, 0.3425, 0.34750000000000003, 0.35250000000000004, 0.3575, 0.3625, 0.3675, 0.3725, 0.3775, 0.3825, 0.3875, 0.3925, 0.3975, 0.4025, 0.40750000000000003, 0.41250000000000003, 0.4175, 0.4225]}], "data": {"__dtype__": [["k", "<f8"], ["power_2", "<c8"], ["modes", "<i8"]], "__shape__": [85], "__data__": [[0.003785962175218714, {"__complex__": [12443.2109375, -1.0440836563374578e-12]}, 223], [0.008055650047333739, {"__complex__": [17499.56640625, -2.303733375938477e-13]}, 1516], [0.012838659412058445, {"__complex__": [-3623.690185546875, -2.2550182749749015e-13]}, 4130], [0.017758445021159877, {"__complex__": [474.0274963378906, 9.390662618173617e-14]}, 8058], [0.022686221993372543, {"__complex__": [19238.478515625, -3.5497887046270424e-14]}, 13118], [0.02764503576190599, {"__complex__": [23203.859375, 1.1768633756317065e-13]}, 19784], [0.032626124011193657, {"__complex__": [20970.375, 1.0166537343968621e-13]}, 27482], [0.03761517664423396, {"__complex__": [15939.78125, -1.2655902970851608e-14]}, 36794], [0.042612076216348424, {"__complex__": [13875.357421875, -1.2368818941071655e-14]}, 47060], [0.04758810749327745, {"__complex__": [12729.271484375, -3.1858603212128744e-14]}, 58466], [0.05257639262811682, {"__complex__": [12709.22265625, 0.0]}, 71934], [0.057576644294676294, {"__complex__": [1870.8515625, 1.081725702257617e-14]}, 86096], [0.06257060468948772, {"__complex__": [5877.9775390625, 4.122274556753701e-14]}, 101666], [0.06756431050677218, {"__complex__": [4499.115234375, 0.0]}, 118494], [0.07255460479533274, {"__complex__": [4036.71630859375, 1.321061214251424e-14]}, 136590], [0.07755203808236072, {"__complex__": [5265.33203125, 1.4873935611476956e-15]}, 156536], [0.08254994891496988, {"__complex__": [2812.8447265625, 1.1187706035024891e-14]}, 176896], [0.0875465852208996, {"__complex__": [6.874217510223389, 1.0289970542580896e-14]}, 199400], [0.09254606261661012, {"__complex__": [1650.66064453125, -1.046063158782664e-14]}, 222578], [0.09754095165434574, {"__complex__": [2686.229736328125, -9.657699410971134e-15]}, 247110], [0.10253878096196406, {"__complex__": [1832.2469482421875, -1.021478281598492e-14]}, 273522], [0.1075376536617221, {"__complex__": [1424.3782958984375, 1.5494771586540548e-15]}, 300528], [0.11253874421958751, {"__complex__": [2100.931884765625, 2.8236785620875922e-15]}, 329826], [0.11753930483919833, {"__complex__": [2277.635009765625, 1.946288801036645e-15]}, 358884], [0.12253435939470513, {"__complex__": [2360.07470703125, -1.7900319745754343e-15]}, 390212], [0.1275324928771181, {"__complex__": [1789.5625, -3.3024999344233438e-15]}, 423008], [0.13253098558293935, {"__complex__": [-158.83917236328125, 3.059883863824821e-15]}, 456548], [0.1375294182229233, {"__complex__": [1358.268798828125, 8.281914404964573e-16]}, 491980], [0.14252928720123362, {"__complex__": [1611.6748046875, 6.170501189541912e-15]}, 528260], [0.14752710781464048, {"__complex__": [1355.1290283203125, -1.6461733811214217e-15]}, 565750], [0.15252590457329984, {"__complex__": [1584.338623046875, 2.3086215437847753e-15]}, 605116], [0.15752627544450365, {"__complex__": [576.3811645507812, -5.050290375919206e-15]}, 645434], [0.1625268432433497, {"__complex__": [61.18833923339844, 1.3551043789619926e-15]}, 687270], [0.16752762298865234, {"__complex__": [2134.53076171875, -5.741564552085281e-15]}, 729932], [0.17252411279445126, {"__complex__": [669.127685546875, -1.2045227791265042e-15]}, 773188], [0.17752203527930777, {"__complex__": [720.5535278320312, -5.678630004104287e-15]}, 820024], [0.18252363779831107, {"__complex__": [-680.093994140625, 1.6118387947253502e-15]}, 866702], [0.18752234050808908, {"__complex__": [-477.2821044921875, -7.641491322391317e-16]}, 914078], [0.19252201016210274, {"__complex__": [974.3917846679688, 3.379892276022785e-15]}, 964418], [0.19752271477956754, {"__complex__": [26.555103302001953, -9.177309757133541e-16]}, 1014810], [0.20252178570627094, {"__complex__": [282.4248046875, 8.733070622451815e-16]}, 1066432], [0.20751974798690762, {"__complex__": [-37.91107940673828, -2.911584064870117e-15]}, 1119538], [0.2125197454352182, {"__complex__": [36.341529846191406, -3.1691489964382575e-15]}, 1175486], [0.2175192296548309, {"__complex__": [592.295166015625, 7.573846212432405e-16]}, 1229656], [0.22251681667262319, {"__complex__": [116.44879913330078, 9.040267237806084e-16]}, 1287742], [0.22751746426403283, {"__complex__": [-456.5735778808594, -4.148707236312308e-15]}, 1346910], [0.23251730364615478, {"__complex__": [-342.2253723144531, -8.282038812928701e-16]}, 1405636], [0.23751678657474465, {"__complex__": [135.17010498046875, -9.517392426664959e-16]}, 1467822], [0.2425174971485461, {"__complex__": [127.32508087158203, -3.9572976955070966e-15]}, 1529730], [0.24751707342858845, {"__complex__": [-577.2365112304688, 2.3378888614530163e-15]}, 1593442], [0.2525171832510974, {"__complex__": [-102.12532043457031, 9.82516714200573e-16]}, 1658816], [0.2575157181508458, {"__complex__": [-481.88751220703125, 9.45594018634166e-16]}, 1723588], [0.2625146768272274, {"__complex__": [571.253173828125, -2.3371720598214024e-15]}, 1793172], [0.2675153728644548, {"__complex__": [-137.8594512939453, 1.0007075937758063e-15]}, 1861328], [0.2725140790996068, {"__complex__": [-188.0391387939453, -2.652790935528458e-15]}, 1930900], [0.2775148647609448, {"__complex__": [-522.1626586914062, -2.7875147021628067e-15]}, 2004630], [0.28251520974118804, {"__complex__": [909.1181640625, -1.3465527343265132e-15]}, 2074904], [0.28751406015515885, {"__complex__": [-498.61041259765625, 1.5157300954860226e-15]}, 2150534], [0.29251361364437867, {"__complex__": [266.1644287109375, 1.2558467288621288e-15]}, 2224768], [0.2975131524186939, {"__complex__": [-284.0888671875, 4.0441225430676026e-16]}, 2302904], [0.3025147259314174, {"__complex__": [-495.6136474609375, 4.693007220086132e-15]}, 2381388], [0.3075149652713783, {"__complex__": [-461.38458251953125, 3.2193454394419682e-15]}, 2458960], [0.31251335064096714, {"__complex__": [-283.6636047363281, -5.500646782546003e-16]}, 2539672], [0.31751349612987984, {"__complex__": [-104.13009643554688, 3.5504545360510553e-16]}, 2623108], [0.32251268944270295, {"__complex__": [-60.16395950317383, 5.166295349693945e-16]}, 2704034], [0.32751171630842707, {"__complex__": [-217.52964782714844, -5.006191828981898e-16]}, 2790512], [0.33251237563902225, {"__complex__": [-586.581298828125, -3.2380875786471865e-16]}, 2876150], [0.3375123279265873, {"__complex__": 