{"edges": {"__dtype__": "<f8", "__shape__": [116], "__data__": [0.0, 0.005, 0.01, 0.015, 0.02, 0.025, 0.03, 0.035, 0.04, 0.045, 0.05, 0.055, 0.06, 0.065, 0.07, 0.075, 0.08, 0.085, 0.09, 0.095, 0.1, 0.105, 0.11, 0.115, 0.12, 0.125, 0.13, 0.135, 0.14, 0.145, 0.15, 0.155, 0.16, 0.165, 0.17, 0.17500000000000002, 0.18, 0.185, 0.19, 0.195, 0.2, 0.20500000000000002, 0.21, 0.215, 0.22, 0.225, 0.23, 0.23500000000000001, 0.24, 0.245, 0.25, 0.255, 0.26, 0.265, 0.27, 0.275, 0.28, 0.28500000000000003, 0.29, 0.295, 0.3, 0.305, 0.31, 0.315, 0.32, 0.325, 0.33, 0.335, 0.34, 0.34500000000000003, 0.35000000000000003, 0.355, 0.36, 0.365, 0.37, 0.375, 0.38, 0.385, 0.39, 0.395, 0.4, 0.405, 0.41000000000000003, 0.41500000000000004, 0.42, 0.425, 0.43, 0.435, 0.44, 0.445, 0.45, 0.455, 0.46, 0.465, 0.47000000000000003, 0.47500000000000003, 0.48, 0.485, 0.49, 0.495, 0.5, 0.505, 0.51, 0.515, 0.52, 0.525, 0.53, 0.535, 0.54, 0.545, 0.55, 0.555, 0.56, 0.5650000000000001, 0.5700000000000001, 0.5750000000000001]}, "poles": {"__dtype__": [["k", "<f8"], ["power_2", "<c8"], ["modes", "<i8"]], "__shape__": [115], "__data__": [[0.0037054420134658554, {"__complex__": [-97078.2421875, -4.207782559884077e-12]}, 83], [0.008002706039259398, {"__complex__": [1642.28271484375, -8.78974735878113e-13]}, 596], [0.012849701484846114, {"__complex__": [-1733.195556640625, -8.830045730517065e-15]}, 1648], [0.0177641384261076, {"__complex__": [-25274.1796875, 2.2132190286190678e-13]}, 3156], [0.022684229681789413, {"__complex__": [1418.546875, 0.0]}, 5176], [0.027646384376179004, {"__complex__": [15012.455078125, 0.0]}, 7804], [0.032636129245414154, {"__complex__": [2285.313232421875, 4.2823366787304515e-14]}, 10874], [0.037622935176432226, {"__complex__": [484.9162902832031, 7.657841917009522e-14]}, 14442], [0.0426065943302704, {"__complex__": [10369.865234375, 5.650010285475869e-14]}, 18544], [0.047584168879418735, {"__complex__": [977.5370483398438, -8.589672349052987e-14]}, 23040], [0.052572163944886785, {"__complex__": [5943.65625, 8.20808891910602e-15]}, 28366], [0.05756591012932392, {"__complex__": [14002.5234375, 1.376962847671366e-14]}, 33818], [0.06255885577973451, {"__complex__": [5337.02197265625, 0.0]}, 40130], [0.06756290621144688, {"__complex__": [5116.0859375, -2.4854887994350513e-15]}, 46838], [0.07256050504780319, {"__complex__": [9144.0234375, -1.7302467374439787e-14]}, 53826], [0.0775516441986681, {"__complex__": [6095.88037109375, 7.561400439701042e-15]}, 61584], [0.08254999402587553, {"__complex__": [4375.53173828125, 3.332626736423164e-14]}, 69864], [0.08754547074829418, {"__complex__": [-1301.521484375, -1.781776325603373e-14]}, 78404], [0.09254370656486871, {"__complex__": [245.08021545410156, -1.5892514965165118e-14]}, 87902], [0.09754153604884025, {"__complex__": [397.0284423828125, 8.97250989598166e-15]}, 97310], [0.10253422913940137, {"__complex__": [-626.6812744140625, -8.646093044263007e-15]}, 107716], [0.1075359850070505, {"__complex__": [1466.691162109375, 1.7660389616631564e-14]}, 118654], [0.11253957840084304, {"__complex__": [4673.294921875, 1.7922456951830834e-15]}, 129910], [0.11753653834673844, {"__complex__": [1985.8277587890625, 6.587557766396827e-15]}, 141376], [0.12253336603812491, {"__complex__": [-312.04229736328125, 3.024599435857522e-15]}, 153958], [0.12753369323485178, {"__complex__": [1099.9107666015625, 1.396553724477645e-15]}, 166718], [0.1325298054599073, {"__complex__": [1418.063720703125, -5.179596731581153e-15]}, 179806], [0.13753126919241337, {"__complex__": [464.7686767578125, 2.396831766670075e-15]}, 194282], [0.14252978867508304, {"__complex__": [2727.39111328125, 4.482382736872457e-15]}, 207774], [0.14752584639061916, {"__complex__": [134.65814208984375, -9.385053057777131e-15]}, 223278], [0.1525273402624495, {"__complex__": [-498.8297119140625, 1.3667436492726271e-14]}, 238496], [0.15752777994300757, {"__complex__": [589.8868408203125, 7.320452600492137e-15]}, 254444], [0.16252677921627748, {"__complex__": [-77.65824127197266, -2.580489050183778e-15]}, 270682], [0.16752582095517576, {"__complex__": [1750.3048095703125, -7.283291571030196e-15]}, 287710], [0.1725259295419247, {"__complex__": [1344.778076171875, -3.0514956965481616e-15]}, 305202], [0.17752572093623975, {"__complex__": [223.1126708984375, 1.1533120988717512e-14]}, 323008], [0.18252702152554795, {"__complex__": [1067.1961669921875, 2.0434974784371007e-15]}, 341812], [0.18752508561671835, {"__complex__": [-697.3477783203125, 2.5868633966283404e-15]}, 360020], [0.19252006361125312, {"__complex__": [-135.16050720214844, -1.2263022196618988e-15]}, 379728], [0.19751626124600596, {"__complex__": [-468.2724609375, 9.32114865707153e-15]}, 399660], [0.20251335405021748, {"__complex__": [-511.5359802246094, -5.539366352630892e-15]}, 420320], [0.20751594275294782, {"__complex__": [-851.3955688476562, -7.373558178153192e-15]}, 442070], [0.21251689533718626, {"__complex__": [317.57025146484375, 5.032608986661746e-15]}, 462644], [0.21751895130525958, {"__complex__": [-1218.36962890625, -7.668046122925095e-15]}, 485820], [0.22252064263763735, {"__complex__": [-201.82894897460938, 1.3768705846075864e-15]}, 507304], [0.22751949683857262, {"__complex__": [236.22633361816406, 0.0]}, 530776], [0.23252062744923513, {"__complex__": [-1317.2633056640625, 0.0]}, 554524], [0.23751988845699762, {"__complex__": [118.49429321289062, 1.4098545769692609e-15]}, 578008], [0.24251952417933192, {"__complex__": [13.191953659057617, -5.403249428556547e-15]}, 603272], [0.24751886354741093, {"__complex__": [36.61925506591797, -1.1126947514685393e-14]}, 627748], [0.2525158523431189, {"__complex__": [715.0247802734375, -7.127788603892042e-16]}, 653304], [0.2575140585584922, {"__complex__": [-261.48651123046875, 4.794305160797695e-15]}, 679896], [0.2625126084722789, {"__complex__": [-554.787109375, -6.594909588862521e-15]}, 706092], [0.26751303339828036, {"__complex__": [-382.392578125, -1.2683859928550446e-15]}, 734258], [0.2725141980302592, {"__complex__": [274.35894775390625, 9.176315552211702e-16]}, 761190], [0.27751499291909654, {"__complex__": [366.5842590332031, 0.0]}, 789966], [0.2825156597003922, {"__complex__": [-764.7571411132812, 4.268216385389838e-15]}, 818248], [0.2875141801620819, {"__complex__": [-875.89404296875, -6.597139403096168e-15]}, 847024], [0.29251195304227423, {"__complex__": [-655.1572875976562, 6.371618998472078e-15]}, 877004], [0.2975142527009851, {"__complex__": [-1794.016357421875, -1.0250061102963352e-15]}, 908602], [0.30251615798691667, {"__complex__": [-414.49847412109375, -2.2344544918902415e-15]}, 937802], [0.30751506635382575, {"__complex__": [-656.0194702148438, -2.881252450303651e-15]}, 969706], [0.31251223811931306, {"__complex__": [-54.456077575683594, -3.1433519727549174e-15]}, 999956], [0.3175098816792195, {"__complex__": [730.1458740234375, -2.2516163323136793e-16]}, 1034060], [0.3225110492752749, {"__complex__": [278.31634521484375, -1.310017026937883e-15]}, 1066386], [0.3275123331358606, {"__complex__": [-262.01654052734375, -1.6928859776130754e-15]}, 1100278], [0.3325123291547583, {"__complex__": [206.85780334472656, 0.0]}, 1133070], [0.3375117534479973, {"__complex__": [128.80299377441406, -4.783855315327419e-15]}, 1168082], [0.3425129583700723, {"__complex__": [-184.2521514892578, 7.740007077508505e-16]}, 1203258], [0.3475132726509487, {"__complex__": [-119.29206848144531, 1.5046887033812076e-15]}, 1237894], [0.35251300538197095, {"__complex__": [-888.2821655273438, 2.1928539509935042e-15]}, 1274124], [0.3575125695577228, {"__complex__": [706.212646484375, 0.0]}, 1310242], [0.36251151779301266, {"__complex__": [782.2484130859375, -2.0743474771672864e-15]}, 1346914], [0.3675115630015573, {"__complex__": [-243.79347229003906, 1.6807091113726864e-16]}, 1385312], [0.3725118957087531, {"__complex__": [-745.4209594726562, 0.0]}, 1422310], [0.37751124096797295, {"__complex__": [-1133.8740234375, 6.373691582214891e-16]}, 1461198], [0.3825103314725004, {"__complex__": 