{"poles": {"dims": ["k"], "edges": [{"__dtype__": "<f8", "__shape__": [94], "__data__": [0.0, 0.005, 0.01, 0.015, 0.02, 0.025, 0.03, 0.035, 0.04, 0.045, 0.05, 0.055, 0.06, 0.065, 0.07, 0.075, 0.08, 0.085, 0.09, 0.095, 0.1, 0.105, 0.11, 0.115, 0.12, 0.125, 0.13, 0.135, 0.14, 0.145, 0.15, 0.155, 0.16, 0.165, 0.17, 0.17500000000000002, 0.18, 0.185, 0.19, 0.195, 0.2, 0.20500000000000002, 0.21, 0.215, 0.22, 0.225, 0.23, 0.23500000000000001, 0.24, 0.245, 0.25, 0.255, 0.26, 0.265, 0.27, 0.275, 0.28, 0.28500000000000003, 0.29, 0.295, 0.3, 0.305, 0.31, 0.315, 0.32, 0.325, 0.33, 0.335, 0.34, 0.34500000000000003, 0.35000000000000003, 0.355, 0.36, 0.365, 0.37, 0.375, 0.38, 0.385, 0.39, 0.395, 0.4, 0.405, 0.41000000000000003, 0.41500000000000004, 0.42, 0.425, 0.43, 0.435, 0.44, 0.445, 0.45, 0.455, 0.46, 0.465]}], "coords": [{"__dtype__": "<f8", "__shape__": [93], "__data__": [0.0025, 0.0075, 0.0125, 0.0175, 0.0225, 0.0275, 0.0325, 0.037500000000000006, 0.042499999999999996, 0.0475, 0.052500000000000005, 0.057499999999999996, 0.0625, 0.0675, 0.07250000000000001, 0.0775, 0.0825, 0.0875, 0.0925, 0.0975, 0.10250000000000001, 0.1075, 0.1125, 0.1175, 0.1225, 0.1275, 0.1325, 0.1375, 0.14250000000000002, 0.1475, 0.1525, 0.1575, 0.1625, 0.1675, 0.17250000000000001, 0.1775, 0.1825, 0.1875, 0.1925, 0.1975, 0.2025, 0.20750000000000002, 0.2125, 0.2175, 0.2225, 0.2275, 0.2325, 0.2375, 0.2425, 0.2475, 0.2525, 0.2575, 0.2625, 0.2675, 0.2725, 0.2775, 0.28250000000000003, 0.2875, 0.2925, 0.2975, 0.3025, 0.3075, 0.3125, 0.3175, 0.3225, 0.3275, 0.3325, 0.3375, 0.3425, 0.34750000000000003, 0.35250000000000004, 0.3575, 0.3625, 0.3675, 0.3725, 0.3775, 0.3825, 0.3875, 0.3925, 0.3975, 0.4025, 0.40750000000000003, 0.41250000000000003, 0.4175, 0.4225, 0.4275, 0.4325, 0.4375, 0.4425, 0.4475, 0.4525, 0.4575, 0.4625]}], "data": {"__dtype__": [["k", "<f8"], ["power_2", "<c8"], ["modes", "<i8"]], "__shape__": [93], "__data__": [[0.0037081367915242675, {"__complex__": [-14472.43359375, 8.571154311472207e-13]}, 191], [0.008018577791264523, {"__complex__": [-8801.552734375, 2.53076775031183e-13]}, 1380], [0.012844085612331841, {"__complex__": [43864.83203125, -1.2351758342261238e-13]}, 3770], [0.01775141230162106, {"__complex__": [38977.46484375, -2.567041360295591e-13]}, 7256], [0.022691010615224643, {"__complex__": [6265.90966796875, -2.2294358470887482e-13]}, 12010], [0.027661296094027222, {"__complex__": [10636.9814453125, 1.6886845925507404e-13]}, 17924], [0.03263163473973046, {"__complex__": [8345.619140625, 5.608124845047323e-14]}, 24910], [0.03760885918999335, {"__complex__": [3216.54150390625, 3.5022660905279293e-15]}, 33240], [0.04258994605322728, {"__complex__": [6264.88818359375, 3.828911471735752e-14]}, 42566], [0.047583805693835864, {"__complex__": [6710.6728515625, -6.966024030394605e-14]}, 53478], [0.052589415944125126, {"__complex__": [10366.6845703125, -5.708557541603265e-14]}, 65258], [0.057576993125266096, {"__complex__": [8765.896484375, -3.591772062064291e-14]}, 77788], [0.0625679362273907, {"__complex__": [3344.82177734375, -2.518776347229198e-15]}, 92438], [0.06756372941029527, {"__complex__": [-1605.2034912109375, 1.1922025155021009e-14]}, 107412], [0.07255867544245412, {"__complex__": [4884.189453125, 0.0]}, 124242], [0.07755343255815964, {"__complex__": [8362.4208984375, 1.4801902447334793e-14]}, 141568], [0.08254944316463679, {"__complex__": [6347.736328125, 0.0]}, 160886], [0.0875469705282893, {"__complex__": [6135.41259765625, 1.5475273311611228e-14]}, 180544], [0.09254207143002044, {"__complex__": [4008.547607421875, 4.6104164255311546e-15]}, 202004], [0.09754200795670145, {"__complex__": [5690.23974609375, -7.776989806535049e-15]}, 224538], [0.10254171329034444, {"__complex__": [3657.48486328125, 0.0]}, 248038], [0.10754099109209159, {"__complex__": [776.6890869140625, 0.0]}, 272876], [0.11253870054955198, {"__complex__": [223.2411346435547, -3.898782965444875e-15]}, 298594], [0.11753608765430268, {"__complex__": [-1457.4110107421875, 4.643525249373431e-15]}, 325916], [0.12253572907412832, {"__complex__": [-268.56787109375, -7.885124573680374e-15]}, 354334], [0.1275331697481456, {"__complex__": [845.9649047851562, -1.9431701527797968e-14]}, 383424], [0.13252928315027618, {"__complex__": [2614.789794921875, 9.55537020764629e-15]}, 414230], [0.13752809598823948, {"__complex__": [868.7242431640625, 8.345745325561999e-15]}, 446370], [0.1425292748907053, {"__complex__": [-581.89501953125, 0.0]}, 479558], [0.14752984329410787, {"__complex__": [-12.771066665649414, -5.4406887083416604e-15]}, 513532], [0.15252898535896237, {"__complex__": [1331.3145751953125, 5.9381507347476374e-15]}, 548930], [0.15752847498756622, {"__complex__": [-1209.6925048828125, -4.771543267922604e-15]}, 585548], [0.16252705956276423, {"__complex__": [1164.9859619140625, 1.49467423284582e-15]}, 623094], [0.16752723347134682, {"__complex__": [855.2249145507812, 7.027576665297978e-16]}, 662620], [0.17252557298757182, {"__complex__": [351.6831359863281, -5.972790147125602e-15]}, 701674], [0.1775232051718564, {"__complex__": [-231.54684448242188, -3.1304370496498942e-15]}, 743764], [0.1825215844754662, {"__complex__": [281.53985595703125, 2.9636547270883056e-16]}, 785620], [0.18752064712987349, {"__complex__": [-664.0112915039062, 5.60970121571381e-16]}, 830100], [0.19252067437217257, {"__complex__": [425.8915710449219, 7.988078146166464e-16]}, 874418], [0.19751987908784707, {"__complex__": [998.8056640625, 0.0]}, 920682], [0.20251936794243589, {"__complex__": [515.1624755859375, 2.5262749181530035e-15]}, 967718], [0.20751955964231095, {"__complex__": [1000.803466796875, -4.981532476425838e-15]}, 1016568], [0.2125192859071403, {"__complex__": [1166.3739013671875, -4.37044479179396e-15]}, 1065478], [0.21751870204394746, {"__complex__": [-698.9185791015625, 8.339953102510437e-16]}, 1116700], [0.22251763655620238, {"__complex__": [46.86595916748047, 3.9870785268996106e-15]}, 1167926], [0.2275173612096972, {"__complex__": [1393.022216796875, 2.47685287502132e-15]}, 1222034], [0.23251753944930767, {"__complex__": [351.1518859863281, -2.7379514162871686e-16]}, 1275574], [0.237518608068736, {"__complex__": [49.18791580200195, 2.7962859400898618e-15]}, 1332228], [0.24251933382685822, {"__complex__": [271.858642578125, -4.3627198513150004e-15]}, 1387574], [0.2475188275283454, {"__complex__": [-165.95347595214844, 0.0]}, 1446004], [0.2525176353551358, {"__complex__": [-674.2318725585938, 1.8576887312373716e-15]}, 1504002], [0.25751592740199597, {"__complex__": [1127.6663818359375, 2.975874500841429e-15]}, 1564788], [0.2625152321376914, {"__complex__": [288.6073303222656, -2.290915802330082e-15]}, 1626114], [0.2675142035428968, {"__complex__": [294.5602722167969, 0.0]}, 1688484], [0.27251407722071946, {"__complex__": [-1189.3216552734375, 5.180153655743973e-15]}, 1752920], [0.277514999580621, {"__complex__": [-64.5986328125, 2.1773136492684664e-15]}, 1817892], [0.28251513318998955, {"__complex__": [-233.35830688476562, -3.956033922349793e-15]}, 1883346], [0.2875150555774266, {"__complex__": [-861.7081298828125, 3.5799902572844575e-15]}, 1951100], [0.2925143032383768, {"__complex__": [-343.7130432128906, -2.306960141598295e-16]}, 2018506], [0.2975129983065177, {"__complex__": [-194.48043823242188, 8.917989561540453e-16]}, 2088638], [0.30251265006104155, {"__complex__": [1068.280029296875, -4.3121737954623105e-16]}, 2159752], [0.3075131135075962, {"__complex__": [668.3992309570312, 7.301872932794114e-16]}, 2232050], [0.31251255553945134, {"__complex__": [473.8287353515625, -5.052643115809323e-16]}, 2304048], [0.3175120364779517, {"__complex__": [223.89572143554688, 2.935392678709778e-15]}, 2379552], [0.3225126598898453, {"__complex__": [661.2601318359375, 0.0]}, 2454976], [0.3275133985704822, {"__complex__": [273.3585510253906, -4.22996395397536e-15]}, 2531986], [0.33251410375899365, {"__complex__": [429.4413146972656, 3.1005232340846614e-15]}, 2609516], [0.3375135412275565, {"__complex__": [226.00303649902344, 