{"edges": {"__dtype__": "<f8", "__shape__": [116], "__data__": [0.0, 0.005, 0.01, 0.015, 0.02, 0.025, 0.03, 0.035, 0.04, 0.045, 0.05, 0.055, 0.06, 0.065, 0.07, 0.075, 0.08, 0.085, 0.09, 0.095, 0.1, 0.105, 0.11, 0.115, 0.12, 0.125, 0.13, 0.135, 0.14, 0.145, 0.15, 0.155, 0.16, 0.165, 0.17, 0.17500000000000002, 0.18, 0.185, 0.19, 0.195, 0.2, 0.20500000000000002, 0.21, 0.215, 0.22, 0.225, 0.23, 0.23500000000000001, 0.24, 0.245, 0.25, 0.255, 0.26, 0.265, 0.27, 0.275, 0.28, 0.28500000000000003, 0.29, 0.295, 0.3, 0.305, 0.31, 0.315, 0.32, 0.325, 0.33, 0.335, 0.34, 0.34500000000000003, 0.35000000000000003, 0.355, 0.36, 0.365, 0.37, 0.375, 0.38, 0.385, 0.39, 0.395, 0.4, 0.405, 0.41000000000000003, 0.41500000000000004, 0.42, 0.425, 0.43, 0.435, 0.44, 0.445, 0.45, 0.455, 0.46, 0.465, 0.47000000000000003, 0.47500000000000003, 0.48, 0.485, 0.49, 0.495, 0.5, 0.505, 0.51, 0.515, 0.52, 0.525, 0.53, 0.535, 0.54, 0.545, 0.55, 0.555, 0.56, 0.5650000000000001, 0.5700000000000001, 0.5750000000000001]}, "poles": {"__dtype__": [["k", "<f8"], ["power_0", "<c8"], ["modes", "<i8"]], "__shape__": [115], "__data__": [[0.0037054420134658554, {"__complex__": [139415.078125, 9.86199078130412e-13]}, 83], [0.008002706039259398, {"__complex__": [112947.546875, 1.6952881630514886e-14]}, 596], [0.012849701484846114, {"__complex__": [97950.7265625, -7.31238122353775e-15]}, 1648], [0.0177641384261076, {"__complex__": [107175.984375, -3.537404066498648e-14]}, 3156], [0.022684229681789413, {"__complex__": [104152.7734375, -2.4458625229317743e-14]}, 5176], [0.027646384376179004, {"__complex__": [100961.6015625, 7.830173311227252e-15]}, 7804], [0.032636129245414154, {"__complex__": [95170.1796875, 3.723913013484225e-15]}, 10874], [0.037622935176432226, {"__complex__": [92455.203125, -2.2533329504604085e-15]}, 14442], [0.0426065943302704, {"__complex__": [87334.7890625, -7.104373436856381e-16]}, 18544], [0.047584168879418735, {"__complex__": [85611.640625, -5.6201957421720544e-15]}, 23040], [0.052572163944886785, {"__complex__": [83605.65625, -6.091940895387325e-16]}, 28366], [0.05756591012932392, {"__complex__": [83222.09375, -2.82794654935057e-15]}, 33818], [0.06255885577973451, {"__complex__": [82800.1796875, 1.4178984253528613e-15]}, 40130], [0.06756290621144688, {"__complex__": [80078.625, -1.0304371532052317e-16]}, 46838], [0.07256050504780319, {"__complex__": [79315.859375, -4.607056139950278e-16]}, 53826], [0.0775516441986681, {"__complex__": [78499.84375, -9.749425323513352e-18]}, 61584], [0.08254999402587553, {"__complex__": [77568.640625, -9.143162815005066e-17]}, 69864], [0.08754547074829418, {"__complex__": [76268.2734375, -7.916166107735758e-16]}, 78404], [0.09254370656486871, {"__complex__": [75632.875, 7.652003530662335e-16]}, 87902], [0.09754153604884025, {"__complex__": [74929.5625, 1.960180776646326e-15]}, 97310], [0.10253422913940137, {"__complex__": [74044.9375, -1.8365988814001604e-15]}, 107716], [0.1075359850070505, {"__complex__": [73524.1875, 9.304225468180982e-17]}, 118654], [0.11253957840084304, {"__complex__": [73301.15625, -3.8863488923560963e-16]}, 129910], [0.11753653834673844, {"__complex__": [71414.4140625, 3.1678296367437906e-16]}, 141376], [0.12253336603812491, {"__complex__": [71403.84375, -1.1237483408477948e-15]}, 153958], [0.12753369323485178, {"__complex__": [70264.4375, -7.976440972262374e-16]}, 166718], [0.1325298054599073, {"__complex__": [71208.375, -6.48842590068963e-16]}, 179806], [0.13753126919241337, {"__complex__": [70614.453125, 4.45730389124927e-16]}, 194282], [0.14252978867508304, {"__complex__": [70873.9609375, 5.941360671980376e-16]}, 207774], [0.14752584639061916, {"__complex__": [70554.7734375, -1.6684919845975232e-16]}, 223278], [0.1525273402624495, {"__complex__": [69480.109375, 1.8105224691931243e-16]}, 238496], [0.15752777994300757, {"__complex__": [69588.625, -2.489934081281801e-16]}, 254444], [0.16252677921627748, {"__complex__": [68573.3984375, 3.211263898092215e-16]}, 270682], [0.16752582095517576, {"__complex__": [69158.9765625, -9.369850933956285e-16]}, 287710], [0.1725259295419247, {"__complex__": [68675.5625, 1.0860252785555713e-16]}, 305202], [0.17752572093623975, {"__complex__": [68947.8984375, -5.470720579123917e-16]}, 323008], [0.18252702152554795, {"__complex__": [69184.3671875, 4.0053414042753605e-16]}, 341812], [0.18752508561671835, {"__complex__": [68522.6484375, -1.8670447130656077e-16]}, 360020], [0.19252006361125312, {"__complex__": [67846.5234375, -2.2059911673076224e-16]}, 379728], [0.19751626124600596, {"__complex__": [68832.5234375, 1.56770181366806e-16]}, 399660], [0.20251335405021748, {"__complex__": [67950.7109375, -4.892588299491743e-16]}, 420320], [0.20751594275294782, {"__complex__": [68198.953125, -3.6516033724941216e-17]}, 442070], [0.21251689533718626, {"__complex__": [68286.015625, -1.7632005913145987e-16]}, 462644], [0.21751895130525958, {"__complex__": [68424.7578125, 5.784366820975936e-16]}, 485820], [0.22252064263763735, {"__complex__": [67533.9765625, -1.9277723431723108e-16]}, 507304], [0.22751949683857262, {"__complex__": [67481.0859375, -5.573621714976616e-17]}, 530776], [0.23252062744923513, {"__complex__": [67651.890625, -1.2368290392512568e-16]}, 554524], [0.23751988845699762, {"__complex__": [67476.859375, 6.244821954755315e-18]}, 578008], [0.24251952417933192, {"__complex__": [67227.5703125, 2.0199525565418321e-16]}, 603272], [0.24751886354741093, {"__complex__": [67224.2109375, -2.4029353603565363e-17]}, 627748], [0.2525158523431189, {"__complex__": [67192.1015625, 1.6261234296630876e-17]}, 653304], [0.2575140585584922, {"__complex__": [67288.4765625, -5.779764785094385e-16]}, 679896], [0.2625126084722789, {"__complex__": [67061.453125, -3.0842317200145274e-16]}, 706092], [0.26751303339828036, {"__complex__": [67140.3515625, 7.23217906189403e-17]}, 734258], [0.2725141980302592, {"__complex__": [66763.421875, 4.9961785098819226e-17]}, 761190], [0.27751499291909654, {"__complex__": [67206.875, 4.160479723729722e-16]}, 789966], [0.2825156597003922, {"__complex__": [66959.359375, -2.8075515841674624e-16]}, 818248], [0.2875141801620819, {"__complex__": [67029.078125, -2.28488169843252e-16]}, 847024], [0.29251195304227423, {"__complex__": [66900.9921875, 7.827783513645692e-17]}, 877004], [0.2975142527009851, {"__complex__": [66984.890625, 3.2756529604623227e-16]}, 908602], [0.30251615798691667, {"__complex__": [66911.6171875, 2.888112623083023e-16]}, 937802], [0.30751506635382575, {"__complex__": [66993.1796875, -2.473711282759513e-16]}, 969706], [0.31251223811931306, {"__complex__": [66878.609375, 1.5549846727562207e-16]}, 999956], [0.3175098816792195, {"__complex__": [67048.703125, -1.242930985193938e-16]}, 1034060], [0.3225110492752749, {"__complex__": [66772.375, 1.3481433298525588e-16]}, 1066386], [0.3275123331358606, {"__complex__": [66704.2109375, -5.602182607166846e-17]}, 1100278], [0.3325123291547583, {"__complex__": [66844.65625, -1.5966985307794328e-16]}, 1133070], [0.3375117534479973, {"__complex__": [66847.53125, -2.8246312094554573e-16]}, 1168082], [0.3425129583700723, {"__complex__": [66794.1171875, 1.1041997601023414e-16]}, 1203258], [0.3475132726509487, {"__complex__": [66478.5, -3.424990626240319e-17]}, 1237894], [0.35251300538197095, {"__complex__": [66576.75, -1.3426745410379502e-16]}, 1274124], [0.3575125695577228, {"__complex__": [66649.796875, 1.5840380351959412e-16]}, 1310242], [0.36251151779301266, {"__complex__": [66359.78125, 1.4835373113064224e-16]}, 1346914], [0.3675115630015573, {"__complex__": [66433.03125, -1.2053096197949442e-16]}, 1385312], [0.3725118957087531, {"__complex__": [66442.40625, -7.424851925870291e-17]}, 1422310], [0.37751124096797295, {"__complex__": [66389.921875, 1.024855867827316e-16]}, 1461198], [0.3825103314725004, {"__complex__": [66337.890625, -2.3561439037740042e-17]}, 1499520], [0.38750966779422413, {"__complex__": [66467.4921875, 2.546951574730632e-16]}, 1539692], [0.3925103292814964, {"__complex__": [66459.0625, 