{"edges": {"__dtype__": "<f8", "__shape__": [116], "__data__": [0.0, 0.005, 0.01, 0.015, 0.02, 0.025, 0.03, 0.035, 0.04, 0.045, 0.05, 0.055, 0.06, 0.065, 0.07, 0.075, 0.08, 0.085, 0.09, 0.095, 0.1, 0.105, 0.11, 0.115, 0.12, 0.125, 0.13, 0.135, 0.14, 0.145, 0.15, 0.155, 0.16, 0.165, 0.17, 0.17500000000000002, 0.18, 0.185, 0.19, 0.195, 0.2, 0.20500000000000002, 0.21, 0.215, 0.22, 0.225, 0.23, 0.23500000000000001, 0.24, 0.245, 0.25, 0.255, 0.26, 0.265, 0.27, 0.275, 0.28, 0.28500000000000003, 0.29, 0.295, 0.3, 0.305, 0.31, 0.315, 0.32, 0.325, 0.33, 0.335, 0.34, 0.34500000000000003, 0.35000000000000003, 0.355, 0.36, 0.365, 0.37, 0.375, 0.38, 0.385, 0.39, 0.395, 0.4, 0.405, 0.41000000000000003, 0.41500000000000004, 0.42, 0.425, 0.43, 0.435, 0.44, 0.445, 0.45, 0.455, 0.46, 0.465, 0.47000000000000003, 0.47500000000000003, 0.48, 0.485, 0.49, 0.495, 0.5, 0.505, 0.51, 0.515, 0.52, 0.525, 0.53, 0.535, 0.54, 0.545, 0.55, 0.555, 0.56, 0.5650000000000001, 0.5700000000000001, 0.5750000000000001]}, "poles": {"__dtype__": [["k", "<f8"], ["power_0", "<c8"], ["modes", "<i8"]], "__shape__": [115], "__data__": [[0.0037054420134658554, {"__complex__": [110578.125, -1.0519456399710192e-12]}, 83], [0.008002706039259398, {"__complex__": [98011.625, -5.615671773082087e-13]}, 596], [0.012849701484846114, {"__complex__": [105936.796875, -1.0596054876620478e-13]}, 1648], [0.0177641384261076, {"__complex__": [117822.6015625, -1.1066095143095339e-13]}, 3156], [0.022684229681789413, {"__complex__": [102475.9609375, 5.622842211912456e-14]}, 5176], [0.027646384376179004, {"__complex__": [101775.515625, 3.356413115647959e-14]}, 7804], [0.032636129245414154, {"__complex__": [95157.828125, -3.211752424344544e-14]}, 10874], [0.037622935176432226, {"__complex__": [94355.859375, 3.2243545805337934e-14]}, 14442], [0.0426065943302704, {"__complex__": [91721.390625, -1.569447357989938e-14]}, 18544], [0.047584168879418735, {"__complex__": [94155.8203125, 5.0527483808288434e-14]}, 23040], [0.052572163944886785, {"__complex__": [92675.8515625, -2.462426591028511e-14]}, 28366], [0.05756591012932392, {"__complex__": [90090.921875, -8.606017374429564e-15]}, 33818], [0.06255885577973451, {"__complex__": [85899.8125, -2.0034719529541355e-14]}, 40130], [0.06756290621144688, {"__complex__": [85569.7578125, -2.4854887994350513e-15]}, 46838], [0.07256050504780319, {"__complex__": [84162.0234375, 1.649141299865306e-14]}, 53826], [0.0775516441986681, {"__complex__": [84416.046875, -1.1342100659551563e-14]}, 61584], [0.08254999402587553, {"__complex__": [84568.5546875, 4.998940274041335e-15]}, 69864], [0.08754547074829418, {"__complex__": [82321.9296875, -5.93925441867791e-15]}, 78404], [0.09254370656486871, {"__complex__": [79817.921875, 5.297504988388373e-15]}, 87902], [0.09754153604884025, {"__complex__": [78610.953125, -1.1963345963286916e-14]}, 97310], [0.10253422913940137, {"__complex__": [78631.203125, 5.403808152664379e-16]}, 107716], [0.1075359850070505, {"__complex__": [77815.953125, -1.4716990994262575e-15]}, 118654], [0.11253957840084304, {"__complex__": [77233.09375, 6.0488295653500414e-15]}, 129910], [0.11753653834673844, {"__complex__": [76834.5859375, 1.1837017775467515e-14]}, 141376], [0.12253336603812491, {"__complex__": [76479.265625, 7.325201914227392e-15]}, 153958], [0.12753369323485178, {"__complex__": [76769.953125, -2.79310744895529e-15]}, 166718], [0.1325298054599073, {"__complex__": [75056.8046875, -7.445670328117687e-15]}, 179806], [0.13753126919241337, {"__complex__": [75474.8671875, -2.396831766670075e-15]}, 194282], [0.14252978867508304, {"__complex__": [75932.921875, -8.404467366938061e-16]}, 207774], [0.14752584639061916, {"__complex__": [76373.2734375, 6.51739760385928e-15]}, 223278], [0.1525273402624495, {"__complex__": [74848.9296875, -2.684675161487241e-15]}, 238496], [0.15752777994300757, {"__complex__": [74576.015625, -8.464273186970135e-15]}, 254444], [0.16252677921627748, {"__complex__": [74726.5078125, 7.526426131671557e-16]}, 270682], [0.16752582095517576, {"__complex__": [74478.03125, -6.474036716739911e-15]}, 287710], [0.1725259295419247, {"__complex__": [74583.5703125, -6.484428116936827e-15]}, 305202], [0.17752572093623975, {"__complex__": [74285.703125, 2.883280247179378e-15]}, 323008], [0.18252702152554795, {"__complex__": [74127.1796875, -3.405828954263304e-16]}, 341812], [0.18752508561671835, {"__complex__": [73128.84375, 6.467158491570851e-16]}, 360020], [0.19252006361125312, {"__complex__": [73343.0859375, -6.131511098309494e-16]}, 379728], [0.19751626124600596, {"__complex__": [73590.4921875, 1.1651435821339413e-15]}, 399660], [0.20251335405021748, {"__complex__": [73895.28125, 4.431492997401419e-15]}, 420320], [0.20751594275294782, {"__complex__": [73779.671875, 2.633413786310595e-15]}, 442070], [0.21251689533718626, {"__complex__": [73437.6328125, -5.032609198419983e-16]}, 462644], [0.21751895130525958, {"__complex__": [73157.96875, 1.3778520840352173e-15]}, 485820], [0.22252064263763735, {"__complex__": [73013.5234375, -1.8358274461434485e-15]}, 507304], [0.22751949683857262, {"__complex__": [72590.2890625, -8.773216807778116e-16]}, 530776], [0.23252062744923513, {"__complex__": [73057.5546875, 1.6794991512773133e-15]}, 554524], [0.23751988845699762, {"__complex__": [72755.0, -3.2225247776094873e-15]}, 578008], [0.24251952417933192, {"__complex__": [72921.734375, -3.859463801912449e-16]}, 603272], [0.24751886354741093, {"__complex__": [72842.0234375, 3.70898257548121e-16]}, 627748], [0.2525158523431189, {"__complex__": [72517.015625, 3.2075049776305372e-15]}, 653304], [0.2575140585584922, {"__complex__": [72160.734375, 3.0820534689115445e-15]}, 679896], [0.2625126084722789, {"__complex__": [72613.6796875, -1.3189819177725041e-15]}, 706092], [0.26751303339828036, {"__complex__": [72696.4375, -2.5367719857100892e-15]}, 734258], [0.2725141980302592, {"__complex__": [72256.96875, 6.11754352500927e-16]}, 761190], [0.27751499291909654, {"__complex__": [72016.6875, 0.0]}, 789966], [0.2825156597003922, {"__complex__": [71630.625, 1.7072865965075826e-15]}, 818248], [0.2875141801620819, {"__complex__": [71841.078125, 2.7488080493303637e-15]}, 847024], [0.29251195304227423, {"__complex__": [72056.21875, 1.5929047496180196e-15]}, 877004], [0.2975142527009851, {"__complex__": [71990.5625, -1.5375091125049436e-15]}, 908602], [0.30251615798691667, {"__complex__": [72146.1796875, 1.3654999084445263e-15]}, 937802], [0.30751506635382575, {"__complex__": [72479.3125, -3.1213566446970913e-15]}, 969706], [0.31251223811931306, {"__complex__": [71825.15625, 5.8210221717683655e-16]}, 999956], [0.3175098816792195, {"__complex__": [72225.796875, 4.503232664627359e-16]}, 1034060], [0.3225110492752749, {"__complex__": [71774.9765625, 4.3667235113588755e-16]}, 1066386], [0.3275123331358606, {"__complex__": [71646.6328125, -4.2322149440326886e-16]}, 1100278], [0.3325123291547583, {"__complex__": [72001.46875, 2.260352100736068e-15]}, 1133070], [0.3375117534479973, {"__complex__": [71868.6953125, -1.9932731362856898e-16]}, 1168082], [0.3425129583700723, {"__complex__": [71492.25, -2.3220021232525515e-15]}, 1203258], [0.3475132726509487, {"__complex__": [71793.5546875, -1.128516501066126e-15]}, 1237894], [0.35251300538197095, {"__complex__": [71589.71875, 1.8273781601456889e-16]}, 1274124], [0.3575125695577228, {"__complex__": [72071.4296875, 1.554879323033406e-15]}, 1310242], [0.36251151779301266, {"__complex__": [71934.203125, 5.185868692918216e-16]}, 1346914], [0.3675115630015573, {"__complex__": [71805.9375, 1.0084254403538323e-15]}, 1385312], [0.3725118957087531, {"__complex__": [71891.3984375, 6.547957493805031e-16]}, 1422310], [0.37751124096797295, {"__complex__": [71908.8046875, 3.1868457911074456e-16]}, 1461198], [0.3825103314725004, {"__complex__": [72137.1015625, -3.1054022497399645e-16]}, 1499520], [0.38750966779422413, {"__complex__": [72276.0, 2.7219414347928782e-15]}, 1539692], [0.3925103292814964, {"__complex__": [71672.109375, -2.063160713032899e-15]}, 1579920], 