{"edges": {"__dtype__": "<f8", "__shape__": [116], "__data__": [0.0, 0.005, 0.01, 0.015, 0.02, 0.025, 0.03, 0.035, 0.04, 0.045, 0.05, 0.055, 0.06, 0.065, 0.07, 0.075, 0.08, 0.085, 0.09, 0.095, 0.1, 0.105, 0.11, 0.115, 0.12, 0.125, 0.13, 0.135, 0.14, 0.145, 0.15, 0.155, 0.16, 0.165, 0.17, 0.17500000000000002, 0.18, 0.185, 0.19, 0.195, 0.2, 0.20500000000000002, 0.21, 0.215, 0.22, 0.225, 0.23, 0.23500000000000001, 0.24, 0.245, 0.25, 0.255, 0.26, 0.265, 0.27, 0.275, 0.28, 0.28500000000000003, 0.29, 0.295, 0.3, 0.305, 0.31, 0.315, 0.32, 0.325, 0.33, 0.335, 0.34, 0.34500000000000003, 0.35000000000000003, 0.355, 0.36, 0.365, 0.37, 0.375, 0.38, 0.385, 0.39, 0.395, 0.4, 0.405, 0.41000000000000003, 0.41500000000000004, 0.42, 0.425, 0.43, 0.435, 0.44, 0.445, 0.45, 0.455, 0.46, 0.465, 0.47000000000000003, 0.47500000000000003, 0.48, 0.485, 0.49, 0.495, 0.5, 0.505, 0.51, 0.515, 0.52, 0.525, 0.53, 0.535, 0.54, 0.545, 0.55, 0.555, 0.56, 0.5650000000000001, 0.5700000000000001, 0.5750000000000001]}, "poles": {"__dtype__": [["k", "<f8"], ["power_2", "<c8"], ["modes", "<i8"]], "__shape__": [115], "__data__": [[0.0037054420134658554, {"__complex__": [-51371.6875, -7.012970933140128e-13]}, 83], [0.008002706039259398, {"__complex__": [27470.42578125, -4.883192916867174e-13]}, 596], [0.012849701484846114, {"__complex__": [21028.166015625, -3.5320181566815545e-13]}, 1648], [0.0177641384261076, {"__complex__": [-14092.865234375, -1.1066095143095339e-13]}, 3156], [0.022684229681789413, {"__complex__": [-1998.94580078125, 7.02855276489057e-15]}, 5176], [0.027646384376179004, {"__complex__": [13197.076171875, 6.153423988885728e-14]}, 7804], [0.032636129245414154, {"__complex__": [16039.814453125, 0.0]}, 10874], [0.037622935176432226, {"__complex__": [11121.9033203125, -8.060886451334483e-15]}, 14442], [0.0426065943302704, {"__complex__": [8504.3232421875, -5.0222314778051655e-14]}, 18544], [0.047584168879418735, {"__complex__": [1005.2041015625, -2.0210993862128553e-14]}, 23040], [0.052572163944886785, {"__complex__": [10656.9423828125, 1.641617783821204e-14]}, 28366], [0.05756591012932392, {"__complex__": [6960.97119140625, 3.098166322557279e-14]}, 33818], [0.06255885577973451, {"__complex__": [9726.0185546875, -4.3514322902598896e-15]}, 40130], [0.06756290621144688, {"__complex__": [6643.18408203125, 9.941955197740205e-15]}, 46838], [0.07256050504780319, {"__complex__": [2427.415283203125, -2.7035104637287456e-14]}, 53826], [0.0775516441986681, {"__complex__": [5768.82080078125, 1.5122800879402085e-14]}, 61584], [0.08254999402587553, {"__complex__": [3702.4833984375, -6.665253557549622e-15]}, 69864], [0.08754547074829418, {"__complex__": [1164.580078125, 1.4848136046694774e-15]}, 78404], [0.09254370656486871, {"__complex__": [549.1436767578125, 1.0595009976776745e-14]}, 87902], [0.09754153604884025, {"__complex__": [909.32470703125, -7.77617496083979e-15]}, 97310], [0.10253422913940137, {"__complex__": [216.81903076171875, 3.242284997477746e-15]}, 107716], [0.1075359850070505, {"__complex__": [2908.1318359375, 5.88679639770503e-15]}, 118654], [0.11253957840084304, {"__complex__": [2713.084716796875, -2.6883686486537436e-15]}, 129910], [0.11753653834673844, {"__complex__": [1672.1190185546875, -1.6468894415992068e-15]}, 141376], [0.12253336603812491, {"__complex__": [1312.9910888671875, 1.512299717928761e-15]}, 153958], [0.12753369323485178, {"__complex__": [1296.597900390625, 2.79310744895529e-15]}, 166718], [0.1325298054599073, {"__complex__": [907.1536865234375, 2.5897983657905766e-15]}, 179806], [0.13753126919241337, {"__complex__": [2729.665283203125, -2.396831766670075e-15]}, 194282], [0.14252978867508304, {"__complex__": [1268.2298583984375, 8.964765473744914e-15]}, 207774], [0.14752584639061916, {"__complex__": [1961.3353271484375, -3.128350807500807e-15]}, 223278], [0.1525273402624495, {"__complex__": [1778.45068359375, 5.8574729641040334e-15]}, 238496], [0.15752777994300757, {"__complex__": [599.1768798828125, -1.0980678477221732e-14]}, 254444], [0.16252677921627748, {"__complex__": [601.03857421875, 8.601630167279261e-16]}, 270682], [0.16752582095517576, {"__complex__": [1879.7801513671875, 1.6185091791849778e-15]}, 287710], [0.1725259295419247, {"__complex__": [1111.5638427734375, -1.5257478482740808e-15]}, 305202], [0.17752572093623975, {"__complex__": [1484.0433349609375, -3.243690225137241e-15]}, 323008], [0.18252702152554795, {"__complex__": [-93.45903015136719, 2.724663163410643e-15]}, 341812], [0.18752508561671835, {"__complex__": [-112.40316009521484, 7.760590401643258e-15]}, 360020], [0.19252006361125312, {"__complex__": [-815.2238159179688, -1.5328777481075939e-15]}, 379728], [0.19751626124600596, {"__complex__": [-100.47045135498047, 0.0]}, 399660], [0.20251335405021748, {"__complex__": [-122.74508666992188, -4.985429675016155e-15]}, 420320], [0.20751594275294782, {"__complex__": [-197.13186645507812, 2.370072301800417e-15]}, 442070], [0.21251689533718626, {"__complex__": [-567.6537475585938, 4.0260873587359865e-15]}, 462644], [0.21751895130525958, {"__complex__": [-619.24755859375, -4.313275997084925e-15]}, 485820], [0.22252064263763735, {"__complex__": [820.9744262695312, 4.130611647943641e-15]}, 507304], [0.22751949683857262, {"__complex__": [-185.02711486816406, 1.3159824682271583e-15]}, 530776], [0.23252062744923513, {"__complex__": [463.77191162109375, 1.2596243899277645e-15]}, 554524], [0.23751988845699762, {"__complex__": [-469.51495361328125, -8.056311944023718e-16]}, 578008], [0.24251952417933192, {"__complex__": [-105.34202575683594, 4.631356350536702e-15]}, 603272], [0.24751886354741093, {"__complex__": [40.521270751953125, 7.41796515096242e-16]}, 627748], [0.2525158523431189, {"__complex__": [-159.62091064453125, -3.474797023806709e-15]}, 653304], [0.2575140585584922, {"__complex__": [206.13015747070312, -3.93817931485462e-15]}, 679896], [0.2625126084722789, {"__complex__": [-498.4091491699219, -3.091363843309527e-15]}, 706092], [0.26751303339828036, {"__complex__": [-512.9185791015625, -1.1098377305132742e-15]}, 734258], [0.2725141980302592, {"__complex__": [-60.95428466796875, -2.1411402602230243e-15]}, 761190], [0.27751499291909654, {"__complex__": [-219.31707763671875, 2.3578801095576387e-15]}, 789966], [0.2825156597003922, {"__complex__": [-727.78662109375, -2.1341082456344783e-16]}, 818248], [0.2875141801620819, {"__complex__": [-1013.1079711914062, 2.1990463971126436e-15]}, 847024], [0.29251195304227423, {"__complex__": [615.3846435546875, -9.291944019841386e-16]}, 877004], [0.2975142527009851, {"__complex__": [-91.06682586669922, 8.648488559316961e-16]}, 908602], [0.30251615798691667, {"__complex__": [-442.333984375, -2.2344544918902415e-15]}, 937802], [0.30751506635382575, {"__complex__": [155.88294982910156, -1.920834825696943e-15]}, 969706], [0.31251223811931306, {"__complex__": [-953.82177734375, -1.3970453212244077e-15]}, 999956], [0.3175098816792195, {"__complex__": [-1021.9342651367188, -2.8145204418618787e-15]}, 1034060], [0.3225110492752749, {"__complex__": [-152.75978088378906, 8.733447022717751e-16]}, 1066386], [0.3275123331358606, {"__complex__": [243.75804138183594, 0.0]}, 1100278], [0.3325123291547583, {"__complex__": [129.33392333984375, -1.6438924272735842e-15]}, 1133070], [0.3375117534479973, {"__complex__": [-353.9063415527344, 2.591255050701617e-15]}, 1168082], [0.3425129583700723, {"__complex__": [-410.7407531738281, -3.8700035387542525e-16]}, 1203258], [0.3475132726509487, {"__complex__": [655.7860107421875, 0.0]}, 1237894], [0.35251300538197095, {"__complex__": [277.86993408203125, 1.2791646988670924e-15]}, 1274124], [0.3575125695577228, {"__complex__": [-671.8311157226562, 4.44251204901225e-16]}, 1310242], [0.36251151779301266, {"__complex__": [-190.27256774902344, 0.0]}, 1346914], [0.3675115630015573, {"__complex__": [773.266357421875, -3.361418222745373e-16]}, 1385312], [0.3725118957087531, {"__complex__": [-35.61875534057617, -1.800688284326604e-15]}, 1422310], [0.37751124096797295, {"__complex__": 