{"edges": {"__dtype__": "<f8", "__shape__": [128], "__data__": [0.0, 0.005, 0.01, 0.015, 0.02, 0.025, 0.03, 0.035, 0.04, 0.045, 0.05, 0.055, 0.06, 0.065, 0.07, 0.075, 0.08, 0.085, 0.09, 0.095, 0.1, 0.105, 0.11, 0.115, 0.12, 0.125, 0.13, 0.135, 0.14, 0.145, 0.15, 0.155, 0.16, 0.165, 0.17, 0.17500000000000002, 0.18, 0.185, 0.19, 0.195, 0.2, 0.20500000000000002, 0.21, 0.215, 0.22, 0.225, 0.23, 0.23500000000000001, 0.24, 0.245, 0.25, 0.255, 0.26, 0.265, 0.27, 0.275, 0.28, 0.28500000000000003, 0.29, 0.295, 0.3, 0.305, 0.31, 0.315, 0.32, 0.325, 0.33, 0.335, 0.34, 0.34500000000000003, 0.35000000000000003, 0.355, 0.36, 0.365, 0.37, 0.375, 0.38, 0.385, 0.39, 0.395, 0.4, 0.405, 0.41000000000000003, 0.41500000000000004, 0.42, 0.425, 0.43, 0.435, 0.44, 0.445, 0.45, 0.455, 0.46, 0.465, 0.47000000000000003, 0.47500000000000003, 0.48, 0.485, 0.49, 0.495, 0.5, 0.505, 0.51, 0.515, 0.52, 0.525, 0.53, 0.535, 0.54, 0.545, 0.55, 0.555, 0.56, 0.5650000000000001, 0.5700000000000001, 0.5750000000000001, 0.58, 0.585, 0.59, 0.595, 0.6, 0.605, 0.61, 0.615, 0.62, 0.625, 0.63, 0.635]}, "poles": {"__dtype__": [["k", "<f8"], ["power_2", "<c8"], ["modes", "<i8"]], "__shape__": [127], "__data__": [[0.0037537781648676505, {"__complex__": [-81977.1953125, 0.0]}, 77], [0.008050398333474014, {"__complex__": [-1647.9105224609375, 0.0]}, 548], [0.012848609532355457, {"__complex__": [-17880.25, 9.439080376691389e-13]}, 1480], [0.017751579213119567, {"__complex__": [1113.825927734375, 0.0]}, 2872], [0.022691827324042853, {"__complex__": [12984.9345703125, -3.195521917822436e-13]}, 4736], [0.027648005536595924, {"__complex__": [5416.54248046875, 3.3091337694112974e-14]}, 7036], [0.032612636555868525, {"__complex__": [15232.263671875, -1.4199877168205588e-13]}, 9838], [0.03761114292794433, {"__complex__": [14959.572265625, 3.525600154158891e-14]}, 13208], [0.04261303922036164, {"__complex__": [-593.1304931640625, -1.7954671224177515e-13]}, 16858], [0.04760505554480107, {"__complex__": [5201.31982421875, -4.418038810770526e-14]}, 21080], [0.05259133615803475, {"__complex__": [10360.681640625, -4.5432143561553034e-14]}, 25624], [0.05756841184374016, {"__complex__": [9464.2021484375, 7.577149323289342e-15]}, 30728], [0.06256248327880025, {"__complex__": [488.1475524902344, -5.741344492925585e-14]}, 36498], [0.06756661487904435, {"__complex__": [4672.81201171875, -2.1899044128645753e-14]}, 42528], [0.07257304507008182, {"__complex__": [14111.28125, -4.736951712906159e-15]}, 49152], [0.07756473030387098, {"__complex__": [2655.764892578125, -3.341427069931957e-14]}, 55744], [0.08254764044823601, {"__complex__": [6896.4951171875, -7.351076229667169e-15]}, 63346], [0.08754405971893497, {"__complex__": [2881.76513671875, -1.956888867800117e-14]}, 71388], [0.09254365223263855, {"__complex__": [389.11383056640625, 2.9190673044975773e-14]}, 79762], [0.09754150838846357, {"__complex__": [1032.4432373046875, -1.577372198244449e-14]}, 88564], [0.10254123052801507, {"__complex__": [3691.145263671875, 4.3958106333555e-14]}, 97988], [0.10754181638082774, {"__complex__": [3350.963134765625, 2.377852214717653e-14]}, 107708], [0.11254085353408888, {"__complex__": [-326.0867614746094, 9.869720227998358e-15]}, 117952], [0.11753281793039293, {"__complex__": [2101.64013671875, -4.990991293347827e-15]}, 128288], [0.12252442444514552, {"__complex__": [2855.37744140625, -1.9989752244437518e-14]}, 139770], [0.12753052839909865, {"__complex__": [1550.3172607421875, -2.6049524204916664e-14]}, 151946], [0.13253665927256145, {"__complex__": [960.10791015625, -5.693306967497836e-15]}, 163582], [0.13753197887556465, {"__complex__": [1449.9949951171875, 1.2571849350396722e-14]}, 175940], [0.1425260716253757, {"__complex__": [1286.1527099609375, 3.0787278058023873e-15]}, 189064], [0.14752506711896965, {"__complex__": [1972.650390625, 1.1479442816784112e-14]}, 202824], [0.1525272624752809, {"__complex__": [2191.199462890625, -5.369561657694822e-15]}, 216806], [0.15752484634575162, {"__complex__": [2761.76171875, -1.0084662461660662e-14]}, 230876], [0.16252366735405163, {"__complex__": [2995.170166015625, 6.382626191621648e-15]}, 246232], [0.1675242007800524, {"__complex__": [2321.594970703125, -8.909449140091525e-15]}, 261330], [0.17252326579974073, {"__complex__": [1931.0352783203125, 2.3511461129236723e-14]}, 277280], [0.17752110470595878, {"__complex__": [334.6526794433594, -9.52532256087539e-15]}, 293320], [0.1825207522633753, {"__complex__": [328.3819885253906, 2.998713897231194e-15]}, 310574], [0.18752231962759572, {"__complex__": [-1532.0577392578125, 0.0]}, 327560], [0.19252167162300435, {"__complex__": [163.33670043945312, -7.0806495263114454e-15]}, 345268], [0.19752225984779248, {"__complex__": [-534.4153442382812, 7.044916170882102e-15]}, 363544], [0.20251992290984697, {"__complex__": [-549.6642456054688, 0.0]}, 381660], [0.20751551078768798, {"__complex__": [-1446.058349609375, 0.0]}, 400854], [0.21251512379553542, {"__complex__": [-1222.2745361328125, -4.424230113395187e-15]}, 421010], [0.21751870975885984, {"__complex__": [-943.4945068359375, -1.055538365792182e-15]}, 441160], [0.2225209082741387, {"__complex__": [-608.5520629882812, -5.047315278571094e-16]}, 461296], [0.22752039891934017, {"__complex__": [-936.9178466796875, -7.725740925094374e-15]}, 482192], [0.23252118259031918, {"__complex__": [103.96919250488281, 0.0]}, 503860], [0.23751936566507853, {"__complex__": [-529.2080688476562, 2.660800055561221e-15]}, 525024], [0.24251707186595864, {"__complex__": [44.65564727783203, 3.399272813372437e-15]}, 547954], [0.24751627666670906, {"__complex__": [167.9166717529297, -8.161706665463795e-16]}, 570544], [0.2525167544702008, {"__complex__": [1146.921875, -6.267586411890305e-15]}, 594374], [0.25751857595461863, {"__complex__": [85.52938842773438, -1.055066864902093e-14]}, 617900], [0.2625190906945416, {"__complex__": [-9.101920127868652, 2.900837546110065e-15]}, 642106], [0.2675172479110602, {"__complex__": [-409.1884460449219, 1.1884250873705256e-14]}, 666112], [0.272514629608296, {"__complex__": [-209.2236328125, 1.3462581786191055e-15]}, 691786], [0.27751615229387816, {"__complex__": [-42.0750846862793, -1.297113856415003e-15]}, 717996], [0.28251644607381426, {"__complex__": [-586.6936645507812, 1.002564798215956e-14]}, 743152], [0.2875152531419474, {"__complex__": [-610.7581176757812, 6.046041768162391e-16]}, 770192], [0.2925134012698469, {"__complex__": [-875.0503540039062, -8.185601041389365e-15]}, 796430], [0.2975118362281548, {"__complex__": [-1071.3702392578125, -3.387366706507594e-15]}, 824820], [0.3025125080826814, {"__complex__": [896.3814086914062, -7.510119688645728e-16]}, 852562], [0.30751063191170563, {"__complex__": [257.9425048828125, -1.3223424151116172e-15]}, 880372], [0.3125111278203564, {"__complex__": [731.1497802734375, -2.045397373337792e-15]}, 910652], [0.31751269361539736, {"__complex__": [-247.10523986816406, 1.983656083021242e-15]}, 938996], [0.3225130904459611, {"__complex__": [121.11727142333984, 2.8823046769823777e-15]}, 969352], [0.32751158760760724, {"__complex__": [-293.265869140625, -5.1307707878861e-15]}, 998344], [0.3325089848249692, {"__complex__": [379.82513427734375, -4.521325923655421e-15]}, 1029922], [0.33751027924368393, {"__complex__": [895.3014526367188, -3.0695675679943057e-15]}, 1061918], [0.34251253316973607, {"__complex__": [-354.0796813964844, 1.7037344579641533e-15]}, 1093272], [0.34751415893089227, {"__complex__": [-891.2272338867188, 4.96500601659196e-15]}, 1125464], [0.352514235068077, {"__complex__": [376.53582763671875, 4.023408617040295e-15]}, 1157380], [0.357512374484406, {"__complex__": [-679.2094116210938, 1.271580259978259e-15]}, 1190172], [0.3625118834929162, {"__complex__": [273.4990539550781, 4.467823511058577e-15]}, 1224650], [0.3675116774700016, {"__complex__": [146.1353302001953, 1.4808001508071498e-15]}, 1257864], [0.3725098709245497, {"__complex__": [132.39791870117188, -1.261161754727031e-15]}, 1292312], [0.37751067052804127, {"__complex__": 