{"poles": {"dims": ["k"], "edges": [{"__dtype__": "<f8", "__shape__": [86], "__data__": [0.0, 0.005, 0.01, 0.015, 0.02, 0.025, 0.03, 0.035, 0.04, 0.045, 0.05, 0.055, 0.06, 0.065, 0.07, 0.075, 0.08, 0.085, 0.09, 0.095, 0.1, 0.105, 0.11, 0.115, 0.12, 0.125, 0.13, 0.135, 0.14, 0.145, 0.15, 0.155, 0.16, 0.165, 0.17, 0.17500000000000002, 0.18, 0.185, 0.19, 0.195, 0.2, 0.20500000000000002, 0.21, 0.215, 0.22, 0.225, 0.23, 0.23500000000000001, 0.24, 0.245, 0.25, 0.255, 0.26, 0.265, 0.27, 0.275, 0.28, 0.28500000000000003, 0.29, 0.295, 0.3, 0.305, 0.31, 0.315, 0.32, 0.325, 0.33, 0.335, 0.34, 0.34500000000000003, 0.35000000000000003, 0.355, 0.36, 0.365, 0.37, 0.375, 0.38, 0.385, 0.39, 0.395, 0.4, 0.405, 0.41000000000000003, 0.41500000000000004, 0.42, 0.425]}], "coords": [{"__dtype__": "<f8", "__shape__": [85], "__data__": [0.0025, 0.0075, 0.0125, 0.0175, 0.0225, 0.0275, 0.0325, 0.037500000000000006, 0.042499999999999996, 0.0475, 0.052500000000000005, 0.057499999999999996, 0.0625, 0.0675, 0.07250000000000001, 0.0775, 0.0825, 0.0875, 0.0925, 0.0975, 0.10250000000000001, 0.1075, 0.1125, 0.1175, 0.1225, 0.1275, 0.1325, 0.1375, 0.14250000000000002, 0.1475, 0.1525, 0.1575, 0.1625, 0.1675, 0.17250000000000001, 0.1775, 0.1825, 0.1875, 0.1925, 0.1975, 0.2025, 0.20750000000000002, 0.2125, 0.2175, 0.2225, 0.2275, 0.2325, 0.2375, 0.2425, 0.2475, 0.2525, 0.2575, 0.2625, 0.2675, 0.2725, 0.2775, 0.28250000000000003, 0.2875, 0.2925, 0.2975, 0.3025, 0.3075, 0.3125, 0.3175, 0.3225, 0.3275, 0.3325, 0.3375, 0.3425, 0.34750000000000003, 0.35250000000000004, 0.3575, 0.3625, 0.3675, 0.3725, 0.3775, 0.3825, 0.3875, 0.3925, 0.3975, 0.4025, 0.40750000000000003, 0.41250000000000003, 0.4175, 0.4225]}], "data": {"__dtype__": [["k", "<f8"], ["power_2", "<c8"], ["modes", "<i8"]], "__shape__": [85], "__data__": [[0.003785962175218714, {"__complex__": [-27259.658203125, -8.483179436691302e-13]}, 223], [0.008055650047333739, {"__complex__": [23134.734375, -3.0716445012513027e-13]}, 1516], [0.012838659412058445, {"__complex__": [3071.290771484375, 5.637545687437254e-14]}, 4130], [0.017758445021159877, {"__complex__": [891.3726806640625, 0.0]}, 8058], [0.022686221993372543, {"__complex__": [17560.494140625, 1.0649366452694306e-13]}, 13118], [0.02764503576190599, {"__complex__": [27672.248046875, -5.884316878158533e-14]}, 19784], [0.032626124011193657, {"__complex__": [36883.81640625, -5.0832686719843104e-14]}, 27482], [0.03761517664423396, {"__complex__": [32442.990234375, 0.0]}, 36794], [0.042612076216348424, {"__complex__": [11888.748046875, 4.947527491725367e-15]}, 47060], [0.04758810749327745, {"__complex__": [8758.12109375, -6.371720642425749e-14]}, 58466], [0.05257639262811682, {"__complex__": [2597.974609375, 2.7512170533840023e-14]}, 71934], [0.057576644294676294, {"__complex__": [5047.07373046875, -1.081725702257617e-14]}, 86096], [0.06257060468948772, {"__complex__": [6314.83642578125, -4.580304827772738e-15]}, 101666], [0.06756431050677218, {"__complex__": [1893.7952880859375, -7.859660222187068e-15]}, 118494], [0.07255460479533274, {"__complex__": [2770.19384765625, 2.0455140944779238e-14]}, 136590], [0.07755203808236072, {"__complex__": [923.38671875, -1.7848722310255874e-14]}, 156536], [0.08254994891496988, {"__complex__": [4050.616455078125, 1.8426810438295672e-14]}, 176896], [0.0875465852208996, {"__complex__": [2841.497314453125, 0.0]}, 199400], [0.09254606261661012, {"__complex__": [5019.0615234375, 0.0]}, 222578], [0.09754095165434574, {"__complex__": [1677.7286376953125, -1.507543310292573e-14]}, 247110], [0.10253878096196406, {"__complex__": [563.630615234375, 7.661086900230454e-15]}, 273522], [0.1075376536617221, {"__complex__": [3696.715087890625, -3.8736930025142554e-15]}, 300528], [0.11253874421958751, {"__complex__": [2451.396484375, -8.471035050988066e-15]}, 329826], [0.11753930483919833, {"__complex__": [67.27367401123047, -5.190103751775369e-15]}, 358884], [0.12253435939470513, {"__complex__": [-1741.9444580078125, -5.9667728250683075e-15]}, 390212], [0.1275324928771181, {"__complex__": [707.53564453125, 8.256249836058359e-16]}, 423008], [0.13253098558293935, {"__complex__": [1545.4334716796875, -1.121957395559944e-14]}, 456548], [0.1375294182229233, {"__complex__": [624.5557250976562, 0.0]}, 491980], [0.14252928720123362, {"__complex__": [926.7840576171875, -8.815001578340882e-15]}, 528260], [0.14752710781464048, {"__complex__": [-1584.755859375, 0.0]}, 565750], [0.15252590457329984, {"__complex__": [-439.5384521484375, -6.1563243991037166e-15]}, 605116], [0.15752627544450365, {"__complex__": [-258.9953308105469, -2.885880214810975e-15]}, 645434], [0.1625268432433497, {"__complex__": [142.79026794433594, -2.7102087579239853e-15]}, 687270], [0.16752762298865234, {"__complex__": [-574.8352661132812, -8.931322071888473e-15]}, 729932], [0.17252411279445126, {"__complex__": [-230.51976013183594, -1.8067841686897563e-15]}, 773188], [0.17752203527930777, {"__complex__": [780.6028442382812, 6.8143559202218495e-15]}, 820024], [0.18252363779831107, {"__complex__": [404.13775634765625, -3.2236775894507004e-15]}, 866702], [0.18752234050808908, {"__complex__": [9.130754470825195, -5.6037603383800056e-15]}, 914078], [0.19252201016210274, {"__complex__": [-287.181640625, -7.725468180485359e-15]}, 964418], [0.19752271477956754, {"__complex__": [1018.4752807617188, 7.341847805706833e-15]}, 1014810], [0.20252178570627094, {"__complex__": [1507.80029296875, -8.733070622451815e-16]}, 1066432], [0.20751974798690762, {"__complex__": [-1298.91015625, -3.327524675817025e-15]}, 1119538], [0.2125197454352182, {"__complex__": [-740.3027954101562, 3.961436298487381e-15]}, 1175486], [0.2175192296548309, {"__complex__": [618.1611938476562, -1.704115411032181e-15]}, 1229656], [0.22251681667262319, {"__complex__": [-1502.8740234375, 2.1696643064800496e-15]}, 1287742], [0.22751746426403283, {"__complex__": [236.6444549560547, -1.3829024121041027e-15]}, 1346910], [0.23251730364615478, {"__complex__": [-779.3397827148438, 9.938447210789151e-16]}, 1405636], [0.23751678657474465, {"__complex__": [589.2376708984375, 6.344928460908503e-16]}, 1467822], [0.2425174971485461, {"__complex__": [-100.91643524169922, 1.217629978710554e-15]}, 1529730], [0.24751707342858845, {"__complex__": [-1105.08984375, 2.6301249691346434e-15]}, 1593442], [0.2525171832510974, {"__complex__": [-609.3052368164062, 3.368628855406671e-15]}, 1658816], [0.2575157181508458, {"__complex__": [-473.3055114746094, -1.6210183025329819e-15]}, 1723588], [0.2625146768272274, {"__complex__": [-601.0037841796875, 2.856543652199296e-15]}, 1793172], [0.2675153728644548, {"__complex__": [-27.94974708557129, -1.0007075937758063e-15]}, 1861328], [0.2725140790996068, {"__complex__": [-441.81622314453125, -4.82325653517661e-16]}, 1930900], [0.2775148647609448, {"__complex__": [-1323.0703125, 1.3937573510814033e-15]}, 2004630], [0.28251520974118804, {"__complex__": [-580.6676635742188, -1.7954036457686843e-15]}, 2074904], [0.28751406015515885, {"__complex__": [18.147422790527344, 0.0]}, 2150534], [0.29251361364437867, {"__complex__": [77.11836242675781, 2.930309210476831e-15]}, 2224768], [0.2975131524186939, {"__complex__": [164.8830108642578, -1.617649017227041e-15]}, 2302904], [0.3025147259314174, {"__complex__": [183.46463012695312, 7.821678523678357e-16]}, 2381388], [0.3075149652713783, {"__complex__": [76.181640625, 2.0831060096001327e-15]}, 2458960], [0.31251335064096714, {"__complex__": [-276.35723876953125, -1.3751616956365008e-16]}, 2539672], [0.31751349612987984, {"__complex__": [-406.965576171875, -2.1302728275097516e-15]}, 2623108], [0.32251268944270295, {"__complex__": [-444.1983642578125, -6.888393799591927e-16]}, 2704034], [0.32751171630842707, {"__complex__": [608.2728271484375, 3.337461219321265e-15]}, 2790512], [0.33251237563902225, {"__complex__": [-226.14683532714844, 6.476175157294373e-16]}, 2876150], [0.3375123279265873, {"__complex__": [-14.31742000579834, -9.429605932011523e-16]}, 2962974], [0.34251273719712905, 