{"poles": {"dims": ["k"], "edges": [{"__dtype__": "<f8", "__shape__": [94], "__data__": [0.0, 0.005, 0.01, 0.015, 0.02, 0.025, 0.03, 0.035, 0.04, 0.045, 0.05, 0.055, 0.06, 0.065, 0.07, 0.075, 0.08, 0.085, 0.09, 0.095, 0.1, 0.105, 0.11, 0.115, 0.12, 0.125, 0.13, 0.135, 0.14, 0.145, 0.15, 0.155, 0.16, 0.165, 0.17, 0.17500000000000002, 0.18, 0.185, 0.19, 0.195, 0.2, 0.20500000000000002, 0.21, 0.215, 0.22, 0.225, 0.23, 0.23500000000000001, 0.24, 0.245, 0.25, 0.255, 0.26, 0.265, 0.27, 0.275, 0.28, 0.28500000000000003, 0.29, 0.295, 0.3, 0.305, 0.31, 0.315, 0.32, 0.325, 0.33, 0.335, 0.34, 0.34500000000000003, 0.35000000000000003, 0.355, 0.36, 0.365, 0.37, 0.375, 0.38, 0.385, 0.39, 0.395, 0.4, 0.405, 0.41000000000000003, 0.41500000000000004, 0.42, 0.425, 0.43, 0.435, 0.44, 0.445, 0.45, 0.455, 0.46, 0.465]}], "coords": [{"__dtype__": "<f8", "__shape__": [93], "__data__": [0.0025, 0.0075, 0.0125, 0.0175, 0.0225, 0.0275, 0.0325, 0.037500000000000006, 0.042499999999999996, 0.0475, 0.052500000000000005, 0.057499999999999996, 0.0625, 0.0675, 0.07250000000000001, 0.0775, 0.0825, 0.0875, 0.0925, 0.0975, 0.10250000000000001, 0.1075, 0.1125, 0.1175, 0.1225, 0.1275, 0.1325, 0.1375, 0.14250000000000002, 0.1475, 0.1525, 0.1575, 0.1625, 0.1675, 0.17250000000000001, 0.1775, 0.1825, 0.1875, 0.1925, 0.1975, 0.2025, 0.20750000000000002, 0.2125, 0.2175, 0.2225, 0.2275, 0.2325, 0.2375, 0.2425, 0.2475, 0.2525, 0.2575, 0.2625, 0.2675, 0.2725, 0.2775, 0.28250000000000003, 0.2875, 0.2925, 0.2975, 0.3025, 0.3075, 0.3125, 0.3175, 0.3225, 0.3275, 0.3325, 0.3375, 0.3425, 0.34750000000000003, 0.35250000000000004, 0.3575, 0.3625, 0.3675, 0.3725, 0.3775, 0.3825, 0.3875, 0.3925, 0.3975, 0.4025, 0.40750000000000003, 0.41250000000000003, 0.4175, 0.4225, 0.4275, 0.4325, 0.4375, 0.4425, 0.4475, 0.4525, 0.4575, 0.4625]}], "data": {"__dtype__": [["k", "<f8"], ["power_2", "<c8"], ["modes", "<i8"]], "__shape__": [93], "__data__": [[0.0037081367915242675, {"__complex__": [-7136.7724609375, 3.657025637177069e-12]}, 191], [0.008018577791264523, {"__complex__": [18780.068359375, -6.748714542932632e-13]}, 1380], [0.012844085612331841, {"__complex__": [-11103.8720703125, 1.2351758342261238e-13]}, 3770], [0.01775141230162106, {"__complex__": [4677.912109375, 5.134082720591182e-13]}, 7256], [0.022691010615224643, {"__complex__": [33634.44921875, -2.617163755679053e-13]}, 12010], [0.027661296094027222, {"__complex__": [23545.177734375, 1.0391905706178678e-13]}, 17924], [0.03263163473973046, {"__complex__": [33973.25390625, -9.346874741745538e-15]}, 24910], [0.03760885918999335, {"__complex__": [8238.8984375, 8.40543861726703e-14]}, 33240], [0.04258994605322728, {"__complex__": [6951.708984375, -1.0939747304111562e-14]}, 42566], [0.047583805693835864, {"__complex__": [6470.37060546875, -6.095270772485395e-14]}, 53478], [0.052589415944125126, {"__complex__": [9157.5439453125, 1.0703544543473175e-14]}, 65258], [0.057576993125266096, {"__complex__": [9985.0224609375, -5.986286770107152e-15]}, 77788], [0.0625679362273907, {"__complex__": [14024.5087890625, 1.2593881524387753e-14]}, 92438], [0.06756372941029527, {"__complex__": [15752.759765625, 3.35984326027116e-14]}, 107412], [0.07255867544245412, {"__complex__": [5840.5927734375, 1.311806362863134e-14]}, 124242], [0.07755343255815964, {"__complex__": [6289.19775390625, 2.3025182902349818e-14]}, 141568], [0.08254944316463679, {"__complex__": [-1395.74462890625, 1.5918955945646608e-14]}, 160886], [0.0875469705282893, {"__complex__": [3131.0830078125, 1.5475273311611228e-14]}, 180544], [0.09254207143002044, {"__complex__": [1249.9307861328125, 0.0]}, 202004], [0.09754200795670145, {"__complex__": [3865.2021484375, -2.0738641178159357e-14]}, 224538], [0.10254171329034444, {"__complex__": [68.60795593261719, 3.003806174606792e-14]}, 248038], [0.10754099109209159, {"__complex__": [-592.1168823242188, 1.7064940913063078e-15]}, 272876], [0.11253870054955198, {"__complex__": [2723.244873046875, -1.5595132285295974e-15]}, 298594], [0.11753608765430268, {"__complex__": [6055.62548828125, 1.7145324127999274e-14]}, 325916], [0.12253572907412832, {"__complex__": [6076.083984375, -1.3141874571811606e-14]}, 354334], [0.1275331697481456, {"__complex__": [2970.426025390625, -6.072406727436865e-15]}, 383424], [0.13252928315027618, {"__complex__": [3956.983642578125, 4.4966446541218515e-15]}, 414230], [0.13752809598823948, {"__complex__": [2082.56396484375, 1.2518617564826525e-14]}, 446370], [0.1425292748907053, {"__complex__": [2609.65185546875, 1.7478392729452716e-14]}, 479558], [0.14752984329410787, {"__complex__": [2615.0048828125, 1.8135629733666324e-15]}, 513532], [0.15252898535896237, {"__complex__": [51.639244079589844, 2.5449217132120965e-15]}, 548930], [0.15752847498756622, {"__complex__": [647.5609130859375, -7.95257211320434e-15]}, 585548], [0.16252705956276423, {"__complex__": [-1055.9444580078125, -1.3452068201491498e-14]}, 623094], [0.16752723347134682, {"__complex__": [1800.5230712890625, -4.5679250177321426e-15]}, 662620], [0.17252557298757182, {"__complex__": [-800.7957763671875, 3.981859956911577e-15]}, 701674], [0.1775232051718564, {"__complex__": [1349.2806396484375, 0.0]}, 743764], [0.1825215844754662, {"__complex__": [-447.5976257324219, -1.1854618908353222e-15]}, 785620], [0.18752064712987349, {"__complex__": [-592.197021484375, -3.3658207294282863e-15]}, 830100], [0.19252067437217257, {"__complex__": [-437.3897705078125, 2.130154242897136e-15]}, 874418], [0.19751987908784707, {"__complex__": [206.8758544921875, -5.057786193985933e-15]}, 920682], [0.20251936794243589, {"__complex__": [881.4628295898438, 3.849561880879928e-15]}, 967718], [0.20751955964231095, {"__complex__": [945.6928100585938, 4.122647420657082e-15]}, 1016568], [0.2125192859071403, {"__complex__": [-654.47509765625, -4.370444897673078e-16]}, 1065478], [0.21751870204394746, {"__complex__": [426.70489501953125, -4.169976657134337e-15]}, 1116700], [0.22251763655620238, {"__complex__": [-835.8800048828125, -4.385786676051103e-15]}, 1167926], [0.2275173612096972, {"__complex__": [-518.7762451171875, 6.0968686154370955e-15]}, 1222034], [0.23251753944930767, {"__complex__": [613.0372924804688, 3.6506018883828914e-15]}, 1275574], [0.237518608068736, {"__complex__": [-740.2183837890625, 9.787000684435398e-15]}, 1332228], [0.24251933382685822, {"__complex__": [-881.2782592773438, 0.0]}, 1387574], [0.2475188275283454, {"__complex__": [-2100.3798828125, -2.898298776608907e-15]}, 1446004], [0.2525176353551358, {"__complex__": [-430.48150634765625, -3.715377462474743e-15]}, 1504002], [0.25751592740199597, {"__complex__": [-59.2899055480957, 3.8686370628520945e-15]}, 1564788], [0.2625152321376914, {"__complex__": [-38.45659255981445, 1.7181868517475614e-15]}, 1626114], [0.2675142035428968, {"__complex__": [65.00944519042969, 3.3094394636019615e-15]}, 1688484], [0.27251407722071946, {"__complex__": [701.2218017578125, 1.5938934488257022e-15]}, 1752920], [0.277514999580621, {"__complex__": [-132.94476318359375, -1.0246181692064927e-15]}, 1817892], [0.28251513318998955, {"__complex__": [-923.278564453125, 1.4835126679416132e-15]}, 1883346], [0.2875150555774266, {"__complex__": [-500.5533142089844, -4.2959884781479385e-15]}, 1951100], [0.2925143032383768, {"__complex__": [-385.6943054199219, -2.306960088658736e-15]}, 2018506], [0.2975129983065177, {"__complex__": [-603.325439453125, -1.7835979123080907e-15]}, 2088638], [0.30251265006104155, {"__complex__": [-798.1004028320312, 8.408738318816354e-15]}, 2159752], [0.3075131135075962, {"__complex__": [-512.2548828125, -1.6689994367422674e-15]}, 2232050], [0.31251255553945134, {"__complex__": [-417.8791809082031, -8.084229091174036e-16]}, 2304048], [0.3175120364779517, {"__complex__": [-537.5556030273438, -7.044942428903467e-15]}, 2379552], [0.3225126598898453, {"__complex__": [303.9747619628906, -3.129729777138937e-15]}, 2454976], [0.3275133985704822, {"__complex__": [149.66854858398438, -1.4712917824577466e-15]}, 2531986], [0.33251410375899365, 