{"edges": {"__dtype__": "<f8", "__shape__": [128], "__data__": [0.0, 0.005, 0.01, 0.015, 0.02, 0.025, 0.03, 0.035, 0.04, 0.045, 0.05, 0.055, 0.06, 0.065, 0.07, 0.075, 0.08, 0.085, 0.09, 0.095, 0.1, 0.105, 0.11, 0.115, 0.12, 0.125, 0.13, 0.135, 0.14, 0.145, 0.15, 0.155, 0.16, 0.165, 0.17, 0.17500000000000002, 0.18, 0.185, 0.19, 0.195, 0.2, 0.20500000000000002, 0.21, 0.215, 0.22, 0.225, 0.23, 0.23500000000000001, 0.24, 0.245, 0.25, 0.255, 0.26, 0.265, 0.27, 0.275, 0.28, 0.28500000000000003, 0.29, 0.295, 0.3, 0.305, 0.31, 0.315, 0.32, 0.325, 0.33, 0.335, 0.34, 0.34500000000000003, 0.35000000000000003, 0.355, 0.36, 0.365, 0.37, 0.375, 0.38, 0.385, 0.39, 0.395, 0.4, 0.405, 0.41000000000000003, 0.41500000000000004, 0.42, 0.425, 0.43, 0.435, 0.44, 0.445, 0.45, 0.455, 0.46, 0.465, 0.47000000000000003, 0.47500000000000003, 0.48, 0.485, 0.49, 0.495, 0.5, 0.505, 0.51, 0.515, 0.52, 0.525, 0.53, 0.535, 0.54, 0.545, 0.55, 0.555, 0.56, 0.5650000000000001, 0.5700000000000001, 0.5750000000000001, 0.58, 0.585, 0.59, 0.595, 0.6, 0.605, 0.61, 0.615, 0.62, 0.625, 0.63, 0.635]}, "poles": {"__dtype__": [["k", "<f8"], ["power_0", "<c8"], ["modes", "<i8"]], "__shape__": [127], "__data__": [[0.0037537781648676505, {"__complex__": [41277.203125, -1.7008731662687682e-12]}, 77], [0.008050398333474014, {"__complex__": [109240.0, -2.6554588606134133e-13]}, 548], [0.012848609532355457, {"__complex__": [112838.125, -3.736302445819101e-13]}, 1480], [0.017751579213119567, {"__complex__": [120027.328125, 0.0]}, 2872], [0.022691827324042853, {"__complex__": [111187.3203125, -2.458093848096716e-14]}, 4736], [0.027648005536595924, {"__complex__": [115637.1015625, -5.790984011766476e-14]}, 7036], [0.032612636555868525, {"__complex__": [107228.2734375, 4.141630614851177e-14]}, 9838], [0.03761114292794433, {"__complex__": [103734.9296875, -4.4070001926986135e-15]}, 13208], [0.04261303922036164, {"__complex__": [103091.21875, -1.035846416779472e-14]}, 16858], [0.04760505554480107, {"__complex__": [97185.140625, 2.761274256731579e-15]}, 21080], [0.05259133615803475, {"__complex__": [95151.2734375, 8.51852649427472e-15]}, 25624], [0.05756841184374016, {"__complex__": [93819.375, 3.788574661644671e-15]}, 30728], [0.06256248327880025, {"__complex__": [92732.6328125, -1.1163724838222228e-14]}, 36498], [0.06756661487904435, {"__complex__": [89402.3515625, 6.843451501960035e-15]}, 42528], [0.07257304507008182, {"__complex__": [91455.90625, 0.0]}, 49152], [0.07756473030387098, {"__complex__": [93038.0703125, -1.0441959593537366e-14]}, 55744], [0.08254764044823601, {"__complex__": [89425.2734375, -8.269961287771157e-15]}, 63346], [0.08754405971893497, {"__complex__": [88249.65625, -2.446111084750146e-15]}, 71388], [0.09254365223263855, {"__complex__": [86674.015625, -3.648834130621972e-15]}, 79762], [0.09754150838846357, {"__complex__": [85789.4453125, -8.215480022724642e-16]}, 88564], [0.10254123052801507, {"__complex__": [85912.34375, 7.128341292890125e-15]}, 97988], [0.10754181638082774, {"__complex__": [84425.5546875, 1.0808419080804519e-14]}, 107708], [0.11254085353408888, {"__complex__": [83305.515625, 1.184366444300462e-14]}, 117952], [0.11753281793039293, {"__complex__": [83726.3671875, 1.0889435241110551e-14]}, 128288], [0.12252442444514552, {"__complex__": [83556.734375, 3.305597110394979e-15]}, 139770], [0.12753052839909865, {"__complex__": [83251.828125, 7.087002696932326e-15]}, 151946], [0.13253665927256145, {"__complex__": [83244.78125, -2.1349901657512476e-15]}, 163582], [0.13753197887556465, {"__complex__": [83411.40625, 1.9850286999122677e-15]}, 175940], [0.1425260716253757, {"__complex__": [83924.546875, -3.771441726220558e-15]}, 189064], [0.14752506711896965, {"__complex__": [83458.03125, 3.443832675628644e-15]}, 202824], [0.1525272624752809, {"__complex__": [83576.28125, 1.8793467284239536e-15]}, 216806], [0.15752484634575162, {"__complex__": [82627.171875, 5.042331230830331e-15]}, 230876], [0.16252366735405163, {"__complex__": [81977.09375, -4.255084410092081e-15]}, 246232], [0.1675242007800524, {"__complex__": [82623.40625, -1.7818898703699524e-15]}, 261330], [0.17252326579974073, {"__complex__": [82693.5078125, 0.0]}, 277280], [0.17752110470595878, {"__complex__": [82386.046875, -3.968884682709062e-15]}, 293320], [0.1825207522633753, {"__complex__": [81190.1171875, 1.499356948615597e-15]}, 310574], [0.18752231962759572, {"__complex__": [80456.9140625, -2.8432122006424605e-15]}, 327560], [0.19252167162300435, {"__complex__": [80886.921875, -6.111274951803997e-16]}, 345268], [0.19752225984779248, {"__complex__": [80413.5703125, 6.40446958314456e-16]}, 363544], [0.20251992290984697, {"__complex__": [80838.7109375, -1.3726064089928714e-15]}, 381660], [0.20751551078768798, {"__complex__": [80657.953125, -1.7425096145862054e-15]}, 400854], [0.21251512379553542, {"__complex__": [80438.875, 1.382571963375555e-15]}, 421010], [0.21751870975885984, {"__complex__": [80401.640625, 5.27769182896091e-16]}, 441160], [0.2225209082741387, {"__complex__": [80862.2109375, -1.5141946365108874e-15]}, 461296], [0.22752039891934017, {"__complex__": [80009.0, 1.5692910592353458e-15]}, 482192], [0.23252118259031918, {"__complex__": [79268.5078125, 1.7328521949078651e-16]}, 503860], [0.23751936566507853, {"__complex__": [79338.8671875, 9.978000473052375e-16]}, 525024], [0.24251707186595864, {"__complex__": [78947.953125, -1.0622727541788866e-16]}, 547954], [0.24751627666670906, {"__complex__": [79132.4765625, -1.0202133331829743e-16]}, 570544], [0.2525167544702008, {"__complex__": [79680.9609375, 1.6648275877188031e-15]}, 594374], [0.25751857595461863, {"__complex__": [79777.15625, 9.420239865197259e-17]}, 617900], [0.2625190906945416, {"__complex__": [79735.2734375, 2.900837546110065e-15]}, 642106], [0.2675172479110602, {"__complex__": [79186.78125, -1.3981470993305488e-15]}, 666112], [0.272514629608296, {"__complex__": [79729.09375, -3.029080875423208e-15]}, 691786], [0.27751615229387816, {"__complex__": [79796.4375, 2.594227712830006e-15]}, 717996], [0.28251644607381426, {"__complex__": [79524.1484375, 2.1931106019765223e-15]}, 743152], [0.2875152531419474, {"__complex__": [79969.5859375, -1.284783809560059e-15]}, 770192], [0.2925134012698469, {"__complex__": [79748.2734375, -9.501144217154253e-16]}, 796430], [0.2975118362281548, {"__complex__": [79524.4609375, 5.645611177512657e-16]}, 824820], [0.3025125080826814, {"__complex__": [79183.7109375, -2.457857314146195e-15]}, 852562], [0.30751063191170563, {"__complex__": [78721.9375, 1.0578739532651174e-15]}, 880372], [0.3125111278203564, {"__complex__": [79394.2265625, -7.67024015001672e-16]}, 910652], [0.31751269361539736, {"__complex__": [79351.046875, 2.4795701037765526e-16]}, 938996], [0.3225130904459611, {"__complex__": [79079.6015625, 1.32105630146033e-15]}, 969352], [0.32751158760760724, {"__complex__": [78892.1171875, 2.56538539394305e-15]}, 998344], [0.3325089848249692, {"__complex__": [79421.9453125, -1.9215634857898184e-15]}, 1029922], [0.33751027924368393, {"__complex__": [79131.5859375, 3.288822469907555e-16]}, 1061918], [0.34251253316973607, {"__complex__": [79379.078125, -2.1296680724551916e-16]}, 1093272], [0.34751415893089227, {"__complex__": [78905.09375, 8.792198286730493e-16]}, 1125464], [0.352514235068077, {"__complex__": [78664.171875, -2.564923125712086e-15]}, 1157380], [0.357512374484406, {"__complex__": [78581.1796875, -4.8906931294467103e-17]}, 1190172], [0.3625118834929162, {"__complex__": [78285.03125, -9.506007906807167e-17]}, 1224650], [0.3675116774700016, {"__complex__": [78528.09375, -6.941250773082963e-16]}, 1257864], [0.3725098709245497, {"__complex__": [78728.5, 1.8016597252379861e-16]}, 1292312], [0.37751067052804127, {"__complex__": [78872.9140625, 7.667353885248951e-16]}, 1328534], [0.3825116981355865, {"__complex__": [78819.1796875, 6.83364953081529e-16]}, 1362848], [0.3875116125361288, {"__complex__": [78944.40625, 1.6640221652650827e-16]}, 1399204], [0.3925104655048909, {"__complex__": [78887.453125, 