{"edges": {"__dtype__": "<f8", "__shape__": [128], "__data__": [0.0, 0.005, 0.01, 0.015, 0.02, 0.025, 0.03, 0.035, 0.04, 0.045, 0.05, 0.055, 0.06, 0.065, 0.07, 0.075, 0.08, 0.085, 0.09, 0.095, 0.1, 0.105, 0.11, 0.115, 0.12, 0.125, 0.13, 0.135, 0.14, 0.145, 0.15, 0.155, 0.16, 0.165, 0.17, 0.17500000000000002, 0.18, 0.185, 0.19, 0.195, 0.2, 0.20500000000000002, 0.21, 0.215, 0.22, 0.225, 0.23, 0.23500000000000001, 0.24, 0.245, 0.25, 0.255, 0.26, 0.265, 0.27, 0.275, 0.28, 0.28500000000000003, 0.29, 0.295, 0.3, 0.305, 0.31, 0.315, 0.32, 0.325, 0.33, 0.335, 0.34, 0.34500000000000003, 0.35000000000000003, 0.355, 0.36, 0.365, 0.37, 0.375, 0.38, 0.385, 0.39, 0.395, 0.4, 0.405, 0.41000000000000003, 0.41500000000000004, 0.42, 0.425, 0.43, 0.435, 0.44, 0.445, 0.45, 0.455, 0.46, 0.465, 0.47000000000000003, 0.47500000000000003, 0.48, 0.485, 0.49, 0.495, 0.5, 0.505, 0.51, 0.515, 0.52, 0.525, 0.53, 0.535, 0.54, 0.545, 0.55, 0.555, 0.56, 0.5650000000000001, 0.5700000000000001, 0.5750000000000001, 0.58, 0.585, 0.59, 0.595, 0.6, 0.605, 0.61, 0.615, 0.62, 0.625, 0.63, 0.635]}, "poles": {"__dtype__": [["k", "<f8"], ["power_0", "<c8"], ["modes", "<i8"]], "__shape__": [127], "__data__": [[0.0037537781648676505, {"__complex__": [83683.0703125, 1.8898591188070551e-13]}, 77], [0.008050398333474014, {"__complex__": [108716.9140625, 5.576463769918494e-13]}, 548], [0.012848609532355457, {"__complex__": [110506.4765625, -1.9664750784773727e-14]}, 1480], [0.017751579213119567, {"__complex__": [106446.5859375, 6.080187487387048e-14]}, 2872], [0.022691827324042853, {"__complex__": [111923.6171875, -7.374281036070379e-14]}, 4736], [0.027648005536595924, {"__complex__": [109464.484375, 3.3091337694112974e-14]}, 7036], [0.032612636555868525, {"__complex__": [98269.109375, 5.9166153455801705e-15]}, 9838], [0.03761114292794433, {"__complex__": [98882.2421875, -4.4070001926986135e-15]}, 13208], [0.04261303922036164, {"__complex__": [97193.9140625, 1.381128471002668e-14]}, 16858], [0.04760505554480107, {"__complex__": [95643.6953125, -2.761274256731579e-15]}, 21080], [0.05259133615803475, {"__complex__": [95680.2578125, 2.0444464941512044e-14]}, 25624], [0.05756841184374016, {"__complex__": [94096.6484375, -1.8942873731739827e-14]}, 30728], [0.06256248327880025, {"__complex__": [92375.3203125, 6.379271094117574e-15]}, 36498], [0.06756661487904435, {"__complex__": [94439.1484375, 2.737380600784014e-14]}, 42528], [0.07257304507008182, {"__complex__": [90834.671875, -2.3684758564530796e-15]}, 49152], [0.07756473030387098, {"__complex__": [91032.84375, -1.722923290582018e-14]}, 55744], [0.08254764044823601, {"__complex__": [88934.9296875, 0.0]}, 63346], [0.08754405971893497, {"__complex__": [88342.3984375, -1.1415185203339506e-14]}, 71388], [0.09254365223263855, {"__complex__": [86610.7265625, -4.378600872043071e-15]}, 79762], [0.09754150838846357, {"__complex__": [87205.9921875, -7.886860991222246e-15]}, 88564], [0.10254123052801507, {"__complex__": [85170.6328125, 6.534313275332422e-15]}, 97988], [0.10754181638082774, {"__complex__": [84141.5546875, 8.646735095237026e-15]}, 107708], [0.11254085353408888, {"__complex__": [82788.3828125, 5.92183222150231e-15]}, 117952], [0.11753281793039293, {"__complex__": [82739.890625, 5.4447176205552755e-15]}, 128288], [0.12252442444514552, {"__complex__": [82372.140625, 6.6632507481458395e-15]}, 139770], [0.12753052839909865, {"__complex__": [82510.15625, -5.554677743701934e-15]}, 151946], [0.13253665927256145, {"__complex__": [81938.921875, -2.490821930629201e-15]}, 163582], [0.13753197887556465, {"__complex__": [82038.625, 6.616762615385208e-15]}, 175940], [0.1425260716253757, {"__complex__": [81993.015625, -1.2314911434967786e-15]}, 189064], [0.14752506711896965, {"__complex__": [81367.5703125, 1.721916337814322e-15]}, 202824], [0.1525272624752809, {"__complex__": [81530.875, -4.295649241452563e-15]}, 216806], [0.15752484634575162, {"__complex__": [81306.609375, -2.4581364115023154e-15]}, 230876], [0.16252366735405163, {"__complex__": [81733.7265625, 4.255084410092081e-15]}, 246232], [0.1675242007800524, {"__complex__": [82506.59375, 2.2273622850228813e-15]}, 261330], [0.17252326579974073, {"__complex__": [81167.78125, 5.24809416844324e-15]}, 277280], [0.17752110470595878, {"__complex__": [80537.703125, -3.9688845768299434e-16]}, 293320], [0.1825207522633753, {"__complex__": [80599.0078125, 6.559686782542135e-16]}, 310574], [0.18752231962759572, {"__complex__": [79989.1796875, 1.7770076254015378e-16]}, 327560], [0.19252167162300435, {"__complex__": [79719.6640625, 1.0115213457760467e-15]}, 345268], [0.19752225984779248, {"__complex__": [80786.171875, 6.40446958314456e-16]}, 363544], [0.20251992290984697, {"__complex__": [80508.0390625, -1.5251181851569156e-15]}, 381660], [0.20751551078768798, {"__complex__": [80547.4140625, 5.808365381954018e-16]}, 400854], [0.21251512379553542, {"__complex__": [79777.359375, -1.659086292523195e-15]}, 421010], [0.21751870975885984, {"__complex__": [79666.3203125, 1.2534517432037672e-15]}, 441160], [0.2225209082741387, {"__complex__": [79264.0625, 1.5141946365108874e-15]}, 461296], [0.22752039891934017, {"__complex__": [79073.84375, -1.448576370515636e-15]}, 482192], [0.23252118259031918, {"__complex__": [79391.6640625, 9.241878019911553e-16]}, 503860], [0.23751936566507853, {"__complex__": [79909.03125, 4.434666671036103e-16]}, 525024], [0.24251707186595864, {"__complex__": [79611.0234375, -6.37363652507332e-16]}, 547954], [0.24751627666670906, {"__complex__": [79780.71875, 1.632341333092759e-15]}, 570544], [0.2525167544702008, {"__complex__": [79126.3984375, -1.5668966029725763e-15]}, 594374], [0.25751857595461863, {"__complex__": [79590.3046875, -2.8260719595591777e-16]}, 617900], [0.2625190906945416, {"__complex__": [78728.578125, -8.15860546608566e-16]}, 642106], [0.2675172479110602, {"__complex__": [78663.109375, 5.243051887187354e-16]}, 666112], [0.272514629608296, {"__complex__": [78971.5625, 0.0]}, 691786], [0.27751615229387816, {"__complex__": [78879.3671875, -7.29626557468329e-16]}, 717996], [0.28251644607381426, {"__complex__": [78744.9296875, 4.699522491637294e-16]}, 743152], [0.2875152531419474, {"__complex__": [79196.3984375, 2.7207187427335166e-15]}, 770192], [0.2925134012698469, {"__complex__": [78681.7734375, 1.9002288434308507e-15]}, 796430], [0.2975118362281548, {"__complex__": [79023.640625, -1.975963753310752e-15]}, 824820], [0.3025125080826814, {"__complex__": [79225.671875, 1.3654762974011215e-15]}, 852562], [0.30751063191170563, {"__complex__": [78917.6640625, 5.289369766325587e-16]}, 880372], [0.3125111278203564, {"__complex__": [78664.3828125, 2.2371533506184305e-15]}, 910652], [0.31751269361539736, {"__complex__": [78587.671875, -2.479570156716112e-15]}, 938996], [0.3225130904459611, {"__complex__": [78142.421875, 2.401920528858942e-15]}, 969352], [0.32751158760760724, {"__complex__": [78542.0546875, 1.1660843181009856e-16]}, 998344], [0.3325089848249692, {"__complex__": [78509.328125, 0.0]}, 1029922], [0.33751027924368393, {"__complex__": [78382.203125, 2.1925482250391046e-16]}, 1061918], [0.34251253316973607, {"__complex__": [78300.2421875, 0.0]}, 1093272], [0.34751415893089227, {"__complex__": [78393.7265625, -1.5515643537152078e-15]}, 1125464], [0.352514235068077, {"__complex__": [78371.3828125, -3.017556727478017e-16]}, 1157380], [0.357512374484406, {"__complex__": [78137.875, -1.17376637753699e-15]}, 1190172], [0.3625118834929162, {"__complex__": [78518.609375, 1.7110814099904003e-15]}, 1224650], [0.3675116774700016, {"__complex__": [78231.0, 1.8510001885089372e-16]}, 1257864], [0.3725098709245497, {"__complex__": [78271.0546875, 9.008298096794339e-16]}, 1292312], [0.37751067052804127, {"__complex__": [78581.953125, -1.2267766639914796e-15]}, 1328534], [0.3825116981355865, {"__complex__": [78338.8359375, 4.698133886999389e-16]}, 1362848], [0.3875116125361288, {"__complex__": [78053.234375, -5.824077313729993e-16]}, 1399204], [0.3925104655048909, {"__complex__": [78446.8828125, 