{"poles": {"dims": ["k"], "edges": [{"__dtype__": "<f8", "__shape__": [94], "__data__": [0.0, 0.005, 0.01, 0.015, 0.02, 0.025, 0.03, 0.035, 0.04, 0.045, 0.05, 0.055, 0.06, 0.065, 0.07, 0.075, 0.08, 0.085, 0.09, 0.095, 0.1, 0.105, 0.11, 0.115, 0.12, 0.125, 0.13, 0.135, 0.14, 0.145, 0.15, 0.155, 0.16, 0.165, 0.17, 0.17500000000000002, 0.18, 0.185, 0.19, 0.195, 0.2, 0.20500000000000002, 0.21, 0.215, 0.22, 0.225, 0.23, 0.23500000000000001, 0.24, 0.245, 0.25, 0.255, 0.26, 0.265, 0.27, 0.275, 0.28, 0.28500000000000003, 0.29, 0.295, 0.3, 0.305, 0.31, 0.315, 0.32, 0.325, 0.33, 0.335, 0.34, 0.34500000000000003, 0.35000000000000003, 0.355, 0.36, 0.365, 0.37, 0.375, 0.38, 0.385, 0.39, 0.395, 0.4, 0.405, 0.41000000000000003, 0.41500000000000004, 0.42, 0.425, 0.43, 0.435, 0.44, 0.445, 0.45, 0.455, 0.46, 0.465]}], "coords": [{"__dtype__": "<f8", "__shape__": [93], "__data__": [0.0025, 0.0075, 0.0125, 0.0175, 0.0225, 0.0275, 0.0325, 0.037500000000000006, 0.042499999999999996, 0.0475, 0.052500000000000005, 0.057499999999999996, 0.0625, 0.0675, 0.07250000000000001, 0.0775, 0.0825, 0.0875, 0.0925, 0.0975, 0.10250000000000001, 0.1075, 0.1125, 0.1175, 0.1225, 0.1275, 0.1325, 0.1375, 0.14250000000000002, 0.1475, 0.1525, 0.1575, 0.1625, 0.1675, 0.17250000000000001, 0.1775, 0.1825, 0.1875, 0.1925, 0.1975, 0.2025, 0.20750000000000002, 0.2125, 0.2175, 0.2225, 0.2275, 0.2325, 0.2375, 0.2425, 0.2475, 0.2525, 0.2575, 0.2625, 0.2675, 0.2725, 0.2775, 0.28250000000000003, 0.2875, 0.2925, 0.2975, 0.3025, 0.3075, 0.3125, 0.3175, 0.3225, 0.3275, 0.3325, 0.3375, 0.3425, 0.34750000000000003, 0.35250000000000004, 0.3575, 0.3625, 0.3675, 0.3725, 0.3775, 0.3825, 0.3875, 0.3925, 0.3975, 0.4025, 0.40750000000000003, 0.41250000000000003, 0.4175, 0.4225, 0.4275, 0.4325, 0.4375, 0.4425, 0.4475, 0.4525, 0.4575, 0.4625]}], "data": {"__dtype__": [["k", "<f8"], ["power_0", "<c8"], ["modes", "<i8"]], "__shape__": [93], "__data__": [[0.0037081367915242675, {"__complex__": [108041.796875, 3.0475215450145865e-13]}, 191], [0.008018577791264523, {"__complex__": [92927.421875, 2.2671461604763243e-13]}, 1380], [0.012844085612331841, {"__complex__": [123089.125, -1.2351758342261238e-13]}, 3770], [0.01775141230162106, {"__complex__": [109216.6953125, -8.022003742703954e-14]}, 7256], [0.022691010615224643, {"__complex__": [105367.2890625, 3.1502896808126984e-14]}, 12010], [0.027661296094027222, {"__complex__": [109610.453125, 3.896964470410415e-14]}, 17924], [0.03263163473973046, {"__complex__": [99925.453125, 2.073837859794571e-14]}, 24910], [0.03760885918999335, {"__complex__": [100646.3125, 1.2257931316847753e-14]}, 33240], [0.04258994605322728, {"__complex__": [96972.8984375, -6.837342276827963e-15]}, 42566], [0.047583805693835864, {"__complex__": [99074.5546875, -1.306129463347341e-14]}, 53478], [0.052589415944125126, {"__complex__": [97188.7265625, -8.919621158755102e-16]}, 65258], [0.057576993125266096, {"__complex__": [94621.484375, -3.0866791158365003e-15]}, 77788], [0.0625679362273907, {"__complex__": [91490.421875, 2.518776347229198e-15]}, 92438], [0.06756372941029527, {"__complex__": [91739.296875, 1.4089665476273595e-14]}, 107412], [0.07255867544245412, {"__complex__": [89464.234375, -6.55903181431567e-15]}, 124242], [0.07755343255815964, {"__complex__": [86627.34375, -3.289311843192831e-15]}, 141568], [0.08254944316463679, {"__complex__": [85375.5078125, -4.205860360911818e-15]}, 160886], [0.0875469705282893, {"__complex__": [86374.796875, 3.022514252499619e-15]}, 180544], [0.09254207143002044, {"__complex__": [85040.6875, 1.728906159574183e-15]}, 202004], [0.09754200795670145, {"__complex__": [83818.1875, -3.1107960496689615e-15]}, 224538], [0.10254171329034444, {"__complex__": [84427.8125, 1.4080340914073746e-15]}, 248038], [0.10754099109209159, {"__complex__": [83144.3203125, 3.199676487373776e-15]}, 272876], [0.11253870054955198, {"__complex__": [82996.4453125, -1.5595132285295974e-15]}, 298594], [0.11753608765430268, {"__complex__": [82345.8515625, -2.7236060662924697e-15]}, 325916], [0.12253572907412832, {"__complex__": [81260.984375, 0.0]}, 354334], [0.1275331697481456, {"__complex__": [81456.2890625, -1.8976269699751223e-15]}, 383424], [0.13252928315027618, {"__complex__": [81472.640625, 2.107802313968516e-15]}, 414230], [0.13752809598823948, {"__complex__": [79891.5078125, -2.6080453612985655e-15]}, 446370], [0.1425292748907053, {"__complex__": [79352.984375, -2.913065525494865e-15]}, 479558], [0.14752984329410787, {"__complex__": [78782.0, 2.2669537167082905e-16]}, 513532], [0.15252898535896237, {"__complex__": [79119.5625, 0.0]}, 548930], [0.15752847498756622, {"__complex__": [78960.6796875, 1.5905145285199864e-15]}, 585548], [0.16252705956276423, {"__complex__": [78340.09375, 1.4012570866755113e-15]}, 623094], [0.16752723347134682, {"__complex__": [78444.515625, 3.513788332648989e-16]}, 662620], [0.17252557298757182, {"__complex__": [78372.453125, 1.1613758737054358e-15]}, 701674], [0.1775232051718564, {"__complex__": [78548.359375, -1.0956529991411985e-15]}, 743764], [0.1825215844754662, {"__complex__": [78364.015625, -1.5188730112368097e-15]}, 785620], [0.18752064712987349, {"__complex__": [77902.2890625, -8.414551823570716e-16]}, 830100], [0.19252067437217257, {"__complex__": [77534.5078125, -7.988078146166464e-16]}, 874418], [0.19751987908784707, {"__complex__": [77394.3046875, -5.690009468234175e-16]}, 920682], [0.20251936794243589, {"__complex__": [77174.1484375, -9.62390470219982e-16]}, 967718], [0.20751955964231095, {"__complex__": [77449.125, -1.8322879072151096e-15]}, 1016568], [0.2125192859071403, {"__complex__": [76926.8515625, 4.370444897673078e-16]}, 1065478], [0.21751870204394746, {"__complex__": [76980.4140625, -3.127482545790312e-16]}, 1116700], [0.22251763655620238, {"__complex__": [77351.8046875, -1.4951545005269132e-15]}, 1167926], [0.2275173612096972, {"__complex__": [76804.640625, 2.1910620527935878e-15]}, 1222034], [0.23251753944930767, {"__complex__": [76275.1875, 3.6506018883828914e-16]}, 1275574], [0.237518608068736, {"__complex__": [76402.6640625, -7.864553743281593e-16]}, 1332228], [0.24251933382685822, {"__complex__": [76853.34375, -8.389846122430574e-17]}, 1387574], [0.2475188275283454, {"__complex__": [76166.375, -1.8919450729649404e-15]}, 1446004], [0.2525176353551358, {"__complex__": [76459.90625, 7.74037024288464e-16]}, 1504002], [0.25751592740199597, {"__complex__": [76717.296875, 3.719843126051786e-16]}, 1564788], [0.2625152321376914, {"__complex__": [76194.0625, 7.159111882281506e-17]}, 1626114], [0.2675142035428968, {"__complex__": [75874.9921875, -2.3441861278993784e-15]}, 1688484], [0.27251407722071946, {"__complex__": [76057.7890625, -9.961833790462843e-16]}, 1752920], [0.277514999580621, {"__complex__": [75774.2890625, -7.684636004350899e-16]}, 1817892], [0.28251513318998955, {"__complex__": [75757.4140625, -3.090651435661327e-16]}, 1883346], [0.2875150555774266, {"__complex__": [76428.2421875, 5.966650958203021e-16]}, 1951100], [0.2925143032383768, {"__complex__": [75947.03125, -3.460440080048545e-16]}, 2018506], [0.2975129983065177, {"__complex__": [75728.9375, 6.131117757384613e-16]}, 2088638], [0.30251265006104155, {"__complex__": [75881.046875, -8.624347590924621e-16]}, 2159752], [0.3075131135075962, {"__complex__": [76100.6640625, 1.0431246479639171e-16]}, 2232050], [0.31251255553945134, {"__complex__": [76036.953125, 2.021057272793509e-16]}, 2304048], [0.3175120364779517, {"__complex__": [75952.0, 6.482325145887031e-16]}, 2379552], [0.3225126598898453, {"__complex__": [76110.5390625, -3.7936117548237553e-16]}, 2454976], [0.3275133985704822, {"__complex__": [75955.0, 4.1380082043368613e-16]}, 2531986], [0.33251410375899365, {"__complex__": [75830.84375, 5.353421339005773e-16]}, 2609516], [0.3375135412275565, {"__complex__": [75851.4609375, 5.414396064505058e-16]}, 2687634], [0.34251245849241974, {"__complex__": [75758.4375, 6.518478629658213e-16]}, 2768188], [0.3475114266102975, {"__complex__": [75549.9296875, 