{"edges": {"__dtype__": "<f8", "__shape__": [128], "__data__": [0.0, 0.005, 0.01, 0.015, 0.02, 0.025, 0.03, 0.035, 0.04, 0.045, 0.05, 0.055, 0.06, 0.065, 0.07, 0.075, 0.08, 0.085, 0.09, 0.095, 0.1, 0.105, 0.11, 0.115, 0.12, 0.125, 0.13, 0.135, 0.14, 0.145, 0.15, 0.155, 0.16, 0.165, 0.17, 0.17500000000000002, 0.18, 0.185, 0.19, 0.195, 0.2, 0.20500000000000002, 0.21, 0.215, 0.22, 0.225, 0.23, 0.23500000000000001, 0.24, 0.245, 0.25, 0.255, 0.26, 0.265, 0.27, 0.275, 0.28, 0.28500000000000003, 0.29, 0.295, 0.3, 0.305, 0.31, 0.315, 0.32, 0.325, 0.33, 0.335, 0.34, 0.34500000000000003, 0.35000000000000003, 0.355, 0.36, 0.365, 0.37, 0.375, 0.38, 0.385, 0.39, 0.395, 0.4, 0.405, 0.41000000000000003, 0.41500000000000004, 0.42, 0.425, 0.43, 0.435, 0.44, 0.445, 0.45, 0.455, 0.46, 0.465, 0.47000000000000003, 0.47500000000000003, 0.48, 0.485, 0.49, 0.495, 0.5, 0.505, 0.51, 0.515, 0.52, 0.525, 0.53, 0.535, 0.54, 0.545, 0.55, 0.555, 0.56, 0.5650000000000001, 0.5700000000000001, 0.5750000000000001, 0.58, 0.585, 0.59, 0.595, 0.6, 0.605, 0.61, 0.615, 0.62, 0.625, 0.63, 0.635]}, "poles": {"__dtype__": [["k", "<f8"], ["power_0", "<c8"], ["modes", "<i8"]], "__shape__": [127], "__data__": [[0.0037537781648676505, {"__complex__": [123902.015625, -1.1811619390900141e-12]}, 77], [0.008050398333474014, {"__complex__": [97588.5390625, 1.4605024546525402e-13]}, 548], [0.012848609532355457, {"__complex__": [113132.2890625, -9.340756114547752e-14]}, 1480], [0.017751579213119567, {"__complex__": [118109.6953125, 8.613598658120669e-14]}, 2872], [0.022691827324042853, {"__complex__": [115919.109375, -4.916187696193432e-14]}, 4736], [0.027648005536595924, {"__complex__": [115514.9765625, 6.204625605887946e-15]}, 7036], [0.032612636555868525, {"__complex__": [105147.890625, 2.3666461382320682e-14]}, 9838], [0.03761114292794433, {"__complex__": [101462.765625, 1.2670126348101902e-14]}, 13208], [0.04261303922036164, {"__complex__": [98281.1328125, 1.726410588753335e-15]}, 16858], [0.04760505554480107, {"__complex__": [96103.7734375, 1.3806371071899658e-14]}, 21080], [0.05259133615803475, {"__complex__": [93737.59375, -2.83950888789377e-14]}, 25624], [0.05756841184374016, {"__complex__": [94378.7578125, -1.0892152522805343e-14]}, 30728], [0.06256248327880025, {"__complex__": [90817.765625, -1.2758542188235147e-14]}, 36498], [0.06756661487904435, {"__complex__": [89657.8046875, -4.1060709858793155e-15]}, 42528], [0.07257304507008182, {"__complex__": [89922.984375, 7.697546586412068e-15]}, 49152], [0.07756473030387098, {"__complex__": [87618.1484375, 1.696818433949822e-15]}, 55744], [0.08254764044823601, {"__complex__": [88981.734375, -1.837769057416792e-15]}, 63346], [0.08754405971893497, {"__complex__": [87353.9921875, -7.338333466008675e-15]}, 71388], [0.09254365223263855, {"__complex__": [86736.3671875, -1.0946502180107678e-15]}, 79762], [0.09754150838846357, {"__complex__": [84356.4609375, -5.915145319900211e-15]}, 88564], [0.10254123052801507, {"__complex__": [82266.4296875, 1.6707050434606823e-15]}, 97988], [0.10754181638082774, {"__complex__": [83679.796875, 4.323367547618513e-15]}, 107708], [0.11254085353408888, {"__complex__": [83358.9609375, -9.869720016240121e-16]}, 117952], [0.11753281793039293, {"__complex__": [82828.9375, -3.743243152373515e-15]}, 128288], [0.12252442444514552, {"__complex__": [81840.515625, 0.0]}, 139770], [0.12753052839909865, {"__complex__": [80772.5859375, -5.74621857461397e-15]}, 151946], [0.13253665927256145, {"__complex__": [80713.1796875, 4.269980331502495e-15]}, 163582], [0.13753197887556465, {"__complex__": [81447.328125, 6.61676250950609e-16]}, 175940], [0.1425260716253757, {"__complex__": [81130.265625, -3.0787278587419465e-16]}, 189064], [0.14752506711896965, {"__complex__": [80037.4921875, 2.18826874989178e-15]}, 202824], [0.1525272624752809, {"__complex__": [78953.1796875, 3.758693456847907e-15]}, 216806], [0.15752484634575162, {"__complex__": [79391.375, 1.2605828077075828e-15]}, 230876], [0.16252366735405163, {"__complex__": [79297.09375, -3.0731164242850644e-15]}, 246232], [0.1675242007800524, {"__complex__": [79761.140625, 7.573031896132738e-15]}, 261330], [0.17252326579974073, {"__complex__": [79178.953125, 1.259542545369236e-15]}, 277280], [0.17752110470595878, {"__complex__": [79314.375, -2.3565253332980647e-16]}, 293320], [0.1825207522633753, {"__complex__": [79806.90625, 3.842102061713459e-15]}, 310574], [0.18752231962759572, {"__complex__": [78732.703125, -1.4216061003212302e-15]}, 327560], [0.19252167162300435, {"__complex__": [78363.7421875, 2.9502708124282996e-16]}, 345268], [0.19752225984779248, {"__complex__": [78243.703125, -1.441005590033077e-15]}, 363544], [0.20251992290984697, {"__complex__": [77871.3125, -3.4315159695426194e-15]}, 381660], [0.20751551078768798, {"__complex__": [78181.515625, 1.5973004270977958e-15]}, 400854], [0.21251512379553542, {"__complex__": [78261.8125, -7.189374251904534e-15]}, 421010], [0.21751870975885984, {"__complex__": [78078.8515625, 6.597114521503342e-16]}, 441160], [0.2225209082741387, {"__complex__": [78346.078125, -2.3974748764352778e-15]}, 461296], [0.22752039891934017, {"__complex__": [78489.46875, -1.810720463144545e-16]}, 482192], [0.23252118259031918, {"__complex__": [77484.328125, 2.310469504977888e-16]}, 503860], [0.23751936566507853, {"__complex__": [78224.3828125, -2.2173334149273903e-15]}, 525024], [0.24251707186595864, {"__complex__": [77787.9765625, 3.18681826253666e-16]}, 547954], [0.24751627666670906, {"__complex__": [77395.9765625, 2.652554825094411e-15]}, 570544], [0.2525167544702008, {"__complex__": [77616.25, 7.222413830803372e-16]}, 594374], [0.25751857595461863, {"__complex__": [78226.078125, -1.3188335811276162e-15]}, 617900], [0.2625190906945416, {"__complex__": [77779.7421875, -6.345581735069073e-16]}, 642106], [0.2675172479110602, {"__complex__": [77499.5859375, 1.747683874163186e-16]}, 666112], [0.272514629608296, {"__complex__": [76809.2890625, -1.3462581786191055e-15]}, 691786], [0.27751615229387816, {"__complex__": [77257.1171875, 6.080221135770878e-16]}, 717996], [0.28251644607381426, {"__complex__": [77329.5546875, 2.937201623447758e-16]}, 743152], [0.2875152531419474, {"__complex__": [77563.0703125, -1.8893880922554165e-15]}, 770192], [0.2925134012698469, {"__complex__": [77284.5546875, 1.1693715470901611e-15]}, 796430], [0.2975118362281548, {"__complex__": [77210.6328125, -2.311171959988958e-15]}, 824820], [0.3025125080826814, {"__complex__": [76679.3515625, -1.365476270931342e-16]}, 852562], [0.30751063191170563, {"__complex__": [76821.5546875, -7.934054384790585e-16]}, 880372], [0.3125111278203564, {"__complex__": [76900.3515625, 1.27837335833612e-15]}, 910652], [0.31751269361539736, {"__complex__": [76780.171875, 4.0293015840730205e-16]}, 938996], [0.3225130904459611, {"__complex__": [76841.8828125, -6.004801189798457e-17]}, 969352], [0.32751158760760724, {"__complex__": [77021.3046875, -3.3524923483658846e-16]}, 998344], [0.3325089848249692, {"__complex__": [77014.515625, -4.521325817776302e-16]}, 1029922], [0.33751027924368393, {"__complex__": [76517.703125, -2.740685215124432e-16]}, 1061918], [0.34251253316973607, {"__complex__": [76714.640625, 2.0231845695707585e-15]}, 1093272], [0.34751415893089227, {"__complex__": [76675.3125, -1.4998455807470443e-15]}, 1125464], [0.352514235068077, {"__complex__": [76645.484375, 5.029260771300368e-16]}, 1157380], [0.357512374484406, {"__complex__": [76879.3046875, 2.934415943842475e-16]}, 1190172], [0.3625118834929162, {"__complex__": [76896.9140625, 3.802403162722867e-16]}, 1224650], [0.3675116774700016, {"__complex__": [76580.328125, 5.553000300829016e-16]}, 1257864], [0.3725098709245497, {"__complex__": [76750.6796875, -2.2520745241985847e-16]}, 1292312], [0.37751067052804127, {"__complex__": [76830.0625, -4.381345152913057e-16]}, 1328534], [0.3825116981355865, {"__complex__": [76927.5546875, 4.698133886999389e-16]}, 1362848], [0.3875116125361288, {"__complex__": [76415.359375, 8.320110826325413e-16]}, 1399204], 