{"poles": {"dims": ["k"], "edges": [{"__dtype__": "<f8", "__shape__": [94], "__data__": [0.0, 0.005, 0.01, 0.015, 0.02, 0.025, 0.03, 0.035, 0.04, 0.045, 0.05, 0.055, 0.06, 0.065, 0.07, 0.075, 0.08, 0.085, 0.09, 0.095, 0.1, 0.105, 0.11, 0.115, 0.12, 0.125, 0.13, 0.135, 0.14, 0.145, 0.15, 0.155, 0.16, 0.165, 0.17, 0.17500000000000002, 0.18, 0.185, 0.19, 0.195, 0.2, 0.20500000000000002, 0.21, 0.215, 0.22, 0.225, 0.23, 0.23500000000000001, 0.24, 0.245, 0.25, 0.255, 0.26, 0.265, 0.27, 0.275, 0.28, 0.28500000000000003, 0.29, 0.295, 0.3, 0.305, 0.31, 0.315, 0.32, 0.325, 0.33, 0.335, 0.34, 0.34500000000000003, 0.35000000000000003, 0.355, 0.36, 0.365, 0.37, 0.375, 0.38, 0.385, 0.39, 0.395, 0.4, 0.405, 0.41000000000000003, 0.41500000000000004, 0.42, 0.425, 0.43, 0.435, 0.44, 0.445, 0.45, 0.455, 0.46, 0.465]}], "coords": [{"__dtype__": "<f8", "__shape__": [93], "__data__": [0.0025, 0.0075, 0.0125, 0.0175, 0.0225, 0.0275, 0.0325, 0.037500000000000006, 0.042499999999999996, 0.0475, 0.052500000000000005, 0.057499999999999996, 0.0625, 0.0675, 0.07250000000000001, 0.0775, 0.0825, 0.0875, 0.0925, 0.0975, 0.10250000000000001, 0.1075, 0.1125, 0.1175, 0.1225, 0.1275, 0.1325, 0.1375, 0.14250000000000002, 0.1475, 0.1525, 0.1575, 0.1625, 0.1675, 0.17250000000000001, 0.1775, 0.1825, 0.1875, 0.1925, 0.1975, 0.2025, 0.20750000000000002, 0.2125, 0.2175, 0.2225, 0.2275, 0.2325, 0.2375, 0.2425, 0.2475, 0.2525, 0.2575, 0.2625, 0.2675, 0.2725, 0.2775, 0.28250000000000003, 0.2875, 0.2925, 0.2975, 0.3025, 0.3075, 0.3125, 0.3175, 0.3225, 0.3275, 0.3325, 0.3375, 0.3425, 0.34750000000000003, 0.35250000000000004, 0.3575, 0.3625, 0.3675, 0.3725, 0.3775, 0.3825, 0.3875, 0.3925, 0.3975, 0.4025, 0.40750000000000003, 0.41250000000000003, 0.4175, 0.4225, 0.4275, 0.4325, 0.4375, 0.4425, 0.4475, 0.4525, 0.4575, 0.4625]}], "data": {"__dtype__": [["k", "<f8"], ["power_2", "<c8"], ["modes", "<i8"]], "__shape__": [93], "__data__": [[0.0037081367915242675, {"__complex__": [40711.05078125, -1.8285128185885346e-12]}, 191], [0.008018577791264523, {"__complex__": [12771.7626953125, -5.905125021778146e-13]}, 1380], [0.012844085612331841, {"__complex__": [-19391.63671875, 6.175879171130619e-14]}, 3770], [0.01775141230162106, {"__complex__": [2612.259033203125, -2.567041360295591e-13]}, 7256], [0.022691010615224643, {"__complex__": [8690.0712890625, 7.754559527058807e-14]}, 12010], [0.027661296094027222, {"__complex__": [-4474.97705078125, -1.0391905706178678e-13]}, 17924], [0.03263163473973046, {"__complex__": [12516.4375, -1.2851952304031994e-13]}, 24910], [0.03760885918999335, {"__complex__": [21566.470703125, -5.603625744844687e-14]}, 33240], [0.04258994605322728, {"__complex__": [14107.4267578125, -1.75035956865785e-13]}, 42566], [0.047583805693835864, {"__complex__": [7189.08154296875, 8.707530037993256e-15]}, 53478], [0.052589415944125126, {"__complex__": [9413.94140625, 1.4271393854008163e-14]}, 65258], [0.057576993125266096, {"__complex__": [10317.4697265625, 2.3945147080428608e-14]}, 77788], [0.0625679362273907, {"__complex__": [3284.805908203125, 2.2668986913304545e-14]}, 92438], [0.06756372941029527, {"__complex__": [4146.17138671875, 9.754383986735476e-15]}, 107412], [0.07255867544245412, {"__complex__": [6978.359375, 2.998414640490929e-14]}, 124242], [0.07755343255815964, {"__complex__": [6390.81591796875, 1.3157247372771325e-14]}, 141568], [0.08254944316463679, {"__complex__": [3892.10302734375, 5.2098401276661627e-14]}, 160886], [0.0875469705282893, {"__complex__": [4505.91162109375, 2.83713346869649e-14]}, 180544], [0.09254207143002044, {"__complex__": [4012.854736328125, 0.0]}, 202004], [0.09754200795670145, {"__complex__": [6400.72705078125, 1.348011600347393e-14]}, 224538], [0.10254171329034444, {"__complex__": [3519.188720703125, -1.8773789014808924e-14]}, 248038], [0.10754099109209159, {"__complex__": [1264.02685546875, 1.7064940913063078e-15]}, 272876], [0.11253870054955198, {"__complex__": [-1271.4151611328125, 7.40768767669691e-15]}, 298594], [0.11753608765430268, {"__complex__": [-995.4586791992188, 0.0]}, 325916], [0.12253572907412832, {"__complex__": [2018.591064453125, 5.256749574614758e-15]}, 354334], [0.1275331697481456, {"__complex__": [3508.339599609375, 1.5788257067819375e-14]}, 383424], [0.13252928315027618, {"__complex__": [1713.173583984375, -2.3888424672082777e-14]}, 414230], [0.13752809598823948, {"__complex__": [3373.722900390625, -5.216090828476249e-16]}, 446370], [0.1425292748907053, {"__complex__": [-750.4884033203125, 0.0]}, 479558], [0.14752984329410787, {"__complex__": [-1057.095703125, 1.0881377416683321e-14]}, 513532], [0.15252898535896237, {"__complex__": [1052.7042236328125, 5.089843426424193e-15]}, 548930], [0.15752847498756622, {"__complex__": [-740.0233764648438, 9.14545793018499e-15]}, 585548], [0.16252705956276423, {"__complex__": [-1128.2130126953125, -1.49467423284582e-15]}, 623094], [0.16752723347134682, {"__complex__": [96.32466888427734, -6.324819157586857e-15]}, 662620], [0.17252557298757182, {"__complex__": [727.8812866210938, 0.0]}, 701674], [0.1775232051718564, {"__complex__": [-24.225521087646484, 3.1304370496498942e-15]}, 743764], [0.1825215844754662, {"__complex__": [100.00850677490234, -5.630944166756238e-15]}, 785620], [0.18752064712987349, {"__complex__": [88.7044448852539, 4.487760972571048e-15]}, 830100], [0.19252067437217257, {"__complex__": [2100.80810546875, 3.1952312584665856e-15]}, 874418], [0.19751987908784707, {"__complex__": [-25.463459014892578, 8.092457910377493e-15]}, 920682], [0.20251936794243589, {"__complex__": [-859.32958984375, -5.774342609561655e-15]}, 967718], [0.20751955964231095, {"__complex__": [751.8388671875, -5.496863509887092e-15]}, 1016568], [0.2125192859071403, {"__complex__": [-795.6281127929688, -1.7481779590692312e-15]}, 1065478], [0.21751870204394746, {"__complex__": [-1034.1639404296875, 4.586974365199418e-15]}, 1116700], [0.22251763655620238, {"__complex__": [-1192.5736083984375, -9.170281077737225e-15]}, 1167926], [0.2275173612096972, {"__complex__": [206.48301696777344, 7.621085769296369e-16]}, 1222034], [0.23251753944930767, {"__complex__": [-1231.013671875, -1.4602407553531566e-15]}, 1275574], [0.237518608068736, {"__complex__": [-895.6359252929688, 2.097214402127837e-15]}, 1332228], [0.24251933382685822, {"__complex__": [-1054.03564453125, 0.0]}, 1387574], [0.2475188275283454, {"__complex__": [-126.57484436035156, 2.5762655321505314e-15]}, 1446004], [0.2525176353551358, {"__complex__": [441.47198486328125, -2.4769185200747322e-15]}, 1504002], [0.25751592740199597, {"__complex__": [-37.25785827636719, 2.380699600673143e-15]}, 1564788], [0.2625152321376914, {"__complex__": [627.6702880859375, 0.0]}, 1626114], [0.2675142035428968, {"__complex__": [-198.32102966308594, 1.1031464878673205e-15]}, 1688484], [0.27251407722071946, {"__complex__": [289.9834899902344, 6.641222809319544e-15]}, 1752920], [0.277514999580621, {"__complex__": [-1221.9951171875, 5.379245361864307e-15]}, 1817892], [0.28251513318998955, {"__complex__": [-124.02027893066406, 4.450538109703958e-15]}, 1883346], [0.2875150555774266, {"__complex__": [1037.5682373046875, -4.773320766562417e-15]}, 1951100], [0.2925143032383768, {"__complex__": [-593.8793334960938, -4.61392028319659e-16]}, 2018506], [0.2975129983065177, {"__complex__": [-60.355690002441406, -8.917989561540453e-16]}, 2088638], [0.30251265006104155, {"__complex__": [-566.96630859375, 3.880956310036961e-15]}, 2159752], [0.3075131135075962, {"__complex__": [-515.5126342773438, -3.5987799891534e-15]}, 2232050], [0.31251255553945134, {"__complex__": [-20.760631561279297, -4.042114545587018e-16]}, 2304048], [0.3175120364779517, {"__complex__": [-232.385986328125, 4.6966282859356445e-15]}, 2379552], [0.3225126598898453, {"__complex__": [-518.3546142578125, -2.276167052894253e-15]}, 2454976], [0.3275133985704822, {"__complex__": [515.7921752929688, 5.149521556239468e-15]}, 2531986], [0.33251410375899365, {"__complex__": [484.4381103515625, -2.8551581180558247e-15]}, 2609516], 