{"poles": {"dims": ["k"], "edges": [{"__dtype__": "<f8", "__shape__": [94], "__data__": [0.0, 0.005, 0.01, 0.015, 0.02, 0.025, 0.03, 0.035, 0.04, 0.045, 0.05, 0.055, 0.06, 0.065, 0.07, 0.075, 0.08, 0.085, 0.09, 0.095, 0.1, 0.105, 0.11, 0.115, 0.12, 0.125, 0.13, 0.135, 0.14, 0.145, 0.15, 0.155, 0.16, 0.165, 0.17, 0.17500000000000002, 0.18, 0.185, 0.19, 0.195, 0.2, 0.20500000000000002, 0.21, 0.215, 0.22, 0.225, 0.23, 0.23500000000000001, 0.24, 0.245, 0.25, 0.255, 0.26, 0.265, 0.27, 0.275, 0.28, 0.28500000000000003, 0.29, 0.295, 0.3, 0.305, 0.31, 0.315, 0.32, 0.325, 0.33, 0.335, 0.34, 0.34500000000000003, 0.35000000000000003, 0.355, 0.36, 0.365, 0.37, 0.375, 0.38, 0.385, 0.39, 0.395, 0.4, 0.405, 0.41000000000000003, 0.41500000000000004, 0.42, 0.425, 0.43, 0.435, 0.44, 0.445, 0.45, 0.455, 0.46, 0.465]}], "coords": [{"__dtype__": "<f8", "__shape__": [93], "__data__": [0.0025, 0.0075, 0.0125, 0.0175, 0.0225, 0.0275, 0.0325, 0.037500000000000006, 0.042499999999999996, 0.0475, 0.052500000000000005, 0.057499999999999996, 0.0625, 0.0675, 0.07250000000000001, 0.0775, 0.0825, 0.0875, 0.0925, 0.0975, 0.10250000000000001, 0.1075, 0.1125, 0.1175, 0.1225, 0.1275, 0.1325, 0.1375, 0.14250000000000002, 0.1475, 0.1525, 0.1575, 0.1625, 0.1675, 0.17250000000000001, 0.1775, 0.1825, 0.1875, 0.1925, 0.1975, 0.2025, 0.20750000000000002, 0.2125, 0.2175, 0.2225, 0.2275, 0.2325, 0.2375, 0.2425, 0.2475, 0.2525, 0.2575, 0.2625, 0.2675, 0.2725, 0.2775, 0.28250000000000003, 0.2875, 0.2925, 0.2975, 0.3025, 0.3075, 0.3125, 0.3175, 0.3225, 0.3275, 0.3325, 0.3375, 0.3425, 0.34750000000000003, 0.35250000000000004, 0.3575, 0.3625, 0.3675, 0.3725, 0.3775, 0.3825, 0.3875, 0.3925, 0.3975, 0.4025, 0.40750000000000003, 0.41250000000000003, 0.4175, 0.4225, 0.4275, 0.4325, 0.4375, 0.4425, 0.4475, 0.4525, 0.4575, 0.4625]}], "data": {"__dtype__": [["k", "<f8"], ["power_2", "<c8"], ["modes", "<i8"]], "__shape__": [93], "__data__": [[0.0037081367915242675, {"__complex__": [16847.83984375, -3.0475215450145865e-13]}, 191], [0.008018577791264523, {"__complex__": [-10755.3037109375, -6.326919782355389e-13]}, 1380], [0.012844085612331841, {"__complex__": [15118.3046875, 2.0843591609642775e-13]}, 3770], [0.01775141230162106, {"__complex__": [9062.408203125, 6.417603400738978e-14]}, 7256], [0.022691010615224643, {"__complex__": [8300.4150390625, 3.877279763529404e-14]}, 12010], [0.027661296094027222, {"__complex__": [14093.6533203125, -5.520699864055775e-14]}, 17924], [0.03263163473973046, {"__complex__": [12640.7734375, 1.9862107767418084e-14]}, 24910], [0.03760885918999335, {"__complex__": [11997.986328125, 3.5022660905279293e-15]}, 33240], [0.04258994605322728, {"__complex__": [9361.8974609375, 8.75179784328925e-14]}, 42566], [0.047583805693835864, {"__complex__": [12281.189453125, -2.394570781623969e-14]}, 53478], [0.052589415944125126, {"__complex__": [6455.55078125, 3.567848463502041e-15]}, 65258], [0.057576993125266096, {"__complex__": [10735.5712890625, 1.1972573540214304e-14]}, 77788], [0.0625679362273907, {"__complex__": [10572.453125, 3.0225317013783323e-14]}, 92438], [0.06756372941029527, {"__complex__": [7429.57958984375, -3.4682255304436735e-14]}, 107412], [0.07255867544245412, {"__complex__": [4846.84033203125, -1.686608277627795e-14]}, 124242], [0.07755343255815964, {"__complex__": [2057.610107421875, 2.9603804894669586e-14]}, 141568], [0.08254944316463679, {"__complex__": [3601.3125, -5.788711252962403e-15]}, 160886], [0.0875469705282893, {"__complex__": [5081.734375, -1.8054485247868783e-14]}, 180544], [0.09254207143002044, {"__complex__": [4398.11328125, 9.220832851062309e-15]}, 202004], [0.09754200795670145, {"__complex__": [4372.74365234375, -2.073864033112641e-15]}, 224538], [0.10254171329034444, {"__complex__": [1674.98681640625, 1.290697899476907e-15]}, 248038], [0.10754099109209159, {"__complex__": [3519.38427734375, -2.559741189899021e-15]}, 272876], [0.11253870054955198, {"__complex__": [3091.43017578125, -1.715464487855086e-14]}, 298594], [0.11753608765430268, {"__complex__": [2733.9755859375, -7.143885194505189e-15]}, 325916], [0.12253572907412832, {"__complex__": [682.4644775390625, -2.628374787307379e-15]}, 354334], [0.1275331697481456, {"__complex__": [976.7950439453125, -8.501368994895137e-15]}, 383424], [0.13252928315027618, {"__complex__": [2411.01220703125, -8.993289308243703e-15]}, 414230], [0.13752809598823948, {"__complex__": [77.34562683105469, 5.737699964263434e-15]}, 446370], [0.1425292748907053, {"__complex__": [1517.4119873046875, -1.9420436836632433e-15]}, 479558], [0.14752984329410787, {"__complex__": [-831.5773315429688, -1.1334768318843657e-15]}, 513532], [0.15252898535896237, {"__complex__": [1925.46484375, 3.393229021535541e-15]}, 548930], [0.15752847498756622, {"__complex__": [2033.6365966796875, 4.771543267922604e-15]}, 585548], [0.16252705956276423, {"__complex__": [631.0838623046875, 1.5180285193883971e-15]}, 623094], [0.16752723347134682, {"__complex__": [1821.5340576171875, -2.811030666119191e-15]}, 662620], [0.17252557298757182, {"__complex__": [2310.72314453125, -4.645503494821743e-15]}, 701674], [0.1775232051718564, {"__complex__": [-2.930762529373169, -3.1304370496498942e-15]}, 743764], [0.1825215844754662, {"__complex__": [1543.240478515625, 3.85275095992634e-15]}, 785620], [0.18752064712987349, {"__complex__": [1693.162841796875, -4.487760972571048e-15]}, 830100], [0.19252067437217257, {"__complex__": [280.1383361816406, 9.585693987157994e-15]}, 874418], [0.19751987908784707, {"__complex__": [1207.774169921875, 1.0115572387971866e-15]}, 920682], [0.20251936794243589, {"__complex__": [-45.62629699707031, 7.699123761759855e-15]}, 967718], [0.20751955964231095, {"__complex__": [55.965187072753906, 9.161439536075548e-16]}, 1016568], [0.2125192859071403, {"__complex__": [-191.13504028320312, -3.933400354966211e-15]}, 1065478], [0.21751870204394746, {"__complex__": [625.0036010742188, 3.9614778031017966e-15]}, 1116700], [0.22251763655620238, {"__complex__": [289.5367431640625, 9.967696529007263e-15]}, 1167926], [0.2275173612096972, {"__complex__": [-658.7525634765625, 1.3336900096268646e-15]}, 1222034], [0.23251753944930767, {"__complex__": [-1688.5498046875, -7.301203776765783e-16]}, 1275574], [0.237518608068736, {"__complex__": [-838.5589599609375, 3.3205893818031434e-15]}, 1332228], [0.24251933382685822, {"__complex__": [127.00679779052734, -2.013563122322897e-15]}, 1387574], [0.2475188275283454, {"__complex__": [-46.83640670776367, -2.5762655321505314e-15]}, 1446004], [0.2525176353551358, {"__complex__": [-207.54379272460938, 1.548074048576928e-15]}, 1504002], [0.25751592740199597, {"__complex__": [0.47656577825546265, 1.6367310813419043e-15]}, 1564788], [0.2625152321376914, {"__complex__": [-1043.5301513671875, 0.0]}, 1626114], [0.2675142035428968, {"__complex__": [-1431.5257568359375, 3.58522619144791e-15]}, 1688484], [0.27251407722071946, {"__complex__": [-623.2186279296875, 1.0625956325504681e-15]}, 1752920], [0.277514999580621, {"__complex__": [-333.4039611816406, -1.2807726850383363e-15]}, 1817892], [0.28251513318998955, {"__complex__": [380.0357971191406, 3.4615297349956282e-15]}, 1883346], [0.2875150555774266, {"__complex__": [-655.9413452148438, -4.773320766562417e-16]}, 1951100], [0.2925143032383768, {"__complex__": [590.2679443359375, -2.076264100968686e-15]}, 2018506], [0.2975129983065177, {"__complex__": [402.4469909667969, 3.567195824616181e-15]}, 2088638], [0.30251265006104155, {"__complex__": [-692.9382934570312, 2.1560868977311552e-16]}, 2159752], [0.3075131135075962, {"__complex__": [289.2369079589844, 8.344997183711337e-16]}, 2232050], [0.31251255553945134, {"__complex__": [25.822887420654297, 1.0105286231618647e-15]}, 2304048], [0.3175120364779517, {"__complex__": [200.99830627441406, 2.935392678709778e-15]}, 2379552], [0.3225126598898453, {"__complex__": [-790.5184326171875, 5.690417632235633e-16]}, 2454976], [0.3275133985704822, {"__complex__": [-1541.0250244140625, 0.0]}, 2531986], [0.33251410375899365, {"__complex__": 