{"edges": {"__dtype__": "<f8", "__shape__": [128], "__data__": [0.0, 0.005, 0.01, 0.015, 0.02, 0.025, 0.03, 0.035, 0.04, 0.045, 0.05, 0.055, 0.06, 0.065, 0.07, 0.075, 0.08, 0.085, 0.09, 0.095, 0.1, 0.105, 0.11, 0.115, 0.12, 0.125, 0.13, 0.135, 0.14, 0.145, 0.15, 0.155, 0.16, 0.165, 0.17, 0.17500000000000002, 0.18, 0.185, 0.19, 0.195, 0.2, 0.20500000000000002, 0.21, 0.215, 0.22, 0.225, 0.23, 0.23500000000000001, 0.24, 0.245, 0.25, 0.255, 0.26, 0.265, 0.27, 0.275, 0.28, 0.28500000000000003, 0.29, 0.295, 0.3, 0.305, 0.31, 0.315, 0.32, 0.325, 0.33, 0.335, 0.34, 0.34500000000000003, 0.35000000000000003, 0.355, 0.36, 0.365, 0.37, 0.375, 0.38, 0.385, 0.39, 0.395, 0.4, 0.405, 0.41000000000000003, 0.41500000000000004, 0.42, 0.425, 0.43, 0.435, 0.44, 0.445, 0.45, 0.455, 0.46, 0.465, 0.47000000000000003, 0.47500000000000003, 0.48, 0.485, 0.49, 0.495, 0.5, 0.505, 0.51, 0.515, 0.52, 0.525, 0.53, 0.535, 0.54, 0.545, 0.55, 0.555, 0.56, 0.5650000000000001, 0.5700000000000001, 0.5750000000000001, 0.58, 0.585, 0.59, 0.595, 0.6, 0.605, 0.61, 0.615, 0.62, 0.625, 0.63, 0.635]}, "poles": {"__dtype__": [["k", "<f8"], ["power_0", "<c8"], ["modes", "<i8"]], "__shape__": [127], "__data__": [[0.0037537781648676505, {"__complex__": [85849.9375, -8.504365831343841e-13]}, 77], [0.008050398333474014, {"__complex__": [104863.203125, -1.0621835849029468e-13]}, 548], [0.012848609532355457, {"__complex__": [117587.65625, -7.865900313909491e-14]}, 1480], [0.017751579213119567, {"__complex__": [116307.765625, -3.040093743693524e-14]}, 2872], [0.022691827324042853, {"__complex__": [121792.0390625, 3.994402397278045e-14]}, 4736], [0.027648005536595924, {"__complex__": [113678.21875, 4.1364169576542376e-14]}, 7036], [0.032612636555868525, {"__complex__": [110739.4140625, 7.099938584102794e-14]}, 9838], [0.03761114292794433, {"__complex__": [107459.2265625, 2.6442002003224628e-14]}, 13208], [0.04261303922036164, {"__complex__": [103155.890625, -5.869796022937163e-14]}, 16858], [0.04760505554480107, {"__complex__": [103050.984375, 1.6567645963905947e-14]}, 21080], [0.05259133615803475, {"__complex__": [99907.7578125, -1.5901249568917204e-14]}, 25624], [0.05756841184374016, {"__complex__": [96623.6015625, -1.4917512280239638e-14]}, 30728], [0.06256248327880025, {"__complex__": [96500.3515625, -1.594817858232688e-14]}, 36498], [0.06756661487904435, {"__complex__": [94133.7265625, -8.554314377450043e-16]}, 42528], [0.07257304507008182, {"__complex__": [93113.2578125, -4.736951712906159e-15]}, 49152], [0.07756473030387098, {"__complex__": [92649.53125, -1.4618743430952312e-14]}, 55744], [0.08254764044823601, {"__complex__": [90985.9609375, -1.6539922575542314e-14]}, 63346], [0.08754405971893497, {"__complex__": [88578.7109375, 3.261481516919607e-15]}, 71388], [0.09254365223263855, {"__complex__": [86751.7890625, -1.5507544843385143e-15]}, 79762], [0.09754150838846357, {"__complex__": [86105.4765625, 5.915145319900211e-15]}, 88564], [0.10254123052801507, {"__complex__": [88759.2734375, -5.940284410741771e-15]}, 97988], [0.10754181638082774, {"__complex__": [86377.765625, 2.9723152683970664e-15]}, 107708], [0.11254085353408888, {"__complex__": [86757.2578125, 0.0]}, 117952], [0.11753281793039293, {"__complex__": [86443.140625, 8.167076430832913e-15]}, 128288], [0.12252442444514552, {"__complex__": [86302.640625, 2.4987190305546898e-15]}, 139770], [0.12753052839909865, {"__complex__": [84487.40625, -3.064649906460784e-15]}, 151946], [0.13253665927256145, {"__complex__": [84892.296875, -4.269980331502495e-15]}, 163582], [0.13753197887556465, {"__complex__": [86147.8671875, -6.61676250950609e-16]}, 175940], [0.1425260716253757, {"__complex__": [84843.7421875, 2.155109527589142e-15]}, 189064], [0.14752506711896965, {"__complex__": [83440.109375, -2.582874506721483e-15]}, 202824], [0.1525272624752809, {"__complex__": [82580.3046875, 3.2217370369685408e-15]}, 216806], [0.15752484634575162, {"__complex__": [82725.8359375, 5.7671661229160426e-15]}, 230876], [0.16252366735405163, {"__complex__": [82881.515625, 4.018690643524088e-15]}, 246232], [0.1675242007800524, {"__complex__": [82445.296875, -4.454724675924881e-16]}, 261330], [0.17252326579974073, {"__complex__": [82347.125, -3.673665748503679e-15]}, 277280], [0.17752110470595878, {"__complex__": [82027.734375, 1.9844422884149717e-16]}, 293320], [0.1825207522633753, {"__complex__": [81398.1484375, 6.184847386569558e-15]}, 310574], [0.18752231962759572, {"__complex__": [81009.015625, 2.487810728501712e-15]}, 327560], [0.19252167162300435, {"__complex__": [80595.375, -6.743475991437373e-16]}, 345268], [0.19752225984779248, {"__complex__": [81205.0078125, -1.280893916628912e-15]}, 363544], [0.20251992290984697, {"__complex__": [81039.328125, 5.6429373062564115e-15]}, 381660], [0.20751551078768798, {"__complex__": [80719.875, 5.808365381954018e-16]}, 400854], [0.21251512379553542, {"__complex__": [80654.5078125, -4.562487489727244e-15]}, 421010], [0.21751870975885984, {"__complex__": [80665.3125, 7.916537214045774e-16]}, 441160], [0.2225209082741387, {"__complex__": [80483.859375, 5.047315278571094e-16]}, 461296], [0.22752039891934017, {"__complex__": [80362.2890625, 3.380011495910111e-15]}, 482192], [0.23252118259031918, {"__complex__": [81430.9609375, -2.3104695579174474e-15]}, 503860], [0.23751936566507853, {"__complex__": [80995.78125, -1.7738666684144412e-15]}, 525024], [0.24251707186595864, {"__complex__": [80661.3828125, -2.1245455083577732e-16]}, 547954], [0.24751627666670906, {"__complex__": [80110.3828125, -4.080853544490134e-15]}, 570544], [0.2525167544702008, {"__complex__": [80243.5546875, 2.7420690552020085e-15]}, 594374], [0.25751857595461863, {"__complex__": [79904.546875, 5.652143919118355e-16]}, 617900], [0.2625190906945416, {"__complex__": [80510.8046875, -7.705349665680411e-16]}, 642106], [0.2675172479110602, {"__complex__": [80925.0234375, -4.369209817756863e-16]}, 666112], [0.272514629608296, {"__complex__": [80179.140625, 3.365645446547764e-16]}, 691786], [0.27751615229387816, {"__complex__": [80439.265625, -2.756366971351661e-15]}, 717996], [0.28251644607381426, {"__complex__": [79591.3828125, 6.266029988849725e-16]}, 743152], [0.2875152531419474, {"__complex__": [80021.6953125, 3.023020778202077e-15]}, 770192], [0.2925134012698469, {"__complex__": [79753.578125, 7.308572169313507e-17]}, 796430], [0.2975118362281548, {"__complex__": [79580.7890625, -3.5285069859454103e-17]}, 824820], [0.3025125080826814, {"__complex__": [80293.1953125, 2.184762033490147e-15]}, 852562], [0.30751063191170563, {"__complex__": [80247.265625, 0.0]}, 880372], [0.3125111278203564, {"__complex__": [80388.328125, -5.11349343334448e-16]}, 910652], [0.31751269361539736, {"__complex__": [79755.1640625, -3.09946269589514e-16]}, 938996], [0.3225130904459611, {"__complex__": [79644.765625, 4.203360766684471e-16]}, 969352], [0.32751158760760724, {"__complex__": [79834.140625, -9.328674544807885e-16]}, 998344], [0.3325089848249692, {"__complex__": [79532.1015625, -1.1303314544440756e-16]}, 1029922], [0.33751027924368393, {"__complex__": [79860.203125, 2.1925482250391046e-16]}, 1061918], [0.34251253316973607, {"__complex__": [80130.4296875, -6.389004349714473e-16]}, 1093272], [0.34751415893089227, {"__complex__": [79487.078125, -6.20625752073995e-16]}, 1125464], [0.352514235068077, {"__complex__": [79426.5625, -7.040965609216108e-16]}, 1157380], [0.357512374484406, {"__complex__": [79349.234375, -9.292316714338178e-16]}, 1190172], [0.3625118834929162, {"__complex__": [79614.0546875, 9.506007245062677e-16]}, 1224650], [0.3675116774700016, {"__complex__": [79110.0, 1.897275239543775e-15]}, 1257864], [0.3725098709245497, {"__complex__": [79538.390625, -1.35124476745871e-15]}, 1292312], [0.37751067052804127, {"__complex__": [79272.484375, -3.5050760693908862e-16]}, 1328534], [0.3825116981355865, {"__complex__": [79099.1328125, -9.396267773998778e-16]}, 1362848], [0.3875116125361288, {"__complex__": [79008.4296875, 1.456019354902278e-15]}, 1399204], [0.3925104655048909, 