{"poles": {"dims": ["k"], "edges": [{"__dtype__": "<f8", "__shape__": [94], "__data__": [0.0, 0.005, 0.01, 0.015, 0.02, 0.025, 0.03, 0.035, 0.04, 0.045, 0.05, 0.055, 0.06, 0.065, 0.07, 0.075, 0.08, 0.085, 0.09, 0.095, 0.1, 0.105, 0.11, 0.115, 0.12, 0.125, 0.13, 0.135, 0.14, 0.145, 0.15, 0.155, 0.16, 0.165, 0.17, 0.17500000000000002, 0.18, 0.185, 0.19, 0.195, 0.2, 0.20500000000000002, 0.21, 0.215, 0.22, 0.225, 0.23, 0.23500000000000001, 0.24, 0.245, 0.25, 0.255, 0.26, 0.265, 0.27, 0.275, 0.28, 0.28500000000000003, 0.29, 0.295, 0.3, 0.305, 0.31, 0.315, 0.32, 0.325, 0.33, 0.335, 0.34, 0.34500000000000003, 0.35000000000000003, 0.355, 0.36, 0.365, 0.37, 0.375, 0.38, 0.385, 0.39, 0.395, 0.4, 0.405, 0.41000000000000003, 0.41500000000000004, 0.42, 0.425, 0.43, 0.435, 0.44, 0.445, 0.45, 0.455, 0.46, 0.465]}], "coords": [{"__dtype__": "<f8", "__shape__": [93], "__data__": [0.0025, 0.0075, 0.0125, 0.0175, 0.0225, 0.0275, 0.0325, 0.037500000000000006, 0.042499999999999996, 0.0475, 0.052500000000000005, 0.057499999999999996, 0.0625, 0.0675, 0.07250000000000001, 0.0775, 0.0825, 0.0875, 0.0925, 0.0975, 0.10250000000000001, 0.1075, 0.1125, 0.1175, 0.1225, 0.1275, 0.1325, 0.1375, 0.14250000000000002, 0.1475, 0.1525, 0.1575, 0.1625, 0.1675, 0.17250000000000001, 0.1775, 0.1825, 0.1875, 0.1925, 0.1975, 0.2025, 0.20750000000000002, 0.2125, 0.2175, 0.2225, 0.2275, 0.2325, 0.2375, 0.2425, 0.2475, 0.2525, 0.2575, 0.2625, 0.2675, 0.2725, 0.2775, 0.28250000000000003, 0.2875, 0.2925, 0.2975, 0.3025, 0.3075, 0.3125, 0.3175, 0.3225, 0.3275, 0.3325, 0.3375, 0.3425, 0.34750000000000003, 0.35250000000000004, 0.3575, 0.3625, 0.3675, 0.3725, 0.3775, 0.3825, 0.3875, 0.3925, 0.3975, 0.4025, 0.40750000000000003, 0.41250000000000003, 0.4175, 0.4225, 0.4275, 0.4325, 0.4375, 0.4425, 0.4475, 0.4525, 0.4575, 0.4625]}], "data": {"__dtype__": [["k", "<f8"], ["power_2", "<c8"], ["modes", "<i8"]], "__shape__": [93], "__data__": [[0.0037081367915242675, {"__complex__": [-23401.171875, 6.095043090029173e-13]}, 191], [0.008018577791264523, {"__complex__": [17492.423828125, 3.374357271466316e-13]}, 1380], [0.012844085612331841, {"__complex__": [20497.5, -3.551130472578129e-13]}, 3770], [0.01775141230162106, {"__complex__": [15596.3701171875, -1.1230805781886621e-13]}, 7256], [0.022691010615224643, {"__complex__": [17891.236328125, -2.03557182503096e-13]}, 12010], [0.027661296094027222, {"__complex__": [7498.806640625, -2.0783811412357356e-13]}, 17924], [0.03263163473973046, {"__complex__": [6732.8505859375, 5.140780853850162e-14]}, 24910], [0.03760885918999335, {"__complex__": [15803.5107421875, -1.0506797932770609e-13]}, 33240], [0.04258994605322728, {"__complex__": [7535.51171875, 3.281924360640058e-14]}, 42566], [0.047583805693835864, {"__complex__": [12792.2373046875, -8.707530037993256e-15]}, 53478], [0.052589415944125126, {"__complex__": [4647.5419921875, 3.7462407172705534e-14]}, 65258], [0.057576993125266096, {"__complex__": [5426.8857421875, 1.3469145232741092e-14]}, 77788], [0.0625679362273907, {"__complex__": [6615.46826171875, -1.0075105388916792e-14]}, 92438], [0.06756372941029527, {"__complex__": [3773.958251953125, 6.069394254759955e-14]}, 107412], [0.07255867544245412, {"__complex__": [3470.103759765625, 2.2488109803681967e-14]}, 124242], [0.07755343255815964, {"__complex__": [9180.880859375, -1.9735871059156987e-14]}, 141568], [0.08254944316463679, {"__complex__": [7222.29296875, -5.788711252962403e-15]}, 160886], [0.0875469705282893, {"__complex__": [6351.0146484375, -1.1606454560191947e-14]}, 180544], [0.09254207143002044, {"__complex__": [4889.1064453125, 0.0]}, 202004], [0.09754200795670145, {"__complex__": [4554.20703125, -1.6590912264901128e-14]}, 224538], [0.10254171329034444, {"__complex__": [3586.637451171875, -5.632136365629498e-15]}, 248038], [0.10754099109209159, {"__complex__": [1731.1475830078125, 5.119482379798042e-15]}, 272876], [0.11253870054955198, {"__complex__": [1265.21923828125, 7.01780942250407e-15]}, 298594], [0.11753608765430268, {"__complex__": [2121.813232421875, 1.4287769753735667e-15]}, 325916], [0.12253572907412832, {"__complex__": [-457.107421875, -2.956921545723551e-14]}, 354334], [0.1275331697481456, {"__complex__": [1810.8619384765625, 1.275205391585918e-14]}, 383424], [0.13252928315027618, {"__complex__": [-678.5784912109375, -4.4966446541218515e-15]}, 414230], [0.13752809598823948, {"__complex__": [1212.8009033203125, 0.0]}, 446370], [0.1425292748907053, {"__complex__": [1445.605712890625, 1.0681240471906075e-14]}, 479558], [0.14752984329410787, {"__complex__": [790.6890869140625, -5.2139934690197294e-15]}, 513532], [0.15252898535896237, {"__complex__": [-528.4429931640625, 3.605305530979047e-15]}, 548930], [0.15752847498756622, {"__complex__": [497.86083984375, -5.964429084903255e-16]}, 585548], [0.16252705956276423, {"__complex__": [644.9913940429688, 1.49467423284582e-15]}, 623094], [0.16752723347134682, {"__complex__": [-41.42606735229492, 5.622061332238382e-15]}, 662620], [0.17252557298757182, {"__complex__": [791.8397216796875, -6.636433685035768e-15]}, 701674], [0.1775232051718564, {"__complex__": [-776.3580322265625, -7.826092624124736e-16]}, 743764], [0.1825215844754662, {"__complex__": [1398.349609375, 1.778192783313424e-15]}, 785620], [0.18752064712987349, {"__complex__": [-783.8353881835938, -2.5243654941316555e-15]}, 830100], [0.19252067437217257, {"__complex__": [-1412.353271484375, -7.455539956019094e-15]}, 874418], [0.19751987908784707, {"__complex__": [848.0618286132812, -8.092457910377493e-15]}, 920682], [0.20251936794243589, {"__complex__": [-991.4821166992188, -4.811952245220791e-15]}, 967718], [0.20751955964231095, {"__complex__": [-1091.8348388671875, -7.329151628860438e-15]}, 1016568], [0.2125192859071403, {"__complex__": [-1638.6925048828125, 3.4963559181384624e-15]}, 1065478], [0.21751870204394746, {"__complex__": [419.53900146484375, 5.003972073264499e-15]}, 1116700], [0.22251763655620238, {"__complex__": [440.92498779296875, -3.389016938447082e-15]}, 1167926], [0.2275173612096972, {"__complex__": [-1376.867919921875, -1.9052714423240923e-16]}, 1222034], [0.23251753944930767, {"__complex__": [-234.8948516845703, -1.0951805665148674e-15]}, 1275574], [0.237518608068736, {"__complex__": [1079.56982421875, -6.990714850224654e-16]}, 1332228], [0.24251933382685822, {"__complex__": [-203.7147979736328, -3.3559383960326703e-15]}, 1387574], [0.2475188275283454, {"__complex__": [-92.07553100585938, 0.0]}, 1446004], [0.2525176353551358, {"__complex__": [383.4521484375, 2.18665451685255e-15]}, 1504002], [0.25751592740199597, {"__complex__": [-573.3295288085938, 1.7855247005048574e-15]}, 1564788], [0.2625152321376914, {"__complex__": [-1104.5537109375, -2.0045513270388216e-15]}, 1626114], [0.2675142035428968, {"__complex__": [-70.94658660888672, 2.3441861278993784e-15]}, 1688484], [0.27251407722071946, {"__complex__": [645.0110473632812, -3.1877868976514043e-15]}, 1752920], [0.277514999580621, {"__complex__": [-60.20096969604492, 3.4580863343068027e-15]}, 1817892], [0.28251513318998955, {"__complex__": [-433.7599792480469, 1.9780169611748966e-15]}, 1883346], [0.2875150555774266, {"__complex__": [-464.3187561035156, -9.546641533124834e-16]}, 1951100], [0.2925143032383768, {"__complex__": [447.89251708984375, -1.384176032019418e-15]}, 2018506], [0.2975129983065177, {"__complex__": [-357.4026184082031, 1.7835979123080907e-15]}, 2088638], [0.30251265006104155, {"__complex__": [330.2673034667969, -4.3121737954623105e-16]}, 2159752], [0.3075131135075962, {"__complex__": [79.72806549072266, -3.7552489973678976e-15]}, 2232050], [0.31251255553945134, {"__complex__": [-1302.979248046875, -8.084229091174036e-16]}, 2304048], [0.3175120364779517, {"__complex__": [-9.332833290100098, 5.870785357419556e-16]}, 2379552], [0.3225126598898453, {"__complex__": [453.7417297363281, 7.587223509647511e-16]}, 2454976], [0.3275133985704822, {"__complex__": [-187.65635681152344, 1.6552032817347445e-15]}, 2531986], [0.33251410375899365, {"__complex__": 