{"edges": {"__dtype__": "<f8", "__shape__": [116], "__data__": [0.0, 0.005, 0.01, 0.015, 0.02, 0.025, 0.03, 0.035, 0.04, 0.045, 0.05, 0.055, 0.06, 0.065, 0.07, 0.075, 0.08, 0.085, 0.09, 0.095, 0.1, 0.105, 0.11, 0.115, 0.12, 0.125, 0.13, 0.135, 0.14, 0.145, 0.15, 0.155, 0.16, 0.165, 0.17, 0.17500000000000002, 0.18, 0.185, 0.19, 0.195, 0.2, 0.20500000000000002, 0.21, 0.215, 0.22, 0.225, 0.23, 0.23500000000000001, 0.24, 0.245, 0.25, 0.255, 0.26, 0.265, 0.27, 0.275, 0.28, 0.28500000000000003, 0.29, 0.295, 0.3, 0.305, 0.31, 0.315, 0.32, 0.325, 0.33, 0.335, 0.34, 0.34500000000000003, 0.35000000000000003, 0.355, 0.36, 0.365, 0.37, 0.375, 0.38, 0.385, 0.39, 0.395, 0.4, 0.405, 0.41000000000000003, 0.41500000000000004, 0.42, 0.425, 0.43, 0.435, 0.44, 0.445, 0.45, 0.455, 0.46, 0.465, 0.47000000000000003, 0.47500000000000003, 0.48, 0.485, 0.49, 0.495, 0.5, 0.505, 0.51, 0.515, 0.52, 0.525, 0.53, 0.535, 0.54, 0.545, 0.55, 0.555, 0.56, 0.5650000000000001, 0.5700000000000001, 0.5750000000000001]}, "poles": {"__dtype__": [["k", "<f8"], ["power_0", "<c8"], ["modes", "<i8"]], "__shape__": [115], "__data__": [[0.0037054420134658554, {"__complex__": [76810.4921875, -1.9723982104709326e-13]}, 83], [0.008002706039259398, {"__complex__": [90073.4296875, -1.9532772209569782e-13]}, 596], [0.012849701484846114, {"__complex__": [105368.703125, 2.0585043272822873e-13]}, 1648], [0.0177641384261076, {"__complex__": [98244.4296875, 9.22174595257945e-15]}, 3156], [0.022684229681789413, {"__complex__": [105086.046875, 1.686852561929783e-14]}, 5176], [0.027646384376179004, {"__complex__": [103528.90625, 7.458695661967385e-14]}, 7804], [0.032636129245414154, {"__complex__": [98765.890625, -5.352920848413064e-15]}, 10874], [0.037622935176432226, {"__complex__": [94129.5703125, -3.022832313371313e-15]}, 14442], [0.0426065943302704, {"__complex__": [93920.1640625, 6.277789347256457e-15]}, 18544], [0.047584168879418735, {"__complex__": [89832.0625, -1.2631870952072109e-14]}, 23040], [0.052572163944886785, {"__complex__": [90534.7265625, -1.641617783821204e-14]}, 28366], [0.05756591012932392, {"__complex__": [84746.671875, -1.0327221357535245e-14]}, 33818], [0.06255885577973451, {"__complex__": [84869.765625, -4.3514322902598896e-15]}, 40130], [0.06756290621144688, {"__complex__": [85174.0625, 8.699210480385324e-15]}, 46838], [0.07256050504780319, {"__complex__": [84696.8359375, 8.110531052373058e-15]}, 53826], [0.0775516441986681, {"__complex__": [81798.03125, 3.780700219850521e-15]}, 61584], [0.08254999402587553, {"__complex__": [80476.8359375, -3.332626778774811e-15]}, 69864], [0.08754547074829418, {"__complex__": [80465.4296875, -3.5264321522713313e-15]}, 78404], [0.09254370656486871, {"__complex__": [78527.125, -3.9731287412912795e-15]}, 87902], [0.09754153604884025, {"__complex__": [77267.7578125, 3.589003958392664e-15]}, 97310], [0.10253422913940137, {"__complex__": [77951.3203125, -6.484569994955492e-15]}, 107716], [0.1075359850070505, {"__complex__": [77104.0546875, 1.9622655364877556e-15]}, 118654], [0.11253957840084304, {"__complex__": [76208.453125, 5.93681411675687e-15]}, 129910], [0.11753653834673844, {"__complex__": [75190.5703125, 2.0586117225896696e-15]}, 141376], [0.12253336603812491, {"__complex__": [75189.1875, -2.6465245857846707e-15]}, 153958], [0.12753369323485178, {"__complex__": [75052.4609375, 1.396553724477645e-15]}, 166718], [0.1325298054599073, {"__complex__": [74441.578125, 3.884697654564983e-15]}, 179806], [0.13753126919241337, {"__complex__": [74615.7265625, 4.494059827204187e-16]}, 194282], [0.14252978867508304, {"__complex__": [73640.6328125, -5.0426806319210735e-15]}, 207774], [0.14752584639061916, {"__complex__": [73079.390625, -1.955219281157784e-15]}, 223278], [0.1525273402624495, {"__complex__": [72709.1171875, -6.8337182463631355e-15]}, 238496], [0.15752777994300757, {"__complex__": [72413.765625, 5.719103461785584e-16]}, 254444], [0.16252677921627748, {"__complex__": [72305.015625, -1.0752037179703484e-15]}, 270682], [0.16752582095517576, {"__complex__": [72198.65625, -2.023136500451002e-15]}, 287710], [0.1725259295419247, {"__complex__": [71941.9140625, 2.670058760949421e-15]}, 305202], [0.17752572093623975, {"__complex__": [72744.734375, -1.441640123589689e-15]}, 323008], [0.18252702152554795, {"__complex__": [72585.4375, 6.811657908526608e-16]}, 341812], [0.18752508561671835, {"__complex__": [71545.53125, -1.2934316983141702e-15]}, 360020], [0.19252006361125312, {"__complex__": [72051.8203125, -6.131511098309494e-16]}, 379728], [0.19751626124600596, {"__complex__": [71757.65625, -1.3836079905491655e-15]}, 399660], [0.20251335405021748, {"__complex__": [71664.140625, 8.309049634825456e-16]}, 420320], [0.20751594275294782, {"__complex__": [71997.6796875, -1.3167068931552975e-15]}, 442070], [0.21251689533718626, {"__complex__": [71325.359375, 2.5163045992099915e-16]}, 462644], [0.21751895130525958, {"__complex__": [70974.109375, -4.313275997084925e-15]}, 485820], [0.22252064263763735, {"__complex__": [70843.359375, 2.524262579628564e-15]}, 507304], [0.22751949683857262, {"__complex__": [70942.109375, 2.193304201944529e-16]}, 530776], [0.23252062744923513, {"__complex__": [70579.84375, 4.198747878193283e-16]}, 554524], [0.23751988845699762, {"__complex__": [71664.2265625, 1.2084468710128965e-15]}, 578008], [0.24251952417933192, {"__complex__": [71029.4921875, 1.5437855207649795e-15]}, 603272], [0.24751886354741093, {"__complex__": [70610.53125, 1.2054193635011728e-15]}, 627748], [0.2525158523431189, {"__complex__": [70906.3515625, 7.127788603892042e-16]}, 653304], [0.2575140585584922, {"__complex__": [70704.0546875, 1.1985762901994238e-15]}, 679896], [0.2625126084722789, {"__complex__": [70494.6328125, 1.5662909744152895e-15]}, 706092], [0.26751303339828036, {"__complex__": [70258.5, 3.1709649821376115e-16]}, 734258], [0.2725141980302592, {"__complex__": [70624.9453125, 1.529385854782538e-15]}, 761190], [0.27751499291909654, {"__complex__": [70331.9921875, -1.4736751214130834e-15]}, 789966], [0.2825156597003922, {"__complex__": [70363.359375, 2.134108192694919e-15]}, 818248], [0.2875141801620819, {"__complex__": [70675.7421875, -4.72451366935044e-16]}, 847024], [0.29251195304227423, {"__complex__": [70644.84375, -1.327420695267762e-15]}, 877004], [0.2975142527009851, {"__complex__": [70456.171875, 1.7937606136092478e-15]}, 908602], [0.30251615798691667, {"__complex__": [70118.7265625, -7.448181463168941e-16]}, 937802], [0.30751506635382575, {"__complex__": [70329.21875, 1.5006522737501856e-15]}, 969706], [0.31251223811931306, {"__complex__": [70160.4296875, 2.328408868707346e-16]}, 999956], [0.3175098816792195, {"__complex__": [70223.3828125, -1.8012930658509434e-15]}, 1034060], [0.3225110492752749, {"__complex__": [70318.2578125, -2.183361676270099e-15]}, 1066386], [0.3275123331358606, {"__complex__": [70610.5625, -6.877349019355323e-16]}, 1100278], [0.3325123291547583, {"__complex__": [70207.3984375, 1.7466356179513995e-15]}, 1133070], [0.3375117534479973, {"__complex__": [69969.4375, 2.9899095720796367e-16]}, 1168082], [0.3425129583700723, {"__complex__": [69985.84375, -1.644751530440337e-15]}, 1203258], [0.3475132726509487, {"__complex__": [69892.0234375, -2.821291252665315e-16]}, 1237894], [0.35251300538197095, {"__complex__": [69954.203125, -3.6547563202913777e-16]}, 1274124], [0.3575125695577228, {"__complex__": [69731.484375, -5.331014670572937e-16]}, 1310242], [0.36251151779301266, {"__complex__": [70070.234375, -4.32155746468001e-17]}, 1346914], [0.3675115630015573, {"__complex__": [69963.7421875, -1.2605317739725107e-15]}, 1385312], [0.3725118957087531, {"__complex__": [70023.2265625, -2.6601077649455183e-16]}, 1422310], [0.37751124096797295, {"__complex__": [69891.1328125, 6.373691582214891e-16]}, 1461198], [0.3825103314725004, {"__complex__": [70001.4375, -3.1054022497399645e-16]}, 1499520], [0.38750966779422413, {"__complex__": [69768.8125, -7.560948944670376e-17]}, 1539692], [0.3925103292814964, {"__complex__": [69726.7890625, 