{"edges": {"__dtype__": "<f8", "__shape__": [116], "__data__": [0.0, 0.005, 0.01, 0.015, 0.02, 0.025, 0.03, 0.035, 0.04, 0.045, 0.05, 0.055, 0.06, 0.065, 0.07, 0.075, 0.08, 0.085, 0.09, 0.095, 0.1, 0.105, 0.11, 0.115, 0.12, 0.125, 0.13, 0.135, 0.14, 0.145, 0.15, 0.155, 0.16, 0.165, 0.17, 0.17500000000000002, 0.18, 0.185, 0.19, 0.195, 0.2, 0.20500000000000002, 0.21, 0.215, 0.22, 0.225, 0.23, 0.23500000000000001, 0.24, 0.245, 0.25, 0.255, 0.26, 0.265, 0.27, 0.275, 0.28, 0.28500000000000003, 0.29, 0.295, 0.3, 0.305, 0.31, 0.315, 0.32, 0.325, 0.33, 0.335, 0.34, 0.34500000000000003, 0.35000000000000003, 0.355, 0.36, 0.365, 0.37, 0.375, 0.38, 0.385, 0.39, 0.395, 0.4, 0.405, 0.41000000000000003, 0.41500000000000004, 0.42, 0.425, 0.43, 0.435, 0.44, 0.445, 0.45, 0.455, 0.46, 0.465, 0.47000000000000003, 0.47500000000000003, 0.48, 0.485, 0.49, 0.495, 0.5, 0.505, 0.51, 0.515, 0.52, 0.525, 0.53, 0.535, 0.54, 0.545, 0.55, 0.555, 0.56, 0.5650000000000001, 0.5700000000000001, 0.5750000000000001]}, "poles": {"__dtype__": [["k", "<f8"], ["power_0", "<c8"], ["modes", "<i8"]], "__shape__": [115], "__data__": [[0.0037054420134658554, {"__complex__": [137851.59375, 2.19155341660629e-14]}, 83], [0.008002706039259398, {"__complex__": [121834.4921875, -1.2303356846776053e-13]}, 596], [0.012849701484846114, {"__complex__": [115622.2265625, 2.7904324765562136e-14]}, 1648], [0.0177641384261076, {"__complex__": [100860.1796875, 8.78947708750832e-15]}, 3156], [0.022684229681789413, {"__complex__": [100157.9453125, -5.502038881194816e-15]}, 5176], [0.027646384376179004, {"__complex__": [96302.7890625, -2.784036361364907e-15]}, 7804], [0.032636129245414154, {"__complex__": [93685.546875, 1.7446653928463064e-16]}, 10874], [0.037622935176432226, {"__complex__": [89081.1484375, 2.1293495615972444e-15]}, 14442], [0.0426065943302704, {"__complex__": [87750.1484375, -6.969978319005567e-15]}, 18544], [0.047584168879418735, {"__complex__": [88007.8203125, 4.453998874568202e-16]}, 23040], [0.052572163944886785, {"__complex__": [86312.8359375, 1.9810080462698883e-15]}, 28366], [0.05756591012932392, {"__complex__": [82185.453125, 6.723293525644908e-15]}, 33818], [0.06255885577973451, {"__complex__": [82652.5234375, 4.0769889566682864e-15]}, 40130], [0.06756290621144688, {"__complex__": [79316.03125, 4.243717227939928e-15]}, 46838], [0.07256050504780319, {"__complex__": [78269.3359375, 2.2322441594143814e-15]}, 53826], [0.0775516441986681, {"__complex__": [78489.609375, -1.148355389119361e-15]}, 61584], [0.08254999402587553, {"__complex__": [76605.390625, 1.1565363509612983e-15]}, 69864], [0.08754547074829418, {"__complex__": [76828.2265625, -1.4116785565420546e-15]}, 78404], [0.09254370656486871, {"__complex__": [75153.421875, 9.425692639795208e-17]}, 87902], [0.09754153604884025, {"__complex__": [75153.4375, 2.2123136859237245e-15]}, 97310], [0.10253422913940137, {"__complex__": [72910.09375, 2.2865588766076425e-15]}, 107716], [0.1075359850070505, {"__complex__": [73151.84375, 7.499989174596566e-16]}, 118654], [0.11253957840084304, {"__complex__": [72583.5390625, 3.7640074239216254e-16]}, 129910], [0.11753653834673844, {"__complex__": [72120.9375, -8.711783096300538e-16]}, 141376], [0.12253336603812491, {"__complex__": [70830.71875, 1.0700969563313522e-15]}, 153958], [0.12753369323485178, {"__complex__": [71105.859375, -1.9167826200772783e-16]}, 166718], [0.1325298054599073, {"__complex__": [71871.53125, 1.2316123750873544e-15]}, 179806], [0.13753126919241337, {"__complex__": [70390.0234375, -1.368918109903171e-15]}, 194282], [0.14252978867508304, {"__complex__": [70404.203125, 3.990891022195202e-17]}, 207774], [0.14752584639061916, {"__complex__": [69812.6171875, 4.862271402122735e-16]}, 223278], [0.1525273402624495, {"__complex__": [70038.0078125, -7.192038302872547e-17]}, 238496], [0.15752777994300757, {"__complex__": [70328.765625, 2.4373558345699704e-16]}, 254444], [0.16252677921627748, {"__complex__": [69627.0859375, 5.988958364962351e-17]}, 270682], [0.16752582095517576, {"__complex__": [69002.3203125, -2.9640573324360474e-16]}, 287710], [0.1725259295419247, {"__complex__": [68670.5234375, -3.236584359863606e-16]}, 305202], [0.17752572093623975, {"__complex__": [68322.9921875, -2.7802871817821226e-16]}, 323008], [0.18252702152554795, {"__complex__": [68685.21875, 1.2124327036602098e-17]}, 341812], [0.18752508561671835, {"__complex__": [68206.6328125, -3.738184565733394e-16]}, 360020], [0.19252006361125312, {"__complex__": [68120.8984375, -3.9201402129956226e-16]}, 379728], [0.19751626124600596, {"__complex__": [68290.203125, -1.4400509044921827e-16]}, 399660], [0.20251335405021748, {"__complex__": [68168.7109375, -6.35670804222685e-16]}, 420320], [0.20751594275294782, {"__complex__": [67819.5859375, 1.6491986916414384e-16]}, 442070], [0.21251689533718626, {"__complex__": [67606.0390625, 8.732537521090637e-16]}, 462644], [0.21751895130525958, {"__complex__": [67994.6328125, -1.676646529599418e-16]}, 485820], [0.22252064263763735, {"__complex__": [67956.8671875, -3.2946992903747237e-16]}, 507304], [0.22751949683857262, {"__complex__": [67761.609375, 4.450597507889384e-16]}, 530776], [0.23252062744923513, {"__complex__": [67465.15625, 4.915106140998906e-16]}, 554524], [0.23751988845699762, {"__complex__": [67091.4609375, -3.215222916852792e-17]}, 578008], [0.24251952417933192, {"__complex__": [67263.7421875, -7.600527750270915e-16]}, 603272], [0.24751886354741093, {"__complex__": [67054.40625, 8.910675432040912e-17]}, 627748], [0.2525158523431189, {"__complex__": [67223.3671875, 1.0001314227744937e-17]}, 653304], [0.2575140585584922, {"__complex__": [67146.5390625, -3.449076140444393e-17]}, 679896], [0.2625126084722789, {"__complex__": [67102.671875, 1.9490585458346074e-16]}, 706092], [0.26751303339828036, {"__complex__": [67237.265625, -3.147280617443401e-16]}, 734258], [0.2725141980302592, {"__complex__": [67375.984375, 1.124426311312733e-16]}, 761190], [0.27751499291909654, {"__complex__": [66978.90625, -4.861738300761557e-16]}, 789966], [0.2825156597003922, {"__complex__": [66755.6015625, -1.0576987762637134e-16]}, 818248], [0.2875141801620819, {"__complex__": [66566.4296875, -3.6696773350528543e-16]}, 847024], [0.29251195304227423, {"__complex__": [66704.9140625, -3.101653334854976e-16]}, 877004], [0.2975142527009851, {"__complex__": [66655.234375, -5.1376111745052194e-17]}, 908602], [0.30251615798691667, {"__complex__": [66586.609375, -2.557224760891847e-16]}, 937802], [0.30751506635382575, {"__complex__": [66577.2109375, -6.167956279051886e-17]}, 969706], [0.31251223811931306, {"__complex__": [66618.890625, -8.913534829982386e-17]}, 999956], [0.3175098816792195, {"__complex__": [66486.171875, -1.3865086284072583e-16]}, 1034060], [0.3225110492752749, {"__complex__": [66547.390625, 7.545617648325073e-17]}, 1066386], [0.3275123331358606, {"__complex__": [66233.5390625, -9.838046145619833e-17]}, 1100278], [0.3325123291547583, {"__complex__": [66381.9609375, -2.372112063016524e-16]}, 1133070], [0.3375117534479973, {"__complex__": [66250.140625, -2.288145951653001e-16]}, 1168082], [0.3425129583700723, {"__complex__": [66510.859375, -2.5821038390883797e-17]}, 1203258], [0.3475132726509487, {"__complex__": [66520.7421875, -1.352109164581383e-16]}, 1237894], [0.35251300538197095, {"__complex__": [66254.5078125, -6.684251315416454e-17]}, 1274124], [0.3575125695577228, {"__complex__": [66580.5625, -9.812169289081214e-17]}, 1310242], [0.36251151779301266, {"__complex__": [66337.546875, -4.771510630684355e-17]}, 1346914], [0.3675115630015573, {"__complex__": [66331.2265625, -7.98623558480839e-17]}, 1385312], [0.3725118957087531, {"__complex__": [66429.8125, -2.2608643190955018e-18]}, 1422310], [0.37751124096797295, {"__complex__": [66383.6953125, -8.140091840487743e-17]}, 1461198], [0.3825103314725004, {"__complex__": [66413.1015625, 1.1034170487195192e-16]}, 1499520], [0.38750966779422413, {"__complex__": [66128.390625, -1.443059426554487e-17]}, 1539692], [0.3925103292814964, 