{"edges": {"__dtype__": "<f8", "__shape__": [128], "__data__": [0.0, 0.005, 0.01, 0.015, 0.02, 0.025, 0.03, 0.035, 0.04, 0.045, 0.05, 0.055, 0.06, 0.065, 0.07, 0.075, 0.08, 0.085, 0.09, 0.095, 0.1, 0.105, 0.11, 0.115, 0.12, 0.125, 0.13, 0.135, 0.14, 0.145, 0.15, 0.155, 0.16, 0.165, 0.17, 0.17500000000000002, 0.18, 0.185, 0.19, 0.195, 0.2, 0.20500000000000002, 0.21, 0.215, 0.22, 0.225, 0.23, 0.23500000000000001, 0.24, 0.245, 0.25, 0.255, 0.26, 0.265, 0.27, 0.275, 0.28, 0.28500000000000003, 0.29, 0.295, 0.3, 0.305, 0.31, 0.315, 0.32, 0.325, 0.33, 0.335, 0.34, 0.34500000000000003, 0.35000000000000003, 0.355, 0.36, 0.365, 0.37, 0.375, 0.38, 0.385, 0.39, 0.395, 0.4, 0.405, 0.41000000000000003, 0.41500000000000004, 0.42, 0.425, 0.43, 0.435, 0.44, 0.445, 0.45, 0.455, 0.46, 0.465, 0.47000000000000003, 0.47500000000000003, 0.48, 0.485, 0.49, 0.495, 0.5, 0.505, 0.51, 0.515, 0.52, 0.525, 0.53, 0.535, 0.54, 0.545, 0.55, 0.555, 0.56, 0.5650000000000001, 0.5700000000000001, 0.5750000000000001, 0.58, 0.585, 0.59, 0.595, 0.6, 0.605, 0.61, 0.615, 0.62, 0.625, 0.63, 0.635]}, "poles": {"__dtype__": [["k", "<f8"], ["power_0", "<c8"], ["modes", "<i8"]], "__shape__": [127], "__data__": [[0.0037537781648676505, {"__complex__": [114793.7421875, -2.5985564069443134e-13]}, 77], [0.008050398333474014, {"__complex__": [112753.3125, 1.0621835849029468e-13]}, 548], [0.012848609532355457, {"__complex__": [114600.453125, -2.359770094172847e-13]}, 1480], [0.017751579213119567, {"__complex__": [117898.7109375, 1.1147010506480648e-13]}, 2872], [0.022691827324042853, {"__complex__": [105747.3828125, -4.916187696193432e-14]}, 4736], [0.027648005536595924, {"__complex__": [110422.28125, -2.4818502423551783e-14]}, 7036], [0.032612636555868525, {"__complex__": [108045.3359375, -2.5885191342819858e-14]}, 9838], [0.03761114292794433, {"__complex__": [98779.859375, 2.4238501695117085e-14]}, 13208], [0.04261303922036164, {"__complex__": [95778.0859375, -4.143385667117888e-14]}, 16858], [0.04760505554480107, {"__complex__": [97308.15625, 5.522548513463158e-15]}, 21080], [0.05259133615803475, {"__complex__": [94314.7421875, -1.5901249568917204e-14]}, 25624], [0.05756841184374016, {"__complex__": [92937.140625, -8.050721208934485e-15]}, 30728], [0.06256248327880025, {"__complex__": [90266.3359375, 1.2758542188235147e-14]}, 36498], [0.06756661487904435, {"__complex__": [91498.875, 1.6766456455087793e-14]}, 42528], [0.07257304507008182, {"__complex__": [89211.1484375, -1.1842378646990687e-14]}, 49152], [0.07756473030387098, {"__complex__": [87564.265625, 6.134651367082321e-15]}, 55744], [0.08254764044823601, {"__complex__": [86134.765625, 3.675538114833584e-15]}, 63346], [0.08754405971893497, {"__complex__": [86169.6328125, 2.344189939547641e-15]}, 71388], [0.09254365223263855, {"__complex__": [85218.59375, -5.8381343548852705e-15]}, 79762], [0.09754150838846357, {"__complex__": [83826.109375, 9.858575815511333e-15]}, 88564], [0.10254123052801507, {"__complex__": [82882.0625, -3.5641706464450626e-15]}, 97988], [0.10754181638082774, {"__complex__": [84724.1328125, 0.0]}, 107708], [0.11254085353408888, {"__complex__": [84242.6796875, -2.220687030123807e-15]}, 117952], [0.11753281793039293, {"__complex__": [81698.1015625, -2.949221973881362e-15]}, 128288], [0.12252442444514552, {"__complex__": [81965.2578125, 0.0]}, 139770], [0.12753052839909865, {"__complex__": [81639.0390625, 1.819635776081972e-15]}, 151946], [0.13253665927256145, {"__complex__": [81906.515625, 2.846653483748918e-15]}, 163582], [0.13753197887556465, {"__complex__": [80201.796875, -2.3158668518573518e-15]}, 175940], [0.1425260716253757, {"__complex__": [80033.1171875, 1.2314911434967786e-15]}, 189064], [0.14752506711896965, {"__complex__": [80247.2890625, 2.582874506721483e-15]}, 202824], [0.1525272624752809, {"__complex__": [80296.34375, 2.953258932907976e-15]}, 216806], [0.15752484634575162, {"__complex__": [79741.1796875, -2.521165509536047e-16]}, 230876], [0.16252366735405163, {"__complex__": [79743.0, 2.1275422050460405e-15]}, 246232], [0.1675242007800524, {"__complex__": [79697.234375, 1.6705217667067201e-15]}, 261330], [0.17252326579974073, {"__complex__": [79563.5859375, 5.877865282309181e-15]}, 277280], [0.17752110470595878, {"__complex__": [79775.265625, 8.929989900820679e-16]}, 293320], [0.1825207522633753, {"__complex__": [79475.2109375, 0.0]}, 310574], [0.18752231962759572, {"__complex__": [78499.34375, 1.1550548903365506e-15]}, 327560], [0.19252167162300435, {"__complex__": [78166.0234375, 3.3717379957186864e-16]}, 345268], [0.19752225984779248, {"__complex__": [78541.7265625, 5.603910686728143e-16]}, 363544], [0.20251992290984697, {"__complex__": [78710.5234375, 7.62559079343568e-17]}, 381660], [0.20751551078768798, {"__complex__": [78629.890625, -3.1946008541955916e-15]}, 400854], [0.21251512379553542, {"__complex__": [78198.2890625, 2.765143820871992e-16]}, 421010], [0.21751870975885984, {"__complex__": [78193.0390625, -2.9027304529889416e-15]}, 441160], [0.2225209082741387, {"__complex__": [77952.6875, 2.523657639285547e-16]}, 461296], [0.22752039891934017, {"__complex__": [78091.0625, -7.24288185257818e-16]}, 482192], [0.23252118259031918, {"__complex__": [77789.359375, -1.3862817559262921e-15]}, 503860], [0.23751936566507853, {"__complex__": [77654.296875, -3.3260000694515263e-16]}, 525024], [0.24251707186595864, {"__complex__": [77968.5234375, 9.560454522912184e-16]}, 547954], [0.24751627666670906, {"__complex__": [77807.609375, 2.040426772245067e-15]}, 570544], [0.2525167544702008, {"__complex__": [77362.453125, 2.9379311305735806e-16]}, 594374], [0.25751857595461863, {"__complex__": [77561.8359375, -1.130428783823671e-15]}, 617900], [0.2625190906945416, {"__complex__": [77728.34375, 6.345581735069073e-16]}, 642106], [0.2675172479110602, {"__complex__": [76790.9140625, -1.6602996672201368e-15]}, 666112], [0.272514629608296, {"__complex__": [76415.6640625, -2.860798722209828e-15]}, 691786], [0.27751615229387816, {"__complex__": [76831.6953125, 8.106961867291565e-16]}, 717996], [0.28251644607381426, {"__complex__": [76878.984375, 1.3315314520399055e-15]}, 743152], [0.2875152531419474, {"__complex__": [76977.1796875, -1.5115104420405977e-16]}, 770192], [0.2925134012698469, {"__complex__": [76941.8671875, 9.501144217154253e-16]}, 796430], [0.2975118362281548, {"__complex__": [76903.8828125, 1.4114027943781641e-16]}, 824820], [0.3025125080826814, {"__complex__": [77276.71875, -1.911666752834099e-15]}, 852562], [0.30751063191170563, {"__complex__": [76577.5390625, -1.3223424151116172e-15]}, 880372], [0.3125111278203564, {"__complex__": [76551.2578125, -2.636644952306574e-16]}, 910652], [0.31751269361539736, {"__complex__": [76400.28125, 2.231613119868677e-15]}, 938996], [0.3225130904459611, {"__complex__": [76580.703125, 2.401920475919383e-16]}, 969352], [0.32751158760760724, {"__complex__": [76791.09375, 1.1077800757261567e-15]}, 998344], [0.3325089848249692, {"__complex__": [76686.2421875, 5.651657404569276e-16]}, 1029922], [0.33751027924368393, {"__complex__": [76873.640625, -9.866467409722665e-16]}, 1061918], [0.34251253316973607, {"__complex__": [76731.1796875, -1.6238718506531632e-15]}, 1093272], [0.34751415893089227, {"__complex__": [76555.2734375, -5.1718812672832913e-17]}, 1125464], [0.352514235068077, {"__complex__": [76311.9296875, -2.7660935565641006e-16]}, 1157380], [0.357512374484406, {"__complex__": [76516.5390625, 1.271580259978259e-15]}, 1190172], [0.3625118834929162, {"__complex__": [76295.0234375, -1.9012015813614334e-16]}, 1224650], [0.3675116774700016, {"__complex__": [76245.328125, -5.321625310352623e-16]}, 1257864], [0.3725098709245497, {"__complex__": [76355.5546875, -7.431846432781142e-16]}, 1292312], [0.37751067052804127, {"__complex__": [76229.8671875, 6.572017994067381e-16]}, 1328534], [0.3825116981355865, {"__complex__": [76488.46875, -8.54206204586801e-16]}, 1362848], [0.3875116125361288, {"__complex__": [76444.8125, 9.984132991590496e-16]}, 1399204], [0.3925104655048909, 