{"poles": {"dims": ["k"], "edges": [{"__dtype__": "<f8", "__shape__": [86], "__data__": [0.0, 0.005, 0.01, 0.015, 0.02, 0.025, 0.03, 0.035, 0.04, 0.045, 0.05, 0.055, 0.06, 0.065, 0.07, 0.075, 0.08, 0.085, 0.09, 0.095, 0.1, 0.105, 0.11, 0.115, 0.12, 0.125, 0.13, 0.135, 0.14, 0.145, 0.15, 0.155, 0.16, 0.165, 0.17, 0.17500000000000002, 0.18, 0.185, 0.19, 0.195, 0.2, 0.20500000000000002, 0.21, 0.215, 0.22, 0.225, 0.23, 0.23500000000000001, 0.24, 0.245, 0.25, 0.255, 0.26, 0.265, 0.27, 0.275, 0.28, 0.28500000000000003, 0.29, 0.295, 0.3, 0.305, 0.31, 0.315, 0.32, 0.325, 0.33, 0.335, 0.34, 0.34500000000000003, 0.35000000000000003, 0.355, 0.36, 0.365, 0.37, 0.375, 0.38, 0.385, 0.39, 0.395, 0.4, 0.405, 0.41000000000000003, 0.41500000000000004, 0.42, 0.425]}], "coords": [{"__dtype__": "<f8", "__shape__": [85], "__data__": [0.0025, 0.0075, 0.0125, 0.0175, 0.0225, 0.0275, 0.0325, 0.037500000000000006, 0.042499999999999996, 0.0475, 0.052500000000000005, 0.057499999999999996, 0.0625, 0.0675, 0.07250000000000001, 0.0775, 0.0825, 0.0875, 0.0925, 0.0975, 0.10250000000000001, 0.1075, 0.1125, 0.1175, 0.1225, 0.1275, 0.1325, 0.1375, 0.14250000000000002, 0.1475, 0.1525, 0.1575, 0.1625, 0.1675, 0.17250000000000001, 0.1775, 0.1825, 0.1875, 0.1925, 0.1975, 0.2025, 0.20750000000000002, 0.2125, 0.2175, 0.2225, 0.2275, 0.2325, 0.2375, 0.2425, 0.2475, 0.2525, 0.2575, 0.2625, 0.2675, 0.2725, 0.2775, 0.28250000000000003, 0.2875, 0.2925, 0.2975, 0.3025, 0.3075, 0.3125, 0.3175, 0.3225, 0.3275, 0.3325, 0.3375, 0.3425, 0.34750000000000003, 0.35250000000000004, 0.3575, 0.3625, 0.3675, 0.3725, 0.3775, 0.3825, 0.3875, 0.3925, 0.3975, 0.4025, 0.40750000000000003, 0.41250000000000003, 0.4175, 0.4225]}], "data": {"__dtype__": [["k", "<f8"], ["power_0", "<c8"], ["modes", "<i8"]], "__shape__": [85], "__data__": [[0.003785962175218714, {"__complex__": [78571.7265625, -5.220418281687289e-13]}, 223], [0.008055650047333739, {"__complex__": [97118.4375, -1.5358222506256514e-13]}, 1516], [0.012838659412058445, {"__complex__": [118229.890625, 9.865705122421783e-14]}, 4130], [0.017758445021159877, {"__complex__": [107286.8984375, 0.0]}, 8058], [0.022686221993372543, {"__complex__": [111232.8671875, -8.874471761567606e-15]}, 13118], [0.02764503576190599, {"__complex__": [99447.4453125, -2.3537266835007772e-14]}, 19784], [0.032626124011193657, {"__complex__": [103489.3515625, 4.236057085481434e-15]}, 27482], [0.03761517664423396, {"__complex__": [98100.40625, -6.327951400722509e-14]}, 36794], [0.042612076216348424, {"__complex__": [94871.2578125, 4.947527576428662e-14]}, 47060], [0.04758810749327745, {"__complex__": [92779.9296875, -1.1946976204548279e-14]}, 58466], [0.05257639262811682, {"__complex__": [92430.8828125, 0.0]}, 71934], [0.057576644294676294, {"__complex__": [93582.9453125, -1.352157148997845e-14]}, 86096], [0.06257060468948772, {"__complex__": [90824.359375, -2.290152413886369e-15]}, 101666], [0.06756431050677218, {"__complex__": [87505.125, -3.929830111093534e-15]}, 118494], [0.07255460479533274, {"__complex__": [84091.796875, 0.0]}, 136590], [0.07755203808236072, {"__complex__": [83521.2421875, 5.9495742445907825e-15]}, 156536], [0.08254994891496988, {"__complex__": [82729.46875, 1.0529605480721557e-14]}, 176896], [0.0875465852208996, {"__complex__": [81230.7578125, 2.3353123989857056e-15]}, 199400], [0.09254606261661012, {"__complex__": [80574.140625, 6.01486312064867e-15]}, 222578], [0.09754095165434574, {"__complex__": [79640.2421875, 5.6532876253553854e-15]}, 247110], [0.10253878096196406, {"__complex__": [77194.203125, 2.55369570399623e-15]}, 273522], [0.1075376536617221, {"__complex__": [77112.140625, 6.197908634616219e-15]}, 300528], [0.11253874421958751, {"__complex__": [77429.5625, -2.1177587627470166e-15]}, 329826], [0.11753930483919833, {"__complex__": [78347.875, 4.865722320228968e-15]}, 358884], [0.12253435939470513, {"__complex__": [76549.1484375, -1.7900319745754343e-15]}, 390212], [0.1275324928771181, {"__complex__": [76367.328125, -1.6512499672116719e-15]}, 423008], [0.13253098558293935, {"__complex__": [76002.4921875, -1.019961287941607e-15]}, 456548], [0.1375294182229233, {"__complex__": [76243.6953125, 9.46504473173346e-16]}, 491980], [0.14252928720123362, {"__complex__": [75727.0234375, 5.289001201114413e-15]}, 528260], [0.14752710781464048, {"__complex__": [75055.984375, -6.173150179205331e-16]}, 565750], [0.15252590457329984, {"__complex__": [74818.4375, -5.7715541770992935e-15]}, 605116], [0.15752627544450365, {"__complex__": [74105.3359375, -3.6073502685137187e-16]}, 645434], [0.1625268432433497, {"__complex__": [74701.3671875, 3.048984879134263e-15]}, 687270], [0.16752762298865234, {"__complex__": [74846.03125, 3.189757943319665e-15]}, 729932], [0.17252411279445126, {"__complex__": [74659.578125, -6.022613895632521e-16]}, 773188], [0.17752203527930777, {"__complex__": [74495.7265625, -2.271452043993362e-15]}, 820024], [0.18252363779831107, {"__complex__": [74080.296875, -9.40239288099861e-16]}, 866702], [0.18752234050808908, {"__complex__": [73097.515625, -1.5282982644782635e-15]}, 914078], [0.19252201016210274, {"__complex__": [74070.6328125, 2.6556297664511808e-15]}, 964418], [0.19752271477956754, {"__complex__": [73077.8828125, -1.8354619514267083e-15]}, 1014810], [0.20252178570627094, {"__complex__": [72999.6640625, -2.1832676556129537e-16]}, 1066432], [0.20751974798690762, {"__complex__": [72967.53125, 1.2478217269616047e-15]}, 1119538], [0.2125197454352182, {"__complex__": [72905.1953125, -9.903590746218453e-16]}, 1175486], [0.2175192296548309, {"__complex__": [73235.953125, -1.514769242486481e-15]}, 1229656], [0.22251681667262319, {"__complex__": [72186.7578125, 2.1696643064800496e-15]}, 1287742], [0.22751746426403283, {"__complex__": [72243.1953125, 6.914512060520513e-16]}, 1346910], [0.23251730364615478, {"__complex__": [72343.5859375, -4.969223605394576e-16]}, 1405636], [0.23751678657474465, {"__complex__": [72510.203125, -2.2207249348481966e-15]}, 1467822], [0.2425174971485461, {"__complex__": [72327.859375, 3.044074946776385e-16]}, 1529730], [0.24751707342858845, {"__complex__": [72621.03125, -2.9223610768162704e-16]}, 1593442], [0.2525171832510974, {"__complex__": [72426.6328125, 1.6843144277033355e-15]}, 1658816], [0.2575157181508458, {"__complex__": [72764.7265625, 2.7016970826557044e-16]}, 1723588], [0.2625146768272274, {"__complex__": [72579.1171875, -1.2984289809447338e-15]}, 1793172], [0.2675153728644548, {"__complex__": [71848.09375, -1.0007075937758063e-15]}, 1861328], [0.2725140790996068, {"__complex__": [71881.046875, 0.0]}, 1930900], [0.2775148647609448, {"__complex__": [72338.546875, 1.1614643886484238e-15]}, 2004630], [0.28251520974118804, {"__complex__": [71966.7890625, -3.141956485974316e-15]}, 2074904], [0.28751406015515885, {"__complex__": [71593.5, 0.0]}, 2150534], [0.29251361364437867, {"__complex__": [71889.7109375, 8.37231187867792e-16]}, 2224768], [0.2975131524186939, {"__complex__": [72044.984375, 6.066183682252506e-16]}, 2302904], [0.3025147259314174, {"__complex__": [71979.8359375, 1.9554196044498096e-15]}, 2381388], [0.3075149652713783, {"__complex__": [71870.609375, -1.8937326036512226e-16]}, 2458960], [0.31251335064096714, {"__complex__": [71632.484375, 1.8335489275153345e-16]}, 2539672], [0.31751349612987984, {"__complex__": [72158.734375, 7.100909072102111e-16]}, 2623108], [0.32251268944270295, {"__complex__": [71921.671875, 3.4441968997959635e-16]}, 2704034], [0.32751171630842707, {"__complex__": [71767.8046875, 2.002476731592759e-15]}, 2790512], [0.33251237563902225, {"__complex__": [72074.9609375, 1.6190437893235933e-16]}, 2876150], [0.3375123279265873, {"__complex__": [72029.4765625, -4.714802966005762e-16]}, 2962974], [0.34251273719712905, {"__complex__": [71630.921875, 1.5257698446609298e-16]}, 3051976], [0.34751247641754474, {"__complex__": [71672.578125, -8.711058353735044e-16]}, 3140560], [0.35251198333721223, {"__complex__": [71716.1484375, 1.0084000293654146e-15]}, 3232476], [0.3575118605439826, 