{"poles": {"dims": ["k"], "edges": [{"__dtype__": "<f8", "__shape__": [94], "__data__": [0.0, 0.005, 0.01, 0.015, 0.02, 0.025, 0.03, 0.035, 0.04, 0.045, 0.05, 0.055, 0.06, 0.065, 0.07, 0.075, 0.08, 0.085, 0.09, 0.095, 0.1, 0.105, 0.11, 0.115, 0.12, 0.125, 0.13, 0.135, 0.14, 0.145, 0.15, 0.155, 0.16, 0.165, 0.17, 0.17500000000000002, 0.18, 0.185, 0.19, 0.195, 0.2, 0.20500000000000002, 0.21, 0.215, 0.22, 0.225, 0.23, 0.23500000000000001, 0.24, 0.245, 0.25, 0.255, 0.26, 0.265, 0.27, 0.275, 0.28, 0.28500000000000003, 0.29, 0.295, 0.3, 0.305, 0.31, 0.315, 0.32, 0.325, 0.33, 0.335, 0.34, 0.34500000000000003, 0.35000000000000003, 0.355, 0.36, 0.365, 0.37, 0.375, 0.38, 0.385, 0.39, 0.395, 0.4, 0.405, 0.41000000000000003, 0.41500000000000004, 0.42, 0.425, 0.43, 0.435, 0.44, 0.445, 0.45, 0.455, 0.46, 0.465]}], "coords": [{"__dtype__": "<f8", "__shape__": [93], "__data__": [0.0025, 0.0075, 0.0125, 0.0175, 0.0225, 0.0275, 0.0325, 0.037500000000000006, 0.042499999999999996, 0.0475, 0.052500000000000005, 0.057499999999999996, 0.0625, 0.0675, 0.07250000000000001, 0.0775, 0.0825, 0.0875, 0.0925, 0.0975, 0.10250000000000001, 0.1075, 0.1125, 0.1175, 0.1225, 0.1275, 0.1325, 0.1375, 0.14250000000000002, 0.1475, 0.1525, 0.1575, 0.1625, 0.1675, 0.17250000000000001, 0.1775, 0.1825, 0.1875, 0.1925, 0.1975, 0.2025, 0.20750000000000002, 0.2125, 0.2175, 0.2225, 0.2275, 0.2325, 0.2375, 0.2425, 0.2475, 0.2525, 0.2575, 0.2625, 0.2675, 0.2725, 0.2775, 0.28250000000000003, 0.2875, 0.2925, 0.2975, 0.3025, 0.3075, 0.3125, 0.3175, 0.3225, 0.3275, 0.3325, 0.3375, 0.3425, 0.34750000000000003, 0.35250000000000004, 0.3575, 0.3625, 0.3675, 0.3725, 0.3775, 0.3825, 0.3875, 0.3925, 0.3975, 0.4025, 0.40750000000000003, 0.41250000000000003, 0.4175, 0.4225, 0.4275, 0.4325, 0.4375, 0.4425, 0.4475, 0.4525, 0.4575, 0.4625]}], "data": {"__dtype__": [["k", "<f8"], ["power_2", "<c8"], ["modes", "<i8"]], "__shape__": [93], "__data__": [[0.0037081367915242675, {"__complex__": [-36592.47265625, 3.0475214365943692e-12]}, 191], [0.008018577791264523, {"__complex__": [8910.3544921875, 6.748714542932632e-13]}, 1380], [0.012844085612331841, {"__complex__": [-3413.194580078125, -1.2351758342261238e-13]}, 3770], [0.01775141230162106, {"__complex__": [15234.0517578125, -1.2835206801477955e-13]}, 7256], [0.022691010615224643, {"__complex__": [1309.12060546875, -1.5509119054117615e-13]}, 12010], [0.027661296094027222, {"__complex__": [12711.60546875, -6.494940896955084e-14]}, 17924], [0.03263163473973046, {"__complex__": [14309.7529296875, 7.47749979339643e-14]}, 24910], [0.03760885918999335, {"__complex__": [11527.705078125, -4.202719308633515e-14]}, 33240], [0.04258994605322728, {"__complex__": [17139.572265625, -6.563848721280116e-14]}, 42566], [0.047583805693835864, {"__complex__": [9843.244140625, -3.4830120151973024e-14]}, 53478], [0.052589415944125126, {"__complex__": [7698.234375, 1.6055318085759183e-14]}, 65258], [0.057576993125266096, {"__complex__": [9717.6455078125, -3.591772062064291e-14]}, 77788], [0.0625679362273907, {"__complex__": [9253.84765625, 0.0]}, 92438], [0.06756372941029527, {"__complex__": [7168.125, 4.7688100620084037e-14]}, 107412], [0.07255867544245412, {"__complex__": [7709.29638671875, 2.998414640490929e-14]}, 124242], [0.07755343255815964, {"__complex__": [7333.30810546875, -3.700475611833698e-15]}, 141568], [0.08254944316463679, {"__complex__": [7628.15185546875, 2.8943556264812015e-15]}, 160886], [0.0875469705282893, {"__complex__": [8456.7958984375, -9.027242623934392e-15]}, 180544], [0.09254207143002044, {"__complex__": [2396.06689453125, 2.305208297468872e-14]}, 202004], [0.09754200795670145, {"__complex__": [395.5448913574219, 1.0369320589079679e-14]}, 224538], [0.10254171329034444, {"__complex__": [3636.5576171875, 4.693447253702231e-15]}, 248038], [0.10754099109209159, {"__complex__": [1941.841064453125, 0.0]}, 272876], [0.11253870054955198, {"__complex__": [-198.7344512939453, -7.212748973116963e-15]}, 298594], [0.11753608765430268, {"__complex__": [-1428.93359375, -2.3217626246867153e-15]}, 325916], [0.12253572907412832, {"__complex__": [372.4351806640625, -2.628374787307379e-15]}, 354334], [0.1275331697481456, {"__complex__": [-543.1589965820312, 0.0]}, 383424], [0.13252928315027618, {"__complex__": [-1406.8526611328125, -1.5738256712942954e-14]}, 414230], [0.13752809598823948, {"__complex__": [-58.84502410888672, -8.606550158153387e-15]}, 446370], [0.1425292748907053, {"__complex__": [-234.5679168701172, 1.9420436836632433e-15]}, 479558], [0.14752984329410787, {"__complex__": [1144.1512451171875, -9.067814655074925e-15]}, 513532], [0.15252898535896237, {"__complex__": [626.8181762695312, -1.6966145107677705e-15]}, 548930], [0.15752847498756622, {"__complex__": [-888.5875244140625, -7.95257211320434e-15]}, 585548], [0.16252705956276423, {"__complex__": [631.2761840820312, 0.0]}, 623094], [0.16752723347134682, {"__complex__": [807.6973266601562, -8.43309221011581e-15]}, 662620], [0.17252557298757182, {"__complex__": [1174.36279296875, -7.631898991901018e-15]}, 701674], [0.1775232051718564, {"__complex__": [677.7821655273438, 3.44348073343906e-15]}, 743764], [0.1825215844754662, {"__complex__": [-1394.9827880859375, 1.4818273900139324e-15]}, 785620], [0.18752064712987349, {"__complex__": [-2147.24169921875, -3.926790956878786e-15]}, 830100], [0.19252067437217257, {"__complex__": [-530.4354858398438, 1.065077121448568e-15]}, 874418], [0.19751987908784707, {"__complex__": [1000.1719970703125, -8.598236529776086e-15]}, 920682], [0.20251936794243589, {"__complex__": [207.1323699951172, 0.0]}, 967718], [0.20751955964231095, {"__complex__": [130.20472717285156, -2.748431754943546e-15]}, 1016568], [0.2125192859071403, {"__complex__": [-843.3469848632812, -4.370444897673078e-16]}, 1065478], [0.21751870204394746, {"__complex__": [-845.6522216796875, -8.339953314268674e-15]}, 1116700], [0.22251763655620238, {"__complex__": [-245.24264526367188, 1.9935392634498053e-15]}, 1167926], [0.2275173612096972, {"__complex__": [600.0538940429688, 1.5242171538592739e-15]}, 1222034], [0.23251753944930767, {"__complex__": [709.3289794921875, 8.031324154442361e-15]}, 1275574], [0.237518608068736, {"__complex__": [-181.901611328125, -2.097214402127837e-15]}, 1332228], [0.24251933382685822, {"__complex__": [249.5057830810547, 1.0067815611614485e-15]}, 1387574], [0.2475188275283454, {"__complex__": [226.8592071533203, -3.864398509984034e-15]}, 1446004], [0.2525176353551358, {"__complex__": [-330.7292175292969, 3.715377462474743e-15]}, 1504002], [0.25751592740199597, {"__complex__": [522.465576171875, 0.0]}, 1564788], [0.2625152321376914, {"__complex__": [-271.9783020019531, 1.7181868517475614e-15]}, 1626114], [0.2675142035428968, {"__complex__": [-614.0787353515625, -1.9305062478886924e-15]}, 1688484], [0.27251407722071946, {"__complex__": [-458.2285461425781, 1.0625956325504681e-15]}, 1752920], [0.277514999580621, {"__complex__": [-235.2107391357422, 1.0246181692064927e-15]}, 1817892], [0.28251513318998955, {"__complex__": [-975.9537963867188, 2.9670253358832265e-15]}, 1883346], [0.2875150555774266, {"__complex__": [637.924560546875, 2.8639922481792134e-15]}, 1951100], [0.2925143032383768, {"__complex__": [-322.1744384765625, -1.845568113278636e-15]}, 2018506], [0.2975129983065177, {"__complex__": [-1292.9432373046875, -2.898346633970427e-15]}, 2088638], [0.30251265006104155, {"__complex__": [-810.5047607421875, -4.3121737954623105e-16]}, 2159752], [0.3075131135075962, {"__complex__": [-818.5673217773438, 1.9819368178965527e-15]}, 2232050], [0.31251255553945134, {"__complex__": [-826.986083984375, -4.042114545587018e-16]}, 2304048], [0.3175120364779517, {"__complex__": [-49.177093505859375, -4.500935299516168e-15]}, 2379552], [0.3225126598898453, {"__complex__": [508.4666442871094, -2.4658475876958817e-15]}, 2454976], [0.3275133985704822, {"__complex__": [462.7541198730469, -1.8391147280721833e-16]}, 2531986], [0.33251410375899365, {"__complex__": [-173.763427734375, -7.137895295139562e-16]}, 