{"edges": {"__dtype__": "<f8", "__shape__": [116], "__data__": [0.0, 0.005, 0.01, 0.015, 0.02, 0.025, 0.03, 0.035, 0.04, 0.045, 0.05, 0.055, 0.06, 0.065, 0.07, 0.075, 0.08, 0.085, 0.09, 0.095, 0.1, 0.105, 0.11, 0.115, 0.12, 0.125, 0.13, 0.135, 0.14, 0.145, 0.15, 0.155, 0.16, 0.165, 0.17, 0.17500000000000002, 0.18, 0.185, 0.19, 0.195, 0.2, 0.20500000000000002, 0.21, 0.215, 0.22, 0.225, 0.23, 0.23500000000000001, 0.24, 0.245, 0.25, 0.255, 0.26, 0.265, 0.27, 0.275, 0.28, 0.28500000000000003, 0.29, 0.295, 0.3, 0.305, 0.31, 0.315, 0.32, 0.325, 0.33, 0.335, 0.34, 0.34500000000000003, 0.35000000000000003, 0.355, 0.36, 0.365, 0.37, 0.375, 0.38, 0.385, 0.39, 0.395, 0.4, 0.405, 0.41000000000000003, 0.41500000000000004, 0.42, 0.425, 0.43, 0.435, 0.44, 0.445, 0.45, 0.455, 0.46, 0.465, 0.47000000000000003, 0.47500000000000003, 0.48, 0.485, 0.49, 0.495, 0.5, 0.505, 0.51, 0.515, 0.52, 0.525, 0.53, 0.535, 0.54, 0.545, 0.55, 0.555, 0.56, 0.5650000000000001, 0.5700000000000001, 0.5750000000000001]}, "poles": {"__dtype__": [["k", "<f8"], ["power_0", "<c8"], ["modes", "<i8"]], "__shape__": [115], "__data__": [[0.0037054420134658554, {"__complex__": [76584.234375, -4.383107104263123e-13]}, 83], [0.008002706039259398, {"__complex__": [95673.578125, -6.714390328455e-13]}, 596], [0.012849701484846114, {"__complex__": [108275.953125, 2.0529856026990645e-13]}, 1648], [0.0177641384261076, {"__complex__": [100601.890625, -8.760658485543887e-14]}, 3156], [0.022684229681789413, {"__complex__": [107877.578125, 5.622842211912456e-14]}, 5176], [0.027646384376179004, {"__complex__": [106013.3984375, -8.950434523310319e-14]}, 7804], [0.032636129245414154, {"__complex__": [100887.3359375, 8.564673357460903e-14]}, 10874], [0.037622935176432226, {"__complex__": [97016.5625, -6.045665134962394e-14]}, 14442], [0.0426065943302704, {"__complex__": [97375.9140625, 6.277789347256457e-15]}, 18544], [0.047584168879418735, {"__complex__": [92515.15625, 2.2737367883136385e-14]}, 23040], [0.052572163944886785, {"__complex__": [94077.2421875, -4.104044374849715e-14]}, 28366], [0.05756591012932392, {"__complex__": [87489.9765625, -2.2375645851143225e-14]}, 33818], [0.06255885577973451, {"__complex__": [87436.140625, 2.9009548601732597e-15]}, 40130], [0.06756290621144688, {"__complex__": [88224.0390625, -2.485488757083404e-14]}, 46838], [0.07256050504780319, {"__complex__": [87292.9609375, 1.1895446108169117e-14]}, 53826], [0.0775516441986681, {"__complex__": [84218.6953125, 0.0]}, 61584], [0.08254999402587553, {"__complex__": [82747.21875, 2.4994701370206675e-15]}, 69864], [0.08754547074829418, {"__complex__": [82883.6796875, 2.227220407004216e-15]}, 78404], [0.09254370656486871, {"__complex__": [81013.328125, -3.9731287412912795e-15]}, 87902], [0.09754153604884025, {"__complex__": [79679.2734375, -2.3926692350090305e-15]}, 97310], [0.10253422913940137, {"__complex__": [80403.796875, 4.3230465221315035e-15]}, 107716], [0.1075359850070505, {"__complex__": [79621.4765625, -5.88679639770503e-15]}, 118654], [0.11253957840084304, {"__complex__": [78719.1796875, 1.7922456951830834e-15]}, 129910], [0.11753653834673844, {"__complex__": [77672.0625, -1.2351670547296255e-15]}, 141376], [0.12253336603812491, {"__complex__": [77758.4765625, -4.91497432149649e-15]}, 153958], [0.12753369323485178, {"__complex__": [77540.3984375, -1.396553724477645e-15]}, 166718], [0.1325298054599073, {"__complex__": [76921.953125, -1.2948991828952883e-15]}, 179806], [0.13753126919241337, {"__complex__": [76954.71875, -5.392871580886787e-15]}, 194282], [0.14252978867508304, {"__complex__": [75957.5859375, -1.0085361263842147e-14]}, 207774], [0.14752584639061916, {"__complex__": [75374.5234375, 7.0387895815746115e-15]}, 223278], [0.1525273402624495, {"__complex__": [75068.2421875, -4.881227258328458e-15]}, 238496], [0.15752777994300757, {"__complex__": [74801.1953125, 2.058877267418634e-15]}, 254444], [0.16252677921627748, {"__complex__": [74737.796875, 3.010570452668623e-15]}, 270682], [0.16752582095517576, {"__complex__": [74663.28125, -2.4277639275961443e-15]}, 287710], [0.1725259295419247, {"__complex__": [74377.6015625, -3.0514956965481616e-15]}, 305202], [0.17752572093623975, {"__complex__": [75182.734375, 1.441640123589689e-15]}, 323008], [0.18252702152554795, {"__complex__": [75066.03125, 2.724663163410643e-15]}, 341812], [0.18752508561671835, {"__complex__": [73909.8203125, -2.5868633966283404e-15]}, 360020], [0.19252006361125312, {"__complex__": [74426.2734375, 3.0657554962151877e-15]}, 379728], [0.19751626124600596, {"__complex__": [74224.296875, 3.0585019295713755e-15]}, 399660], [0.20251335405021748, {"__complex__": [74225.734375, 2.2157464987007094e-15]}, 420320], [0.20751594275294782, {"__complex__": [74518.328125, 3.160096543572714e-15]}, 442070], [0.21251689533718626, {"__complex__": [73735.6015625, 1.7614131665074349e-15]}, 462644], [0.21751895130525958, {"__complex__": [73390.1796875, -1.4377587009880145e-15]}, 485820], [0.22252064263763735, {"__complex__": [73185.5546875, 9.179137230717243e-16]}, 507304], [0.22751949683857262, {"__complex__": [73352.5, -3.94794772231883e-15]}, 530776], [0.23252062744923513, {"__complex__": [72981.1953125, 1.2596243899277645e-15]}, 554524], [0.23751988845699762, {"__complex__": [74146.0546875, -2.0140781183548275e-15]}, 578008], [0.24251952417933192, {"__complex__": [73415.3359375, 1.5437855207649795e-15]}, 603272], [0.24751886354741093, {"__complex__": [72959.2890625, -7.41796515096242e-16]}, 627748], [0.2525158523431189, {"__complex__": [73354.0625, 0.0]}, 653304], [0.2575140585584922, {"__complex__": [73030.9921875, 6.849007826335786e-16]}, 679896], [0.2625126084722789, {"__complex__": [72810.8515625, -1.6487273972156302e-16]}, 706092], [0.26751303339828036, {"__complex__": [72577.578125, 3.2898761788939393e-15]}, 734258], [0.2725141980302592, {"__complex__": [73068.4375, 3.36464885934576e-15]}, 761190], [0.27751499291909654, {"__complex__": [72706.703125, 5.894700273894097e-16]}, 789966], [0.2825156597003922, {"__complex__": [72794.296875, 1.7072865965075826e-15]}, 818248], [0.2875141801620819, {"__complex__": [73045.6796875, 2.233406500376251e-15]}, 847024], [0.29251195304227423, {"__complex__": [73039.953125, 1.0619365350383859e-15]}, 877004], [0.2975142527009851, {"__complex__": [72890.25, -2.0500122205926704e-15]}, 908602], [0.30251615798691667, {"__complex__": [72559.1328125, 1.4896362926337882e-15]}, 937802], [0.30751506635382575, {"__complex__": [72683.1796875, 8.403652627121921e-16]}, 969706], [0.31251223811931306, {"__complex__": [72559.546875, 4.656817737414692e-16]}, 999956], [0.3175098816792195, {"__complex__": [72679.6171875, 9.006465329254717e-16]}, 1034060], [0.3225110492752749, {"__complex__": [72763.1484375, -8.733447022717751e-16]}, 1066386], [0.3275123331358606, {"__complex__": [73062.7734375, -1.3754698038710646e-15]}, 1100278], [0.3325123291547583, {"__complex__": [72604.75, -1.4384058341597168e-15]}, 1133070], [0.3375117534479973, {"__complex__": [72344.4453125, 1.0963002381920192e-15]}, 1168082], [0.3425129583700723, {"__complex__": [72373.7734375, -7.740007077508505e-16]}, 1203258], [0.3475132726509487, {"__complex__": [72244.8515625, -1.8808608792265095e-16]}, 1237894], [0.35251300538197095, {"__complex__": [72425.71875, -9.136891462472934e-16]}, 1274124], [0.3575125695577228, {"__complex__": [72137.421875, -5.331014670572937e-16]}, 1310242], [0.36251151779301266, {"__complex__": [72494.6640625, 6.914491943488016e-16]}, 1346914], [0.3675115630015573, {"__complex__": [72453.8515625, 1.6807091113726864e-16]}, 1385312], [0.3725118957087531, {"__complex__": [72432.6953125, -2.046236782988521e-15]}, 1422310], [0.37751124096797295, {"__complex__": [72267.5234375, 2.390134541853931e-16]}, 1461198], [0.3825103314725004, {"__complex__": [72433.1640625, -4.658103639307743e-16]}, 1499520], [0.38750966779422413, {"__complex__": [72134.671875, 4.536569234453328e-16]}, 1539692], [0.3925103292814964, {"__complex__": [72110.1796875, 0.0]}, 1579920], 