{"poles": {"dims": ["k"], "edges": [{"__dtype__": "<f8", "__shape__": [86], "__data__": [0.0, 0.005, 0.01, 0.015, 0.02, 0.025, 0.03, 0.035, 0.04, 0.045, 0.05, 0.055, 0.06, 0.065, 0.07, 0.075, 0.08, 0.085, 0.09, 0.095, 0.1, 0.105, 0.11, 0.115, 0.12, 0.125, 0.13, 0.135, 0.14, 0.145, 0.15, 0.155, 0.16, 0.165, 0.17, 0.17500000000000002, 0.18, 0.185, 0.19, 0.195, 0.2, 0.20500000000000002, 0.21, 0.215, 0.22, 0.225, 0.23, 0.23500000000000001, 0.24, 0.245, 0.25, 0.255, 0.26, 0.265, 0.27, 0.275, 0.28, 0.28500000000000003, 0.29, 0.295, 0.3, 0.305, 0.31, 0.315, 0.32, 0.325, 0.33, 0.335, 0.34, 0.34500000000000003, 0.35000000000000003, 0.355, 0.36, 0.365, 0.37, 0.375, 0.38, 0.385, 0.39, 0.395, 0.4, 0.405, 0.41000000000000003, 0.41500000000000004, 0.42, 0.425]}], "coords": [{"__dtype__": "<f8", "__shape__": [85], "__data__": [0.0025, 0.0075, 0.0125, 0.0175, 0.0225, 0.0275, 0.0325, 0.037500000000000006, 0.042499999999999996, 0.0475, 0.052500000000000005, 0.057499999999999996, 0.0625, 0.0675, 0.07250000000000001, 0.0775, 0.0825, 0.0875, 0.0925, 0.0975, 0.10250000000000001, 0.1075, 0.1125, 0.1175, 0.1225, 0.1275, 0.1325, 0.1375, 0.14250000000000002, 0.1475, 0.1525, 0.1575, 0.1625, 0.1675, 0.17250000000000001, 0.1775, 0.1825, 0.1875, 0.1925, 0.1975, 0.2025, 0.20750000000000002, 0.2125, 0.2175, 0.2225, 0.2275, 0.2325, 0.2375, 0.2425, 0.2475, 0.2525, 0.2575, 0.2625, 0.2675, 0.2725, 0.2775, 0.28250000000000003, 0.2875, 0.2925, 0.2975, 0.3025, 0.3075, 0.3125, 0.3175, 0.3225, 0.3275, 0.3325, 0.3375, 0.3425, 0.34750000000000003, 0.35250000000000004, 0.3575, 0.3625, 0.3675, 0.3725, 0.3775, 0.3825, 0.3875, 0.3925, 0.3975, 0.4025, 0.40750000000000003, 0.41250000000000003, 0.4175, 0.4225]}], "data": {"__dtype__": [["k", "<f8"], ["power_2", "<c8"], ["modes", "<i8"]], "__shape__": [85], "__data__": [[0.003785962175218714, {"__complex__": [17128.47265625, -6.525522310008025e-13]}, 223], [0.008055650047333739, {"__complex__": [9230.23046875, 1.5358222506256514e-13]}, 1516], [0.012838659412058445, {"__complex__": [-5751.63720703125, 1.9731410244843567e-13]}, 4130], [0.017758445021159877, {"__complex__": [16682.001953125, 5.778869407741666e-14]}, 8058], [0.022686221993372543, {"__complex__": [11786.8046875, 0.0]}, 13118], [0.02764503576190599, {"__complex__": [3463.44873046875, -2.942158439079266e-14]}, 19784], [0.032626124011193657, {"__complex__": [13274.37890625, -3.388845668385147e-14]}, 27482], [0.03761517664423396, {"__complex__": [10294.3994140625, 6.327951485425804e-15]}, 36794], [0.042612076216348424, {"__complex__": [12520.267578125, -9.895054983450734e-15]}, 47060], [0.04758810749327745, {"__complex__": [9502.734375, 3.982325401516093e-15]}, 58466], [0.05257639262811682, {"__complex__": [5937.83642578125, 6.473451840489832e-15]}, 71934], [0.057576644294676294, {"__complex__": [3922.411376953125, 0.0]}, 86096], [0.06257060468948772, {"__complex__": [10281.98046875, 4.580304827772738e-15]}, 101666], [0.06756431050677218, {"__complex__": [8755.322265625, -1.5719320444374137e-14]}, 118494], [0.07255460479533274, {"__complex__": [6310.4296875, -1.5341355708584428e-14]}, 136590], [0.07755203808236072, {"__complex__": [4670.3876953125, -2.9747871222953913e-15]}, 156536], [0.08254994891496988, {"__complex__": [4743.57958984375, 1.3162006850901947e-14]}, 176896], [0.0875465852208996, {"__complex__": [4636.609375, -1.2844217876784025e-14]}, 199400], [0.09254606261661012, {"__complex__": [3589.028076171875, -4.184252550427361e-15]}, 222578], [0.09754095165434574, {"__complex__": [2265.955322265625, -1.8844291378657162e-15]}, 247110], [0.10253878096196406, {"__complex__": [2411.38330078125, 3.830543450115227e-15]}, 273522], [0.1075376536617221, {"__complex__": [2304.614013671875, 7.360016662425438e-15]}, 300528], [0.11253874421958751, {"__complex__": [165.68099975585938, 0.0]}, 329826], [0.11753930483919833, {"__complex__": [675.400146484375, 6.4876294779609746e-15]}, 358884], [0.12253435939470513, {"__complex__": [408.7530822753906, 4.773418598867825e-15]}, 390212], [0.1275324928771181, {"__complex__": [1888.092529296875, -4.953749795755897e-15]}, 423008], [0.13253098558293935, {"__complex__": [2994.349609375, -2.039922575883214e-15]}, 456548], [0.1375294182229233, {"__complex__": [2596.671142578125, 0.0]}, 491980], [0.14252928720123362, {"__complex__": [1729.8143310546875, -4.187125686184448e-15]}, 528260], [0.14752710781464048, {"__complex__": [302.85784912109375, 6.173150179205331e-16]}, 565750], [0.15252590457329984, {"__complex__": [1278.8802490234375, 6.1563243991037166e-15]}, 605116], [0.15752627544450365, {"__complex__": [1059.4837646484375, 5.952127625410281e-15]}, 645434], [0.1625268432433497, {"__complex__": [-1416.8060302734375, 5.4204175158479705e-15]}, 687270], [0.16752762298865234, {"__complex__": [-242.44403076171875, 3.8277097013901876e-15]}, 729932], [0.17252411279445126, {"__complex__": [-720.3519897460938, -3.6135683373795125e-15]}, 773188], [0.17752203527930777, {"__complex__": [-13.244673728942871, 8.517944900277312e-16]}, 820024], [0.18252363779831107, {"__complex__": [444.36376953125, -1.0745591258974879e-15]}, 866702], [0.18752234050808908, {"__complex__": [-495.22454833984375, 5.094327724726076e-16]}, 914078], [0.19252201016210274, {"__complex__": [-714.171875, 2.4142088593412337e-15]}, 964418], [0.19752271477956754, {"__complex__": [1002.922607421875, -1.8354619514267083e-15]}, 1014810], [0.20252178570627094, {"__complex__": [444.2752685546875, 4.3665353112259074e-16]}, 1066432], [0.20751974798690762, {"__complex__": [246.68521118164062, -6.239108634808024e-16]}, 1119538], [0.2125197454352182, {"__complex__": [103.22383117675781, -2.773005451292814e-15]}, 1175486], [0.2175192296548309, {"__complex__": [-136.7663116455078, -1.3254231798198995e-15]}, 1229656], [0.22251681667262319, {"__complex__": [-988.759765625, 7.232214002003104e-16]}, 1287742], [0.22751746426403283, {"__complex__": [-921.1414794921875, 0.0]}, 1346910], [0.23251730364615478, {"__complex__": [755.6004638671875, 1.9876894421578303e-15]}, 1405636], [0.23751678657474465, {"__complex__": [322.6134033203125, -4.441449869696393e-15]}, 1467822], [0.2425174971485461, {"__complex__": [-482.52691650390625, -2.435259957421108e-15]}, 1529730], [0.24751707342858845, {"__complex__": [-237.6944122314453, 1.4611805384081352e-16]}, 1593442], [0.2525171832510974, {"__complex__": [470.6488342285156, -2.8071908010714912e-16]}, 1658816], [0.2575157181508458, {"__complex__": [115.33727264404297, 1.3508485677976318e-15]}, 1723588], [0.2625146768272274, {"__complex__": [-704.1591796875, -5.193715923778935e-16]}, 1793172], [0.2675153728644548, {"__complex__": [118.92929077148438, 2.5017691961977525e-15]}, 1861328], [0.2725140790996068, {"__complex__": [398.2856140136719, 3.858605228141288e-15]}, 1930900], [0.2775148647609448, {"__complex__": [89.70452880859375, 1.1614643886484238e-15]}, 2004630], [0.28251520974118804, {"__complex__": [726.1978149414062, 5.610636393027138e-17]}, 2074904], [0.28751406015515885, {"__complex__": [-5.51141881942749, 4.1141245751418094e-15]}, 2150534], [0.29251361364437867, {"__complex__": [114.01473999023438, 5.232694791824802e-16]}, 2224768], [0.2975131524186939, {"__complex__": [975.044189453125, 1.2132367364505012e-15]}, 2302904], [0.3025147259314174, {"__complex__": [108.49215698242188, 0.0]}, 2381388], [0.3075149652713783, {"__complex__": [-600.2516479492188, -3.787465207302445e-16]}, 2458960], [0.31251335064096714, {"__complex__": [-616.7279052734375, 1.650194034763801e-15]}, 2539672], [0.31751349612987984, {"__complex__": [-962.3722534179688, 1.0651364137548758e-15]}, 2623108], [0.32251268944270295, {"__complex__": [-883.8820190429688, -1.7220984498979817e-15]}, 2704034], [0.32751171630842707, {"__complex__": [131.8458709716797, -2.669968975457012e-15]}, 2790512], [0.33251237563902225, {"__complex__": [-16.57012939453125, 2.752374481554778e-15]}, 2876150], [0.3375123279265873, {"__complex__": [-202.68344116210938, 6.2864037782091515e-16]}, 2962974], [0.34251273719712905, 