{"edges": {"__dtype__": "<f8", "__shape__": [116], "__data__": [0.0, 0.005, 0.01, 0.015, 0.02, 0.025, 0.03, 0.035, 0.04, 0.045, 0.05, 0.055, 0.06, 0.065, 0.07, 0.075, 0.08, 0.085, 0.09, 0.095, 0.1, 0.105, 0.11, 0.115, 0.12, 0.125, 0.13, 0.135, 0.14, 0.145, 0.15, 0.155, 0.16, 0.165, 0.17, 0.17500000000000002, 0.18, 0.185, 0.19, 0.195, 0.2, 0.20500000000000002, 0.21, 0.215, 0.22, 0.225, 0.23, 0.23500000000000001, 0.24, 0.245, 0.25, 0.255, 0.26, 0.265, 0.27, 0.275, 0.28, 0.28500000000000003, 0.29, 0.295, 0.3, 0.305, 0.31, 0.315, 0.32, 0.325, 0.33, 0.335, 0.34, 0.34500000000000003, 0.35000000000000003, 0.355, 0.36, 0.365, 0.37, 0.375, 0.38, 0.385, 0.39, 0.395, 0.4, 0.405, 0.41000000000000003, 0.41500000000000004, 0.42, 0.425, 0.43, 0.435, 0.44, 0.445, 0.45, 0.455, 0.46, 0.465, 0.47000000000000003, 0.47500000000000003, 0.48, 0.485, 0.49, 0.495, 0.5, 0.505, 0.51, 0.515, 0.52, 0.525, 0.53, 0.535, 0.54, 0.545, 0.55, 0.555, 0.56, 0.5650000000000001, 0.5700000000000001, 0.5750000000000001]}, "poles": {"__dtype__": [["k", "<f8"], ["power_2", "<c8"], ["modes", "<i8"]], "__shape__": [115], "__data__": [[0.0037054420134658554, {"__complex__": [-116341.1796875, 0.0]}, 83], [0.008002706039259398, {"__complex__": [-4276.45166015625, -1.9532772209569782e-13]}, 596], [0.012849701484846114, {"__complex__": [26866.708984375, -1.3245069103995366e-13]}, 1648], [0.0177641384261076, {"__complex__": [482.691650390625, -2.2132190286190678e-13]}, 3156], [0.022684229681789413, {"__complex__": [14173.6064453125, -1.7993093993917686e-13]}, 5176], [0.027646384376179004, {"__complex__": [23763.017578125, 2.9834784003122256e-14]}, 7804], [0.032636129245414154, {"__complex__": [21769.818359375, 2.1411683393652257e-14]}, 10874], [0.037622935176432226, {"__complex__": [6505.626953125, 3.2243545805337934e-14]}, 14442], [0.0426065943302704, {"__complex__": [1874.3193359375, 0.0]}, 18544], [0.047584168879418735, {"__complex__": [3468.804931640625, 5.052748465532138e-15]}, 23040], [0.052572163944886785, {"__complex__": [4618.33056640625, 1.641617783821204e-14]}, 28366], [0.05756591012932392, {"__complex__": [8668.130859375, -1.376962847671366e-14]}, 33818], [0.06255885577973451, {"__complex__": [5299.3583984375, 1.7405729161039558e-14]}, 40130], [0.06756290621144688, {"__complex__": [5543.732421875, -9.941955197740205e-15]}, 46838], [0.07256050504780319, {"__complex__": [4890.51171875, 1.2976849683796893e-14]}, 53826], [0.0775516441986681, {"__complex__": [168.5818328857422, -2.2684201319103127e-14]}, 61584], [0.08254999402587553, {"__complex__": [5947.4609375, 1.6663133893874056e-15]}, 69864], [0.08754547074829418, {"__complex__": [824.5446166992188, 5.93925441867791e-15]}, 78404], [0.09254370656486871, {"__complex__": [4068.209228515625, -1.3243762470970932e-14]}, 87902], [0.09754153604884025, {"__complex__": [4663.24755859375, -1.555234992167958e-14]}, 97310], [0.10253422913940137, {"__complex__": [4063.406982421875, -8.3083555972043e-15]}, 107716], [0.1075359850070505, {"__complex__": [3354.17578125, 1.5698124291902045e-14]}, 118654], [0.11253957840084304, {"__complex__": [3236.362548828125, -3.584491390366167e-15]}, 129910], [0.11753653834673844, {"__complex__": [1683.4305419921875, 0.0]}, 141376], [0.12253336603812491, {"__complex__": [-1020.2434692382812, -7.561498589643805e-16]}, 153958], [0.12753369323485178, {"__complex__": [-912.8870239257812, -1.0997860540556785e-14]}, 166718], [0.1325298054599073, {"__complex__": [3095.869140625, 6.474495914476441e-16]}, 179806], [0.13753126919241337, {"__complex__": [2479.7294921875, 1.557940754214667e-14]}, 194282], [0.14252978867508304, {"__complex__": [659.9756469726562, -1.6808935157392596e-14]}, 207774], [0.14752584639061916, {"__complex__": [886.8656616210938, -4.171134551173234e-15]}, 223278], [0.1525273402624495, {"__complex__": [1771.5545654296875, 7.077779778686148e-15]}, 238496], [0.15752777994300757, {"__complex__": [-204.88047790527344, 4.575282769428467e-15]}, 254444], [0.16252677921627748, {"__complex__": [-297.33636474609375, 1.2257323147191624e-14]}, 270682], [0.16752582095517576, {"__complex__": [1441.0460205078125, 2.4277639275961443e-15]}, 287710], [0.1725259295419247, {"__complex__": [648.2298583984375, 9.154487301402722e-15]}, 305202], [0.17752572093623975, {"__complex__": [1152.690185546875, -5.04574053844303e-15]}, 323008], [0.18252702152554795, {"__complex__": [570.3341674804688, 1.3623315817053215e-15]}, 341812], [0.18752508561671835, {"__complex__": [47.645450592041016, 1.2934316983141702e-15]}, 360020], [0.19252006361125312, {"__complex__": [-512.4733276367188, -2.4526044393237975e-15]}, 379728], [0.19751626124600596, {"__complex__": [-104.07942962646484, -4.078002431589676e-15]}, 399660], [0.20251335405021748, {"__complex__": [-254.30015563964844, -1.1078732493503547e-15]}, 420320], [0.20751594275294782, {"__complex__": [-1801.1279296875, -5.26682757262119e-16]}, 442070], [0.21251689533718626, {"__complex__": [-402.01214599609375, 7.0456526660297395e-15]}, 462644], [0.21751895130525958, {"__complex__": [289.72918701171875, -4.313275997084925e-15]}, 485820], [0.22252064263763735, {"__complex__": [128.80105590820312, 9.179137230717243e-16]}, 507304], [0.22751949683857262, {"__complex__": [-751.8489379882812, -2.6319649364543165e-15]}, 530776], [0.23252062744923513, {"__complex__": [-89.36351013183594, -4.093779267265235e-15]}, 554524], [0.23751988845699762, {"__complex__": [-1417.81884765625, 2.8197091539385218e-15]}, 578008], [0.24251952417933192, {"__complex__": [338.5354919433594, 2.170948408428087e-15]}, 603272], [0.24751886354741093, {"__complex__": [-208.77548217773438, -8.159761454300425e-15]}, 627748], [0.2525158523431189, {"__complex__": [192.5203094482422, -2.3944914146368113e-15]}, 653304], [0.2575140585584922, {"__complex__": [315.2226257324219, 2.0547022420216174e-15]}, 679896], [0.2625126084722789, {"__complex__": [629.9379272460938, 5.935418629976269e-15]}, 706092], [0.26751303339828036, {"__complex__": [-241.8616943359375, 9.512894681715039e-16]}, 734258], [0.2725141980302592, {"__complex__": [-692.6099243164062, 4.894034820007416e-15]}, 761190], [0.27751499291909654, {"__complex__": [-415.0039978027344, -3.242085309460431e-15]}, 789966], [0.2825156597003922, {"__complex__": [-44.96773147583008, 3.1300253916375287e-15]}, 818248], [0.2875141801620819, {"__complex__": [-706.3812866210938, -1.3744040246651819e-15]}, 847024], [0.29251195304227423, {"__complex__": [-849.8827514648438, 2.6548413375959647e-16]}, 877004], [0.2975142527009851, {"__complex__": [-697.6600341796875, 2.8187666180264645e-15]}, 908602], [0.30251615798691667, {"__complex__": [-164.40447998046875, 4.965454308779294e-16]}, 937802], [0.30751506635382575, {"__complex__": [-214.65892028808594, -2.16093923184862e-15]}, 969706], [0.31251223811931306, {"__complex__": [-154.8211669921875, -2.0955679818366116e-15]}, 999956], [0.3175098816792195, {"__complex__": [-32.79425048828125, -1.3509697993882076e-15]}, 1034060], [0.3225110492752749, {"__complex__": [-400.65802001953125, -2.0741937406873598e-15]}, 1066386], [0.3275123331358606, {"__complex__": [-454.4662780761719, 0.0]}, 1100278], [0.3325123291547583, {"__complex__": [-546.6471557617188, 0.0]}, 1133070], [0.3375117534479973, {"__complex__": [-428.40478515625, 3.587891380616446e-15]}, 1168082], [0.3425129583700723, {"__complex__": [-387.10870361328125, -1.1610010616262757e-15]}, 1203258], [0.3475132726509487, {"__complex__": [143.09793090820312, -7.523443516906038e-16]}, 1237894], [0.35251300538197095, {"__complex__": [293.5633239746094, -1.2791646988670924e-15]}, 1274124], [0.3575125695577228, {"__complex__": [-5.7050042152404785, 3.554009692149359e-16]}, 1310242], [0.36251151779301266, {"__complex__": [-693.4017333984375, 0.0]}, 1346914], [0.3675115630015573, {"__complex__": [23.43873405456543, 6.722836445490746e-16]}, 1385312], [0.3725118957087531, {"__complex__": [454.3353576660156, 3.928774708041255e-15]}, 1422310], [0.37751124096797295, {"__complex__": [288.62042236328125, 