{"edges": {"__dtype__": "<f8", "__shape__": [116], "__data__": [0.0, 0.005, 0.01, 0.015, 0.02, 0.025, 0.03, 0.035, 0.04, 0.045, 0.05, 0.055, 0.06, 0.065, 0.07, 0.075, 0.08, 0.085, 0.09, 0.095, 0.1, 0.105, 0.11, 0.115, 0.12, 0.125, 0.13, 0.135, 0.14, 0.145, 0.15, 0.155, 0.16, 0.165, 0.17, 0.17500000000000002, 0.18, 0.185, 0.19, 0.195, 0.2, 0.20500000000000002, 0.21, 0.215, 0.22, 0.225, 0.23, 0.23500000000000001, 0.24, 0.245, 0.25, 0.255, 0.26, 0.265, 0.27, 0.275, 0.28, 0.28500000000000003, 0.29, 0.295, 0.3, 0.305, 0.31, 0.315, 0.32, 0.325, 0.33, 0.335, 0.34, 0.34500000000000003, 0.35000000000000003, 0.355, 0.36, 0.365, 0.37, 0.375, 0.38, 0.385, 0.39, 0.395, 0.4, 0.405, 0.41000000000000003, 0.41500000000000004, 0.42, 0.425, 0.43, 0.435, 0.44, 0.445, 0.45, 0.455, 0.46, 0.465, 0.47000000000000003, 0.47500000000000003, 0.48, 0.485, 0.49, 0.495, 0.5, 0.505, 0.51, 0.515, 0.52, 0.525, 0.53, 0.535, 0.54, 0.545, 0.55, 0.555, 0.56, 0.5650000000000001, 0.5700000000000001, 0.5750000000000001]}, "poles": {"__dtype__": [["k", "<f8"], ["power_0", "<c8"], ["modes", "<i8"]], "__shape__": [115], "__data__": [[0.0037054420134658554, {"__complex__": [108235.8046875, -9.314102359389911e-14]}, 83], [0.008002706039259398, {"__complex__": [113299.5078125, 4.1941097269444436e-14]}, 596], [0.012849701484846114, {"__complex__": [102169.546875, -4.139083756185373e-14]}, 1648], [0.0177641384261076, {"__complex__": [104799.5, -2.3297515853353337e-14]}, 3156], [0.022684229681789413, {"__complex__": [103420.75, -7.994967806280312e-15]}, 5176], [0.027646384376179004, {"__complex__": [97865.3203125, -6.4389521885481645e-15]}, 7804], [0.032636129245414154, {"__complex__": [90185.6328125, -1.1714741793267779e-14]}, 10874], [0.037622935176432226, {"__complex__": [90240.28125, 6.473210436099865e-15]}, 14442], [0.0426065943302704, {"__complex__": [88639.328125, 4.265773542369957e-15]}, 18544], [0.047584168879418735, {"__complex__": [85337.8984375, -6.5996589025977756e-15]}, 23040], [0.052572163944886785, {"__complex__": [82016.5703125, -4.446215171178527e-16]}, 28366], [0.05756591012932392, {"__complex__": [82709.7578125, 2.3332477561767732e-15]}, 33818], [0.06255885577973451, {"__complex__": [81699.890625, 2.463793321040553e-16]}, 40130], [0.06756290621144688, {"__complex__": [79067.6171875, 1.8506530638192405e-15]}, 46838], [0.07256050504780319, {"__complex__": [79280.40625, -3.898837069674381e-16]}, 53826], [0.0775516441986681, {"__complex__": [79457.4921875, 3.8813095757155253e-16]}, 61584], [0.08254999402587553, {"__complex__": [78214.9921875, 4.1050157416457143e-16]}, 69864], [0.08754547074829418, {"__complex__": [77434.9921875, 1.6721371644162525e-15]}, 78404], [0.09254370656486871, {"__complex__": [75527.6875, 1.3736164957824722e-15]}, 87902], [0.09754153604884025, {"__complex__": [73944.65625, 3.570603332283867e-16]}, 97310], [0.10253422913940137, {"__complex__": [74010.4765625, 4.4242359896862584e-16]}, 107716], [0.1075359850070505, {"__complex__": [73002.6484375, 5.41115616348181e-16]}, 118654], [0.11253957840084304, {"__complex__": [72549.4453125, -2.960776932650009e-16]}, 129910], [0.11753653834673844, {"__complex__": [72389.375, 1.703782785164261e-17]}, 141376], [0.12253336603812491, {"__complex__": [72024.4375, 5.942150000808099e-16]}, 153958], [0.12753369323485178, {"__complex__": [72120.5703125, 1.2225439344749314e-15]}, 166718], [0.1325298054599073, {"__complex__": [70676.9375, -2.2595927356988546e-16]}, 179806], [0.13753126919241337, {"__complex__": [70542.9921875, 1.4002563701878896e-16]}, 194282], [0.14252978867508304, {"__complex__": [69919.8515625, -6.165661349160419e-17]}, 207774], [0.14752584639061916, {"__complex__": [70463.78125, 1.6860743504094932e-15]}, 223278], [0.1525273402624495, {"__complex__": [69509.234375, 4.839927202369759e-16]}, 238496], [0.15752777994300757, {"__complex__": [69708.8671875, 1.0868495739621477e-15]}, 254444], [0.16252677921627748, {"__complex__": [69441.3359375, 5.027712950938159e-17]}, 270682], [0.16752582095517576, {"__complex__": [69253.328125, 4.362017846290184e-17]}, 287710], [0.1725259295419247, {"__complex__": [68726.5234375, 4.531950257912832e-16]}, 305202], [0.17752572093623975, {"__complex__": [68276.2890625, 4.2663405779885843e-16]}, 323008], [0.18252702152554795, {"__complex__": [68366.4921875, 5.919658629080537e-16]}, 341812], [0.18752508561671835, {"__complex__": [67877.1796875, -2.2789453209612473e-16]}, 360020], [0.19252006361125312, {"__complex__": [68035.9140625, 5.807116934799104e-17]}, 379728], [0.19751626124600596, {"__complex__": [68248.3671875, 4.849267858195606e-16]}, 399660], [0.20251335405021748, {"__complex__": [67788.2734375, 8.035260528306489e-16]}, 420320], [0.20751594275294782, {"__complex__": [68327.09375, 4.91506802451628e-16]}, 442070], [0.21251689533718626, {"__complex__": [68250.546875, -6.333457517220312e-16]}, 462644], [0.21751895130525958, {"__complex__": [67898.359375, 2.2595879711385263e-16]}, 485820], [0.22252064263763735, {"__complex__": [67543.078125, -2.6657617098684407e-16]}, 507304], [0.22751949683857262, {"__complex__": [67789.015625, -6.192613937542051e-16]}, 530776], [0.23252062744923513, {"__complex__": [67297.8046875, 2.4278295263274422e-17]}, 554524], [0.23751988845699762, {"__complex__": [67303.90625, 3.079934880691784e-16]}, 578008], [0.24251952417933192, {"__complex__": [66845.1015625, 2.38472173662318e-16]}, 603272], [0.24751886354741093, {"__complex__": [67418.8515625, 2.3432986491288927e-16]}, 627748], [0.2525158523431189, {"__complex__": [67717.8359375, 7.959645367709505e-17]}, 653304], [0.2575140585584922, {"__complex__": [67250.7265625, 2.1255923881410203e-16]}, 679896], [0.2625126084722789, {"__complex__": [66847.9140625, 5.823562211818944e-16]}, 706092], [0.26751303339828036, {"__complex__": [67088.921875, -8.675351150447947e-18]}, 734258], [0.2725141980302592, {"__complex__": [66998.5078125, 9.631260091468314e-18]}, 761190], [0.27751499291909654, {"__complex__": [66972.15625, 1.5353779776096517e-16]}, 789966], [0.2825156597003922, {"__complex__": [66695.3046875, 8.35079724181766e-17]}, 818248], [0.2875141801620819, {"__complex__": [67110.21875, -4.74569531638331e-17]}, 847024], [0.29251195304227423, {"__complex__": [66768.1640625, -3.043263118636001e-16]}, 877004], [0.2975142527009851, {"__complex__": [66925.5078125, 1.352487202664932e-17]}, 908602], [0.30251615798691667, {"__complex__": [66845.578125, -5.191750807341305e-16]}, 937802], [0.30751506635382575, {"__complex__": [66739.5390625, -2.6632137288839814e-16]}, 969706], [0.31251223811931306, {"__complex__": [66592.453125, 3.798164556915247e-16]}, 999956], [0.3175098816792195, {"__complex__": [66719.2578125, -1.5508625339788484e-16]}, 1034060], [0.3225110492752749, {"__complex__": [66564.5234375, -2.548636640900076e-16]}, 1066386], [0.3275123331358606, {"__complex__": [66633.8203125, 2.324970444337086e-16]}, 1100278], [0.3325123291547583, {"__complex__": [66954.265625, 8.398058371552e-17]}, 1133070], [0.3375117534479973, {"__complex__": [66588.4609375, -2.1496211246678487e-16]}, 1168082], [0.3425129583700723, {"__complex__": [66641.03125, 7.837845338616787e-17]}, 1203258], [0.3475132726509487, {"__complex__": [66420.0234375, 2.646390331062531e-16]}, 1237894], [0.35251300538197095, {"__complex__": [66350.4921875, -7.44400942885702e-17]}, 1274124], [0.3575125695577228, {"__complex__": [65999.8203125, 1.7471649341340947e-16]}, 1310242], [0.36251151779301266, {"__complex__": [66106.4609375, 1.4227356981657326e-16]}, 1346914], [0.3675115630015573, {"__complex__": [66401.5859375, -1.1150435685373196e-16]}, 1385312], [0.3725118957087531, {"__complex__": [66320.1171875, -4.3103640566309425e-17]}, 1422310], [0.37751124096797295, {"__complex__": [66515.9453125, 1.3210288787686626e-16]}, 1461198], [0.3825103314725004, {"__complex__": [66454.5234375, 1.794168976134053e-17]}, 1499520], [0.38750966779422413, {"__complex__": [66308.15625, 2.9746374356917437e-17]}, 1539692], [0.3925103292814964, {"__complex__": [66210.0859375, 