{"edges": {"__dtype__": "<f8", "__shape__": [116], "__data__": [0.0, 0.005, 0.01, 0.015, 0.02, 0.025, 0.03, 0.035, 0.04, 0.045, 0.05, 0.055, 0.06, 0.065, 0.07, 0.075, 0.08, 0.085, 0.09, 0.095, 0.1, 0.105, 0.11, 0.115, 0.12, 0.125, 0.13, 0.135, 0.14, 0.145, 0.15, 0.155, 0.16, 0.165, 0.17, 0.17500000000000002, 0.18, 0.185, 0.19, 0.195, 0.2, 0.20500000000000002, 0.21, 0.215, 0.22, 0.225, 0.23, 0.23500000000000001, 0.24, 0.245, 0.25, 0.255, 0.26, 0.265, 0.27, 0.275, 0.28, 0.28500000000000003, 0.29, 0.295, 0.3, 0.305, 0.31, 0.315, 0.32, 0.325, 0.33, 0.335, 0.34, 0.34500000000000003, 0.35000000000000003, 0.355, 0.36, 0.365, 0.37, 0.375, 0.38, 0.385, 0.39, 0.395, 0.4, 0.405, 0.41000000000000003, 0.41500000000000004, 0.42, 0.425, 0.43, 0.435, 0.44, 0.445, 0.45, 0.455, 0.46, 0.465, 0.47000000000000003, 0.47500000000000003, 0.48, 0.485, 0.49, 0.495, 0.5, 0.505, 0.51, 0.515, 0.52, 0.525, 0.53, 0.535, 0.54, 0.545, 0.55, 0.555, 0.56, 0.5650000000000001, 0.5700000000000001, 0.5750000000000001]}, "poles": {"__dtype__": [["k", "<f8"], ["power_2", "<c8"], ["modes", "<i8"]], "__shape__": [115], "__data__": [[0.0037054420134658554, {"__complex__": [-102371.09375, 0.0]}, 83], [0.008002706039259398, {"__complex__": [-40924.03515625, 1.757949471756226e-12]}, 596], [0.012849701484846114, {"__complex__": [10676.83984375, -7.064036584413652e-14]}, 1648], [0.0177641384261076, {"__complex__": [-614.6519165039062, 7.37739676206356e-14]}, 3156], [0.022684229681789413, {"__complex__": [10978.544921875, -3.598618798783537e-13]}, 5176], [0.027646384376179004, {"__complex__": [3086.441650390625, -1.491739132393477e-13]}, 7804], [0.032636129245414154, {"__complex__": [2369.01611328125, -1.0705841866232718e-13]}, 10874], [0.037622935176432226, {"__complex__": [15994.595703125, -3.022832567481197e-14]}, 14442], [0.0426065943302704, {"__complex__": [9203.7119140625, 0.0]}, 18544], [0.047584168879418735, {"__complex__": [7893.64990234375, 1.0105496761657687e-13]}, 23040], [0.052572163944886785, {"__complex__": [2604.710205078125, -3.283235567642408e-14]}, 28366], [0.05756591012932392, {"__complex__": [3167.3212890625, -6.196332645114558e-14]}, 33818], [0.06255885577973451, {"__complex__": [5325.81005859375, 5.8019097203465195e-15]}, 40130], [0.06756290621144688, {"__complex__": [5830.97900390625, -2.982586644025356e-14]}, 46838], [0.07256050504780319, {"__complex__": [8974.41796875, -3.4604934748879573e-14]}, 53826], [0.0775516441986681, {"__complex__": [6810.00048828125, -2.835525164887891e-15]}, 61584], [0.08254999402587553, {"__complex__": [6529.85693359375, -9.16472369457029e-15]}, 69864], [0.08754547074829418, {"__complex__": [3581.81640625, -1.5590542637271276e-14]}, 78404], [0.09254370656486871, {"__complex__": [436.62445068359375, -1.953454996231948e-14]}, 87902], [0.09754153604884025, {"__complex__": [1076.243896484375, -4.785338470018061e-15]}, 97310], [0.10253422913940137, {"__complex__": [1994.4442138671875, 8.646093044263007e-15]}, 107716], [0.1075359850070505, {"__complex__": [4299.2841796875, -1.3735858120139579e-14]}, 118654], [0.11253957840084304, {"__complex__": [217.8178253173828, -1.0753474594614974e-14]}, 129910], [0.11753653834673844, {"__complex__": [333.34027099609375, 2.964401185460985e-14]}, 141376], [0.12253336603812491, {"__complex__": [2722.1484375, 1.4933959966009422e-14]}, 153958], [0.12753369323485178, {"__complex__": [1556.08349609375, -2.513796767587232e-14]}, 166718], [0.1325298054599073, {"__complex__": [-150.3549346923828, 5.179596731581153e-15]}, 179806], [0.13753126919241337, {"__complex__": [1268.3646240234375, 3.595247861763349e-15]}, 194282], [0.14252978867508304, {"__complex__": [-512.9015502929688, -1.1205956842181143e-15]}, 207774], [0.14752584639061916, {"__complex__": [1410.0880126953125, -6.256701615001614e-15]}, 223278], [0.1525273402624495, {"__complex__": [2484.36962890625, -6.101534496427046e-15]}, 238496], [0.15752777994300757, {"__complex__": [657.3140869140625, 9.15056575061517e-16]}, 254444], [0.16252677921627748, {"__complex__": [777.1438598632812, -1.3762608267646817e-14]}, 270682], [0.16752582095517576, {"__complex__": [-261.48541259765625, -6.8786643556432905e-15]}, 287710], [0.1725259295419247, {"__complex__": [-1507.05078125, -1.5257478482740808e-15]}, 305202], [0.17752572093623975, {"__complex__": [-1650.9879150390625, 5.04574053844303e-15]}, 323008], [0.18252702152554795, {"__complex__": [-555.2439575195312, -1.0898652653642572e-14]}, 341812], [0.18752508561671835, {"__complex__": [-251.2938232421875, 7.760590401643258e-15]}, 360020], [0.19252006361125312, {"__complex__": [33.45881271362305, 1.2263021984860751e-14]}, 379728], [0.19751626124600596, {"__complex__": [304.50885009765625, -6.990861492803648e-15]}, 399660], [0.20251335405021748, {"__complex__": [-52.15446090698242, 0.0]}, 420320], [0.20751594275294782, {"__complex__": [1613.6080322265625, -6.320193087145428e-15]}, 442070], [0.21251689533718626, {"__complex__": [-1238.45361328125, 1.509782759525995e-15]}, 462644], [0.21751895130525958, {"__complex__": [-638.2999267578125, -6.230287739574436e-15]}, 485820], [0.22252064263763735, {"__complex__": [-795.893310546875, 1.2850791699487666e-14]}, 507304], [0.22751949683857262, {"__complex__": [497.0390930175781, 5.044599585063078e-15]}, 530776], [0.23252062744923513, {"__complex__": [143.0935821533203, -8.397495756386566e-16]}, 554524], [0.23751988845699762, {"__complex__": [455.8802185058594, 4.632379566336985e-15]}, 578008], [0.24251952417933192, {"__complex__": [381.4732971191406, -1.4472989389520581e-15]}, 603272], [0.24751886354741093, {"__complex__": [-1174.0533447265625, 6.676168847624415e-15]}, 627748], [0.2525158523431189, {"__complex__": [-188.63926696777344, 1.4255577207784084e-15]}, 653304], [0.2575140585584922, {"__complex__": [-643.6129760742188, -1.7122519565839465e-16]}, 679896], [0.2625126084722789, {"__complex__": [-807.6995849609375, -1.3189819177725041e-15]}, 706092], [0.26751303339828036, {"__complex__": [-471.2652587890625, 3.8051578726860154e-15]}, 734258], [0.2725141980302592, {"__complex__": [-150.45437622070312, 1.03998239395762e-14]}, 761190], [0.27751499291909654, {"__complex__": [-827.932861328125, 7.073640328672916e-15]}, 789966], [0.2825156597003922, {"__complex__": [-117.23585510253906, 8.536432982537913e-16]}, 818248], [0.2875141801620819, {"__complex__": [399.37384033203125, 2.1990463971126436e-15]}, 847024], [0.29251195304227423, {"__complex__": [218.393798828125, -2.654841390535524e-15]}, 877004], [0.2975142527009851, {"__complex__": [1275.222412109375, 0.0]}, 908602], [0.30251615798691667, {"__complex__": [742.5802001953125, 4.965454308779294e-16]}, 937802], [0.30751506635382575, {"__complex__": [-325.0550842285156, -9.604174128484714e-16]}, 969706], [0.31251223811931306, {"__complex__": [1.0102897882461548, 1.164204434353673e-16]}, 999956], [0.3175098816792195, {"__complex__": [-387.4513854980469, 1.6887123286445983e-15]}, 1034060], [0.3225110492752749, {"__complex__": [162.288330078125, 1.5283532157407166e-15]}, 1066386], [0.3275123331358606, {"__complex__": [-242.15565490722656, -8.464429888065377e-16]}, 1100278], [0.3325123291547583, {"__complex__": [-426.7875061035156, 2.0548655340919803e-16]}, 1133070], [0.3375117534479973, {"__complex__": [-334.1115417480469, 6.478137626754043e-16]}, 1168082], [0.3425129583700723, {"__complex__": [143.01722717285156, 7.740007077508505e-16]}, 1203258], [0.3475132726509487, {"__complex__": [239.8889923095703, 2.257033002132252e-15]}, 1237894], [0.35251300538197095, {"__complex__": [541.2412719726562, 1.0964269754967521e-15]}, 1274124], [0.3575125695577228, {"__complex__": [520.3460083007812, 2.1324058682291747e-15]}, 1310242], [0.36251151779301266, {"__complex__": [-108.78168487548828, 2.420072021402128e-15]}, 1346914], [0.3675115630015573, {"__complex__": [625.3157958984375, 1.5126381075911892e-15]}, 1385312], [0.3725118957087531, {"__complex__": [138.66317749023438, 2.2917852816504384e-15]}, 1422310], [0.37751124096797295, {"__complex__": 