{"poles": {"dims": ["k"], "edges": [{"__dtype__": "<f8", "__shape__": [94], "__data__": [0.0, 0.005, 0.01, 0.015, 0.02, 0.025, 0.03, 0.035, 0.04, 0.045, 0.05, 0.055, 0.06, 0.065, 0.07, 0.075, 0.08, 0.085, 0.09, 0.095, 0.1, 0.105, 0.11, 0.115, 0.12, 0.125, 0.13, 0.135, 0.14, 0.145, 0.15, 0.155, 0.16, 0.165, 0.17, 0.17500000000000002, 0.18, 0.185, 0.19, 0.195, 0.2, 0.20500000000000002, 0.21, 0.215, 0.22, 0.225, 0.23, 0.23500000000000001, 0.24, 0.245, 0.25, 0.255, 0.26, 0.265, 0.27, 0.275, 0.28, 0.28500000000000003, 0.29, 0.295, 0.3, 0.305, 0.31, 0.315, 0.32, 0.325, 0.33, 0.335, 0.34, 0.34500000000000003, 0.35000000000000003, 0.355, 0.36, 0.365, 0.37, 0.375, 0.38, 0.385, 0.39, 0.395, 0.4, 0.405, 0.41000000000000003, 0.41500000000000004, 0.42, 0.425, 0.43, 0.435, 0.44, 0.445, 0.45, 0.455, 0.46, 0.465]}], "coords": [{"__dtype__": "<f8", "__shape__": [93], "__data__": [0.0025, 0.0075, 0.0125, 0.0175, 0.0225, 0.0275, 0.0325, 0.037500000000000006, 0.042499999999999996, 0.0475, 0.052500000000000005, 0.057499999999999996, 0.0625, 0.0675, 0.07250000000000001, 0.0775, 0.0825, 0.0875, 0.0925, 0.0975, 0.10250000000000001, 0.1075, 0.1125, 0.1175, 0.1225, 0.1275, 0.1325, 0.1375, 0.14250000000000002, 0.1475, 0.1525, 0.1575, 0.1625, 0.1675, 0.17250000000000001, 0.1775, 0.1825, 0.1875, 0.1925, 0.1975, 0.2025, 0.20750000000000002, 0.2125, 0.2175, 0.2225, 0.2275, 0.2325, 0.2375, 0.2425, 0.2475, 0.2525, 0.2575, 0.2625, 0.2675, 0.2725, 0.2775, 0.28250000000000003, 0.2875, 0.2925, 0.2975, 0.3025, 0.3075, 0.3125, 0.3175, 0.3225, 0.3275, 0.3325, 0.3375, 0.3425, 0.34750000000000003, 0.35250000000000004, 0.3575, 0.3625, 0.3675, 0.3725, 0.3775, 0.3825, 0.3875, 0.3925, 0.3975, 0.4025, 0.40750000000000003, 0.41250000000000003, 0.4175, 0.4225, 0.4275, 0.4325, 0.4375, 0.4425, 0.4475, 0.4525, 0.4575, 0.4625]}], "data": {"__dtype__": [["k", "<f8"], ["power_0", "<c8"], ["modes", "<i8"]], "__shape__": [93], "__data__": [[0.0037081367915242675, {"__complex__": [92091.15625, 0.0]}, 191], [0.008018577791264523, {"__complex__": [88735.53125, -1.687178635733158e-13]}, 1380], [0.012844085612331841, {"__complex__": [113429.34375, -5.403894359442586e-14]}, 3770], [0.01775141230162106, {"__complex__": [116826.9375, 5.013752339189971e-14]}, 7256], [0.022691010615224643, {"__complex__": [117160.421875, 1.4539798266202317e-14]}, 12010], [0.027661296094027222, {"__complex__": [108067.8515625, -4.7088323366396845e-14]}, 17924], [0.03263163473973046, {"__complex__": [109262.9140625, 1.22677729926619e-14]}, 24910], [0.03760885918999335, {"__complex__": [102686.71875, 2.0138028749986173e-14]}, 33240], [0.04258994605322728, {"__complex__": [96250.9453125, -1.7777088733906578e-14]}, 42566], [0.047583805693835864, {"__complex__": [94645.109375, -3.2653236583683526e-15]}, 53478], [0.052589415944125126, {"__complex__": [94091.703125, -8.027659042879592e-15]}, 65258], [0.057576993125266096, {"__complex__": [90905.453125, -5.986286770107152e-15]}, 77788], [0.0625679362273907, {"__complex__": [88176.8125, -1.5427504041517874e-14]}, 92438], [0.06756372941029527, {"__complex__": [88992.4296875, 1.896685831667428e-14]}, 107412], [0.07255867544245412, {"__complex__": [88740.0234375, 5.622027450920492e-15]}, 124242], [0.07755343255815964, {"__complex__": [87654.9765625, -1.6446559215964156e-15]}, 141568], [0.08254944316463679, {"__complex__": [87250.0390625, 5.0651223463421026e-15]}, 160886], [0.0875469705282893, {"__complex__": [84772.4921875, 3.143414864951251e-15]}, 180544], [0.09254207143002044, {"__complex__": [84254.546875, 4.754492071177901e-15]}, 202004], [0.09754200795670145, {"__complex__": [84939.6953125, 6.221592099337923e-15]}, 224538], [0.10254171329034444, {"__complex__": [83805.7734375, 2.933404480624335e-15]}, 248038], [0.10754099109209159, {"__complex__": [82459.921875, -2.1331176141328848e-16]}, 272876], [0.11253870054955198, {"__complex__": [81936.5859375, -3.8987830713239934e-16]}, 298594], [0.11753608765430268, {"__complex__": [81692.828125, 3.3933454885657884e-15]}, 325916], [0.12253572907412832, {"__complex__": [81608.6171875, 3.942562286840187e-15]}, 354334], [0.1275331697481456, {"__complex__": [81689.9375, 2.5807728062211084e-15]}, 383424], [0.13252928315027618, {"__complex__": [80834.59375, -1.8267618642672226e-15]}, 414230], [0.13752809598823948, {"__complex__": [80787.0234375, -5.216090828476249e-16]}, 446370], [0.1425292748907053, {"__complex__": [79949.7265625, -2.427554604579054e-16]}, 479558], [0.14752984329410787, {"__complex__": [79916.7734375, 1.3601721770854151e-15]}, 513532], [0.15252898535896237, {"__complex__": [79662.0078125, -2.120768138459713e-16]}, 548930], [0.15752847498756622, {"__complex__": [78177.203125, 1.5408109528124592e-15]}, 585548], [0.16252705956276423, {"__complex__": [78239.1015625, 1.6815085251864373e-15]}, 623094], [0.16752723347134682, {"__complex__": [78642.234375, 1.4055153330595955e-15]}, 662620], [0.17252557298757182, {"__complex__": [77915.4140625, -2.6545735163659547e-15]}, 701674], [0.1775232051718564, {"__complex__": [78427.8046875, -7.826092624124736e-16]}, 743764], [0.1825215844754662, {"__complex__": [78889.7421875, -1.1854618908353222e-15]}, 785620], [0.18752064712987349, {"__complex__": [78546.75, -7.012126254944467e-16]}, 830100], [0.19252067437217257, {"__complex__": [77578.0859375, -1.4644810022871116e-15]}, 874418], [0.19751987908784707, {"__complex__": [77444.640625, 2.5288930969929665e-16]}, 920682], [0.20251936794243589, {"__complex__": [77757.6015625, -1.744332747126052e-15]}, 967718], [0.20751955964231095, {"__complex__": [77862.5, -2.2903597252002094e-15]}, 1016568], [0.2125192859071403, {"__complex__": [77624.3828125, 1.201872307155427e-15]}, 1065478], [0.21751870204394746, {"__complex__": [76967.2265625, 1.5898035502398848e-15]}, 1116700], [0.22251763655620238, {"__complex__": [77349.7421875, 1.594831431935668e-15]}, 1167926], [0.2275173612096972, {"__complex__": [77114.0078125, -3.8105428846481847e-16]}, 1222034], [0.23251753944930767, {"__complex__": [76749.625, 9.126504720957229e-16]}, 1275574], [0.237518608068736, {"__complex__": [76985.65625, 5.243036005319593e-16]}, 1332228], [0.24251933382685822, {"__complex__": [76604.6484375, -2.9364461759379254e-16]}, 1387574], [0.2475188275283454, {"__complex__": [76583.984375, 3.2203319151881643e-16]}, 1446004], [0.2525176353551358, {"__complex__": [77221.7578125, 6.192296300186831e-16]}, 1504002], [0.25751592740199597, {"__complex__": [76873.203125, 9.485600103780953e-16]}, 1564788], [0.2625152321376914, {"__complex__": [76591.0625, 5.011378317597054e-16]}, 1626114], [0.2675142035428968, {"__complex__": [76999.5546875, 1.7236663872926883e-16]}, 1688484], [0.27251407722071946, {"__complex__": [76676.8984375, 7.969467244128511e-16]}, 1752920], [0.277514999580621, {"__complex__": [76572.9609375, -1.4088499958938173e-15]}, 1817892], [0.28251513318998955, {"__complex__": [76522.734375, -8.653824337489071e-16]}, 1883346], [0.2875150555774266, {"__complex__": [76067.078125, 1.7899951551120084e-16]}, 1951100], [0.2925143032383768, {"__complex__": [76045.578125, 3.460440080048545e-16]}, 2018506], [0.2975129983065177, {"__complex__": [76104.8359375, 1.1147487216623363e-15]}, 2088638], [0.30251265006104155, {"__complex__": [76233.3046875, -3.5036411426386783e-16]}, 2159752], [0.3075131135075962, {"__complex__": [75973.0625, -1.147437099525419e-15]}, 2232050], [0.31251255553945134, {"__complex__": [76156.6484375, 2.021057272793509e-16]}, 2304048], [0.3175120364779517, {"__complex__": [76486.796875, -6.849249230725754e-16]}, 2379552], [0.3225126598898453, {"__complex__": [76100.578125, -5.690417632235633e-16]}, 2454976], [0.3275133985704822, {"__complex__": [75970.0703125, 5.977122932409045e-16]}, 2531986], [0.33251410375899365, {"__complex__": [76174.453125, -1.7844738237848904e-16]}, 2609516], [0.3375135412275565, {"__complex__": [75992.359375, 3.032061902001951e-16]}, 2687634], [0.34251245849241974, {"__complex__": [75798.8359375, 4.205470275769828e-17]}, 2768188], [0.3475114266102975, 