{"poles": {"dims": ["k"], "edges": [{"__dtype__": "<f8", "__shape__": [86], "__data__": [0.0, 0.005, 0.01, 0.015, 0.02, 0.025, 0.03, 0.035, 0.04, 0.045, 0.05, 0.055, 0.06, 0.065, 0.07, 0.075, 0.08, 0.085, 0.09, 0.095, 0.1, 0.105, 0.11, 0.115, 0.12, 0.125, 0.13, 0.135, 0.14, 0.145, 0.15, 0.155, 0.16, 0.165, 0.17, 0.17500000000000002, 0.18, 0.185, 0.19, 0.195, 0.2, 0.20500000000000002, 0.21, 0.215, 0.22, 0.225, 0.23, 0.23500000000000001, 0.24, 0.245, 0.25, 0.255, 0.26, 0.265, 0.27, 0.275, 0.28, 0.28500000000000003, 0.29, 0.295, 0.3, 0.305, 0.31, 0.315, 0.32, 0.325, 0.33, 0.335, 0.34, 0.34500000000000003, 0.35000000000000003, 0.355, 0.36, 0.365, 0.37, 0.375, 0.38, 0.385, 0.39, 0.395, 0.4, 0.405, 0.41000000000000003, 0.41500000000000004, 0.42, 0.425]}], "coords": [{"__dtype__": "<f8", "__shape__": [85], "__data__": [0.0025, 0.0075, 0.0125, 0.0175, 0.0225, 0.0275, 0.0325, 0.037500000000000006, 0.042499999999999996, 0.0475, 0.052500000000000005, 0.057499999999999996, 0.0625, 0.0675, 0.07250000000000001, 0.0775, 0.0825, 0.0875, 0.0925, 0.0975, 0.10250000000000001, 0.1075, 0.1125, 0.1175, 0.1225, 0.1275, 0.1325, 0.1375, 0.14250000000000002, 0.1475, 0.1525, 0.1575, 0.1625, 0.1675, 0.17250000000000001, 0.1775, 0.1825, 0.1875, 0.1925, 0.1975, 0.2025, 0.20750000000000002, 0.2125, 0.2175, 0.2225, 0.2275, 0.2325, 0.2375, 0.2425, 0.2475, 0.2525, 0.2575, 0.2625, 0.2675, 0.2725, 0.2775, 0.28250000000000003, 0.2875, 0.2925, 0.2975, 0.3025, 0.3075, 0.3125, 0.3175, 0.3225, 0.3275, 0.3325, 0.3375, 0.3425, 0.34750000000000003, 0.35250000000000004, 0.3575, 0.3625, 0.3675, 0.3725, 0.3775, 0.3825, 0.3875, 0.3925, 0.3975, 0.4025, 0.40750000000000003, 0.41250000000000003, 0.4175, 0.4225]}], "data": {"__dtype__": [["k", "<f8"], ["power_2", "<c8"], ["modes", "<i8"]], "__shape__": [85], "__data__": [[0.003785962175218714, {"__complex__": [42853.65625, 2.0881673126749156e-12]}, 223], [0.008055650047333739, {"__complex__": [25936.87109375, -6.143289002502605e-13]}, 1516], [0.012838659412058445, {"__complex__": [30603.818359375, -2.536895660990718e-13]}, 4130], [0.017758445021159877, {"__complex__": [17152.236328125, -7.223586420863903e-14]}, 8058], [0.022686221993372543, {"__complex__": [30779.11328125, -7.099577409254085e-14]}, 13118], [0.02764503576190599, {"__complex__": [2419.2822265625, 0.0]}, 19784], [0.032626124011193657, {"__complex__": [225.45423889160156, 1.6944228341925736e-14]}, 27482], [0.03761517664423396, {"__complex__": [9253.763671875, -3.796770975958777e-14]}, 36794], [0.042612076216348424, {"__complex__": [12945.37890625, 9.276614205803741e-15]}, 47060], [0.04758810749327745, {"__complex__": [5347.603515625, 1.1946976204548279e-14]}, 58466], [0.05257639262811682, {"__complex__": [3940.093994140625, 1.6183630024741054e-14]}, 71934], [0.057576644294676294, {"__complex__": [9088.8310546875, -1.2169414679793784e-14]}, 86096], [0.06257060468948772, {"__complex__": [3362.539794921875, -4.5803049124760326e-14]}, 101666], [0.06756431050677218, {"__complex__": [4699.7822265625, -3.9298300263902394e-14]}, 118494], [0.07255460479533274, {"__complex__": [1555.796875, 4.0910281889558475e-14]}, 136590], [0.07755203808236072, {"__complex__": [2430.51708984375, -8.924361155127937e-15]}, 156536], [0.08254994891496988, {"__complex__": [4065.07275390625, -7.897204110541168e-15]}, 176896], [0.0875465852208996, {"__complex__": [4317.3427734375, 2.3645038225018726e-14]}, 199400], [0.09254606261661012, {"__complex__": [5553.1435546875, 2.301338881559225e-14]}, 222578], [0.09754095165434574, {"__complex__": [2875.262939453125, 2.8266438126776927e-15]}, 247110], [0.10253878096196406, {"__complex__": [3379.798095703125, 1.361970957428028e-14]}, 273522], [0.1075376536617221, {"__complex__": [4639.32470703125, 3.0989543173081096e-15]}, 300528], [0.11253874421958751, {"__complex__": [1224.52587890625, -7.059196405218981e-16]}, 329826], [0.11753930483919833, {"__complex__": [-635.4390258789062, -6.487629689719211e-16]}, 358884], [0.12253435939470513, {"__complex__": [902.277099609375, 1.1933545650136615e-14]}, 390212], [0.1275324928771181, {"__complex__": [2465.21337890625, -1.100833240888369e-15]}, 423008], [0.13253098558293935, {"__complex__": [1642.8541259765625, -6.119767727649642e-15]}, 456548], [0.1375294182229233, {"__complex__": [1471.3472900390625, 1.893008946346692e-15]}, 491980], [0.14252928720123362, {"__complex__": [383.7917785644531, -8.815001578340882e-15]}, 528260], [0.14752710781464048, {"__complex__": [968.5752563476562, -3.2923467622428433e-15]}, 565750], [0.15252590457329984, {"__complex__": [785.726318359375, -7.695405498879646e-16]}, 605116], [0.15752627544450365, {"__complex__": [1828.330322265625, 8.657640644432925e-15]}, 645434], [0.1625268432433497, {"__complex__": [112.25089263916016, -3.3877610003445408e-15]}, 687270], [0.16752762298865234, {"__complex__": [1320.171630859375, 0.0]}, 729932], [0.17252411279445126, {"__complex__": [-226.76353454589844, 8.431659877402003e-15]}, 773188], [0.17752203527930777, {"__complex__": [-407.75714111328125, -9.085808175973448e-15]}, 820024], [0.18252363779831107, {"__complex__": [-677.1536254882812, 1.0745591258974879e-15]}, 866702], [0.18752234050808908, {"__complex__": [-881.1528930664062, 7.641491322391317e-16]}, 914078], [0.19252201016210274, {"__complex__": [-640.8602905273438, -3.862734090242679e-15]}, 964418], [0.19752271477956754, {"__complex__": [-1662.4715576171875, 2.2943274392833854e-15]}, 1014810], [0.20252178570627094, {"__complex__": [-1031.6329345703125, 1.0916337854548295e-14]}, 1066432], [0.20751974798690762, {"__complex__": [243.8646240234375, 4.159405844771281e-16]}, 1119538], [0.2125197454352182, {"__complex__": [-687.2158203125, -1.5845744982191288e-15]}, 1175486], [0.2175192296548309, {"__complex__": [354.83062744140625, 1.8934615531081012e-16]}, 1229656], [0.22251681667262319, {"__complex__": [-212.1923065185547, -1.3560401386104718e-15]}, 1287742], [0.22751746426403283, {"__complex__": [-1388.763916015625, -5.531609648416411e-15]}, 1346910], [0.23251730364615478, {"__complex__": [687.8577880859375, 2.650252377785537e-15]}, 1405636], [0.23751678657474465, {"__complex__": [-14.964533805847168, -2.5379713843634013e-15]}, 1467822], [0.2425174971485461, {"__complex__": [648.8148803710938, 4.261704819607821e-15]}, 1529730], [0.24751707342858845, {"__complex__": [-146.69285583496094, 2.3378888614530163e-15]}, 1593442], [0.2525171832510974, {"__complex__": [403.03179931640625, 1.1228763204285965e-15]}, 1658816], [0.2575157181508458, {"__complex__": [211.8699188232422, 3.782376074536664e-15]}, 1723588], [0.2625146768272274, {"__complex__": [-493.3878173828125, 2.077486369511574e-15]}, 1793172], [0.2675153728644548, {"__complex__": [348.8760681152344, -4.503184171991128e-15]}, 1861328], [0.2725140790996068, {"__complex__": [-696.1349487304688, -1.326395467764229e-15]}, 1930900], [0.2775148647609448, {"__complex__": [69.8958511352539, 1.5099037793583339e-15]}, 2004630], [0.28251520974118804, {"__complex__": [-108.18824768066406, -1.7954036457686843e-15]}, 2074904], [0.28751406015515885, {"__complex__": [-278.2078857421875, 4.3306573778603794e-16]}, 2150534], [0.29251361364437867, {"__complex__": [-355.3428649902344, 2.5116934577242575e-15]}, 2224768], [0.2975131524186939, {"__complex__": [-1161.565185546875, -8.088245086135205e-16]}, 2302904], [0.3025147259314174, {"__complex__": [66.91631317138672, -2.346503610043066e-15]}, 2381388], [0.3075149652713783, {"__complex__": [-68.00931549072266, 3.029972165841956e-15]}, 2458960], [0.31251335064096714, {"__complex__": [-212.44381713867188, 1.4668391420122676e-15]}, 2539672], [0.31751349612987984, {"__complex__": [-428.0724792480469, -1.7752273209650869e-15]}, 2623108], [0.32251268944270295, {"__complex__": [-865.861083984375, -6.888393799591927e-16]}, 2704034], [0.32751171630842707, {"__complex__": [-88.76765441894531, 1.2515479307756948e-15]}, 2790512], [0.33251237563902225, {"__complex__": [-128.36265563964844, -2.2666614374019286e-15]}, 2876150], 