{"edges": {"__dtype__": "<f8", "__shape__": [116], "__data__": [0.0, 0.005, 0.01, 0.015, 0.02, 0.025, 0.03, 0.035, 0.04, 0.045, 0.05, 0.055, 0.06, 0.065, 0.07, 0.075, 0.08, 0.085, 0.09, 0.095, 0.1, 0.105, 0.11, 0.115, 0.12, 0.125, 0.13, 0.135, 0.14, 0.145, 0.15, 0.155, 0.16, 0.165, 0.17, 0.17500000000000002, 0.18, 0.185, 0.19, 0.195, 0.2, 0.20500000000000002, 0.21, 0.215, 0.22, 0.225, 0.23, 0.23500000000000001, 0.24, 0.245, 0.25, 0.255, 0.26, 0.265, 0.27, 0.275, 0.28, 0.28500000000000003, 0.29, 0.295, 0.3, 0.305, 0.31, 0.315, 0.32, 0.325, 0.33, 0.335, 0.34, 0.34500000000000003, 0.35000000000000003, 0.355, 0.36, 0.365, 0.37, 0.375, 0.38, 0.385, 0.39, 0.395, 0.4, 0.405, 0.41000000000000003, 0.41500000000000004, 0.42, 0.425, 0.43, 0.435, 0.44, 0.445, 0.45, 0.455, 0.46, 0.465, 0.47000000000000003, 0.47500000000000003, 0.48, 0.485, 0.49, 0.495, 0.5, 0.505, 0.51, 0.515, 0.52, 0.525, 0.53, 0.535, 0.54, 0.545, 0.55, 0.555, 0.56, 0.5650000000000001, 0.5700000000000001, 0.5750000000000001]}, "poles": {"__dtype__": [["k", "<f8"], ["power_2", "<c8"], ["modes", "<i8"]], "__shape__": [115], "__data__": [[0.0037054420134658554, {"__complex__": [-45556.34375, 2.805188373256051e-12]}, 83], [0.008002706039259398, {"__complex__": [-5387.65673828125, 2.9299156959101957e-13]}, 596], [0.012849701484846114, {"__complex__": [43788.97265625, -1.4128073168827304e-13]}, 1648], [0.0177641384261076, {"__complex__": [2121.41796875, 4.4264380572381357e-13]}, 3156], [0.022684229681789413, {"__complex__": [23794.2578125, -3.598618798783537e-13]}, 5176], [0.027646384376179004, {"__complex__": [19852.20703125, -4.4752172616551594e-14]}, 7804], [0.032636129245414154, {"__complex__": [-1951.065185546875, -1.2847009697378176e-13]}, 10874], [0.037622935176432226, {"__complex__": [11627.8212890625, -9.673063402788201e-14]}, 14442], [0.0426065943302704, {"__complex__": [11015.1298828125, 1.2555578863919503e-13]}, 18544], [0.047584168879418735, {"__complex__": [10371.474609375, -3.0316491640225776e-14]}, 23040], [0.052572163944886785, {"__complex__": [8170.07470703125, 1.1491324656155016e-13]}, 28366], [0.05756591012932392, {"__complex__": [6396.4990234375, -1.376962847671366e-14]}, 33818], [0.06255885577973451, {"__complex__": [11439.6318359375, 8.702864580519779e-15]}, 40130], [0.06756290621144688, {"__complex__": [6936.83935546875, -1.7398420960770648e-14]}, 46838], [0.07256050504780319, {"__complex__": [1022.6104736328125, 2.5953699367593785e-14]}, 53826], [0.0775516441986681, {"__complex__": [3886.292724609375, -1.5122800879402085e-14]}, 61584], [0.08254999402587553, {"__complex__": [5737.564453125, -2.666101423019849e-14]}, 69864], [0.08754547074829418, {"__complex__": [3863.885498046875, 3.563552651206746e-14]}, 78404], [0.09254370656486871, {"__complex__": [3049.592041015625, -7.946257482582559e-15]}, 87902], [0.09754153604884025, {"__complex__": [1384.8531494140625, 0.0]}, 97310], [0.10253422913940137, {"__complex__": [2577.15869140625, 4.3230465221315035e-15]}, 107716], [0.1075359850070505, {"__complex__": [416.9292907714844, -1.8641521431963376e-14]}, 118654], [0.11253957840084304, {"__complex__": [-1171.923828125, -1.4337965561464668e-14]}, 129910], [0.11753653834673844, {"__complex__": [83.17869567871094, 6.587557766396827e-15]}, 141376], [0.12253336603812491, {"__complex__": [2226.34521484375, -1.814759619162866e-14]}, 153958], [0.12753369323485178, {"__complex__": [421.6101989746094, -6.982768516509107e-15]}, 166718], [0.1325298054599073, {"__complex__": [827.3536987304688, 2.0718386926324613e-14]}, 179806], [0.13753126919241337, {"__complex__": [532.573974609375, 1.91746541333606e-14]}, 194282], [0.14252978867508304, {"__complex__": [-222.9189910888672, 5.60297852696969e-15]}, 207774], [0.14752584639061916, {"__complex__": [1309.2459716796875, 4.497004219607961e-15]}, 223278], [0.1525273402624495, {"__complex__": [1993.3482666015625, -1.1714945928208067e-14]}, 238496], [0.15752777994300757, {"__complex__": [1227.9215087890625, -7.320452600492137e-15]}, 254444], [0.16252677921627748, {"__complex__": [-61.47821044921875, 1.2042281810674491e-14]}, 270682], [0.16752582095517576, {"__complex__": [-832.3651733398438, 8.092546001804007e-15]}, 287710], [0.1725259295419247, {"__complex__": [-227.5882110595703, 0.0]}, 305202], [0.17752572093623975, {"__complex__": [1731.9654541015625, 5.766560494358756e-15]}, 323008], [0.18252702152554795, {"__complex__": [-148.73995971679688, -1.0898652653642572e-14]}, 341812], [0.18752508561671835, {"__complex__": [-555.698486328125, -5.173726793256681e-15]}, 360020], [0.19252006361125312, {"__complex__": [-1199.5919189453125, 2.4526044393237975e-15]}, 379728], [0.19751626124600596, {"__complex__": [-832.5462036132812, -4.660574328535765e-15]}, 399660], [0.20251335405021748, {"__complex__": [-1916.2783203125, 1.6618099269650913e-15]}, 420320], [0.20751594275294782, {"__complex__": [-858.902587890625, -5.26682757262119e-15]}, 442070], [0.21251689533718626, {"__complex__": [687.3569946289062, 3.01956551905199e-15]}, 462644], [0.21751895130525958, {"__complex__": [510.8361511230469, 2.3962644663536514e-15]}, 485820], [0.22252064263763735, {"__complex__": [-1199.4876708984375, -1.3768705846075864e-15]}, 507304], [0.22751949683857262, {"__complex__": [-1017.2857666015625, 3.1802910795846774e-15]}, 530776], [0.23252062744923513, {"__complex__": [-611.963623046875, -9.237244961448308e-15]}, 554524], [0.23751988845699762, {"__complex__": [-1717.7694091796875, -4.028156236709655e-15]}, 578008], [0.24251952417933192, {"__complex__": [-351.2106628417969, -1.5437855207649795e-15]}, 603272], [0.24751886354741093, {"__complex__": [-1818.844482421875, -3.3380844238122074e-15]}, 627748], [0.2525158523431189, {"__complex__": [-1068.4615478515625, 7.127789027408515e-15]}, 653304], [0.2575140585584922, {"__complex__": [-300.77691650390625, -4.794305160797695e-15]}, 679896], [0.2625126084722789, {"__complex__": [-1584.2236328125, -2.6379638355450083e-15]}, 706092], [0.26751303339828036, {"__complex__": [-635.2416381835938, -2.5367719857100892e-15]}, 734258], [0.2725141980302592, {"__complex__": [-556.6922607421875, 3.670526220884681e-15]}, 761190], [0.27751499291909654, {"__complex__": [-1448.73779296875, 1.1789400547788194e-15]}, 789966], [0.2825156597003922, {"__complex__": [-362.6975402832031, -5.690955498157139e-16]}, 818248], [0.2875141801620819, {"__complex__": [-255.33352661132812, 0.0]}, 847024], [0.29251195304227423, {"__complex__": [-1009.3326416015625, -5.309682675191929e-16]}, 877004], [0.2975142527009851, {"__complex__": [-446.6977233886719, 1.7937606136092478e-15]}, 908602], [0.30251615798691667, {"__complex__": [142.02978515625, 0.0]}, 937802], [0.30751506635382575, {"__complex__": [154.9834442138672, -3.841669651393886e-15]}, 969706], [0.31251223811931306, {"__complex__": [-729.0115356445312, 2.3284088687073462e-15]}, 999956], [0.3175098816792195, {"__complex__": [199.8498077392578, -2.2516163323136793e-16]}, 1034060], [0.3225110492752749, {"__complex__": [-167.51983642578125, 0.0]}, 1066386], [0.3275123331358606, {"__complex__": [-211.62806701660156, 4.2322149440326886e-15]}, 1100278], [0.3325123291547583, {"__complex__": [89.63274383544922, 4.9316769641833975e-15]}, 1133070], [0.3375117534479973, {"__complex__": [934.2899780273438, 4.385200952768077e-15]}, 1168082], [0.3425129583700723, {"__complex__": [-600.3077392578125, -9.675009376281223e-16]}, 1203258], [0.3475132726509487, {"__complex__": [-560.5183715820312, 0.0]}, 1237894], [0.35251300538197095, {"__complex__": [-1035.595947265625, -7.309512640582755e-16]}, 1274124], [0.3575125695577228, {"__complex__": [-461.7230224609375, -4.975613833706899e-15]}, 1310242], [0.36251151779301266, {"__complex__": [-234.04669189453125, 3.457245971744008e-16]}, 1346914], [0.3675115630015573, {"__complex__": [-552.5382690429688, -4.033701761415329e-15]}, 1385312], [0.3725118957087531, {"__complex__": [-637.2942504882812, -1.3095914987610062e-15]}, 1422310], [0.37751124096797295, {"__complex__": 