{"edges": {"__dtype__": "<f8", "__shape__": [128], "__data__": [0.0, 0.005, 0.01, 0.015, 0.02, 0.025, 0.03, 0.035, 0.04, 0.045, 0.05, 0.055, 0.06, 0.065, 0.07, 0.075, 0.08, 0.085, 0.09, 0.095, 0.1, 0.105, 0.11, 0.115, 0.12, 0.125, 0.13, 0.135, 0.14, 0.145, 0.15, 0.155, 0.16, 0.165, 0.17, 0.17500000000000002, 0.18, 0.185, 0.19, 0.195, 0.2, 0.20500000000000002, 0.21, 0.215, 0.22, 0.225, 0.23, 0.23500000000000001, 0.24, 0.245, 0.25, 0.255, 0.26, 0.265, 0.27, 0.275, 0.28, 0.28500000000000003, 0.29, 0.295, 0.3, 0.305, 0.31, 0.315, 0.32, 0.325, 0.33, 0.335, 0.34, 0.34500000000000003, 0.35000000000000003, 0.355, 0.36, 0.365, 0.37, 0.375, 0.38, 0.385, 0.39, 0.395, 0.4, 0.405, 0.41000000000000003, 0.41500000000000004, 0.42, 0.425, 0.43, 0.435, 0.44, 0.445, 0.45, 0.455, 0.46, 0.465, 0.47000000000000003, 0.47500000000000003, 0.48, 0.485, 0.49, 0.495, 0.5, 0.505, 0.51, 0.515, 0.52, 0.525, 0.53, 0.535, 0.54, 0.545, 0.55, 0.555, 0.56, 0.5650000000000001, 0.5700000000000001, 0.5750000000000001, 0.58, 0.585, 0.59, 0.595, 0.6, 0.605, 0.61, 0.615, 0.62, 0.625, 0.63, 0.635]}, "poles": {"__dtype__": [["k", "<f8"], ["power_2", "<c8"], ["modes", "<i8"]], "__shape__": [127], "__data__": [[0.0037537781648676505, {"__complex__": [-43659.3203125, 5.29160569529008e-12]}, 77], [0.008050398333474014, {"__complex__": [-45085.69140625, -1.6994937358447149e-12]}, 548], [0.012848609532355457, {"__complex__": [-19002.900390625, 3.1463601255637963e-13]}, 1480], [0.017751579213119567, {"__complex__": [24584.740234375, -6.485533139179156e-13]}, 2872], [0.022691827324042853, {"__complex__": [13822.17578125, 4.916187696193432e-14]}, 4736], [0.027648005536595924, {"__complex__": [18412.0, 3.30913356612339e-13]}, 7036], [0.032612636555868525, {"__complex__": [14141.298828125, 2.7216428980306184e-13]}, 9838], [0.03761114292794433, {"__complex__": [15785.51953125, -2.2916401849065737e-13]}, 13208], [0.04261303922036164, {"__complex__": [19760.455078125, -2.762256942005336e-14]}, 16858], [0.04760505554480107, {"__complex__": [9871.9501953125, -4.418038810770526e-14]}, 21080], [0.05259133615803475, {"__complex__": [10682.9130859375, 0.0]}, 25624], [0.05756841184374016, {"__complex__": [17038.107421875, 1.0608008883198489e-13]}, 30728], [0.06256248327880025, {"__complex__": [8089.3017578125, 1.2758542865861505e-13]}, 36498], [0.06756661487904435, {"__complex__": [15855.123046875, 2.737380600784014e-14]}, 42528], [0.07257304507008182, {"__complex__": [6229.8408203125, 4.736951458796275e-14]}, 49152], [0.07756473030387098, {"__complex__": [-678.7890014648438, -8.353567674829893e-15]}, 55744], [0.08254764044823601, {"__complex__": [3931.37890625, -7.351076229667169e-15]}, 63346], [0.08754405971893497, {"__complex__": [4252.0205078125, 2.6091852135356856e-14]}, 71388], [0.09254365223263855, {"__complex__": [1464.531005859375, -1.3135803039645687e-14]}, 79762], [0.09754150838846357, {"__complex__": [2725.70849609375, -9.201337540748304e-15]}, 88564], [0.10254123052801507, {"__complex__": [-1460.5977783203125, -2.5543223813222563e-14]}, 97988], [0.10754181638082774, {"__complex__": [120.97993469238281, -2.1616838161609038e-14]}, 107708], [0.11254085353408888, {"__complex__": [3132.84375, 1.2830635703474803e-14]}, 117952], [0.11753281793039293, {"__complex__": [1072.105224609375, 7.259623776418016e-15]}, 128288], [0.12252442444514552, {"__complex__": [2042.36328125, 1.6658127717397546e-14]}, 139770], [0.12753052839909865, {"__complex__": [611.6346435546875, -6.129299812921568e-15]}, 151946], [0.13253665927256145, {"__complex__": [1764.26318359375, 1.3521604524263393e-14]}, 163582], [0.13753197887556465, {"__complex__": [2995.883056640625, -1.588022959929814e-14]}, 175940], [0.1425260716253757, {"__complex__": [2511.300537109375, 1.8472367258330798e-14]}, 189064], [0.14752506711896965, {"__complex__": [1032.2047119140625, -4.59177704201035e-15]}, 202824], [0.1525272624752809, {"__complex__": [903.21923828125, 1.2886948147874163e-14]}, 216806], [0.15752484634575162, {"__complex__": [445.985107421875, 9.076196046088007e-15]}, 230876], [0.16252366735405163, {"__complex__": [143.6753387451172, -5.673445738950617e-15]}, 246232], [0.1675242007800524, {"__complex__": [2790.284423828125, 8.909449351849762e-16]}, 261330], [0.17252326579974073, {"__complex__": [558.794677734375, -1.1335883437718717e-14]}, 277280], [0.17752110470595878, {"__complex__": [1314.5052490234375, 0.0]}, 293320], [0.1825207522633753, {"__complex__": [1492.9412841796875, 2.998713897231194e-15]}, 310574], [0.18752231962759572, {"__complex__": [1065.9927978515625, -7.641132498059037e-15]}, 327560], [0.19252167162300435, {"__complex__": [1596.6536865234375, 1.0789561586299797e-14]}, 345268], [0.19752225984779248, {"__complex__": [1118.333740234375, -3.8426818557658546e-15]}, 363544], [0.20251992290984697, {"__complex__": [1311.9610595703125, 3.660283474970008e-15]}, 381660], [0.20751551078768798, {"__complex__": [-221.3199920654297, -8.131711111219152e-15]}, 400854], [0.21251512379553542, {"__complex__": [-316.05621337890625, 7.742402910199814e-15]}, 421010], [0.21751870975885984, {"__complex__": [1084.300048828125, -4.222153463168728e-15]}, 441160], [0.2225209082741387, {"__complex__": [353.85675048828125, -1.2113557092087099e-14]}, 461296], [0.22752039891934017, {"__complex__": [-340.9507141113281, 2.4142939861524328e-15]}, 482192], [0.23252118259031918, {"__complex__": [-1727.7039794921875, -3.234657465787721e-15]}, 503860], [0.23751936566507853, {"__complex__": [154.81826782226562, 3.5477333368288825e-15]}, 525024], [0.24251707186595864, {"__complex__": [-1427.596435546875, 6.798545626744874e-15]}, 547954], [0.24751627666670906, {"__complex__": [-1530.2340087890625, -7.549579247889161e-15]}, 570544], [0.2525167544702008, {"__complex__": [257.23089599609375, 2.644137858697545e-15]}, 594374], [0.25751857595461863, {"__complex__": [1713.8875732421875, 1.2057907027452491e-14]}, 617900], [0.2625190906945416, {"__complex__": [1046.0794677734375, -1.2328559465088658e-14]}, 642106], [0.2675172479110602, {"__complex__": [1420.8961181640625, 5.2430517813082354e-15]}, 666112], [0.272514629608296, {"__complex__": [842.8199462890625, 2.0193873208682175e-15]}, 691786], [0.27751615229387816, {"__complex__": [-1835.2738037109375, -1.297113856415003e-15]}, 717996], [0.28251644607381426, {"__complex__": [-1261.7938232421875, 5.01282399107978e-15]}, 743152], [0.2875152531419474, {"__complex__": [-211.25994873046875, 0.0]}, 770192], [0.2925134012698469, {"__complex__": [-257.81536865234375, 1.7540573206352417e-15]}, 796430], [0.2975118362281548, {"__complex__": [238.32640075683594, 2.2582444710050626e-15]}, 824820], [0.3025125080826814, {"__complex__": [-289.18359375, 2.184762033490147e-15]}, 852562], [0.30751063191170563, {"__complex__": [-776.6288452148438, 6.611712075558086e-16]}, 880372], [0.3125111278203564, {"__complex__": [-1041.18896484375, -2.55674671667224e-15]}, 910652], [0.31751269361539736, {"__complex__": [-1732.3406982421875, -2.231613119868677e-15]}, 938996], [0.3225130904459611, {"__complex__": [-12.565435409545898, 1.200960264429471e-15]}, 969352], [0.32751158760760724, {"__complex__": [-168.81353759765625, 1.3993010758420643e-15]}, 998344], [0.3325089848249692, {"__complex__": [-93.55181121826172, 2.260662908888151e-16]}, 1029922], [0.33751027924368393, {"__complex__": [-1282.8782958984375, -5.262115951852088e-15]}, 1061918], [0.34251253316973607, {"__complex__": [-1151.4320068359375, 4.685269574112964e-15]}, 1093272], [0.34751415893089227, {"__complex__": [-375.26214599609375, 1.6550020055306532e-15]}, 1125464], [0.352514235068077, {"__complex__": [-859.7213745117188, -1.1064374226256403e-15]}, 1157380], [0.357512374484406, {"__complex__": [136.8859100341797, -9.781386126544523e-16]}, 1190172], [0.3625118834929162, {"__complex__": [275.7412414550781, -2.6616820286175496e-15]}, 1224650], [0.3675116774700016, {"__complex__": [37.491207122802734, 9.25500067784689e-16]}, 1257864], [0.3725098709245497, {"__complex__": [-64.88615417480469, 