{"edges": {"__dtype__": "<f8", "__shape__": [128], "__data__": [0.0, 0.005, 0.01, 0.015, 0.02, 0.025, 0.03, 0.035, 0.04, 0.045, 0.05, 0.055, 0.06, 0.065, 0.07, 0.075, 0.08, 0.085, 0.09, 0.095, 0.1, 0.105, 0.11, 0.115, 0.12, 0.125, 0.13, 0.135, 0.14, 0.145, 0.15, 0.155, 0.16, 0.165, 0.17, 0.17500000000000002, 0.18, 0.185, 0.19, 0.195, 0.2, 0.20500000000000002, 0.21, 0.215, 0.22, 0.225, 0.23, 0.23500000000000001, 0.24, 0.245, 0.25, 0.255, 0.26, 0.265, 0.27, 0.275, 0.28, 0.28500000000000003, 0.29, 0.295, 0.3, 0.305, 0.31, 0.315, 0.32, 0.325, 0.33, 0.335, 0.34, 0.34500000000000003, 0.35000000000000003, 0.355, 0.36, 0.365, 0.37, 0.375, 0.38, 0.385, 0.39, 0.395, 0.4, 0.405, 0.41000000000000003, 0.41500000000000004, 0.42, 0.425, 0.43, 0.435, 0.44, 0.445, 0.45, 0.455, 0.46, 0.465, 0.47000000000000003, 0.47500000000000003, 0.48, 0.485, 0.49, 0.495, 0.5, 0.505, 0.51, 0.515, 0.52, 0.525, 0.53, 0.535, 0.54, 0.545, 0.55, 0.555, 0.56, 0.5650000000000001, 0.5700000000000001, 0.5750000000000001, 0.58, 0.585, 0.59, 0.595, 0.6, 0.605, 0.61, 0.615, 0.62, 0.625, 0.63, 0.635]}, "poles": {"__dtype__": [["k", "<f8"], ["power_2", "<c8"], ["modes", "<i8"]], "__shape__": [127], "__data__": [[0.0037537781648676505, {"__complex__": [4769.58984375, 0.0]}, 77], [0.008050398333474014, {"__complex__": [33023.49609375, -8.497468679223574e-13]}, 548], [0.012848609532355457, {"__complex__": [34437.57421875, -8.652490074249897e-13]}, 1480], [0.017751579213119567, {"__complex__": [19693.08203125, 2.2294021012961296e-13]}, 2872], [0.022691827324042853, {"__complex__": [14909.5810546875, -2.4580936786901264e-13]}, 4736], [0.027648005536595924, {"__complex__": [14377.7353515625, -2.1509368992953665e-13]}, 7036], [0.032612636555868525, {"__complex__": [6341.94287109375, -1.4199877168205588e-13]}, 9838], [0.03761114292794433, {"__complex__": [11541.66796875, -2.8204801233271126e-13]}, 13208], [0.04261303922036164, {"__complex__": [9592.8193359375, 0.0]}, 16858], [0.04760505554480107, {"__complex__": [-1318.667724609375, -2.554178724534402e-14]}, 21080], [0.05259133615803475, {"__complex__": [5441.8798828125, -7.269142563272671e-14]}, 25624], [0.05756841184374016, {"__complex__": [1230.536865234375, -9.092578849134031e-14]}, 30728], [0.06256248327880025, {"__complex__": [4580.51220703125, 1.2758542188235147e-14]}, 36498], [0.06756661487904435, {"__complex__": [4153.28564453125, 1.1770737108531687e-13]}, 42528], [0.07257304507008182, {"__complex__": [50.37936019897461, -3.789561370324927e-14]}, 49152], [0.07756473030387098, {"__complex__": [-97.35417938232422, -6.682854139863914e-14]}, 55744], [0.08254764044823601, {"__complex__": [4671.15771484375, 4.410645907206891e-14]}, 63346], [0.08754405971893497, {"__complex__": [5272.5517578125, -6.522963033839214e-15]}, 71388], [0.09254365223263855, {"__complex__": [4444.357421875, 1.1676268709770541e-14]}, 79762], [0.09754150838846357, {"__complex__": [3481.287109375, 2.4975059523192795e-14]}, 88564], [0.10254123052801507, {"__complex__": [678.7366333007812, 2.85133651715605e-14]}, 97988], [0.10754181638082774, {"__complex__": [3663.418212890625, 1.5131786204906558e-14]}, 107708], [0.11254085353408888, {"__complex__": [402.95550537109375, 6.908803905488967e-15]}, 117952], [0.11753281793039293, {"__complex__": [-1821.38427734375, 1.0889435241110551e-14]}, 128288], [0.12252442444514552, {"__complex__": [-337.7589416503906, 2.3321378465543385e-14]}, 139770], [0.12753052839909865, {"__complex__": [1577.055908203125, -1.8387899438764704e-14]}, 151946], [0.13253665927256145, {"__complex__": [-530.5381469726562, -2.561988198901497e-14]}, 163582], [0.13753197887556465, {"__complex__": [1915.0374755859375, -1.588022959929814e-14]}, 175940], [0.1425260716253757, {"__complex__": [3073.202880859375, 4.9259645739871145e-15]}, 189064], [0.14752506711896965, {"__complex__": [-1282.0640869140625, 2.6402718309196868e-14]}, 202824], [0.1525272624752809, {"__complex__": [2606.4365234375, 7.517386913695814e-15]}, 216806], [0.15752484634575162, {"__complex__": [523.3911743164062, -2.0169324076288377e-15]}, 230876], [0.16252366735405163, {"__complex__": [1356.62353515625, 7.091807067809153e-15]}, 246232], [0.1675242007800524, {"__complex__": [265.5821838378906, 1.0691339645736188e-14]}, 261330], [0.17252326579974073, {"__complex__": [-168.31651306152344, 1.3435120766282834e-14]}, 277280], [0.17752110470595878, {"__complex__": [680.2146606445312, 2.857596768262617e-14]}, 293320], [0.1825207522633753, {"__complex__": [1425.8585205078125, -1.499356948615597e-15]}, 310574], [0.18752231962759572, {"__complex__": [2028.06298828125, 1.1372848802569842e-14]}, 327560], [0.19252167162300435, {"__complex__": [1047.979736328125, -8.092170766208374e-15]}, 345268], [0.19752225984779248, {"__complex__": [-184.90252685546875, 2.561787833257824e-15]}, 363544], [0.20251992290984697, {"__complex__": [-1296.509033203125, 4.880378107798835e-15]}, 381660], [0.20751551078768798, {"__complex__": [-612.3822631835938, -1.1035894013954398e-14]}, 400854], [0.21251512379553542, {"__complex__": [617.9075317382812, -6.63634517009278e-15]}, 421010], [0.21751870975885984, {"__complex__": [257.9981689453125, -8.444306926337457e-15]}, 441160], [0.2225209082741387, {"__complex__": [-12.30127239227295, 1.1356459773831655e-15]}, 461296], [0.22752039891934017, {"__complex__": [559.4987182617188, -2.897152741031272e-15]}, 482192], [0.23252118259031918, {"__complex__": [78.1377182006836, 2.7725635118525842e-15]}, 503860], [0.23751936566507853, {"__complex__": [1216.130615234375, -3.5477333368288825e-15]}, 525024], [0.24251707186595864, {"__complex__": [458.6441345214844, -8.498182033431093e-16]}, 547954], [0.24751627666670906, {"__complex__": [1132.8294677734375, -2.4485119996391384e-15]}, 570544], [0.2525167544702008, {"__complex__": [770.3958740234375, 1.5668966029725763e-15]}, 594374], [0.25751857595461863, {"__complex__": [-1302.526123046875, 1.055066864902093e-14]}, 617900], [0.2625190906945416, {"__complex__": [350.3784484863281, -1.4504187730550325e-15]}, 642106], [0.2675172479110602, {"__complex__": [854.7011108398438, 2.0972207548749415e-15]}, 666112], [0.272514629608296, {"__complex__": [616.9097290039062, 3.1973632403948246e-15]}, 691786], [0.27751615229387816, {"__complex__": [414.62615966796875, 9.728354452508115e-16]}, 717996], [0.28251644607381426, {"__complex__": [365.0993347167969, -8.772442407906089e-15]}, 743152], [0.2875152531419474, {"__complex__": [-1054.6505126953125, 6.046041556404154e-15]}, 770192], [0.2925134012698469, {"__complex__": [-77.7417984008789, 3.5081146412704834e-15]}, 796430], [0.2975118362281548, {"__complex__": [261.6418762207031, -4.516488942010125e-15]}, 824820], [0.3025125080826814, {"__complex__": [-929.3499145507812, 5.461905189604486e-15]}, 852562], [0.30751063191170563, {"__complex__": [62.69807815551758, 1.5868108557822933e-14]}, 880372], [0.3125111278203564, {"__complex__": [-245.83990478515625, 2.55674671667224e-16]}, 910652], [0.31751269361539736, {"__complex__": [405.0946044921875, -2.4795701037765526e-16]}, 938996], [0.3225130904459611, {"__complex__": [-212.08665466308594, 2.8823046769823777e-15]}, 969352], [0.32751158760760724, {"__complex__": [675.322021484375, -4.664337272403942e-16]}, 998344], [0.3325089848249692, {"__complex__": [-348.33447265625, 5.425590769573326e-15]}, 1029922], [0.33751027924368393, {"__complex__": [-581.2556762695312, 1.0524231903704176e-14]}, 1061918], [0.34251253316973607, {"__complex__": [-1140.181396484375, 3.300985439513653e-15]}, 1093272], [0.34751415893089227, {"__complex__": [129.2080535888672, 4.96500601659196e-15]}, 1125464], [0.352514235068077, {"__complex__": [-568.5399780273438, 3.2187271053904726e-15]}, 1157380], [0.357512374484406, {"__complex__": [-887.8255004882812, -3.3256713677284324e-15]}, 1190172], [0.3625118834929162, {"__complex__": [885.594970703125, -8.365286375655156e-15]}, 1224650], [0.3675116774700016, {"__complex__": [-169.63494873046875, 2.2212001203316062e-15]}, 1257864], [0.3725098709245497, 