{"edges": {"__dtype__": "<f8", "__shape__": [128], "__data__": [0.0, 0.005, 0.01, 0.015, 0.02, 0.025, 0.03, 0.035, 0.04, 0.045, 0.05, 0.055, 0.06, 0.065, 0.07, 0.075, 0.08, 0.085, 0.09, 0.095, 0.1, 0.105, 0.11, 0.115, 0.12, 0.125, 0.13, 0.135, 0.14, 0.145, 0.15, 0.155, 0.16, 0.165, 0.17, 0.17500000000000002, 0.18, 0.185, 0.19, 0.195, 0.2, 0.20500000000000002, 0.21, 0.215, 0.22, 0.225, 0.23, 0.23500000000000001, 0.24, 0.245, 0.25, 0.255, 0.26, 0.265, 0.27, 0.275, 0.28, 0.28500000000000003, 0.29, 0.295, 0.3, 0.305, 0.31, 0.315, 0.32, 0.325, 0.33, 0.335, 0.34, 0.34500000000000003, 0.35000000000000003, 0.355, 0.36, 0.365, 0.37, 0.375, 0.38, 0.385, 0.39, 0.395, 0.4, 0.405, 0.41000000000000003, 0.41500000000000004, 0.42, 0.425, 0.43, 0.435, 0.44, 0.445, 0.45, 0.455, 0.46, 0.465, 0.47000000000000003, 0.47500000000000003, 0.48, 0.485, 0.49, 0.495, 0.5, 0.505, 0.51, 0.515, 0.52, 0.525, 0.53, 0.535, 0.54, 0.545, 0.55, 0.555, 0.56, 0.5650000000000001, 0.5700000000000001, 0.5750000000000001, 0.58, 0.585, 0.59, 0.595, 0.6, 0.605, 0.61, 0.615, 0.62, 0.625, 0.63, 0.635]}, "poles": {"__dtype__": [["k", "<f8"], ["power_0", "<c8"], ["modes", "<i8"]], "__shape__": [127], "__data__": [[0.0037537781648676505, {"__complex__": [94501.8046875, -2.1851495764745044e-13]}, 77], [0.008050398333474014, {"__complex__": [90730.78125, -9.750513046166524e-15]}, 548], [0.012848609532355457, {"__complex__": [118540.6796875, 1.075416069130225e-14]}, 1480], [0.017751579213119567, {"__complex__": [112922.03125, 3.948559280106748e-15]}, 2872], [0.022691827324042853, {"__complex__": [112184.625, -2.881478692803863e-14]}, 4736], [0.027648005536595924, {"__complex__": [108156.6328125, -2.16212613676596e-15]}, 7036], [0.032612636555868525, {"__complex__": [99890.3671875, 1.6672259615089537e-14]}, 9838], [0.03761114292794433, {"__complex__": [94234.734375, -4.785726834624377e-15]}, 13208], [0.04261303922036164, {"__complex__": [95049.0, -1.0076488593719658e-14]}, 16858], [0.04760505554480107, {"__complex__": [91711.0703125, 1.3078301202169704e-16]}, 21080], [0.05259133615803475, {"__complex__": [94188.03125, 1.8652387594127228e-15]}, 25624], [0.05756841184374016, {"__complex__": [89360.28125, 1.7962430554194133e-15]}, 30728], [0.06256248327880025, {"__complex__": [86773.53125, -1.0912295813323997e-15]}, 36498], [0.06756661487904435, {"__complex__": [87475.28125, -4.015432107776001e-15]}, 42528], [0.07257304507008182, {"__complex__": [87760.84375, 1.2109093016696832e-15]}, 49152], [0.07756473030387098, {"__complex__": [86231.7890625, 1.2462285638669378e-15]}, 55744], [0.08254764044823601, {"__complex__": [84212.8984375, -1.3651189553764986e-15]}, 63346], [0.08754405971893497, {"__complex__": [83169.578125, 1.4659149231876947e-15]}, 71388], [0.09254365223263855, {"__complex__": [82932.8984375, -1.2395046045733963e-15]}, 79762], [0.09754150838846357, {"__complex__": [80643.2109375, -8.329204783805372e-16]}, 88564], [0.10254123052801507, {"__complex__": [80060.203125, 1.1024913078826193e-15]}, 97988], [0.10754181638082774, {"__complex__": [80831.7265625, 1.6997664262436221e-15]}, 107708], [0.11254085353408888, {"__complex__": [79115.6640625, 4.465590520451377e-16]}, 117952], [0.11753281793039293, {"__complex__": [79380.4453125, -2.95071735761018e-16]}, 128288], [0.12252442444514552, {"__complex__": [78978.234375, 3.84222694613362e-16]}, 139770], [0.12753052839909865, {"__complex__": [78859.765625, -4.3136386330654684e-16]}, 151946], [0.13253665927256145, {"__complex__": [78240.7890625, -1.7978632970986128e-16]}, 163582], [0.13753197887556465, {"__complex__": [77196.953125, -5.402774243073137e-16]}, 175940], [0.1425260716253757, {"__complex__": [76463.2265625, -7.99559794585351e-17]}, 189064], [0.14752506711896965, {"__complex__": [76870.4453125, 2.280767500589028e-16]}, 202824], [0.1525272624752809, {"__complex__": [77527.34375, -9.0847321000233e-17]}, 216806], [0.15752484634575162, {"__complex__": [76248.515625, 1.2555047393096748e-15]}, 230876], [0.16252366735405163, {"__complex__": [75961.953125, 9.606392296015336e-16]}, 246232], [0.1675242007800524, {"__complex__": [76401.9140625, 5.462944816668122e-16]}, 261330], [0.17252326579974073, {"__complex__": [75822.9921875, -3.2058730627785334e-16]}, 277280], [0.17752110470595878, {"__complex__": [75846.0703125, 5.742940027712504e-16]}, 293320], [0.1825207522633753, {"__complex__": [75240.0390625, 4.169811909226096e-16]}, 310574], [0.18752231962759572, {"__complex__": [75325.4765625, -2.7809127288485597e-17]}, 327560], [0.19252167162300435, {"__complex__": [75712.6875, -1.938880518531061e-16]}, 345268], [0.19752225984779248, {"__complex__": [75397.7265625, -7.142191075671121e-17]}, 363544], [0.20251992290984697, {"__complex__": [75284.890625, 1.3018692581995663e-16]}, 381660], [0.20751551078768798, {"__complex__": [74694.5, 1.5701889141594354e-16]}, 400854], [0.21251512379553542, {"__complex__": [75133.0859375, -7.644798258131406e-18]}, 421010], [0.21751870975885984, {"__complex__": [75116.6875, 5.874050140035629e-16]}, 441160], [0.2225209082741387, {"__complex__": [74902.796875, -2.181976592112881e-16]}, 461296], [0.22752039891934017, {"__complex__": [74380.53125, -1.109449379141848e-16]}, 482192], [0.23252118259031918, {"__complex__": [74454.6484375, -1.0410789310474e-16]}, 503860], [0.23751936566507853, {"__complex__": [74696.546875, -1.1094109979614255e-17]}, 525024], [0.24251707186595864, {"__complex__": [74786.5078125, 4.455334539646904e-16]}, 547954], [0.24751627666670906, {"__complex__": [74923.8359375, 1.2219061716052082e-16]}, 570544], [0.2525167544702008, {"__complex__": [74000.5859375, -2.754026513439279e-16]}, 594374], [0.25751857595461863, {"__complex__": [74140.375, 8.588264252069384e-17]}, 617900], [0.2625190906945416, {"__complex__": [74374.34375, -2.1448752255341625e-16]}, 642106], [0.2675172479110602, {"__complex__": [74536.8671875, -2.049667134076003e-16]}, 666112], [0.272514629608296, {"__complex__": [74120.546875, -1.5009337798562496e-16]}, 691786], [0.27751615229387816, {"__complex__": [74246.0703125, -3.829437278025672e-16]}, 717996], [0.28251644607381426, {"__complex__": [74437.2734375, 2.6032692072067945e-16]}, 743152], [0.2875152531419474, {"__complex__": [74174.046875, 1.275952432293749e-16]}, 770192], [0.2925134012698469, {"__complex__": [73810.109375, -1.4787630895085624e-16]}, 796430], [0.2975118362281548, {"__complex__": [73917.2109375, 7.757373899905178e-17]}, 824820], [0.3025125080826814, {"__complex__": [73631.125, -4.572510165894308e-17]}, 852562], [0.30751063191170563, {"__complex__": [73715.40625, 9.939488928965376e-17]}, 880372], [0.3125111278203564, {"__complex__": [73467.671875, 1.68912756007721e-16]}, 910652], [0.31751269361539736, {"__complex__": [73293.5, 7.209120575138502e-17]}, 938996], [0.3225130904459611, {"__complex__": [73670.7421875, 3.065072761189921e-17]}, 969352], [0.32751158760760724, {"__complex__": [73637.6484375, -2.641589242438375e-16]}, 998344], [0.3325089848249692, {"__complex__": [73299.28125, 9.050964602185416e-17]}, 1029922], [0.33751027924368393, {"__complex__": [73288.0703125, -1.4764095290552775e-16]}, 1061918], [0.34251253316973607, {"__complex__": [73558.609375, 7.68127857750622e-17]}, 1093272], [0.34751415893089227, {"__complex__": [73395.2265625, 1.6503522446364803e-16]}, 1125464], [0.352514235068077, {"__complex__": [73466.40625, 1.2948719719618577e-16]}, 1157380], [0.357512374484406, {"__complex__": [73403.2890625, 1.0140561315753746e-16]}, 1190172], [0.3625118834929162, {"__complex__": [73481.6171875, 4.5450381742624416e-17]}, 1224650], [0.3675116774700016, {"__complex__": [73379.9140625, -1.8587743627779556e-16]}, 1257864], [0.3725098709245497, {"__complex__": [73262.2421875, -5.668485434602157e-17]}, 1292312], [0.37751067052804127, {"__complex__": [73366.9296875, 6.137115677093459e-17]}, 1328534], [0.3825116981355865, {"__complex__": [73325.6328125, -2.1739776894150442e-16]}, 1362848], [0.3875116125361288, {"__complex__": [73161.1171875, 1.579089377550506e-16]}, 1399204], 