{"poles": {"dims": ["k"], "edges": [{"__dtype__": "<f8", "__shape__": [94], "__data__": [0.0, 0.005, 0.01, 0.015, 0.02, 0.025, 0.03, 0.035, 0.04, 0.045, 0.05, 0.055, 0.06, 0.065, 0.07, 0.075, 0.08, 0.085, 0.09, 0.095, 0.1, 0.105, 0.11, 0.115, 0.12, 0.125, 0.13, 0.135, 0.14, 0.145, 0.15, 0.155, 0.16, 0.165, 0.17, 0.17500000000000002, 0.18, 0.185, 0.19, 0.195, 0.2, 0.20500000000000002, 0.21, 0.215, 0.22, 0.225, 0.23, 0.23500000000000001, 0.24, 0.245, 0.25, 0.255, 0.26, 0.265, 0.27, 0.275, 0.28, 0.28500000000000003, 0.29, 0.295, 0.3, 0.305, 0.31, 0.315, 0.32, 0.325, 0.33, 0.335, 0.34, 0.34500000000000003, 0.35000000000000003, 0.355, 0.36, 0.365, 0.37, 0.375, 0.38, 0.385, 0.39, 0.395, 0.4, 0.405, 0.41000000000000003, 0.41500000000000004, 0.42, 0.425, 0.43, 0.435, 0.44, 0.445, 0.45, 0.455, 0.46, 0.465]}], "coords": [{"__dtype__": "<f8", "__shape__": [93], "__data__": [0.0025, 0.0075, 0.0125, 0.0175, 0.0225, 0.0275, 0.0325, 0.037500000000000006, 0.042499999999999996, 0.0475, 0.052500000000000005, 0.057499999999999996, 0.0625, 0.0675, 0.07250000000000001, 0.0775, 0.0825, 0.0875, 0.0925, 0.0975, 0.10250000000000001, 0.1075, 0.1125, 0.1175, 0.1225, 0.1275, 0.1325, 0.1375, 0.14250000000000002, 0.1475, 0.1525, 0.1575, 0.1625, 0.1675, 0.17250000000000001, 0.1775, 0.1825, 0.1875, 0.1925, 0.1975, 0.2025, 0.20750000000000002, 0.2125, 0.2175, 0.2225, 0.2275, 0.2325, 0.2375, 0.2425, 0.2475, 0.2525, 0.2575, 0.2625, 0.2675, 0.2725, 0.2775, 0.28250000000000003, 0.2875, 0.2925, 0.2975, 0.3025, 0.3075, 0.3125, 0.3175, 0.3225, 0.3275, 0.3325, 0.3375, 0.3425, 0.34750000000000003, 0.35250000000000004, 0.3575, 0.3625, 0.3675, 0.3725, 0.3775, 0.3825, 0.3875, 0.3925, 0.3975, 0.4025, 0.40750000000000003, 0.41250000000000003, 0.4175, 0.4225, 0.4275, 0.4325, 0.4375, 0.4425, 0.4475, 0.4525, 0.4575, 0.4625]}], "data": {"__dtype__": [["k", "<f8"], ["power_0", "<c8"], ["modes", "<i8"]], "__shape__": [93], "__data__": [[0.0037081367915242675, {"__complex__": [33560.16796875, 1.1428205116178342e-13]}, 191], [0.008018577791264523, {"__complex__": [92031.828125, -4.217946589332895e-14]}, 1380], [0.012844085612331841, {"__complex__": [113668.3046875, 6.175879171130619e-14]}, 3770], [0.01775141230162106, {"__complex__": [110165.65625, -6.417603400738978e-14]}, 7256], [0.022691010615224643, {"__complex__": [107810.6796875, -2.4232997675025826e-14]}, 12010], [0.027661296094027222, {"__complex__": [105422.0078125, 1.623735224238771e-14]}, 17924], [0.03263163473973046, {"__complex__": [104915.2578125, 2.3367186007330898e-14]}, 24910], [0.03760885918999335, {"__complex__": [102221.7734375, 1.5760196560342735e-14]}, 33240], [0.04258994605322728, {"__complex__": [96002.6875, 1.0939747304111562e-14]}, 42566], [0.047583805693835864, {"__complex__": [95768.6015625, 3.0476353862426975e-14]}, 53478], [0.052589415944125126, {"__complex__": [96186.921875, -3.567848463502041e-15]}, 65258], [0.057576993125266096, {"__complex__": [97118.984375, -2.993143385053576e-15]}, 77788], [0.0625679362273907, {"__complex__": [94408.7265625, -1.259388173614599e-15]}, 92438], [0.06756372941029527, {"__complex__": [91277.4609375, -9.618906149019835e-15]}, 107412], [0.07255867544245412, {"__complex__": [91371.7890625, 2.811013725460246e-15]}, 124242], [0.07755343255815964, {"__complex__": [89912.6484375, -3.1351253770129468e-15]}, 141568], [0.08254944316463679, {"__complex__": [90316.890625, 4.341533439721802e-15]}, 160886], [0.0875469705282893, {"__complex__": [89297.8125, -1.0961651576127558e-14]}, 180544], [0.09254207143002044, {"__complex__": [87408.9765625, -3.457812319148366e-15]}, 202004], [0.09754200795670145, {"__complex__": [85525.2265625, 5.184660294539839e-15]}, 224538], [0.10254171329034444, {"__complex__": [85549.6796875, -1.877378859129245e-15]}, 248038], [0.10754099109209159, {"__complex__": [86225.59375, -2.0264617400436854e-15]}, 272876], [0.11253870054955198, {"__complex__": [83976.546875, -2.7291482028663546e-15]}, 298594], [0.11753608765430268, {"__complex__": [84195.5703125, 4.2863310319998186e-15]}, 325916], [0.12253572907412832, {"__complex__": [85867.4765625, 3.2854686429529016e-15]}, 354334], [0.1275331697481456, {"__complex__": [83726.7265625, 1.0626711243618922e-15]}, 383424], [0.13252928315027618, {"__complex__": [82434.6796875, -8.4312087264784715e-16]}, 414230], [0.13752809598823948, {"__complex__": [82383.4609375, 5.216090722597131e-15]}, 446370], [0.1425292748907053, {"__complex__": [83534.625, 5.3406202359530374e-15]}, 479558], [0.14752984329410787, {"__complex__": [83023.546875, 1.1334768318843657e-15]}, 513532], [0.15252898535896237, {"__complex__": [80882.1875, -1.0603840295251871e-15]}, 548930], [0.15752847498756622, {"__complex__": [80919.890625, 1.5905145285199864e-15]}, 585548], [0.16252705956276423, {"__complex__": [81356.0546875, 7.006285433377557e-16]}, 623094], [0.16752723347134682, {"__complex__": [81922.578125, -7.027576665297978e-16]}, 662620], [0.17252557298757182, {"__complex__": [81709.7265625, 1.9909299784557884e-15]}, 701674], [0.1775232051718564, {"__complex__": [80342.3515625, -3.1304371025894534e-16]}, 743764], [0.1825215844754662, {"__complex__": [79218.9296875, 5.927309454176611e-16]}, 785620], [0.18752064712987349, {"__complex__": [79783.0, -9.816977392196964e-16]}, 830100], [0.19252067437217257, {"__complex__": [80278.09375, 3.994039020143673e-15]}, 874418], [0.19751987908784707, {"__complex__": [80430.375, -7.586679820374492e-16]}, 920682], [0.20251936794243589, {"__complex__": [79699.5703125, 1.924780940439964e-15]}, 967718], [0.20751955964231095, {"__complex__": [79181.3828125, -5.725899710047218e-17]}, 1016568], [0.2125192859071403, {"__complex__": [79432.1015625, 1.6389167704529553e-16]}, 1065478], [0.21751870204394746, {"__complex__": [78999.5234375, 2.293487182599709e-15]}, 1116700], [0.22251763655620238, {"__complex__": [78742.0625, 0.0]}, 1167926], [0.2275173612096972, {"__complex__": [78583.203125, -3.3342250240671616e-16]}, 1222034], [0.23251753944930767, {"__complex__": [78834.6015625, -1.3689757081435843e-15]}, 1275574], [0.237518608068736, {"__complex__": [79675.1875, -1.1359911433091716e-15]}, 1332228], [0.24251933382685822, {"__complex__": [79287.8671875, 2.013563122322897e-15]}, 1387574], [0.2475188275283454, {"__complex__": [78822.7734375, -3.2203319151881643e-16]}, 1446004], [0.2525176353551358, {"__complex__": [79262.15625, -5.805277417465684e-16]}, 1504002], [0.25751592740199597, {"__complex__": [79219.8984375, 5.579764953775475e-16]}, 1564788], [0.2625152321376914, {"__complex__": [78729.03125, -5.011378317597054e-16]}, 1626114], [0.2675142035428968, {"__complex__": [78361.4296875, -2.757866219668301e-16]}, 1688484], [0.27251407722071946, {"__complex__": [78845.3046875, 1.1954201395588358e-15]}, 1752920], [0.277514999580621, {"__complex__": [78266.234375, 1.1526953741828553e-15]}, 1817892], [0.28251513318998955, {"__complex__": [78013.7890625, -9.271954042286185e-16]}, 1883346], [0.2875150555774266, {"__complex__": [78188.328125, 2.3866603832812085e-16]}, 1951100], [0.2925143032383768, {"__complex__": [78399.2578125, 2.306960141598295e-16]}, 2018506], [0.2975129983065177, {"__complex__": [78886.5546875, -7.524553659462533e-16]}, 2088638], [0.30251265006104155, {"__complex__": [78350.25, 7.546303877361247e-16]}, 2159752], [0.3075131135075962, {"__complex__": [78271.71875, -7.301872932794114e-16]}, 2232050], [0.31251255553945134, {"__complex__": [78218.140625, 9.6000215494608e-16]}, 2304048], [0.3175120364779517, {"__complex__": [78171.25, 1.6633891140161285e-15]}, 2379552], [0.3225126598898453, {"__complex__": [78210.7890625, 9.484028857663796e-16]}, 2454976], [0.3275133985704822, {"__complex__": [78429.4296875, 1.8391147280721833e-16]}, 2531986], [0.33251410375899365, {"__complex__": [78206.234375, 1.5168027568346018e-15]}, 2609516], [0.3375135412275565, {"__complex__": [78303.03125, 3.465213640101915e-16]}, 2687634], [0.34251245849241974, {"__complex__": [78249.84375, 1.2616410694960586e-15]}, 2768188], [0.3475114266102975, 