{"edges": {"__dtype__": "<f8", "__shape__": [128], "__data__": [0.0, 0.005, 0.01, 0.015, 0.02, 0.025, 0.03, 0.035, 0.04, 0.045, 0.05, 0.055, 0.06, 0.065, 0.07, 0.075, 0.08, 0.085, 0.09, 0.095, 0.1, 0.105, 0.11, 0.115, 0.12, 0.125, 0.13, 0.135, 0.14, 0.145, 0.15, 0.155, 0.16, 0.165, 0.17, 0.17500000000000002, 0.18, 0.185, 0.19, 0.195, 0.2, 0.20500000000000002, 0.21, 0.215, 0.22, 0.225, 0.23, 0.23500000000000001, 0.24, 0.245, 0.25, 0.255, 0.26, 0.265, 0.27, 0.275, 0.28, 0.28500000000000003, 0.29, 0.295, 0.3, 0.305, 0.31, 0.315, 0.32, 0.325, 0.33, 0.335, 0.34, 0.34500000000000003, 0.35000000000000003, 0.355, 0.36, 0.365, 0.37, 0.375, 0.38, 0.385, 0.39, 0.395, 0.4, 0.405, 0.41000000000000003, 0.41500000000000004, 0.42, 0.425, 0.43, 0.435, 0.44, 0.445, 0.45, 0.455, 0.46, 0.465, 0.47000000000000003, 0.47500000000000003, 0.48, 0.485, 0.49, 0.495, 0.5, 0.505, 0.51, 0.515, 0.52, 0.525, 0.53, 0.535, 0.54, 0.545, 0.55, 0.555, 0.56, 0.5650000000000001, 0.5700000000000001, 0.5750000000000001, 0.58, 0.585, 0.59, 0.595, 0.6, 0.605, 0.61, 0.615, 0.62, 0.625, 0.63, 0.635]}, "poles": {"__dtype__": [["k", "<f8"], ["power_0", "<c8"], ["modes", "<i8"]], "__shape__": [127], "__data__": [[0.0037537781648676505, {"__complex__": [100773.7109375, -6.142042170004247e-13]}, 77], [0.008050398333474014, {"__complex__": [106579.8984375, 5.178145238982079e-13]}, 548], [0.012848609532355457, {"__complex__": [99884.6015625, -1.8681512229095504e-13]}, 1480], [0.017751579213119567, {"__complex__": [114120.4296875, 0.0]}, 2872], [0.022691827324042853, {"__complex__": [112398.703125, -6.145234196725316e-14]}, 4736], [0.027648005536595924, {"__complex__": [108626.71875, 1.757977240884369e-14]}, 7036], [0.032612636555868525, {"__complex__": [105169.921875, 2.0708153074255886e-14]}, 9838], [0.03761114292794433, {"__complex__": [103781.7578125, 6.885938251077837e-15]}, 13208], [0.04261303922036164, {"__complex__": [99518.1171875, 1.8990517640956987e-14]}, 16858], [0.04760505554480107, {"__complex__": [97461.7421875, 1.9328919161846342e-14]}, 21080], [0.05259133615803475, {"__complex__": [94068.9375, -8.51852649427472e-15]}, 25624], [0.05756841184374016, {"__complex__": [95905.6875, 7.932328025764962e-15]}, 30728], [0.06256248327880025, {"__complex__": [91286.859375, -5.183158081607884e-15]}, 36498], [0.06756661487904435, {"__complex__": [92801.5, -5.474761032161438e-15]}, 42528], [0.07257304507008182, {"__complex__": [89381.46875, -6.217248937900877e-15]}, 49152], [0.07756473030387098, {"__complex__": [89560.5, 2.6104898983843414e-15]}, 55744], [0.08254764044823601, {"__complex__": [87950.7109375, 1.3955558984899558e-14]}, 63346], [0.08754405971893497, {"__complex__": [87746.515625, 6.522963033839214e-15]}, 71388], [0.09254365223263855, {"__complex__": [85522.1015625, 7.297668261243943e-15]}, 79762], [0.09754150838846357, {"__complex__": [84354.0859375, 4.600668770374152e-15]}, 88564], [0.10254123052801507, {"__complex__": [84773.1640625, -1.009848349826101e-14]}, 97988], [0.10754181638082774, {"__complex__": [83529.46875, 5.404209434523141e-16]}, 107708], [0.11254085353408888, {"__complex__": [83274.84375, 1.9739440032480243e-15]}, 117952], [0.11753281793039293, {"__complex__": [81903.234375, 4.990991293347827e-15]}, 128288], [0.12252442444514552, {"__complex__": [80869.390625, 1.0411329823373466e-15]}, 139770], [0.12753052839909865, {"__complex__": [81081.546875, -6.1053571561180044e-15]}, 151946], [0.13253665927256145, {"__complex__": [81005.8203125, 2.490821930629201e-15]}, 163582], [0.13753197887556465, {"__complex__": [81497.4375, -1.1579334259286759e-15]}, 175940], [0.1425260716253757, {"__complex__": [80800.1640625, 1.2314911434967786e-15]}, 189064], [0.14752506711896965, {"__complex__": [80015.984375, -8.60958168907161e-16]}, 202824], [0.1525272624752809, {"__complex__": [80216.2734375, -3.2217370369685408e-15]}, 216806], [0.15752484634575162, {"__complex__": [80579.9296875, 0.0]}, 230876], [0.16252366735405163, {"__complex__": [79637.96875, 2.2457388765718e-15]}, 246232], [0.1675242007800524, {"__complex__": [80271.859375, 2.004626077696417e-15]}, 261330], [0.17252326579974073, {"__complex__": [80301.328125, 4.1984752394633857e-16]}, 277280], [0.17752110470595878, {"__complex__": [78911.5859375, -3.968884682709062e-15]}, 293320], [0.1825207522633753, {"__complex__": [79484.0390625, 1.499356948615597e-15]}, 310574], [0.18752231962759572, {"__complex__": [79273.078125, 2.221259412637914e-15]}, 327560], [0.19252167162300435, {"__complex__": [78653.96875, 1.0115213457760467e-15]}, 345268], [0.19752225984779248, {"__complex__": [78437.65625, 1.7612290427205255e-15]}, 363544], [0.20251992290984697, {"__complex__": [78431.4921875, 0.0]}, 381660], [0.20751551078768798, {"__complex__": [78268.9921875, -1.5973004270977958e-15]}, 400854], [0.21251512379553542, {"__complex__": [78616.3203125, 1.866472039383925e-15]}, 421010], [0.21751870975885984, {"__complex__": [78269.421875, -2.638845914480455e-16]}, 441160], [0.2225209082741387, {"__complex__": [78025.578125, -1.0094630557142188e-15]}, 461296], [0.22752039891934017, {"__complex__": [78341.1640625, -9.657176156367968e-16]}, 482192], [0.23252118259031918, {"__complex__": [78001.21875, 1.8772564628683668e-15]}, 503860], [0.23751936566507853, {"__complex__": [78352.4453125, 0.0]}, 525024], [0.24251707186595864, {"__complex__": [77338.9609375, -7.435909543950002e-16]}, 547954], [0.24751627666670906, {"__complex__": [77981.046875, -2.295479933487243e-16]}, 570544], [0.2525167544702008, {"__complex__": [77336.9375, -3.1337932059451526e-15]}, 594374], [0.25751857595461863, {"__complex__": [77841.625, -1.130428783823671e-15]}, 617900], [0.2625190906945416, {"__complex__": [77812.2578125, -1.0878140268517152e-15]}, 642106], [0.2675172479110602, {"__complex__": [77354.234375, -2.621525943593677e-16]}, 666112], [0.272514629608296, {"__complex__": [77328.2734375, -4.207056742010256e-16]}, 691786], [0.27751615229387816, {"__complex__": [77417.203125, 0.0]}, 717996], [0.28251644607381426, {"__complex__": [77137.859375, -3.9162687430310784e-16]}, 743152], [0.2875152531419474, {"__complex__": [77394.453125, -1.5115104420405977e-16]}, 770192], [0.2925134012698469, {"__complex__": [77982.7734375, 8.770286603176209e-16]}, 796430], [0.2975118362281548, {"__complex__": [77802.453125, -2.8228055887563283e-16]}, 824820], [0.3025125080826814, {"__complex__": [77233.5546875, 1.0241071965810616e-15]}, 852562], [0.30751063191170563, {"__complex__": [77248.453125, 1.0578739532651174e-15]}, 880372], [0.3125111278203564, {"__complex__": [77169.390625, 1.7897225957914497e-15]}, 910652], [0.31751269361539736, {"__complex__": [77254.2578125, 1.84418024979456e-15]}, 938996], [0.3225130904459611, {"__complex__": [77197.0703125, -1.621296341097918e-15]}, 969352], [0.32751158760760724, {"__complex__": [77041.5, 1.5304856211854293e-15]}, 998344], [0.3325089848249692, {"__complex__": [77269.59375, 1.4129142717329802e-15]}, 1029922], [0.33751027924368393, {"__complex__": [77210.03125, 6.372093336922541e-16]}, 1061918], [0.34251253316973607, {"__complex__": [77058.640625, -5.324170181137979e-17]}, 1093272], [0.34751415893089227, {"__complex__": [76989.0234375, -1.034376200517099e-15]}, 1125464], [0.352514235068077, {"__complex__": [76683.25, -3.017556727478017e-16]}, 1157380], [0.357512374484406, {"__complex__": [76609.984375, 9.292316714338178e-16]}, 1190172], [0.3625118834929162, {"__complex__": [76783.296875, 1.1407208694075213e-15]}, 1224650], [0.3675116774700016, {"__complex__": [76959.296875, -6.478500262734586e-16]}, 1257864], [0.3725098709245497, {"__complex__": [76764.03125, 7.206638900951945e-16]}, 1292312], [0.37751067052804127, {"__complex__": [76627.9296875, -2.453553327982959e-15]}, 1328534], [0.3825116981355865, {"__complex__": [76646.5234375, -5.552340144525749e-16]}, 1362848], [0.3875116125361288, {"__complex__": [76859.1875, -6.448085956576644e-16]}, 1399204], [0.3925104655048909, {"__complex__": [76514.9140625, -3.6521154303805164e-16]}, 1434426], 