{"edges": {"__dtype__": "<f8", "__shape__": [128], "__data__": [0.0, 0.005, 0.01, 0.015, 0.02, 0.025, 0.03, 0.035, 0.04, 0.045, 0.05, 0.055, 0.06, 0.065, 0.07, 0.075, 0.08, 0.085, 0.09, 0.095, 0.1, 0.105, 0.11, 0.115, 0.12, 0.125, 0.13, 0.135, 0.14, 0.145, 0.15, 0.155, 0.16, 0.165, 0.17, 0.17500000000000002, 0.18, 0.185, 0.19, 0.195, 0.2, 0.20500000000000002, 0.21, 0.215, 0.22, 0.225, 0.23, 0.23500000000000001, 0.24, 0.245, 0.25, 0.255, 0.26, 0.265, 0.27, 0.275, 0.28, 0.28500000000000003, 0.29, 0.295, 0.3, 0.305, 0.31, 0.315, 0.32, 0.325, 0.33, 0.335, 0.34, 0.34500000000000003, 0.35000000000000003, 0.355, 0.36, 0.365, 0.37, 0.375, 0.38, 0.385, 0.39, 0.395, 0.4, 0.405, 0.41000000000000003, 0.41500000000000004, 0.42, 0.425, 0.43, 0.435, 0.44, 0.445, 0.45, 0.455, 0.46, 0.465, 0.47000000000000003, 0.47500000000000003, 0.48, 0.485, 0.49, 0.495, 0.5, 0.505, 0.51, 0.515, 0.52, 0.525, 0.53, 0.535, 0.54, 0.545, 0.55, 0.555, 0.56, 0.5650000000000001, 0.5700000000000001, 0.5750000000000001, 0.58, 0.585, 0.59, 0.595, 0.6, 0.605, 0.61, 0.615, 0.62, 0.625, 0.63, 0.635]}, "poles": {"__dtype__": [["k", "<f8"], ["power_0", "<c8"], ["modes", "<i8"]], "__shape__": [127], "__data__": [[0.0037537781648676505, {"__complex__": [90667.5625, 4.2724843303011684e-14]}, 77], [0.008050398333474014, {"__complex__": [113396.9765625, 1.745238204170843e-14]}, 548], [0.012848609532355457, {"__complex__": [102240.2109375, -3.257934354694743e-14]}, 1480], [0.017751579213119567, {"__complex__": [102548.5859375, -6.07622879420476e-14]}, 2872], [0.022691827324042853, {"__complex__": [106078.140625, 1.4474907072113165e-14]}, 4736], [0.027648005536595924, {"__complex__": [102661.015625, 2.8862012402979843e-15]}, 7036], [0.032612636555868525, {"__complex__": [100571.9296875, -7.712111317940105e-15]}, 9838], [0.03761114292794433, {"__complex__": [99448.6796875, 1.3678270044121654e-14]}, 13208], [0.04261303922036164, {"__complex__": [96898.640625, -4.487835087953933e-15]}, 16858], [0.04760505554480107, {"__complex__": [92476.3359375, -4.842257813524129e-15]}, 21080], [0.05259133615803475, {"__complex__": [89085.59375, -4.3868107388843336e-15]}, 25624], [0.05756841184374016, {"__complex__": [89533.1640625, 1.2280957060485913e-15]}, 30728], [0.06256248327880025, {"__complex__": [89882.171875, 1.7447213234906048e-15]}, 36498], [0.06756661487904435, {"__complex__": [87895.875, -9.878395751202374e-16]}, 42528], [0.07257304507008182, {"__complex__": [89447.84375, -6.319994987314889e-16]}, 49152], [0.07756473030387098, {"__complex__": [85728.1015625, -2.1640426546882413e-16]}, 55744], [0.08254764044823601, {"__complex__": [82513.984375, 2.1042815685836942e-16]}, 63346], [0.08754405971893497, {"__complex__": [83504.078125, -5.82514086947439e-17]}, 71388], [0.09254365223263855, {"__complex__": [83035.7890625, -6.075006059793752e-16]}, 79762], [0.09754150838846357, {"__complex__": [81929.3671875, 6.956882766124542e-17]}, 88564], [0.10254123052801507, {"__complex__": [80196.09375, -2.8431534377317447e-16]}, 97988], [0.10754181638082774, {"__complex__": [79744.375, -4.505707059624525e-16]}, 107708], [0.11254085353408888, {"__complex__": [78828.21875, 5.573403736341596e-16]}, 117952], [0.11753281793039293, {"__complex__": [78797.8046875, 4.2744554844955255e-17]}, 128288], [0.12252442444514552, {"__complex__": [79343.1953125, 8.327792885761418e-16]}, 139770], [0.12753052839909865, {"__complex__": [78506.2734375, -3.7583921248769215e-16]}, 151946], [0.13253665927256145, {"__complex__": [77790.7734375, 2.0806076594524265e-16]}, 163582], [0.13753197887556465, {"__complex__": [77290.1484375, 4.172025576894186e-16]}, 175940], [0.1425260716253757, {"__complex__": [76576.7265625, -3.716825306479397e-16]}, 189064], [0.14752506711896965, {"__complex__": [78015.6171875, -2.2814901255721544e-16]}, 202824], [0.1525272624752809, {"__complex__": [77089.0, -6.896137798312199e-16]}, 216806], [0.15752484634575162, {"__complex__": [76338.421875, 1.1370173237247702e-16]}, 230876], [0.16252366735405163, {"__complex__": [75828.203125, 3.0993470229582804e-16]}, 246232], [0.1675242007800524, {"__complex__": [75818.03125, 1.2880201106932809e-15]}, 261330], [0.17252326579974073, {"__complex__": [75281.4375, 6.524498386935231e-16]}, 277280], [0.17752110470595878, {"__complex__": [75431.7734375, -4.951915545908618e-16]}, 293320], [0.1825207522633753, {"__complex__": [75560.875, -6.953094278919049e-17]}, 310574], [0.18752231962759572, {"__complex__": [75247.6484375, -1.213558264863323e-16]}, 327560], [0.19252167162300435, {"__complex__": [74728.7578125, 6.213760644465847e-16]}, 345268], [0.19752225984779248, {"__complex__": [74905.046875, 4.640933884420204e-17]}, 363544], [0.20251992290984697, {"__complex__": [74863.4609375, 2.626672727539431e-16]}, 381660], [0.20751551078768798, {"__complex__": [75049.7890625, -4.113918322619153e-16]}, 400854], [0.21251512379553542, {"__complex__": [74477.390625, -2.5355097478000027e-16]}, 421010], [0.21751870975885984, {"__complex__": [74945.2890625, -4.1648715895612354e-16]}, 441160], [0.2225209082741387, {"__complex__": [74221.96875, 3.443921084692514e-16]}, 461296], [0.22752039891934017, {"__complex__": [74425.1015625, 1.8129952760035148e-16]}, 482192], [0.23252118259031918, {"__complex__": [74638.7109375, -3.7473034048061786e-16]}, 503860], [0.23751936566507853, {"__complex__": [75233.265625, -3.354961714104927e-16]}, 525024], [0.24251707186595864, {"__complex__": [74524.9453125, 6.859193397526519e-16]}, 547954], [0.24751627666670906, {"__complex__": [74029.3828125, -1.466229781216057e-16]}, 570544], [0.2525167544702008, {"__complex__": [74310.3828125, -2.2097169211354593e-16]}, 594374], [0.25751857595461863, {"__complex__": [74544.0, -3.1473626737601665e-17]}, 617900], [0.2625190906945416, {"__complex__": [74187.4921875, -2.927129872309312e-16]}, 642106], [0.2675172479110602, {"__complex__": [73698.984375, -1.6164729119797785e-16]}, 666112], [0.272514629608296, {"__complex__": [73766.75, 3.340660886279518e-16]}, 691786], [0.27751615229387816, {"__complex__": [73944.21875, -3.6498398234281585e-17]}, 717996], [0.28251644607381426, {"__complex__": [73707.0703125, 1.2395740877448508e-16]}, 743152], [0.2875152531419474, {"__complex__": [74237.890625, -2.2571866327330604e-16]}, 770192], [0.2925134012698469, {"__complex__": [74369.703125, -1.5495029137496072e-16]}, 796430], [0.2975118362281548, {"__complex__": [74257.03125, 2.1351299791271038e-16]}, 824820], [0.3025125080826814, {"__complex__": [73679.546875, -1.3448179314411976e-16]}, 852562], [0.30751063191170563, {"__complex__": [73914.5234375, 9.937316421804567e-17]}, 880372], [0.3125111278203564, {"__complex__": [73881.0390625, -1.2692443283981888e-16]}, 910652], [0.31751269361539736, {"__complex__": [73553.703125, -1.9440360375040834e-16]}, 938996], [0.3225130904459611, {"__complex__": [73082.3359375, -5.320973624378829e-17]}, 969352], [0.32751158760760724, {"__complex__": [73455.109375, 5.992449067147325e-17]}, 998344], [0.3325089848249692, {"__complex__": [73819.640625, 3.8604095671376174e-16]}, 1029922], [0.33751027924368393, {"__complex__": [73519.8828125, -6.603462239349625e-17]}, 1061918], [0.34251253316973607, {"__complex__": [73348.6640625, -6.371805345720474e-17]}, 1093272], [0.34751415893089227, {"__complex__": [73350.7109375, -6.734786095143034e-17]}, 1125464], [0.352514235068077, {"__complex__": [73407.4140625, -1.997798542155294e-16]}, 1157380], [0.357512374484406, {"__complex__": [73406.171875, -9.759679716131049e-17]}, 1190172], [0.3625118834929162, {"__complex__": [73439.3828125, -7.348277500460543e-17]}, 1224650], [0.3675116774700016, {"__complex__": [73552.7109375, 1.217910426025434e-16]}, 1257864], [0.3725098709245497, {"__complex__": [73294.171875, -1.2627782906370863e-16]}, 1292312], [0.37751067052804127, {"__complex__": [73349.984375, -3.3470467206084275e-17]}, 1328534], [0.3825116981355865, {"__complex__": [73272.78125, 2.033850779019499e-16]}, 1362848], [0.3875116125361288, {"__complex__": [73372.0234375, 