{"poles": {"dims": ["k"], "edges": [{"__dtype__": "<f8", "__shape__": [94], "__data__": [0.0, 0.005, 0.01, 0.015, 0.02, 0.025, 0.03, 0.035, 0.04, 0.045, 0.05, 0.055, 0.06, 0.065, 0.07, 0.075, 0.08, 0.085, 0.09, 0.095, 0.1, 0.105, 0.11, 0.115, 0.12, 0.125, 0.13, 0.135, 0.14, 0.145, 0.15, 0.155, 0.16, 0.165, 0.17, 0.17500000000000002, 0.18, 0.185, 0.19, 0.195, 0.2, 0.20500000000000002, 0.21, 0.215, 0.22, 0.225, 0.23, 0.23500000000000001, 0.24, 0.245, 0.25, 0.255, 0.26, 0.265, 0.27, 0.275, 0.28, 0.28500000000000003, 0.29, 0.295, 0.3, 0.305, 0.31, 0.315, 0.32, 0.325, 0.33, 0.335, 0.34, 0.34500000000000003, 0.35000000000000003, 0.355, 0.36, 0.365, 0.37, 0.375, 0.38, 0.385, 0.39, 0.395, 0.4, 0.405, 0.41000000000000003, 0.41500000000000004, 0.42, 0.425, 0.43, 0.435, 0.44, 0.445, 0.45, 0.455, 0.46, 0.465]}], "coords": [{"__dtype__": "<f8", "__shape__": [93], "__data__": [0.0025, 0.0075, 0.0125, 0.0175, 0.0225, 0.0275, 0.0325, 0.037500000000000006, 0.042499999999999996, 0.0475, 0.052500000000000005, 0.057499999999999996, 0.0625, 0.0675, 0.07250000000000001, 0.0775, 0.0825, 0.0875, 0.0925, 0.0975, 0.10250000000000001, 0.1075, 0.1125, 0.1175, 0.1225, 0.1275, 0.1325, 0.1375, 0.14250000000000002, 0.1475, 0.1525, 0.1575, 0.1625, 0.1675, 0.17250000000000001, 0.1775, 0.1825, 0.1875, 0.1925, 0.1975, 0.2025, 0.20750000000000002, 0.2125, 0.2175, 0.2225, 0.2275, 0.2325, 0.2375, 0.2425, 0.2475, 0.2525, 0.2575, 0.2625, 0.2675, 0.2725, 0.2775, 0.28250000000000003, 0.2875, 0.2925, 0.2975, 0.3025, 0.3075, 0.3125, 0.3175, 0.3225, 0.3275, 0.3325, 0.3375, 0.3425, 0.34750000000000003, 0.35250000000000004, 0.3575, 0.3625, 0.3675, 0.3725, 0.3775, 0.3825, 0.3875, 0.3925, 0.3975, 0.4025, 0.40750000000000003, 0.41250000000000003, 0.4175, 0.4225, 0.4275, 0.4325, 0.4375, 0.4425, 0.4475, 0.4525, 0.4575, 0.4625]}], "data": {"__dtype__": [["k", "<f8"], ["power_2", "<c8"], ["modes", "<i8"]], "__shape__": [93], "__data__": [[0.0037081367915242675, {"__complex__": [-38127.08984375, 0.0]}, 191], [0.008018577791264523, {"__complex__": [50371.25390625, -5.272432880912281e-13]}, 1380], [0.012844085612331841, {"__complex__": [2899.671875, -1.5439697589013368e-13]}, 3770], [0.01775141230162106, {"__complex__": [13500.7333984375, 0.0]}, 7256], [0.022691010615224643, {"__complex__": [4221.39111328125, 1.938639814002066e-13]}, 12010], [0.027661296094027222, {"__complex__": [-369.5931091308594, -2.5979764265446695e-14]}, 17924], [0.03263163473973046, {"__complex__": [15752.755859375, 2.8040624225236614e-14]}, 24910], [0.03760885918999335, {"__complex__": [9648.56640625, 5.603625744844687e-14]}, 33240], [0.04258994605322728, {"__complex__": [7965.6689453125, 1.3674684553655926e-14]}, 42566], [0.047583805693835864, {"__complex__": [15230.9912109375, -2.938791313707341e-14]}, 53478], [0.052589415944125126, {"__complex__": [7052.47119140625, -2.497493755044839e-14]}, 65258], [0.057576993125266096, {"__complex__": [3720.44677734375, -1.7958860310321456e-14]}, 77788], [0.0625679362273907, {"__complex__": [4786.03271484375, 5.037552694458396e-15]}, 92438], [0.06756372941029527, {"__complex__": [4428.53076171875, -1.5173485636899887e-14]}, 107412], [0.07255867544245412, {"__complex__": [7047.6015625, 2.811013725460246e-15]}, 124242], [0.07755343255815964, {"__complex__": [6542.470703125, -9.867935529578493e-15]}, 141568], [0.08254944316463679, {"__complex__": [3591.185302734375, -5.0651223463421026e-15]}, 160886], [0.0875469705282893, {"__complex__": [2186.829833984375, -2.7726530855867564e-14]}, 180544], [0.09254207143002044, {"__complex__": [1029.9520263671875, 1.152604148734436e-14]}, 202004], [0.09754200795670145, {"__complex__": [1447.4022216796875, 4.147728066225282e-15]}, 224538], [0.10254171329034444, {"__complex__": [3363.603515625, 3.75475771825849e-15]}, 248038], [0.10754099109209159, {"__complex__": [2179.193115234375, 1.5358447139394125e-14]}, 272876], [0.11253870054955198, {"__complex__": [261.43084716796875, 1.822681071285588e-14]}, 298594], [0.11753608765430268, {"__complex__": [1101.1317138671875, -3.9291368146262065e-15]}, 325916], [0.12253572907412832, {"__complex__": [-100.38607025146484, -1.9712811434200936e-15]}, 354334], [0.1275331697481456, {"__complex__": [1213.623046875, 1.5181016818592162e-15]}, 383424], [0.13252928315027618, {"__complex__": [967.4196166992188, 6.744966981182777e-15]}, 414230], [0.13752809598823948, {"__complex__": [-840.3901977539062, 1.1475399928526867e-14]}, 446370], [0.1425292748907053, {"__complex__": [762.9570922851562, 3.8840873673264865e-15]}, 479558], [0.14752984329410787, {"__complex__": [423.8275451660156, 0.0]}, 513532], [0.15252898535896237, {"__complex__": [-806.2088623046875, -5.089843426424193e-15]}, 548930], [0.15752847498756622, {"__complex__": [-638.9573364257812, 1.5905145285199864e-15]}, 585548], [0.16252705956276423, {"__complex__": [-561.2213745117188, 7.4733711642291e-16]}, 623094], [0.16752723347134682, {"__complex__": [838.0060424804688, 1.4055153330595955e-15]}, 662620], [0.17252557298757182, {"__complex__": [2019.90283203125, -7.963719913823154e-15]}, 701674], [0.1775232051718564, {"__complex__": [934.72314453125, 4.382611996564794e-15]}, 743764], [0.1825215844754662, {"__complex__": [583.8721313476562, 5.92730956005573e-15]}, 785620], [0.18752064712987349, {"__complex__": [1029.055419921875, -3.085335509823918e-15]}, 830100], [0.19252067437217257, {"__complex__": [430.1043701171875, -3.461500512358948e-15]}, 874418], [0.19751987908784707, {"__complex__": [1127.0086669921875, 1.0115572387971866e-15]}, 920682], [0.20251936794243589, {"__complex__": [2165.746826171875, 8.661514126100719e-15]}, 967718], [0.20751955964231095, {"__complex__": [1128.9599609375, 2.290359884018887e-16]}, 1016568], [0.2125192859071403, {"__complex__": [860.3372192382812, -6.992711836276925e-15]}, 1065478], [0.21751870204394746, {"__complex__": [212.46841430664062, 5.003972073264499e-15]}, 1116700], [0.22251763655620238, {"__complex__": [-643.5581665039062, 5.183202127321141e-15]}, 1167926], [0.2275173612096972, {"__complex__": [-663.1035766601562, 7.621085769296369e-16]}, 1222034], [0.23251753944930767, {"__complex__": [-1595.12646484375, -1.0221685287472096e-14]}, 1275574], [0.237518608068736, {"__complex__": [173.125732421875, 8.738393562780818e-17]}, 1332228], [0.24251933382685822, {"__complex__": [55.877620697021484, 3.3559384489722296e-16]}, 1387574], [0.2475188275283454, {"__complex__": [-396.07989501953125, 6.440663830376329e-16]}, 1446004], [0.2525176353551358, {"__complex__": [117.15015411376953, 3.4057627798142996e-15]}, 1504002], [0.25751592740199597, {"__complex__": [-318.8877868652344, 4.0174306820150475e-15]}, 1564788], [0.2625152321376914, {"__complex__": [601.1709594726562, 3.579555941140753e-17]}, 1626114], [0.2675142035428968, {"__complex__": [-769.7801513671875, -5.515732439336602e-16]}, 1688484], [0.27251407722071946, {"__complex__": [508.1170349121094, -6.375573795302809e-15]}, 1752920], [0.277514999580621, {"__complex__": [454.1698913574219, -1.2807726850383363e-15]}, 1817892], [0.28251513318998955, {"__complex__": [555.0882568359375, 0.0]}, 1883346], [0.2875150555774266, {"__complex__": [1168.0823974609375, 1.909328306624967e-15]}, 1951100], [0.2925143032383768, {"__complex__": [195.40902709960938, -2.6530041760729293e-15]}, 2018506], [0.2975129983065177, {"__complex__": [148.56744384765625, -8.917989561540453e-16]}, 2088638], [0.30251265006104155, {"__complex__": [1681.8878173828125, 3.341934612073952e-15]}, 2159752], [0.3075131135075962, {"__complex__": [752.8079833984375, -4.1724985918556684e-16]}, 2232050], [0.31251255553945134, {"__complex__": [402.7658996582031, 2.677900803733338e-15]}, 2304048], [0.3175120364779517, {"__complex__": [795.9100952148438, 1.125233824879042e-15]}, 2379552], [0.3225126598898453, {"__complex__": [-128.193359375, -5.690417632235633e-16]}, 2454976], [0.3275133985704822, {"__complex__": [-242.38330078125, 1.3793360857588068e-15]}, 2531986], [0.33251410375899365, {"__complex__": [-95.7409439086914, 