{"edges": {"__dtype__": "<f8", "__shape__": [116], "__data__": [0.0, 0.005, 0.01, 0.015, 0.02, 0.025, 0.03, 0.035, 0.04, 0.045, 0.05, 0.055, 0.06, 0.065, 0.07, 0.075, 0.08, 0.085, 0.09, 0.095, 0.1, 0.105, 0.11, 0.115, 0.12, 0.125, 0.13, 0.135, 0.14, 0.145, 0.15, 0.155, 0.16, 0.165, 0.17, 0.17500000000000002, 0.18, 0.185, 0.19, 0.195, 0.2, 0.20500000000000002, 0.21, 0.215, 0.22, 0.225, 0.23, 0.23500000000000001, 0.24, 0.245, 0.25, 0.255, 0.26, 0.265, 0.27, 0.275, 0.28, 0.28500000000000003, 0.29, 0.295, 0.3, 0.305, 0.31, 0.315, 0.32, 0.325, 0.33, 0.335, 0.34, 0.34500000000000003, 0.35000000000000003, 0.355, 0.36, 0.365, 0.37, 0.375, 0.38, 0.385, 0.39, 0.395, 0.4, 0.405, 0.41000000000000003, 0.41500000000000004, 0.42, 0.425, 0.43, 0.435, 0.44, 0.445, 0.45, 0.455, 0.46, 0.465, 0.47000000000000003, 0.47500000000000003, 0.48, 0.485, 0.49, 0.495, 0.5, 0.505, 0.51, 0.515, 0.52, 0.525, 0.53, 0.535, 0.54, 0.545, 0.55, 0.555, 0.56, 0.5650000000000001, 0.5700000000000001, 0.5750000000000001]}, "poles": {"__dtype__": [["k", "<f8"], ["power_2", "<c8"], ["modes", "<i8"]], "__shape__": [115], "__data__": [[0.0037054420134658554, {"__complex__": [-21772.189453125, 1.4025941866280256e-12]}, 83], [0.008002706039259398, {"__complex__": [-7415.185546875, 5.859831391820391e-13]}, 596], [0.012849701484846114, {"__complex__": [-20803.978515625, 4.944825473564285e-13]}, 1648], [0.0177641384261076, {"__complex__": [18682.501953125, 4.4264380572381357e-13]}, 3156], [0.022684229681789413, {"__complex__": [14154.412109375, -4.4982734984794215e-14]}, 5176], [0.027646384376179004, {"__complex__": [10494.4619140625, 2.9834784003122256e-14]}, 7804], [0.032636129245414154, {"__complex__": [9364.068359375, -8.02938106086136e-14]}, 10874], [0.037622935176432226, {"__complex__": [10719.1884765625, -8.866975350577816e-14]}, 14442], [0.0426065943302704, {"__complex__": [-1929.03369140625, 2.5111157389025827e-14]}, 18544], [0.047584168879418735, {"__complex__": [5119.0166015625, 1.5158245820112888e-14]}, 23040], [0.052572163944886785, {"__complex__": [10682.49609375, -2.462426591028511e-14]}, 28366], [0.05756591012932392, {"__complex__": [13788.224609375, -5.507851390685464e-14]}, 33818], [0.06255885577973451, {"__complex__": [7787.3046875, -3.7712414029285324e-14]}, 40130], [0.06756290621144688, {"__complex__": [4774.396484375, 4.9709775988701025e-15]}, 46838], [0.07256050504780319, {"__complex__": [4376.5, 1.7302467374439787e-14]}, 53826], [0.0775516441986681, {"__complex__": [2978.160888671875, -3.7807003892571106e-14]}, 61584], [0.08254999402587553, {"__complex__": [6512.0869140625, 6.665253557549622e-15]}, 69864], [0.08754547074829418, {"__complex__": [3254.581787109375, 5.93925441867791e-15]}, 78404], [0.09254370656486871, {"__complex__": [624.3021850585938, -1.0926104144430137e-14]}, 87902], [0.09754153604884025, {"__complex__": [-168.79742431640625, 5.981673087522576e-16]}, 97310], [0.10253422913940137, {"__complex__": [-1015.4314575195312, -1.7292186088526014e-14]}, 107716], [0.1075359850070505, {"__complex__": [-1058.326171875, -1.5698124291902045e-14]}, 118654], [0.11253957840084304, {"__complex__": [165.20848083496094, -1.4337965561464668e-14]}, 129910], [0.11753653834673844, {"__complex__": [1159.0767822265625, 0.0]}, 141376], [0.12253336603812491, {"__complex__": [343.3428955078125, 2.1172196686277366e-14]}, 153958], [0.12753369323485178, {"__complex__": [880.6490478515625, -3.753238141151116e-15]}, 166718], [0.1325298054599073, {"__complex__": [121.51089477539062, 1.9423487002275495e-14]}, 179806], [0.13753126919241337, {"__complex__": [493.2242736816406, -1.1384951209320211e-14]}, 194282], [0.14252978867508304, {"__complex__": [-331.8211364746094, -1.5688339367295363e-14]}, 207774], [0.14752584639061916, {"__complex__": [990.1666259765625, -1.2513403230003228e-14]}, 223278], [0.1525273402624495, {"__complex__": [-100.44332122802734, 2.440613629164229e-15]}, 238496], [0.15752777994300757, {"__complex__": [-498.7420654296875, -3.2026978538966322e-15]}, 254444], [0.16252677921627748, {"__complex__": [573.3496704101562, 0.0]}, 270682], [0.16752582095517576, {"__complex__": [-164.64796447753906, -8.092546001804007e-15]}, 287710], [0.1725259295419247, {"__complex__": [-573.6572875976562, 6.102991393096323e-15]}, 305202], [0.17752572093623975, {"__complex__": [-32.306331634521484, -7.208200617948445e-16]}, 323008], [0.18252702152554795, {"__complex__": [1332.7225341796875, 0.0]}, 341812], [0.18752508561671835, {"__complex__": [-376.92303466796875, -2.5868633966283404e-15]}, 360020], [0.19252006361125312, {"__complex__": [-1248.5205078125, -4.905208878647595e-15]}, 379728], [0.19751626124600596, {"__complex__": [-198.29286193847656, 4.660574328535765e-15]}, 399660], [0.20251335405021748, {"__complex__": [1319.6146240234375, -4.431492997401419e-15]}, 420320], [0.20751594275294782, {"__complex__": [228.4844512939453, -4.740144603600834e-15]}, 442070], [0.21251689533718626, {"__complex__": [-670.40478515625, 5.032608986661746e-15]}, 462644], [0.21751895130525958, {"__complex__": [1685.0078125, -3.8340230614625475e-15]}, 485820], [0.22252064263763735, {"__complex__": [232.69979858398438, 1.1014964676860691e-14]}, 507304], [0.22751949683857262, {"__complex__": [200.08493041992188, 3.5092867231112466e-15]}, 530776], [0.23252062744923513, {"__complex__": [-61.32057189941406, 4.198747878193283e-16]}, 554524], [0.23751988845699762, {"__complex__": [-847.6491088867188, -1.6112623888047436e-15]}, 578008], [0.24251952417933192, {"__complex__": [-1183.6387939453125, 3.280544205155802e-15]}, 603272], [0.24751886354741093, {"__complex__": [-125.5430908203125, -7.41796515096242e-16]}, 627748], [0.2525158523431189, {"__complex__": [-693.70068359375, 2.8511154415568167e-15]}, 653304], [0.2575140585584922, {"__complex__": [-676.2368774414062, -5.821656599445859e-15]}, 679896], [0.2625126084722789, {"__complex__": [101.81031036376953, -4.534000077645187e-16]}, 706092], [0.26751303339828036, {"__complex__": [-205.33326721191406, -6.659026594837882e-15]}, 734258], [0.2725141980302592, {"__complex__": [144.80630493164062, -3.058771709565076e-15]}, 761190], [0.27751499291909654, {"__complex__": [144.41795349121094, 0.0]}, 789966], [0.2825156597003922, {"__complex__": [329.9642333984375, 0.0]}, 818248], [0.2875141801620819, {"__complex__": [-266.7117919921875, -1.2369636116107518e-15]}, 847024], [0.29251195304227423, {"__complex__": [-640.3846435546875, 5.840650889771563e-15]}, 877004], [0.2975142527009851, {"__complex__": [-1398.410400390625, 3.075018225009887e-15]}, 908602], [0.30251615798691667, {"__complex__": [-391.1888122558594, 9.930908617558588e-16]}, 937802], [0.30751506635382575, {"__complex__": [1078.878662109375, 3.3614610508487684e-15]}, 969706], [0.31251223811931306, {"__complex__": [550.4961547851562, 6.868806162686671e-15]}, 999956], [0.3175098816792195, {"__complex__": [-952.799560546875, 0.0]}, 1034060], [0.3225110492752749, {"__complex__": [-342.8940734863281, -2.620034053875766e-15]}, 1066386], [0.3275123331358606, {"__complex__": [-518.2576904296875, -1.6928859776130754e-15]}, 1100278], [0.3325123291547583, {"__complex__": [86.85411071777344, 3.801501231452719e-15]}, 1133070], [0.3375117534479973, {"__complex__": [-32.838523864746094, 1.1959638288318547e-15]}, 1168082], [0.3425129583700723, {"__complex__": [221.81394958496094, -3.096002831003402e-15]}, 1203258], [0.3475132726509487, {"__complex__": [-577.4264526367188, -2.6332052044473336e-15]}, 1237894], [0.35251300538197095, {"__complex__": [-277.7227478027344, -2.1928539509935042e-15]}, 1274124], [0.3575125695577228, {"__complex__": [-1048.09033203125, 2.8432077537194874e-15]}, 1310242], [0.36251151779301266, {"__complex__": [-449.1599426269531, -1.3828983886976032e-15]}, 1346914], [0.3675115630015573, {"__complex__": [-589.928466796875, -1.3445672890981491e-15]}, 1385312], [0.3725118957087531, {"__complex__": [-335.04541015625, -3.928774708041255e-15]}, 1422310], [0.37751124096797295, {"__complex__": [141.69989013671875, 