{"edges": {"__dtype__": "<f8", "__shape__": [128], "__data__": [0.0, 0.005, 0.01, 0.015, 0.02, 0.025, 0.03, 0.035, 0.04, 0.045, 0.05, 0.055, 0.06, 0.065, 0.07, 0.075, 0.08, 0.085, 0.09, 0.095, 0.1, 0.105, 0.11, 0.115, 0.12, 0.125, 0.13, 0.135, 0.14, 0.145, 0.15, 0.155, 0.16, 0.165, 0.17, 0.17500000000000002, 0.18, 0.185, 0.19, 0.195, 0.2, 0.20500000000000002, 0.21, 0.215, 0.22, 0.225, 0.23, 0.23500000000000001, 0.24, 0.245, 0.25, 0.255, 0.26, 0.265, 0.27, 0.275, 0.28, 0.28500000000000003, 0.29, 0.295, 0.3, 0.305, 0.31, 0.315, 0.32, 0.325, 0.33, 0.335, 0.34, 0.34500000000000003, 0.35000000000000003, 0.355, 0.36, 0.365, 0.37, 0.375, 0.38, 0.385, 0.39, 0.395, 0.4, 0.405, 0.41000000000000003, 0.41500000000000004, 0.42, 0.425, 0.43, 0.435, 0.44, 0.445, 0.45, 0.455, 0.46, 0.465, 0.47000000000000003, 0.47500000000000003, 0.48, 0.485, 0.49, 0.495, 0.5, 0.505, 0.51, 0.515, 0.52, 0.525, 0.53, 0.535, 0.54, 0.545, 0.55, 0.555, 0.56, 0.5650000000000001, 0.5700000000000001, 0.5750000000000001, 0.58, 0.585, 0.59, 0.595, 0.6, 0.605, 0.61, 0.615, 0.62, 0.625, 0.63, 0.635]}, "poles": {"__dtype__": [["k", "<f8"], ["power_0", "<c8"], ["modes", "<i8"]], "__shape__": [127], "__data__": [[0.0037537781648676505, {"__complex__": [142248.0, 3.750189178294838e-13]}, 77], [0.008050398333474014, {"__complex__": [121427.9609375, 9.460072563629782e-14]}, 548], [0.012848609532355457, {"__complex__": [114393.4453125, 3.7514736868186904e-14]}, 1480], [0.017751579213119567, {"__complex__": [106262.25, 4.295913600435401e-14]}, 2872], [0.022691827324042853, {"__complex__": [110763.171875, -3.997178124246197e-15]}, 4736], [0.027648005536595924, {"__complex__": [103148.8203125, -2.7468394388818263e-16]}, 7036], [0.032612636555868525, {"__complex__": [95395.109375, -2.795532186645924e-16]}, 9838], [0.03761114292794433, {"__complex__": [96569.0546875, 5.622529741458214e-15]}, 13208], [0.04261303922036164, {"__complex__": [95384.7109375, -2.657053840593752e-15]}, 16858], [0.04760505554480107, {"__complex__": [93080.140625, 5.170648040251648e-16]}, 21080], [0.05259133615803475, {"__complex__": [91914.8984375, 3.220513286117995e-15]}, 25624], [0.05756841184374016, {"__complex__": [90274.7578125, 9.711922013331382e-16]}, 30728], [0.06256248327880025, {"__complex__": [86912.875, -1.6759263663057946e-15]}, 36498], [0.06756661487904435, {"__complex__": [86164.65625, 2.6879258621805664e-15]}, 42528], [0.07257304507008182, {"__complex__": [85273.65625, 3.922245778083819e-15]}, 49152], [0.07756473030387098, {"__complex__": [87412.5390625, 3.3039012445554576e-16]}, 55744], [0.08254764044823601, {"__complex__": [85006.9296875, -1.785722906214515e-15]}, 63346], [0.08754405971893497, {"__complex__": [84079.8125, -5.035878745596385e-16]}, 71388], [0.09254365223263855, {"__complex__": [82393.6171875, -2.4550568114643356e-15]}, 79762], [0.09754150838846357, {"__complex__": [81730.7421875, 3.5453074874075053e-16]}, 88564], [0.10254123052801507, {"__complex__": [81936.96875, -1.6144529501588138e-15]}, 97988], [0.10754181638082774, {"__complex__": [80096.4765625, -2.408541097193359e-16]}, 107708], [0.11254085353408888, {"__complex__": [78950.2578125, 5.38669755773425e-16]}, 117952], [0.11753281793039293, {"__complex__": [79663.15625, 8.176159694521913e-16]}, 128288], [0.12252442444514552, {"__complex__": [78997.6875, 4.822865311834097e-16]}, 139770], [0.12753052839909865, {"__complex__": [77210.359375, -3.747340727195417e-16]}, 151946], [0.13253665927256145, {"__complex__": [78360.2734375, 1.019318588457988e-16]}, 163582], [0.13753197887556465, {"__complex__": [78000.765625, -7.389944771671656e-16]}, 175940], [0.1425260716253757, {"__complex__": [77209.53125, -6.29284546377302e-16]}, 189064], [0.14752506711896965, {"__complex__": [76356.4765625, 4.676835772936272e-16]}, 202824], [0.1525272624752809, {"__complex__": [76586.3125, 3.48813408695682e-16]}, 216806], [0.15752484634575162, {"__complex__": [76008.234375, 2.1014970801184937e-16]}, 230876], [0.16252366735405163, {"__complex__": [76361.28125, 5.740252286291748e-16]}, 246232], [0.1675242007800524, {"__complex__": [76098.390625, -2.4136783520184565e-16]}, 261330], [0.17252326579974073, {"__complex__": [75835.2578125, -1.106540972403442e-15]}, 277280], [0.17752110470595878, {"__complex__": [75400.6015625, 4.3675837791959306e-16]}, 293320], [0.1825207522633753, {"__complex__": [76096.875, -7.194676016409856e-17]}, 310574], [0.18752231962759572, {"__complex__": [75453.9765625, 2.6149690483140916e-17]}, 327560], [0.19252167162300435, {"__complex__": [74886.453125, 1.69651884898429e-16]}, 345268], [0.19752225984779248, {"__complex__": [75134.234375, 4.1073587141871585e-17]}, 363544], [0.20251992290984697, {"__complex__": [75363.453125, 5.243036005319593e-16]}, 381660], [0.20751551078768798, {"__complex__": [75332.09375, -1.1455248763248781e-17]}, 400854], [0.21251512379553542, {"__complex__": [75096.3046875, 1.3909260375760874e-16]}, 421010], [0.21751870975885984, {"__complex__": [75105.5546875, 3.8672874746693224e-16]}, 441160], [0.2225209082741387, {"__complex__": [74413.4140625, 1.409747506710772e-16]}, 461296], [0.22752039891934017, {"__complex__": [74580.890625, -3.664321704546043e-16]}, 482192], [0.23252118259031918, {"__complex__": [75008.3125, -6.129252829062775e-17]}, 503860], [0.23751936566507853, {"__complex__": [74676.5859375, -3.5786752915734044e-16]}, 525024], [0.24251707186595864, {"__complex__": [74030.5703125, -4.079706926577348e-16]}, 547954], [0.24751627666670906, {"__complex__": [73833.7109375, 1.99951603380475e-16]}, 570544], [0.2525167544702008, {"__complex__": [74174.0703125, -1.541058524661074e-16]}, 594374], [0.25751857595461863, {"__complex__": [74465.984375, -1.9388565633805214e-16]}, 617900], [0.2625190906945416, {"__complex__": [74185.3515625, -5.065903416598589e-16]}, 642106], [0.2675172479110602, {"__complex__": [73839.7734375, -1.2721882972854896e-16]}, 666112], [0.272514629608296, {"__complex__": [74086.2109375, -4.076388741180928e-17]}, 691786], [0.27751615229387816, {"__complex__": [73962.2421875, 1.3467977386065065e-16]}, 717996], [0.28251644607381426, {"__complex__": [73958.5703125, -1.7494134095623608e-16]}, 743152], [0.2875152531419474, {"__complex__": [73962.703125, -1.5863178773130353e-16]}, 770192], [0.2925134012698469, {"__complex__": [74073.9140625, -1.5639949857326383e-16]}, 796430], [0.2975118362281548, {"__complex__": [74114.1875, 9.433759305128826e-17]}, 824820], [0.3025125080826814, {"__complex__": [74229.609375, 4.1959132294957374e-16]}, 852562], [0.30751063191170563, {"__complex__": [73683.0, 3.8771775107708024e-17]}, 880372], [0.3125111278203564, {"__complex__": [73743.3125, -1.92406544906244e-17]}, 910652], [0.31751269361539736, {"__complex__": [73651.6484375, -2.333961235851047e-17]}, 938996], [0.3225130904459611, {"__complex__": [73433.1640625, -2.342757606833834e-16]}, 969352], [0.32751158760760724, {"__complex__": [73114.53125, -3.3787903390979665e-16]}, 998344], [0.3325089848249692, {"__complex__": [73494.5078125, -2.6930443764017057e-16]}, 1029922], [0.33751027924368393, {"__complex__": [73483.1953125, 8.48744284679999e-17]}, 1061918], [0.34251253316973607, {"__complex__": [73821.125, -2.1246798424892518e-16]}, 1093272], [0.34751415893089227, {"__complex__": [73531.9140625, -1.1286500940437758e-16]}, 1125464], [0.352514235068077, {"__complex__": [73409.4921875, -1.7010821066387245e-16]}, 1157380], [0.357512374484406, {"__complex__": [73452.5078125, -1.721055937628369e-16]}, 1190172], [0.3625118834929162, {"__complex__": [73604.2578125, 1.4211715988890684e-16]}, 1224650], [0.3675116774700016, {"__complex__": [73312.09375, 5.196087880729043e-17]}, 1257864], [0.3725098709245497, {"__complex__": [73347.7578125, 2.398712338631657e-16]}, 1292312], [0.37751067052804127, {"__complex__": [73553.90625, 6.32197532387579e-17]}, 1328534], [0.3825116981355865, {"__complex__": [73508.6875, 1.2389483421550667e-16]}, 1362848], [0.3875116125361288, {"__complex__": [73335.03125, -2.6270284813772777e-16]}, 1399204], 