{"edges": {"__dtype__": "<f8", "__shape__": [128], "__data__": [0.0, 0.005, 0.01, 0.015, 0.02, 0.025, 0.03, 0.035, 0.04, 0.045, 0.05, 0.055, 0.06, 0.065, 0.07, 0.075, 0.08, 0.085, 0.09, 0.095, 0.1, 0.105, 0.11, 0.115, 0.12, 0.125, 0.13, 0.135, 0.14, 0.145, 0.15, 0.155, 0.16, 0.165, 0.17, 0.17500000000000002, 0.18, 0.185, 0.19, 0.195, 0.2, 0.20500000000000002, 0.21, 0.215, 0.22, 0.225, 0.23, 0.23500000000000001, 0.24, 0.245, 0.25, 0.255, 0.26, 0.265, 0.27, 0.275, 0.28, 0.28500000000000003, 0.29, 0.295, 0.3, 0.305, 0.31, 0.315, 0.32, 0.325, 0.33, 0.335, 0.34, 0.34500000000000003, 0.35000000000000003, 0.355, 0.36, 0.365, 0.37, 0.375, 0.38, 0.385, 0.39, 0.395, 0.4, 0.405, 0.41000000000000003, 0.41500000000000004, 0.42, 0.425, 0.43, 0.435, 0.44, 0.445, 0.45, 0.455, 0.46, 0.465, 0.47000000000000003, 0.47500000000000003, 0.48, 0.485, 0.49, 0.495, 0.5, 0.505, 0.51, 0.515, 0.52, 0.525, 0.53, 0.535, 0.54, 0.545, 0.55, 0.555, 0.56, 0.5650000000000001, 0.5700000000000001, 0.5750000000000001, 0.58, 0.585, 0.59, 0.595, 0.6, 0.605, 0.61, 0.615, 0.62, 0.625, 0.63, 0.635]}, "poles": {"__dtype__": [["k", "<f8"], ["power_0", "<c8"], ["modes", "<i8"]], "__shape__": [127], "__data__": [[0.0037537781648676505, {"__complex__": [99807.1875, -2.0788451255554508e-12]}, 77], [0.008050398333474014, {"__complex__": [100583.5625, -2.788231884959247e-13]}, 548], [0.012848609532355457, {"__complex__": [126116.953125, 2.261446238605025e-13]}, 1480], [0.017751579213119567, {"__complex__": [121222.140625, -4.0534582119869725e-14]}, 2872], [0.022691827324042853, {"__complex__": [118802.375, 1.4441300531711082e-13]}, 4736], [0.027648005536595924, {"__complex__": [114348.078125, 4.136417211764122e-15]}, 7036], [0.032612636555868525, {"__complex__": [103142.5078125, -3.549969292051397e-14]}, 9838], [0.03761114292794433, {"__complex__": [104738.96875, -7.051200308317782e-14]}, 13208], [0.04261303922036164, {"__complex__": [96578.2109375, -1.381128471002668e-14]}, 16858], [0.04760505554480107, {"__complex__": [97398.0859375, 2.7612742143799315e-14]}, 21080], [0.05259133615803475, {"__complex__": [95538.046875, -2.7259285459305463e-14]}, 25624], [0.05756841184374016, {"__complex__": [94717.171875, 7.577149323289342e-15]}, 30728], [0.06256248327880025, {"__complex__": [95421.90625, 3.189635547058787e-15]}, 36498], [0.06756661487904435, {"__complex__": [94532.8203125, 1.9161664036081508e-14]}, 42528], [0.07257304507008182, {"__complex__": [91306.4453125, 1.0658141036401503e-14]}, 49152], [0.07756473030387098, {"__complex__": [90154.671875, 3.915735059334749e-15]}, 55744], [0.08254764044823601, {"__complex__": [88129.671875, 2.9404304918668675e-14]}, 63346], [0.08754405971893497, {"__complex__": [89178.1875, 2.2422685825868992e-15]}, 71388], [0.09254365223263855, {"__complex__": [87867.9140625, -2.1893004360215356e-15]}, 79762], [0.09754150838846357, {"__complex__": [86952.0, 4.600668770374152e-15]}, 88564], [0.10254123052801507, {"__complex__": [86197.6953125, 8.910426616112656e-15]}, 97988], [0.10754181638082774, {"__complex__": [83680.8046875, -4.863788544010386e-15]}, 107708], [0.11254085353408888, {"__complex__": [83533.0625, -6.908803905488967e-15]}, 117952], [0.11753281793039293, {"__complex__": [85133.0, 4.537264542623905e-15]}, 128288], [0.12252442444514552, {"__complex__": [83808.5, 7.287930770482308e-16]}, 139770], [0.12753052839909865, {"__complex__": [83097.40625, 1.4557086208655777e-14]}, 151946], [0.13253665927256145, {"__complex__": [83810.6328125, 4.625812096380449e-15]}, 163582], [0.13753197887556465, {"__complex__": [81813.390625, -1.323352501901218e-15]}, 175940], [0.1425260716253757, {"__complex__": [82005.46875, 7.696819514505968e-16]}, 189064], [0.14752506711896965, {"__complex__": [82219.234375, 3.443832675628644e-15]}, 202824], [0.1525272624752809, {"__complex__": [81793.3046875, -1.0739123103631408e-15]}, 216806], [0.15752484634575162, {"__complex__": [82920.078125, 1.0084662038144189e-15]}, 230876], [0.16252366735405163, {"__complex__": [81550.203125, -5.200658629331105e-15]}, 246232], [0.1675242007800524, {"__complex__": [80704.3046875, 1.7818898703699524e-15]}, 261330], [0.17252326579974073, {"__complex__": [80984.0546875, 2.519085090738472e-15]}, 277280], [0.17752110470595878, {"__complex__": [80928.2890625, -3.9688845768299434e-16]}, 293320], [0.1825207522633753, {"__complex__": [80610.4609375, 5.622588822006285e-16]}, 310574], [0.18752231962759572, {"__complex__": [80864.9453125, 3.5540152508030756e-16]}, 327560], [0.19252167162300435, {"__complex__": [81379.6015625, 3.0345641432072586e-15]}, 345268], [0.19752225984779248, {"__complex__": [81222.6953125, -2.882011180066154e-15]}, 363544], [0.20251992290984697, {"__complex__": [80431.28125, 0.0]}, 381660], [0.20751551078768798, {"__complex__": [80626.7890625, 1.6699050208420006e-15]}, 400854], [0.21251512379553542, {"__complex__": [80626.3984375, -2.4886293858452334e-15]}, 421010], [0.21751870975885984, {"__complex__": [79604.40625, -9.89567204695281e-16]}, 441160], [0.2225209082741387, {"__complex__": [79715.4921875, 2.3974748764352778e-15]}, 461296], [0.22752039891934017, {"__complex__": [80423.828125, -9.657176156367968e-16]}, 482192], [0.23252118259031918, {"__complex__": [79757.3984375, -6.931408779631461e-16]}, 503860], [0.23751936566507853, {"__complex__": [79754.59375, -5.321600111122442e-15]}, 525024], [0.24251707186595864, {"__complex__": [78682.4921875, -1.274727305014664e-15]}, 547954], [0.24751627666670906, {"__complex__": [78850.6796875, 1.0202133861225335e-15]}, 570544], [0.2525167544702008, {"__complex__": [79324.7265625, 7.834483014862881e-16]}, 594374], [0.25751857595461863, {"__complex__": [79712.875, 1.5072383784315614e-15]}, 617900], [0.2625190906945416, {"__complex__": [79480.0546875, 1.3824304029942452e-15]}, 642106], [0.2675172479110602, {"__complex__": [79337.9453125, -6.116893427222253e-16]}, 666112], [0.272514629608296, {"__complex__": [79070.28125, 7.57270218855802e-16]}, 691786], [0.27751615229387816, {"__complex__": [79364.328125, -1.621392373458313e-15]}, 717996], [0.28251644607381426, {"__complex__": [79338.9609375, -1.253205997769945e-15]}, 743152], [0.2875152531419474, {"__complex__": [78955.390625, 2.2672655307119985e-16]}, 770192], [0.2925134012698469, {"__complex__": [79267.4296875, -2.9234287618462845e-15]}, 796430], [0.2975118362281548, {"__complex__": [78877.4921875, -4.93990938327688e-16]}, 824820], [0.3025125080826814, {"__complex__": [78919.0234375, 2.526131134310207e-15]}, 852562], [0.30751063191170563, {"__complex__": [79045.984375, 0.0]}, 880372], [0.3125111278203564, {"__complex__": [79290.7109375, -1.27837335833612e-15]}, 910652], [0.31751269361539736, {"__complex__": [79081.21875, 1.4877421152054908e-15]}, 938996], [0.3225130904459611, {"__complex__": [79180.7421875, 0.0]}, 969352], [0.32751158760760724, {"__complex__": [78763.234375, -2.915210530554668e-16]}, 998344], [0.3325089848249692, {"__complex__": [78455.5078125, 1.1303314544440756e-16]}, 1029922], [0.33751027924368393, {"__complex__": [78854.203125, 2.466616852430666e-16]}, 1061918], [0.34251253316973607, {"__complex__": [78747.578125, 2.1296680724551916e-16]}, 1093272], [0.34751415893089227, {"__complex__": [78900.4140625, -4.137505013826633e-16]}, 1125464], [0.352514235068077, {"__complex__": [78602.75, 1.0058521542600737e-15]}, 1157380], [0.357512374484406, {"__complex__": [78769.8671875, -9.781386126544523e-16]}, 1190172], [0.3625118834929162, {"__complex__": [78799.3984375, -1.5209612650891467e-15]}, 1224650], [0.3675116774700016, {"__complex__": [78470.265625, 8.098125725464927e-16]}, 1257864], [0.3725098709245497, {"__complex__": [78323.78125, 0.0]}, 1292312], [0.37751067052804127, {"__complex__": [78346.3359375, -1.0405694936691857e-15]}, 1328534], [0.3825116981355865, {"__complex__": [78634.03125, -2.2209360578102997e-15]}, 1362848], [0.3875116125361288, {"__complex__": [78744.015625, -1.248016623948812e-16]}, 1399204], [0.3925104655048909, {"__complex__": [78980.109375, 5.072382689249493e-16]}, 