{"edges": {"__dtype__": "<f8", "__shape__": [128], "__data__": [0.0, 0.005, 0.01, 0.015, 0.02, 0.025, 0.03, 0.035, 0.04, 0.045, 0.05, 0.055, 0.06, 0.065, 0.07, 0.075, 0.08, 0.085, 0.09, 0.095, 0.1, 0.105, 0.11, 0.115, 0.12, 0.125, 0.13, 0.135, 0.14, 0.145, 0.15, 0.155, 0.16, 0.165, 0.17, 0.17500000000000002, 0.18, 0.185, 0.19, 0.195, 0.2, 0.20500000000000002, 0.21, 0.215, 0.22, 0.225, 0.23, 0.23500000000000001, 0.24, 0.245, 0.25, 0.255, 0.26, 0.265, 0.27, 0.275, 0.28, 0.28500000000000003, 0.29, 0.295, 0.3, 0.305, 0.31, 0.315, 0.32, 0.325, 0.33, 0.335, 0.34, 0.34500000000000003, 0.35000000000000003, 0.355, 0.36, 0.365, 0.37, 0.375, 0.38, 0.385, 0.39, 0.395, 0.4, 0.405, 0.41000000000000003, 0.41500000000000004, 0.42, 0.425, 0.43, 0.435, 0.44, 0.445, 0.45, 0.455, 0.46, 0.465, 0.47000000000000003, 0.47500000000000003, 0.48, 0.485, 0.49, 0.495, 0.5, 0.505, 0.51, 0.515, 0.52, 0.525, 0.53, 0.535, 0.54, 0.545, 0.55, 0.555, 0.56, 0.5650000000000001, 0.5700000000000001, 0.5750000000000001, 0.58, 0.585, 0.59, 0.595, 0.6, 0.605, 0.61, 0.615, 0.62, 0.625, 0.63, 0.635]}, "poles": {"__dtype__": [["k", "<f8"], ["power_0", "<c8"], ["modes", "<i8"]], "__shape__": [127], "__data__": [[0.0037537781648676505, {"__complex__": [82910.9296875, 1.0999570530670702e-13]}, 77], [0.008050398333474014, {"__complex__": [103157.359375, -1.2597870880162731e-13]}, 548], [0.012848609532355457, {"__complex__": [102282.3671875, 2.6040430459194942e-14]}, 1480], [0.017751579213119567, {"__complex__": [103464.78125, -8.179158508792549e-15]}, 2872], [0.022691827324042853, {"__complex__": [103684.9296875, -7.543515339019768e-15]}, 4736], [0.027648005536595924, {"__complex__": [111968.4296875, 2.0358928166366516e-15]}, 7036], [0.032612636555868525, {"__complex__": [101510.71875, -5.965727586411396e-15]}, 9838], [0.03761114292794433, {"__complex__": [95467.828125, 4.450037513232131e-15]}, 13208], [0.04261303922036164, {"__complex__": [91435.0390625, 6.108610609668408e-15]}, 16858], [0.04760505554480107, {"__complex__": [90799.5703125, -1.0241859706451562e-15]}, 21080], [0.05259133615803475, {"__complex__": [92846.6015625, -8.790276316033614e-17]}, 25624], [0.05756841184374016, {"__complex__": [91275.8828125, 2.2456507851452857e-15]}, 30728], [0.06256248327880025, {"__complex__": [89584.8203125, 5.315795606093145e-16]}, 36498], [0.06756661487904435, {"__complex__": [88522.8046875, 7.86220005047941e-16]}, 42528], [0.07257304507008182, {"__complex__": [86039.1953125, 1.717665397089408e-15]}, 49152], [0.07756473030387098, {"__complex__": [84929.8203125, 2.9884923271402027e-15]}, 55744], [0.08254764044823601, {"__complex__": [84038.921875, 1.146025836756175e-15]}, 63346], [0.08754405971893497, {"__complex__": [83000.5390625, -2.587049108602026e-15]}, 71388], [0.09254365223263855, {"__complex__": [82065.4140625, 2.28889499347617e-15]}, 79762], [0.09754150838846357, {"__complex__": [81329.328125, -2.7962918693204926e-16]}, 88564], [0.10254123052801507, {"__complex__": [80388.359375, 6.482683546702838e-16]}, 97988], [0.10754181638082774, {"__complex__": [80060.1015625, 2.8814260920578382e-15]}, 107708], [0.11254085353408888, {"__complex__": [78115.375, -6.715252721285962e-17]}, 117952], [0.11753281793039293, {"__complex__": [77397.9453125, -5.622563940413459e-16]}, 128288], [0.12252442444514552, {"__complex__": [77358.953125, -3.941359182417731e-16]}, 139770], [0.12753052839909865, {"__complex__": [78251.515625, -4.539442793726888e-16]}, 151946], [0.13253665927256145, {"__complex__": [78076.296875, 1.1929831198904668e-15]}, 163582], [0.13753197887556465, {"__complex__": [77539.390625, 1.7401108702191405e-16]}, 175940], [0.1425260716253757, {"__complex__": [77604.140625, 1.9464723160186236e-16]}, 189064], [0.14752506711896965, {"__complex__": [77467.25, -2.4111102540015e-16]}, 202824], [0.1525272624752809, {"__complex__": [77595.9765625, 5.583324874434108e-17]}, 216806], [0.15752484634575162, {"__complex__": [77047.0859375, -3.3862966391974157e-16]}, 230876], [0.16252366735405163, {"__complex__": [76289.0234375, -1.8971796306998536e-16]}, 246232], [0.1675242007800524, {"__complex__": [75473.2109375, -7.337081445433515e-17]}, 261330], [0.17252326579974073, {"__complex__": [75042.8828125, -6.199279292743554e-17]}, 277280], [0.17752110470595878, {"__complex__": [75206.6015625, -5.584514161631612e-16]}, 293320], [0.1825207522633753, {"__complex__": [75428.21875, -9.972682032585904e-17]}, 310574], [0.18752231962759572, {"__complex__": [75393.9609375, -6.69604558746248e-17]}, 327560], [0.19252167162300435, {"__complex__": [75839.21875, -4.692115717909147e-16]}, 345268], [0.19752225984779248, {"__complex__": [75955.2890625, -4.4337521401508644e-16]}, 363544], [0.20251992290984697, {"__complex__": [75705.0, -1.6818064160860748e-16]}, 381660], [0.20751551078768798, {"__complex__": [75483.1328125, -4.44566142338926e-16]}, 400854], [0.21251512379553542, {"__complex__": [74914.265625, 3.06152673716558e-16]}, 421010], [0.21751870975885984, {"__complex__": [74143.75, -2.4045505132206074e-16]}, 441160], [0.2225209082741387, {"__complex__": [74406.5546875, -3.9768710387313674e-16]}, 461296], [0.22752039891934017, {"__complex__": [74713.6328125, 2.1275560487407722e-16]}, 482192], [0.23252118259031918, {"__complex__": [74652.2421875, 4.561305243491113e-16]}, 503860], [0.23751936566507853, {"__complex__": [73980.3203125, 1.1374931180131107e-16]}, 525024], [0.24251707186595864, {"__complex__": [74128.6484375, 1.9330989892704583e-16]}, 547954], [0.24751627666670906, {"__complex__": [74392.6484375, -2.2040382269686092e-16]}, 570544], [0.2525167544702008, {"__complex__": [74508.515625, 2.5345872759808836e-16]}, 594374], [0.25751857595461863, {"__complex__": [74657.5546875, -4.1167190899988086e-16]}, 617900], [0.2625190906945416, {"__complex__": [74509.5, 1.0173150908399355e-16]}, 642106], [0.2675172479110602, {"__complex__": [74039.3359375, 2.2705276663501116e-16]}, 666112], [0.272514629608296, {"__complex__": [73809.2421875, -1.0777004666963886e-16]}, 691786], [0.27751615229387816, {"__complex__": [73834.2578125, 3.535612930628384e-16]}, 717996], [0.28251644607381426, {"__complex__": [74476.40625, 1.1562719708026366e-16]}, 743152], [0.2875152531419474, {"__complex__": [74333.9375, 1.7428751754773947e-17]}, 770192], [0.2925134012698469, {"__complex__": [73912.5703125, 4.506075651305479e-17]}, 796430], [0.2975118362281548, {"__complex__": [73969.9140625, -1.3204764544683752e-16]}, 824820], [0.3025125080826814, {"__complex__": [73936.515625, 1.2393068753197717e-16]}, 852562], [0.30751063191170563, {"__complex__": [73943.9375, -6.999624842736382e-17]}, 880372], [0.3125111278203564, {"__complex__": [73719.7265625, -7.457356815221175e-17]}, 910652], [0.31751269361539736, {"__complex__": [73904.0234375, 2.294820571277365e-16]}, 938996], [0.3225130904459611, {"__complex__": [73354.21875, 3.343153016029018e-16]}, 969352], [0.32751158760760724, {"__complex__": [73673.3671875, -1.4073088459160677e-16]}, 998344], [0.3325089848249692, {"__complex__": [73659.8828125, 3.6829079896889664e-16]}, 1029922], [0.33751027924368393, {"__complex__": [73726.859375, 6.24637539994569e-18]}, 1061918], [0.34251253316973607, {"__complex__": [73930.0390625, 7.407498338363419e-18]}, 1093272], [0.34751415893089227, {"__complex__": [73381.3515625, -1.7409801377812602e-16]}, 1125464], [0.352514235068077, {"__complex__": [73280.3125, 3.4029393145986356e-17]}, 1157380], [0.357512374484406, {"__complex__": [73519.4609375, -3.459962499050081e-17]}, 1190172], [0.3625118834929162, {"__complex__": [73465.890625, 1.2878605243920623e-16]}, 1224650], [0.3675116774700016, {"__complex__": [73424.2578125, -3.465467220590499e-16]}, 1257864], [0.3725098709245497, {"__complex__": [73501.1328125, 6.991543619023984e-17]}, 1292312], [0.37751067052804127, {"__complex__": [73426.515625, 3.920319942799118e-18]}, 1328534], [0.3825116981355865, {"__complex__": [73546.1015625, -5.762985194758175e-17]}, 1362848], [0.3875116125361288, {"__complex__": [73234.375, 