{"poles": {"dims": ["k"], "edges": [{"__dtype__": "<f8", "__shape__": [94], "__data__": [0.0, 0.005, 0.01, 0.015, 0.02, 0.025, 0.03, 0.035, 0.04, 0.045, 0.05, 0.055, 0.06, 0.065, 0.07, 0.075, 0.08, 0.085, 0.09, 0.095, 0.1, 0.105, 0.11, 0.115, 0.12, 0.125, 0.13, 0.135, 0.14, 0.145, 0.15, 0.155, 0.16, 0.165, 0.17, 0.17500000000000002, 0.18, 0.185, 0.19, 0.195, 0.2, 0.20500000000000002, 0.21, 0.215, 0.22, 0.225, 0.23, 0.23500000000000001, 0.24, 0.245, 0.25, 0.255, 0.26, 0.265, 0.27, 0.275, 0.28, 0.28500000000000003, 0.29, 0.295, 0.3, 0.305, 0.31, 0.315, 0.32, 0.325, 0.33, 0.335, 0.34, 0.34500000000000003, 0.35000000000000003, 0.355, 0.36, 0.365, 0.37, 0.375, 0.38, 0.385, 0.39, 0.395, 0.4, 0.405, 0.41000000000000003, 0.41500000000000004, 0.42, 0.425, 0.43, 0.435, 0.44, 0.445, 0.45, 0.455, 0.46, 0.465]}], "coords": [{"__dtype__": "<f8", "__shape__": [93], "__data__": [0.0025, 0.0075, 0.0125, 0.0175, 0.0225, 0.0275, 0.0325, 0.037500000000000006, 0.042499999999999996, 0.0475, 0.052500000000000005, 0.057499999999999996, 0.0625, 0.0675, 0.07250000000000001, 0.0775, 0.0825, 0.0875, 0.0925, 0.0975, 0.10250000000000001, 0.1075, 0.1125, 0.1175, 0.1225, 0.1275, 0.1325, 0.1375, 0.14250000000000002, 0.1475, 0.1525, 0.1575, 0.1625, 0.1675, 0.17250000000000001, 0.1775, 0.1825, 0.1875, 0.1925, 0.1975, 0.2025, 0.20750000000000002, 0.2125, 0.2175, 0.2225, 0.2275, 0.2325, 0.2375, 0.2425, 0.2475, 0.2525, 0.2575, 0.2625, 0.2675, 0.2725, 0.2775, 0.28250000000000003, 0.2875, 0.2925, 0.2975, 0.3025, 0.3075, 0.3125, 0.3175, 0.3225, 0.3275, 0.3325, 0.3375, 0.3425, 0.34750000000000003, 0.35250000000000004, 0.3575, 0.3625, 0.3675, 0.3725, 0.3775, 0.3825, 0.3875, 0.3925, 0.3975, 0.4025, 0.40750000000000003, 0.41250000000000003, 0.4175, 0.4225, 0.4275, 0.4325, 0.4375, 0.4425, 0.4475, 0.4525, 0.4575, 0.4625]}], "data": {"__dtype__": [["k", "<f8"], ["power_2", "<c8"], ["modes", "<i8"]], "__shape__": [93], "__data__": [[0.0037081367915242675, {"__complex__": [-39783.50390625, -3.657025637177069e-12]}, 191], [0.008018577791264523, {"__complex__": [-1442.1849365234375, 5.06153550062366e-13]}, 1380], [0.012844085612331841, {"__complex__": [633.5137329101562, 6.175879171130619e-14]}, 3770], [0.01775141230162106, {"__complex__": [16477.69140625, -3.690121938484253e-13]}, 7256], [0.022691010615224643, {"__complex__": [10089.4384765625, 3.877279628004132e-13]}, 12010], [0.027661296094027222, {"__complex__": [19869.34375, 1.0391905706178678e-13]}, 17924], [0.03263163473973046, {"__complex__": [8462.8935546875, -5.608124845047323e-14]}, 24910], [0.03760885918999335, {"__complex__": [7838.40625, -5.603625744844687e-14]}, 33240], [0.04258994605322728, {"__complex__": [11883.8115234375, -1.0939747642924741e-13]}, 42566], [0.047583805693835864, {"__complex__": [16976.546875, -4.353764934293333e-14]}, 53478], [0.052589415944125126, {"__complex__": [7475.99169921875, 2.8542787708016326e-14]}, 65258], [0.057576993125266096, {"__complex__": [8760.4052734375, 4.1904007390750064e-14]}, 77788], [0.0625679362273907, {"__complex__": [3872.86962890625, 4.030042155566717e-14]}, 92438], [0.06756372941029527, {"__complex__": [4420.94970703125, 4.335281913054592e-15]}, 107412], [0.07255867544245412, {"__complex__": [8902.30078125, -1.1244054901840984e-14]}, 124242], [0.07755343255815964, {"__complex__": [9813.2314453125, 1.6035394176773868e-14]}, 141568], [0.08254944316463679, {"__complex__": [3593.510498046875, 1.3748189225785707e-14]}, 160886], [0.0875469705282893, {"__complex__": [1343.8189697265625, -1.2896061375353672e-14]}, 180544], [0.09254207143002044, {"__complex__": [-1986.4747314453125, -1.1526041063827886e-15]}, 202004], [0.09754200795670145, {"__complex__": [3167.34521484375, -2.073864033112641e-15]}, 224538], [0.10254171329034444, {"__complex__": [2311.351806640625, 1.877378859129245e-15]}, 248038], [0.10754099109209159, {"__complex__": [4406.0, 4.26623517532621e-15]}, 272876], [0.11253870054955198, {"__complex__": [1492.8043212890625, -5.458296405732709e-15]}, 298594], [0.11753608765430268, {"__complex__": [3109.4609375, 1.0001438933494085e-14]}, 325916], [0.12253572907412832, {"__complex__": [6775.48681640625, -4.928202858550234e-15]}, 354334], [0.1275331697481456, {"__complex__": [3317.4384765625, 2.428962690974746e-15]}, 383424], [0.13252928315027618, {"__complex__": [400.3519592285156, 5.620805817652314e-16]}, 414230], [0.13752809598823948, {"__complex__": [253.26564025878906, 1.1475399928526867e-14]}, 446370], [0.1425292748907053, {"__complex__": [1087.5767822265625, -7.768174734652973e-15]}, 479558], [0.14752984329410787, {"__complex__": [-511.65496826171875, 3.627125946733265e-15]}, 513532], [0.15252898535896237, {"__complex__": [132.81370544433594, 8.483072236201497e-15]}, 548930], [0.15752847498756622, {"__complex__": [836.2305297851562, 1.2724116228159891e-14]}, 585548], [0.16252705956276423, {"__complex__": [-216.08734130859375, -1.49467423284582e-15]}, 623094], [0.16752723347134682, {"__complex__": [526.3373413085938, -5.622061332238382e-15]}, 662620], [0.17252557298757182, {"__complex__": [1803.0184326171875, 1.3272867581829773e-15]}, 701674], [0.1775232051718564, {"__complex__": [2837.30908203125, -5.0086993641431255e-15]}, 743764], [0.1825215844754662, {"__complex__": [577.3236083984375, 5.482761258348255e-15]}, 785620], [0.18752064712987349, {"__complex__": [533.0048217773438, 1.121940243142762e-15]}, 830100], [0.19252067437217257, {"__complex__": [-406.4539794921875, 5.591654543497847e-15]}, 874418], [0.19751987908784707, {"__complex__": [237.07608032226562, 5.057786193985933e-16]}, 920682], [0.20251936794243589, {"__complex__": [246.76214599609375, 0.0]}, 967718], [0.20751955964231095, {"__complex__": [415.059326171875, -4.580719768037774e-16]}, 1016568], [0.2125192859071403, {"__complex__": [1254.7823486328125, -1.3111334163623642e-15]}, 1065478], [0.21751870204394746, {"__complex__": [-159.4505157470703, -6.254965091580624e-16]}, 1116700], [0.22251763655620238, {"__complex__": [-863.349853515625, 2.392247200843061e-15]}, 1167926], [0.2275173612096972, {"__complex__": [-215.42616271972656, -3.334224918188043e-15]}, 1222034], [0.23251753944930767, {"__complex__": [878.2703857421875, 2.0078310386105903e-15]}, 1275574], [0.237518608068736, {"__complex__": [571.5167846679688, 4.5439645732366866e-15]}, 1332228], [0.24251933382685822, {"__complex__": [443.9585266113281, -1.6779691980163352e-15]}, 1387574], [0.2475188275283454, {"__complex__": [739.6841430664062, 4.0254148145758666e-15]}, 1446004], [0.2525176353551358, {"__complex__": [462.32147216796875, 2.631725861404954e-15]}, 1504002], [0.25751592740199597, {"__complex__": [-461.42578125, 5.951749001682858e-16]}, 1564788], [0.2625152321376914, {"__complex__": [111.79891204833984, -5.727289505825205e-16]}, 1626114], [0.2675142035428968, {"__complex__": [217.34609985351562, -1.5168263678780065e-15]}, 1688484], [0.27251407722071946, {"__complex__": [122.63784790039062, -6.641222703440426e-16]}, 1752920], [0.277514999580621, {"__complex__": [-293.88323974609375, 1.0246181692064927e-15]}, 1817892], [0.28251513318998955, {"__complex__": [136.24533081054688, -4.945042297058123e-15]}, 1883346], [0.2875150555774266, {"__complex__": [1833.1690673828125, 2.3866603832812085e-15]}, 1951100], [0.2925143032383768, {"__complex__": [866.1439819335938, 1.384176032019418e-15]}, 2018506], [0.2975129983065177, {"__complex__": [426.85675048828125, 8.917989561540453e-16]}, 2088638], [0.30251265006104155, {"__complex__": [-129.9602508544922, 1.9404781550184805e-15]}, 2159752], [0.3075131135075962, {"__complex__": [188.23736572265625, 2.0862493488673934e-15]}, 2232050], [0.31251255553945134, {"__complex__": [-612.39453125, 3.0315857636064756e-15]}, 2304048], [0.3175120364779517, {"__complex__": [-624.6300048828125, -1.7612356072258667e-15]}, 2379552], [0.3225126598898453, {"__complex__": [-326.3717041015625, -7.587223509647511e-16]}, 2454976], [0.3275133985704822, {"__complex__": [114.4681396484375, 2.9425835649154932e-15]}, 2531986], 