{"edges": {"__dtype__": "<f8", "__shape__": [128], "__data__": [0.0, 0.005, 0.01, 0.015, 0.02, 0.025, 0.03, 0.035, 0.04, 0.045, 0.05, 0.055, 0.06, 0.065, 0.07, 0.075, 0.08, 0.085, 0.09, 0.095, 0.1, 0.105, 0.11, 0.115, 0.12, 0.125, 0.13, 0.135, 0.14, 0.145, 0.15, 0.155, 0.16, 0.165, 0.17, 0.17500000000000002, 0.18, 0.185, 0.19, 0.195, 0.2, 0.20500000000000002, 0.21, 0.215, 0.22, 0.225, 0.23, 0.23500000000000001, 0.24, 0.245, 0.25, 0.255, 0.26, 0.265, 0.27, 0.275, 0.28, 0.28500000000000003, 0.29, 0.295, 0.3, 0.305, 0.31, 0.315, 0.32, 0.325, 0.33, 0.335, 0.34, 0.34500000000000003, 0.35000000000000003, 0.355, 0.36, 0.365, 0.37, 0.375, 0.38, 0.385, 0.39, 0.395, 0.4, 0.405, 0.41000000000000003, 0.41500000000000004, 0.42, 0.425, 0.43, 0.435, 0.44, 0.445, 0.45, 0.455, 0.46, 0.465, 0.47000000000000003, 0.47500000000000003, 0.48, 0.485, 0.49, 0.495, 0.5, 0.505, 0.51, 0.515, 0.52, 0.525, 0.53, 0.535, 0.54, 0.545, 0.55, 0.555, 0.56, 0.5650000000000001, 0.5700000000000001, 0.5750000000000001, 0.58, 0.585, 0.59, 0.595, 0.6, 0.605, 0.61, 0.615, 0.62, 0.625, 0.63, 0.635]}, "poles": {"__dtype__": [["k", "<f8"], ["power_0", "<c8"], ["modes", "<i8"]], "__shape__": [127], "__data__": [[0.0037537781648676505, {"__complex__": [112411.1953125, 5.669577220895894e-13]}, 77], [0.008050398333474014, {"__complex__": [112673.21875, -5.045372214636246e-13]}, 548], [0.012848609532355457, {"__complex__": [127777.859375, -5.899425235432118e-14]}, 1480], [0.017751579213119567, {"__complex__": [113330.0625, 0.0]}, 2872], [0.022691827324042853, {"__complex__": [106615.078125, -4.6857412020579955e-14]}, 4736], [0.027648005536595924, {"__complex__": [112307.875, 9.875696045441237e-14]}, 7036], [0.032612636555868525, {"__complex__": [100502.234375, 3.549969292051397e-14]}, 9838], [0.03761114292794433, {"__complex__": [100736.0859375, 1.652625146377363e-14]}, 13208], [0.04261303922036164, {"__complex__": [98667.2421875, 3.9707444282480533e-14]}, 16858], [0.04760505554480107, {"__complex__": [98887.3515625, -4.694166130564566e-14]}, 21080], [0.05259133615803475, {"__complex__": [99434.859375, 2.1012366651328163e-14]}, 25624], [0.05756841184374016, {"__complex__": [94895.0078125, 1.9890017503030114e-14]}, 30728], [0.06256248327880025, {"__complex__": [90520.796875, 2.5517084376470295e-14]}, 36498], [0.06756661487904435, {"__complex__": [91374.7890625, -2.053035408236363e-14]}, 42528], [0.07257304507008182, {"__complex__": [91405.375, -1.2138438684912694e-14]}, 49152], [0.07756473030387098, {"__complex__": [87884.9140625, 1.0441959593537366e-15]}, 55744], [0.08254764044823601, {"__complex__": [87218.9609375, 9.188845498842198e-15]}, 63346], [0.08754405971893497, {"__complex__": [87847.703125, 6.1152780295127204e-15]}, 71388], [0.09254365223263855, {"__complex__": [86536.546875, 0.0]}, 79762], [0.09754150838846357, {"__complex__": [86069.078125, 8.523560199322016e-16]}, 88564], [0.10254123052801507, {"__complex__": [84809.9765625, -1.1880568821483542e-14]}, 97988], [0.10754181638082774, {"__complex__": [83505.640625, -7.565893102453279e-15]}, 107708], [0.11254085353408888, {"__complex__": [84397.8984375, -2.7141730838753722e-15]}, 117952], [0.11753281793039293, {"__complex__": [84442.8359375, 4.537264542623905e-15]}, 128288], [0.12252442444514552, {"__complex__": [83107.859375, -2.0822659646746932e-15]}, 139770], [0.12753052839909865, {"__complex__": [82956.6015625, 2.681568668153186e-15]}, 151946], [0.13253665927256145, {"__complex__": [82930.7109375, 7.828297133249083e-15]}, 163582], [0.13753197887556465, {"__complex__": [81900.1328125, 3.308381307692604e-15]}, 175940], [0.1425260716253757, {"__complex__": [82093.234375, 5.387773818972855e-16]}, 189064], [0.14752506711896965, {"__complex__": [81923.890625, -7.318144435710869e-15]}, 202824], [0.1525272624752809, {"__complex__": [81004.3515625, 0.0]}, 216806], [0.15752484634575162, {"__complex__": [80341.2421875, 5.042331019072094e-16]}, 230876], [0.16252366735405163, {"__complex__": [79797.2109375, 5.673445738950617e-15]}, 246232], [0.1675242007800524, {"__complex__": [79332.5078125, 1.3364174557170235e-15]}, 261330], [0.17252326579974073, {"__complex__": [79977.4765625, 2.9389326411545904e-15]}, 277280], [0.17752110470595878, {"__complex__": [79141.140625, 1.7859979801641357e-15]}, 293320], [0.1825207522633753, {"__complex__": [78984.140625, 1.8507686838165407e-15]}, 310574], [0.18752231962759572, {"__complex__": [79922.109375, 3.554015144923957e-15]}, 327560], [0.19252167162300435, {"__complex__": [79048.3125, 3.1188576857444543e-15]}, 345268], [0.19752225984779248, {"__complex__": [78478.671875, 4.403072924438669e-15]}, 363544], [0.20251992290984697, {"__complex__": [79245.8828125, -1.2200945269497088e-15]}, 381660], [0.20751551078768798, {"__complex__": [79380.640625, 7.260456727442523e-16]}, 400854], [0.21251512379553542, {"__complex__": [79060.265625, 1.9356007275499534e-15]}, 421010], [0.21751870975885984, {"__complex__": [79182.75, 1.055538365792182e-15]}, 441160], [0.2225209082741387, {"__complex__": [78501.8125, -1.6403775581798341e-15]}, 461296], [0.22752039891934017, {"__complex__": [78772.0703125, -1.6900057479550556e-15]}, 482192], [0.23252118259031918, {"__complex__": [78028.59375, -1.2996391792681234e-16]}, 503860], [0.23751936566507853, {"__complex__": [78230.484375, 8.869333342072206e-16]}, 525024], [0.24251707186595864, {"__complex__": [77811.96875, -8.498182033431093e-16]}, 547954], [0.24751627666670906, {"__complex__": [77731.6875, 1.2242559998195692e-15]}, 570544], [0.2525167544702008, {"__complex__": [77893.78125, -3.917241507431441e-15]}, 594374], [0.25751857595461863, {"__complex__": [77683.78125, 1.5072383784315614e-15]}, 617900], [0.2625190906945416, {"__complex__": [78211.4765625, -1.3371048229537203e-15]}, 642106], [0.2675172479110602, {"__complex__": [77717.703125, 0.0]}, 666112], [0.272514629608296, {"__complex__": [77431.40625, 1.9352462442615275e-15]}, 691786], [0.27751615229387816, {"__complex__": [77448.2421875, -9.728354452508115e-16]}, 717996], [0.28251644607381426, {"__complex__": [77938.2109375, -3.9162687430310784e-17]}, 743152], [0.2875152531419474, {"__complex__": [77372.9765625, -1.7760246966058084e-15]}, 770192], [0.2925134012698469, {"__complex__": [77282.0859375, -1.790600121924805e-15]}, 796430], [0.2975118362281548, {"__complex__": [77337.515625, 4.2342083831344924e-16]}, 824820], [0.3025125080826814, {"__complex__": [77608.1796875, 0.0]}, 852562], [0.30751063191170563, {"__complex__": [77562.296875, 5.9505409209418365e-16]}, 880372], [0.3125111278203564, {"__complex__": [77292.1328125, 1.262393658269694e-15]}, 910652], [0.31751269361539736, {"__complex__": [77450.5703125, -1.239785078358056e-15]}, 938996], [0.3225130904459611, {"__complex__": [77786.0, 1.5612482696429294e-15]}, 969352], [0.32751158760760724, {"__complex__": [77463.8359375, 8.308350303248379e-16]}, 998344], [0.3325089848249692, {"__complex__": [77793.6328125, 5.651657272220378e-17]}, 1029922], [0.33751027924368393, {"__complex__": [77116.328125, -5.4813705625977616e-17]}, 1061918], [0.34251253316973607, {"__complex__": [77456.75, 2.6620850905689895e-17]}, 1093272], [0.34751415893089227, {"__complex__": [77279.1328125, 2.3532059699964527e-15]}, 1125464], [0.352514235068077, {"__complex__": [77096.609375, -1.0058522204345227e-16]}, 1157380], [0.357512374484406, {"__complex__": [77262.7734375, -6.8469707120976395e-16]}, 1190172], [0.3625118834929162, {"__complex__": [77600.2890625, -2.3765018112656693e-16]}, 1224650], [0.3675116774700016, {"__complex__": [77576.3046875, -6.94125037603627e-17]}, 1257864], [0.3725098709245497, {"__complex__": [77507.6015625, 9.008298096794339e-16]}, 1292312], [0.37751067052804127, {"__complex__": [77292.921875, 1.7525380346954431e-16]}, 1328534], [0.3825116981355865, {"__complex__": [77002.5390625, -8.54206204586801e-16]}, 1362848], [0.3875116125361288, {"__complex__": [77102.90625, 1.2688169208669602e-15]}, 1399204], [0.3925104655048909, {"__complex__": [76964.9921875, -4.0579061513995943e-16]}, 