{"poles": {"dims": ["k"], "edges": [{"__dtype__": "<f8", "__shape__": [94], "__data__": [0.0, 0.005, 0.01, 0.015, 0.02, 0.025, 0.03, 0.035, 0.04, 0.045, 0.05, 0.055, 0.06, 0.065, 0.07, 0.075, 0.08, 0.085, 0.09, 0.095, 0.1, 0.105, 0.11, 0.115, 0.12, 0.125, 0.13, 0.135, 0.14, 0.145, 0.15, 0.155, 0.16, 0.165, 0.17, 0.17500000000000002, 0.18, 0.185, 0.19, 0.195, 0.2, 0.20500000000000002, 0.21, 0.215, 0.22, 0.225, 0.23, 0.23500000000000001, 0.24, 0.245, 0.25, 0.255, 0.26, 0.265, 0.27, 0.275, 0.28, 0.28500000000000003, 0.29, 0.295, 0.3, 0.305, 0.31, 0.315, 0.32, 0.325, 0.33, 0.335, 0.34, 0.34500000000000003, 0.35000000000000003, 0.355, 0.36, 0.365, 0.37, 0.375, 0.38, 0.385, 0.39, 0.395, 0.4, 0.405, 0.41000000000000003, 0.41500000000000004, 0.42, 0.425, 0.43, 0.435, 0.44, 0.445, 0.45, 0.455, 0.46, 0.465]}], "coords": [{"__dtype__": "<f8", "__shape__": [93], "__data__": [0.0025, 0.0075, 0.0125, 0.0175, 0.0225, 0.0275, 0.0325, 0.037500000000000006, 0.042499999999999996, 0.0475, 0.052500000000000005, 0.057499999999999996, 0.0625, 0.0675, 0.07250000000000001, 0.0775, 0.0825, 0.0875, 0.0925, 0.0975, 0.10250000000000001, 0.1075, 0.1125, 0.1175, 0.1225, 0.1275, 0.1325, 0.1375, 0.14250000000000002, 0.1475, 0.1525, 0.1575, 0.1625, 0.1675, 0.17250000000000001, 0.1775, 0.1825, 0.1875, 0.1925, 0.1975, 0.2025, 0.20750000000000002, 0.2125, 0.2175, 0.2225, 0.2275, 0.2325, 0.2375, 0.2425, 0.2475, 0.2525, 0.2575, 0.2625, 0.2675, 0.2725, 0.2775, 0.28250000000000003, 0.2875, 0.2925, 0.2975, 0.3025, 0.3075, 0.3125, 0.3175, 0.3225, 0.3275, 0.3325, 0.3375, 0.3425, 0.34750000000000003, 0.35250000000000004, 0.3575, 0.3625, 0.3675, 0.3725, 0.3775, 0.3825, 0.3875, 0.3925, 0.3975, 0.4025, 0.40750000000000003, 0.41250000000000003, 0.4175, 0.4225, 0.4275, 0.4325, 0.4375, 0.4425, 0.4475, 0.4525, 0.4575, 0.4625]}], "data": {"__dtype__": [["k", "<f8"], ["power_2", "<c8"], ["modes", "<i8"]], "__shape__": [93], "__data__": [[0.0037081367915242675, {"__complex__": [15874.6064453125, -1.5237607182971846e-12]}, 191], [0.008018577791264523, {"__complex__": [-12165.841796875, -1.687178635733158e-13]}, 1380], [0.012844085612331841, {"__complex__": [34776.7890625, -2.4703516684522475e-13]}, 3770], [0.01775141230162106, {"__complex__": [38658.31640625, -5.134082720591182e-13]}, 7256], [0.022691010615224643, {"__complex__": [6938.5478515625, 3.101823810823523e-13]}, 12010], [0.027661296094027222, {"__complex__": [37397.0390625, 4.5464588311564663e-14]}, 17924], [0.03263163473973046, {"__complex__": [11736.6669921875, 5.608124845047323e-14]}, 24910], [0.03760885918999335, {"__complex__": [18590.681640625, -8.40543861726703e-14]}, 33240], [0.04258994605322728, {"__complex__": [7904.125, -3.281924360640058e-14]}, 42566], [0.047583805693835864, {"__complex__": [11256.6728515625, 1.7415060075986512e-14]}, 53478], [0.052589415944125126, {"__complex__": [14994.369140625, -1.4271393854008163e-14]}, 65258], [0.057576993125266096, {"__complex__": [3190.810546875, -1.3469145232741092e-14]}, 77788], [0.0625679362273907, {"__complex__": [6069.095703125, -3.0225317013783323e-14]}, 92438], [0.06756372941029527, {"__complex__": [11453.77734375, 6.069394254759955e-14]}, 107412], [0.07255867544245412, {"__complex__": [678.8511962890625, 6.55903181431567e-15]}, 124242], [0.07755343255815964, {"__complex__": [4941.7333984375, -6.578623686385662e-15]}, 141568], [0.08254944316463679, {"__complex__": [6878.18994140625, 2.7496378451571414e-14]}, 160886], [0.0875469705282893, {"__complex__": [3418.6728515625, -5.158424296031585e-15]}, 180544], [0.09254207143002044, {"__complex__": [3172.34765625, -1.8441665702124618e-14]}, 202004], [0.09754200795670145, {"__complex__": [1147.336669921875, 8.295456132450564e-15]}, 224538], [0.10254171329034444, {"__complex__": [-72.11626434326172, -1.8773789014808924e-14]}, 248038], [0.10754099109209159, {"__complex__": [2129.56982421875, 1.0238964759596084e-14]}, 272876], [0.11253870054955198, {"__complex__": [2747.829833984375, -1.5595132285295974e-15]}, 298594], [0.11753608765430268, {"__complex__": [1223.7921142578125, 1.7145324127999274e-14]}, 325916], [0.12253572907412832, {"__complex__": [1365.953857421875, 1.0513499149229517e-14]}, 354334], [0.1275331697481456, {"__complex__": [2670.10693359375, 3.0362033637184324e-15]}, 383424], [0.13252928315027618, {"__complex__": [481.42279052734375, -2.2483223270609257e-15]}, 414230], [0.13752809598823948, {"__complex__": [-2309.6611328125, 9.388962961861657e-15]}, 446370], [0.1425292748907053, {"__complex__": [-1585.8582763671875, -1.165226210197946e-14]}, 479558], [0.14752984329410787, {"__complex__": [-1321.246337890625, 1.99491912247253e-14]}, 513532], [0.15252898535896237, {"__complex__": [446.9415588378906, -5.9381507347476374e-15]}, 548930], [0.15752847498756622, {"__complex__": [1506.7015380859375, -3.1810290570399727e-15]}, 585548], [0.16252705956276423, {"__complex__": [1388.0509033203125, 5.97869693138328e-15]}, 623094], [0.16752723347134682, {"__complex__": [1034.204345703125, -1.4055153118837718e-14]}, 662620], [0.17252557298757182, {"__complex__": [1619.8624267578125, -5.640968378170519e-15]}, 701674], [0.1775232051718564, {"__complex__": [451.3592224121094, -1.0643486519381056e-14]}, 743764], [0.1825215844754662, {"__complex__": [1227.9798583984375, 1.1854618908353222e-15]}, 785620], [0.18752064712987349, {"__complex__": [1489.119384765625, -3.3658207294282863e-15]}, 830100], [0.19252067437217257, {"__complex__": [1623.3782958984375, -2.130154242897136e-15]}, 874418], [0.19751987908784707, {"__complex__": [-771.9241333007812, 5.057786193985933e-15]}, 920682], [0.20251936794243589, {"__complex__": [1429.5977783203125, 0.0]}, 967718], [0.20751955964231095, {"__complex__": [-62.7548942565918, -1.946805702892707e-15]}, 1016568], [0.2125192859071403, {"__complex__": [-323.1917419433594, 1.3111334163623642e-15]}, 1065478], [0.21751870204394746, {"__complex__": [95.81550598144531, -2.5019860366322496e-15]}, 1116700], [0.22251763655620238, {"__complex__": [-266.8818054199219, 7.97415715967834e-16]}, 1167926], [0.2275173612096972, {"__complex__": [778.49560546875, 6.477922903901914e-15]}, 1222034], [0.23251753944930767, {"__complex__": [409.2064514160156, 0.0]}, 1275574], [0.237518608068736, {"__complex__": [757.3394775390625, 2.097214402127837e-15]}, 1332228], [0.24251933382685822, {"__complex__": [586.3585815429688, -9.396627763001361e-15]}, 1387574], [0.2475188275283454, {"__complex__": [425.21990966796875, -4.830498031600924e-15]}, 1446004], [0.2525176353551358, {"__complex__": [352.4508361816406, -7.740370375233538e-17]}, 1504002], [0.25751592740199597, {"__complex__": [-277.138916015625, 5.356574101514572e-15]}, 1564788], [0.2625152321376914, {"__complex__": [-941.3733520507812, -1.0022756635194108e-15]}, 1626114], [0.2675142035428968, {"__complex__": [-638.9318237304688, 4.688372255798757e-15]}, 1688484], [0.27251407722071946, {"__complex__": [382.37371826171875, 5.312978162752341e-16]}, 1752920], [0.277514999580621, {"__complex__": [419.40667724609375, -1.6650045117256609e-15]}, 1817892], [0.28251513318998955, {"__complex__": [1007.702392578125, 4.945042402937241e-16]}, 1883346], [0.2875150555774266, {"__complex__": [54.35694885253906, 1.909328306624967e-15]}, 1951100], [0.2925143032383768, {"__complex__": [-563.2281494140625, 4.61392028319659e-16]}, 2018506], [0.2975129983065177, {"__complex__": [317.43487548828125, -1.7835979123080907e-15]}, 2088638], [0.30251265006104155, {"__complex__": [498.0950927734375, -4.312173583704074e-15]}, 2159752], [0.3075131135075962, {"__complex__": [122.70256805419922, 5.841498346235291e-15]}, 2232050], [0.31251255553945134, {"__complex__": [-635.2388305664062, -3.0315857636064756e-15]}, 2304048], [0.3175120364779517, {"__complex__": [383.9709777832031, -3.1310854533710174e-15]}, 2379552], [0.3225126598898453, {"__complex__": [960.019775390625, 3.0348894038590042e-15]}, 2454976], [0.3275133985704822, {"__complex__": [277.5658264160156, 2.9885615720836407e-15]}, 2531986], [0.33251410375899365, 