{"edges": {"__dtype__": "<f8", "__shape__": [116], "__data__": [0.0, 0.005, 0.01, 0.015, 0.02, 0.025, 0.03, 0.035, 0.04, 0.045, 0.05, 0.055, 0.06, 0.065, 0.07, 0.075, 0.08, 0.085, 0.09, 0.095, 0.1, 0.105, 0.11, 0.115, 0.12, 0.125, 0.13, 0.135, 0.14, 0.145, 0.15, 0.155, 0.16, 0.165, 0.17, 0.17500000000000002, 0.18, 0.185, 0.19, 0.195, 0.2, 0.20500000000000002, 0.21, 0.215, 0.22, 0.225, 0.23, 0.23500000000000001, 0.24, 0.245, 0.25, 0.255, 0.26, 0.265, 0.27, 0.275, 0.28, 0.28500000000000003, 0.29, 0.295, 0.3, 0.305, 0.31, 0.315, 0.32, 0.325, 0.33, 0.335, 0.34, 0.34500000000000003, 0.35000000000000003, 0.355, 0.36, 0.365, 0.37, 0.375, 0.38, 0.385, 0.39, 0.395, 0.4, 0.405, 0.41000000000000003, 0.41500000000000004, 0.42, 0.425, 0.43, 0.435, 0.44, 0.445, 0.45, 0.455, 0.46, 0.465, 0.47000000000000003, 0.47500000000000003, 0.48, 0.485, 0.49, 0.495, 0.5, 0.505, 0.51, 0.515, 0.52, 0.525, 0.53, 0.535, 0.54, 0.545, 0.55, 0.555, 0.56, 0.5650000000000001, 0.5700000000000001, 0.5750000000000001]}, "poles": {"__dtype__": [["k", "<f8"], ["power_0", "<c8"], ["modes", "<i8"]], "__shape__": [115], "__data__": [[0.0037054420134658554, {"__complex__": [90356.796875, -1.1779600461291756e-13]}, 83], [0.008002706039259398, {"__complex__": [92863.8125, -8.955699680110452e-14]}, 596], [0.012849701484846114, {"__complex__": [101588.3984375, 2.2109606354937805e-14]}, 1648], [0.0177641384261076, {"__complex__": [104909.3203125, -1.9344053946547882e-14]}, 3156], [0.022684229681789413, {"__complex__": [96812.0, 3.2117192206530115e-14]}, 5176], [0.027646384376179004, {"__complex__": [92644.265625, -7.866593186860345e-15]}, 7804], [0.032636129245414154, {"__complex__": [90767.796875, 2.639868177368673e-16]}, 10874], [0.037622935176432226, {"__complex__": [89092.375, -1.6343663347597598e-14]}, 14442], [0.0426065943302704, {"__complex__": [87865.0234375, -7.393184778574022e-15]}, 18544], [0.047584168879418735, {"__complex__": [84477.953125, 2.7323821746589715e-15]}, 23040], [0.052572163944886785, {"__complex__": [85041.75, 5.9491610513312e-17]}, 28366], [0.05756591012932392, {"__complex__": [81853.1328125, -3.132497880810564e-15]}, 33818], [0.06255885577973451, {"__complex__": [80044.1953125, 1.9591715368896725e-15]}, 40130], [0.06756290621144688, {"__complex__": [79919.8515625, -5.194282906458003e-16]}, 46838], [0.07256050504780319, {"__complex__": [80232.9296875, 1.3192566740847698e-15]}, 53826], [0.0775516441986681, {"__complex__": [77603.7109375, 2.9036270373636102e-15]}, 61584], [0.08254999402587553, {"__complex__": [77523.9296875, 6.779568594715471e-16]}, 69864], [0.08754547074829418, {"__complex__": [74964.7109375, 2.467106913930212e-15]}, 78404], [0.09254370656486871, {"__complex__": [73377.8359375, 2.391363533720838e-15]}, 87902], [0.09754153604884025, {"__complex__": [74144.171875, 2.6984318235835983e-15]}, 97310], [0.10253422913940137, {"__complex__": [73335.328125, 3.0937329150536585e-17]}, 107716], [0.1075359850070505, {"__complex__": [72782.2890625, 1.0715868872855725e-15]}, 118654], [0.11253957840084304, {"__complex__": [72131.125, 8.362728759670921e-16]}, 129910], [0.11753653834673844, {"__complex__": [71083.40625, 2.1728256451974395e-15]}, 141376], [0.12253336603812491, {"__complex__": [71942.34375, -6.802764459627132e-17]}, 153958], [0.12753369323485178, {"__complex__": [71296.3828125, -8.845877411575958e-16]}, 166718], [0.1325298054599073, {"__complex__": [71874.6796875, 9.2521091191232e-16]}, 179806], [0.13753126919241337, {"__complex__": [70519.9296875, 1.2385820004053792e-16]}, 194282], [0.14252978867508304, {"__complex__": [69988.875, 6.838632731523105e-16]}, 207774], [0.14752584639061916, {"__complex__": [69871.1171875, -8.556371476371789e-17]}, 223278], [0.1525273402624495, {"__complex__": [69447.6328125, 5.6474757087878e-17]}, 238496], [0.15752777994300757, {"__complex__": [69150.703125, 1.226793717146988e-17]}, 254444], [0.16252677921627748, {"__complex__": [69524.25, -4.816252102098409e-16]}, 270682], [0.16752582095517576, {"__complex__": [68968.09375, 2.5570783830106494e-16]}, 287710], [0.1725259295419247, {"__complex__": [68414.640625, -3.71322779873373e-16]}, 305202], [0.17752572093623975, {"__complex__": [68515.59375, -7.29426657692777e-16]}, 323008], [0.18252702152554795, {"__complex__": [68787.7421875, -4.5732566136790756e-18]}, 341812], [0.18752508561671835, {"__complex__": [68729.734375, 1.0104935143079455e-17]}, 360020], [0.19252006361125312, {"__complex__": [68118.3125, 4.810287931358555e-16]}, 379728], [0.19751626124600596, {"__complex__": [67889.5078125, -1.8536497141853935e-17]}, 399660], [0.20251335405021748, {"__complex__": [68364.46875, 5.277341898474576e-16]}, 420320], [0.20751594275294782, {"__complex__": [67301.0625, -1.4012111351381228e-16]}, 442070], [0.21251689533718626, {"__complex__": [67939.90625, -6.811446679685386e-16]}, 462644], [0.21751895130525958, {"__complex__": [67853.0703125, 6.240256893847145e-16]}, 485820], [0.22252064263763735, {"__complex__": [68002.875, 3.322002603336078e-16]}, 507304], [0.22751949683857262, {"__complex__": [68100.75, 6.602736967388539e-17]}, 530776], [0.23252062744923513, {"__complex__": [68056.3125, 7.998225071478978e-17]}, 554524], [0.23751988845699762, {"__complex__": [67928.7265625, -6.669236332937392e-17]}, 578008], [0.24251952417933192, {"__complex__": [67359.6171875, 5.652885469993897e-17]}, 603272], [0.24751886354741093, {"__complex__": [66993.328125, 2.4663920247401743e-17]}, 627748], [0.2525158523431189, {"__complex__": [67150.0234375, -3.413946441573756e-16]}, 653304], [0.2575140585584922, {"__complex__": [67508.8515625, -2.990379410667567e-16]}, 679896], [0.2625126084722789, {"__complex__": [67347.4375, 7.114564732136953e-18]}, 706092], [0.26751303339828036, {"__complex__": [66695.453125, -1.676071473637571e-16]}, 734258], [0.2725141980302592, {"__complex__": [66676.3359375, -3.6871497718701384e-16]}, 761190], [0.27751499291909654, {"__complex__": [66929.171875, -7.189720211923928e-17]}, 789966], [0.2825156597003922, {"__complex__": [67074.375, -2.2022699133423179e-16]}, 818248], [0.2875141801620819, {"__complex__": [66835.3046875, -1.7214028240900492e-16]}, 847024], [0.29251195304227423, {"__complex__": [66902.7578125, 1.0922316477787812e-16]}, 877004], [0.2975142527009851, {"__complex__": [66885.5390625, -1.4409577591413368e-16]}, 908602], [0.30251615798691667, {"__complex__": [66687.15625, -9.200358714768413e-17]}, 937802], [0.30751506635382575, {"__complex__": [66875.3984375, -3.810799575335872e-17]}, 969706], [0.31251223811931306, {"__complex__": [66409.359375, -2.6360075600137653e-16]}, 999956], [0.3175098816792195, {"__complex__": [66495.8515625, 1.7766403572095642e-17]}, 1034060], [0.3225110492752749, {"__complex__": [66520.3359375, -2.6451015836681733e-17]}, 1066386], [0.3275123331358606, {"__complex__": [66653.0390625, 6.0352619504196e-17]}, 1100278], [0.3325123291547583, {"__complex__": [66467.4140625, -1.9876017213082302e-16]}, 1133070], [0.3375117534479973, {"__complex__": [66413.140625, 2.1126146522490024e-16]}, 1168082], [0.3425129583700723, {"__complex__": [66577.546875, -1.0948084808230064e-16]}, 1203258], [0.3475132726509487, {"__complex__": [66376.1875, 1.2749186550514046e-16]}, 1237894], [0.35251300538197095, {"__complex__": [66387.828125, -9.346505647138772e-17]}, 1274124], [0.3575125695577228, {"__complex__": [66537.6015625, 3.556342473825657e-16]}, 1310242], [0.36251151779301266, {"__complex__": [66423.0703125, -8.853815036734017e-17]}, 1346914], [0.3675115630015573, {"__complex__": [66339.515625, -5.4532130036742115e-17]}, 1385312], [0.3725118957087531, {"__complex__": [66325.8984375, -5.6210938584852175e-18]}, 1422310], [0.37751124096797295, {"__complex__": [66480.546875, -4.482900035775213e-17]}, 1461198], [0.3825103314725004, {"__complex__": [66318.0625, 4.1175805986067825e-18]}, 1499520], [0.38750966779422413, {"__complex__": [66452.703125, 1.7130966072510367e-16]}, 1539692], [0.3925103292814964, {"__complex__": [66249.234375, -2.201500999332113e-17]}, 1579920],