{"poles": {"dims": ["k"], "edges": [{"__dtype__": "<f8", "__shape__": [94], "__data__": [0.0, 0.005, 0.01, 0.015, 0.02, 0.025, 0.03, 0.035, 0.04, 0.045, 0.05, 0.055, 0.06, 0.065, 0.07, 0.075, 0.08, 0.085, 0.09, 0.095, 0.1, 0.105, 0.11, 0.115, 0.12, 0.125, 0.13, 0.135, 0.14, 0.145, 0.15, 0.155, 0.16, 0.165, 0.17, 0.17500000000000002, 0.18, 0.185, 0.19, 0.195, 0.2, 0.20500000000000002, 0.21, 0.215, 0.22, 0.225, 0.23, 0.23500000000000001, 0.24, 0.245, 0.25, 0.255, 0.26, 0.265, 0.27, 0.275, 0.28, 0.28500000000000003, 0.29, 0.295, 0.3, 0.305, 0.31, 0.315, 0.32, 0.325, 0.33, 0.335, 0.34, 0.34500000000000003, 0.35000000000000003, 0.355, 0.36, 0.365, 0.37, 0.375, 0.38, 0.385, 0.39, 0.395, 0.4, 0.405, 0.41000000000000003, 0.41500000000000004, 0.42, 0.425, 0.43, 0.435, 0.44, 0.445, 0.45, 0.455, 0.46, 0.465]}], "coords": [{"__dtype__": "<f8", "__shape__": [93], "__data__": [0.0025, 0.0075, 0.0125, 0.0175, 0.0225, 0.0275, 0.0325, 0.037500000000000006, 0.042499999999999996, 0.0475, 0.052500000000000005, 0.057499999999999996, 0.0625, 0.0675, 0.07250000000000001, 0.0775, 0.0825, 0.0875, 0.0925, 0.0975, 0.10250000000000001, 0.1075, 0.1125, 0.1175, 0.1225, 0.1275, 0.1325, 0.1375, 0.14250000000000002, 0.1475, 0.1525, 0.1575, 0.1625, 0.1675, 0.17250000000000001, 0.1775, 0.1825, 0.1875, 0.1925, 0.1975, 0.2025, 0.20750000000000002, 0.2125, 0.2175, 0.2225, 0.2275, 0.2325, 0.2375, 0.2425, 0.2475, 0.2525, 0.2575, 0.2625, 0.2675, 0.2725, 0.2775, 0.28250000000000003, 0.2875, 0.2925, 0.2975, 0.3025, 0.3075, 0.3125, 0.3175, 0.3225, 0.3275, 0.3325, 0.3375, 0.3425, 0.34750000000000003, 0.35250000000000004, 0.3575, 0.3625, 0.3675, 0.3725, 0.3775, 0.3825, 0.3875, 0.3925, 0.3975, 0.4025, 0.40750000000000003, 0.41250000000000003, 0.4175, 0.4225, 0.4275, 0.4325, 0.4375, 0.4425, 0.4475, 0.4525, 0.4575, 0.4625]}], "data": {"__dtype__": [["k", "<f8"], ["power_0", "<c8"], ["modes", "<i8"]], "__shape__": [93], "__data__": [[0.0037081367915242675, {"__complex__": [46581.078125, 3.0475215450145865e-13]}, 191], [0.008018577791264523, {"__complex__": [105214.1484375, 8.43589317866579e-14]}, 1380], [0.012844085612331841, {"__complex__": [114581.078125, 0.0]}, 3770], [0.01775141230162106, {"__complex__": [108587.1015625, -4.813202381147644e-14]}, 7256], [0.022691010615224643, {"__complex__": [111339.4609375, -9.69319907001033e-14]}, 12010], [0.027661296094027222, {"__complex__": [110427.71875, 2.3950095446906468e-14]}, 17924], [0.03263163473973046, {"__complex__": [99300.859375, 5.608124845047323e-14]}, 24910], [0.03760885918999335, {"__complex__": [97748.1796875, -4.0276057499972345e-14]}, 33240], [0.04258994605322728, {"__complex__": [98950.03125, -4.1024054508000726e-15]}, 42566], [0.047583805693835864, {"__complex__": [100381.375, 1.306129463347341e-14]}, 53478], [0.052589415944125126, {"__complex__": [99868.2890625, 1.7170269248295914e-14]}, 65258], [0.057576993125266096, {"__complex__": [95533.0859375, 1.496571692526788e-15]}, 77788], [0.0625679362273907, {"__complex__": [92810.6171875, -8.815717321181311e-15]}, 92438], [0.06756372941029527, {"__complex__": [93801.734375, -1.083820478263648e-15]}, 107412], [0.07255867544245412, {"__complex__": [91117.5546875, 7.496036601227322e-15]}, 124242], [0.07755343255815964, {"__complex__": [89450.9921875, -3.0837297471141608e-15]}, 141568], [0.08254944316463679, {"__complex__": [87645.4375, 2.170766719860901e-15]}, 160886], [0.0875469705282893, {"__complex__": [87045.78125, -9.027242623934392e-15]}, 180544], [0.09254207143002044, {"__complex__": [86737.5859375, 1.3254947541039425e-14]}, 202004], [0.09754200795670145, {"__complex__": [85254.8671875, -9.073155197807364e-15]}, 224538], [0.10254171329034444, {"__complex__": [84513.9296875, -3.75475771825849e-15]}, 248038], [0.10754099109209159, {"__complex__": [84036.2265625, 5.119482379798042e-15]}, 272876], [0.11253870054955198, {"__complex__": [83931.8203125, -1.2476105828236779e-14]}, 298594], [0.11753608765430268, {"__complex__": [82770.125, -8.929856493131486e-16]}, 325916], [0.12253572907412832, {"__complex__": [82854.6015625, -5.585296714195756e-15]}, 354334], [0.1275331697481456, {"__complex__": [83553.8671875, -9.108610091155297e-16]}, 383424], [0.13252928315027618, {"__complex__": [83743.3046875, -3.9345641782357384e-15]}, 414230], [0.13752809598823948, {"__complex__": [83336.8359375, 3.1296543912066313e-15]}, 446370], [0.1425292748907053, {"__complex__": [82683.203125, -9.710218418316216e-16]}, 479558], [0.14752984329410787, {"__complex__": [82221.5390625, -2.2669536637687313e-15]}, 513532], [0.15252898535896237, {"__complex__": [81716.6328125, 4.87776670522245e-15]}, 548930], [0.15752847498756622, {"__complex__": [81640.9921875, 2.385771633961302e-15]}, 585548], [0.16252705956276423, {"__complex__": [81497.0078125, -1.1210057540437038e-15]}, 623094], [0.16752723347134682, {"__complex__": [80233.4296875, -2.811030666119191e-15]}, 662620], [0.17252557298757182, {"__complex__": [80277.8203125, -6.636433790914887e-16]}, 701674], [0.1775232051718564, {"__complex__": [79629.171875, -3.7565246289864625e-15]}, 743764], [0.1825215844754662, {"__complex__": [80066.90625, 5.927309454176611e-16]}, 785620], [0.18752064712987349, {"__complex__": [79538.6171875, 4.207275911785358e-16]}, 830100], [0.19252067437217257, {"__complex__": [79086.1875, 6.656731876704652e-16]}, 874418], [0.19751987908784707, {"__complex__": [79849.859375, -1.0115572387971866e-15]}, 920682], [0.20251936794243589, {"__complex__": [80265.6328125, 8.42091674677374e-16]}, 967718], [0.20751955964231095, {"__complex__": [79853.6875, 2.290359884018887e-16]}, 1016568], [0.2125192859071403, {"__complex__": [79300.1328125, -2.9500503721037767e-15]}, 1065478], [0.21751870204394746, {"__complex__": [79797.1640625, -9.903694507754491e-16]}, 1116700], [0.22251763655620238, {"__complex__": [79323.53125, -6.977387845590792e-16]}, 1167926], [0.2275173612096972, {"__complex__": [79124.46875, -6.1921321875533e-16]}, 1222034], [0.23251753944930767, {"__complex__": [78854.015625, 7.301203776765783e-16]}, 1275574], [0.237518608068736, {"__complex__": [78484.578125, -8.738393165734124e-16]}, 1332228], [0.24251933382685822, {"__complex__": [78266.2109375, 2.5169537440849436e-15]}, 1387574], [0.2475188275283454, {"__complex__": [78115.078125, 6.440663830376329e-16]}, 1446004], [0.2525176353551358, {"__complex__": [78211.1796875, 5.41825906414013e-16]}, 1504002], [0.25751592740199597, {"__complex__": [78641.234375, 5.951749001682858e-16]}, 1564788], [0.2625152321376914, {"__complex__": [79060.734375, -5.727289505825205e-16]}, 1626114], [0.2675142035428968, {"__complex__": [78623.8125, -5.515732439336602e-16]}, 1688484], [0.27251407722071946, {"__complex__": [78776.6796875, -9.297712314212188e-16]}, 1752920], [0.277514999580621, {"__complex__": [78444.546875, 8.965408583510117e-16]}, 1817892], [0.28251513318998955, {"__complex__": [78625.265625, 4.945042402937241e-16]}, 1883346], [0.2875150555774266, {"__complex__": [78219.4765625, -1.1933301916406043e-15]}, 1951100], [0.2925143032383768, {"__complex__": [78703.8515625, 6.92088016009709e-16]}, 2018506], [0.2975129983065177, {"__complex__": [78258.8671875, -4.458994780770227e-16]}, 2088638], [0.30251265006104155, {"__complex__": [78042.96875, -1.0780434488655776e-16]}, 2159752], [0.3075131135075962, {"__complex__": [78178.8203125, -3.390155138969955e-16]}, 2232050], [0.31251255553945134, {"__complex__": [78357.7578125, -3.536850128126967e-16]}, 2304048], [0.3175120364779517, {"__complex__": [78389.921875, -1.8101587479516174e-15]}, 2379552], [0.3225126598898453, {"__complex__": [78470.28125, -1.8968058774118776e-16]}, 2454976], [0.3275133985704822, {"__complex__": [78552.078125, 5.977122932409045e-16]}, 2531986], [0.33251410375899365, {"__complex__": [78405.1484375, 9.368487210911205e-16]}, 2609516], [0.3375135412275565, {"__complex__": [78027.3125, 6.064123804003902e-16]}, 2687634], [0.34251245849241974, {"__complex__": [77988.8984375, 1.6821881103079312e-16]}, 2768188], [0.3475114266102975, 