{"poles": {"dims": ["k"], "edges": [{"__dtype__": "<f8", "__shape__": [94], "__data__": [0.0, 0.005, 0.01, 0.015, 0.02, 0.025, 0.03, 0.035, 0.04, 0.045, 0.05, 0.055, 0.06, 0.065, 0.07, 0.075, 0.08, 0.085, 0.09, 0.095, 0.1, 0.105, 0.11, 0.115, 0.12, 0.125, 0.13, 0.135, 0.14, 0.145, 0.15, 0.155, 0.16, 0.165, 0.17, 0.17500000000000002, 0.18, 0.185, 0.19, 0.195, 0.2, 0.20500000000000002, 0.21, 0.215, 0.22, 0.225, 0.23, 0.23500000000000001, 0.24, 0.245, 0.25, 0.255, 0.26, 0.265, 0.27, 0.275, 0.28, 0.28500000000000003, 0.29, 0.295, 0.3, 0.305, 0.31, 0.315, 0.32, 0.325, 0.33, 0.335, 0.34, 0.34500000000000003, 0.35000000000000003, 0.355, 0.36, 0.365, 0.37, 0.375, 0.38, 0.385, 0.39, 0.395, 0.4, 0.405, 0.41000000000000003, 0.41500000000000004, 0.42, 0.425, 0.43, 0.435, 0.44, 0.445, 0.45, 0.455, 0.46, 0.465]}], "coords": [{"__dtype__": "<f8", "__shape__": [93], "__data__": [0.0025, 0.0075, 0.0125, 0.0175, 0.0225, 0.0275, 0.0325, 0.037500000000000006, 0.042499999999999996, 0.0475, 0.052500000000000005, 0.057499999999999996, 0.0625, 0.0675, 0.07250000000000001, 0.0775, 0.0825, 0.0875, 0.0925, 0.0975, 0.10250000000000001, 0.1075, 0.1125, 0.1175, 0.1225, 0.1275, 0.1325, 0.1375, 0.14250000000000002, 0.1475, 0.1525, 0.1575, 0.1625, 0.1675, 0.17250000000000001, 0.1775, 0.1825, 0.1875, 0.1925, 0.1975, 0.2025, 0.20750000000000002, 0.2125, 0.2175, 0.2225, 0.2275, 0.2325, 0.2375, 0.2425, 0.2475, 0.2525, 0.2575, 0.2625, 0.2675, 0.2725, 0.2775, 0.28250000000000003, 0.2875, 0.2925, 0.2975, 0.3025, 0.3075, 0.3125, 0.3175, 0.3225, 0.3275, 0.3325, 0.3375, 0.3425, 0.34750000000000003, 0.35250000000000004, 0.3575, 0.3625, 0.3675, 0.3725, 0.3775, 0.3825, 0.3875, 0.3925, 0.3975, 0.4025, 0.40750000000000003, 0.41250000000000003, 0.4175, 0.4225, 0.4275, 0.4325, 0.4375, 0.4425, 0.4475, 0.4525, 0.4575, 0.4625]}], "data": {"__dtype__": [["k", "<f8"], ["power_0", "<c8"], ["modes", "<i8"]], "__shape__": [93], "__data__": [[0.0037081367915242675, {"__complex__": [108067.203125, -7.618803862536466e-14]}, 191], [0.008018577791264523, {"__complex__": [116566.1796875, 3.163459687889787e-14]}, 1380], [0.012844085612331841, {"__complex__": [121169.2421875, -1.0614792600666459e-13]}, 3770], [0.01775141230162106, {"__complex__": [111686.953125, 1.1030255315624526e-14]}, 7256], [0.022691010615224643, {"__complex__": [108338.734375, -1.938639881764702e-14]}, 12010], [0.027661296094027222, {"__complex__": [106749.40625, 1.9484822352052074e-14]}, 17924], [0.03263163473973046, {"__complex__": [100649.3515625, 3.0377342487156525e-14]}, 24910], [0.03760885918999335, {"__complex__": [97342.3046875, -6.566748919739867e-16]}, 33240], [0.04258994605322728, {"__complex__": [96610.734375, 1.7777088733906578e-14]}, 42566], [0.047583805693835864, {"__complex__": [97947.1875, 1.306129463347341e-14]}, 53478], [0.052589415944125126, {"__complex__": [92612.625, -8.919621158755102e-16]}, 65258], [0.057576993125266096, {"__complex__": [91426.7265625, 4.863858000712061e-15]}, 77788], [0.0625679362273907, {"__complex__": [90337.96875, -1.259388173614599e-15]}, 92438], [0.06756372941029527, {"__complex__": [91166.8046875, 5.41910239131824e-16]}, 107412], [0.07255867544245412, {"__complex__": [89247.9375, -4.685022875767077e-16]}, 124242], [0.07755343255815964, {"__complex__": [87205.2734375, 4.111639803991039e-15]}, 141568], [0.08254944316463679, {"__complex__": [85884.046875, -7.235889066203004e-15]}, 160886], [0.0875469705282893, {"__complex__": [85315.4296875, -1.612007671919209e-15]}, 180544], [0.09254207143002044, {"__complex__": [85120.7265625, 0.0]}, 202004], [0.09754200795670145, {"__complex__": [83516.8203125, 7.776989806535049e-15]}, 224538], [0.10254171329034444, {"__complex__": [82779.40625, -2.3467236268511155e-15]}, 248038], [0.10754099109209159, {"__complex__": [82075.671875, -3.839611784848531e-15]}, 272876], [0.11253870054955198, {"__complex__": [80131.5703125, 3.508904711252035e-15]}, 298594], [0.11753608765430268, {"__complex__": [80761.8203125, 3.5719425972525944e-15]}, 325916], [0.12253572907412832, {"__complex__": [81246.6015625, 1.3141873936536896e-15]}, 354334], [0.1275331697481456, {"__complex__": [80159.265625, 2.5807728062211084e-15]}, 383424], [0.13252928315027618, {"__complex__": [80027.453125, -1.4052014544130786e-16]}, 414230], [0.13752809598823948, {"__complex__": [79292.1953125, 1.9560341268530426e-15]}, 446370], [0.1425292748907053, {"__complex__": [79769.796875, 0.0]}, 479558], [0.14752984329410787, {"__complex__": [79922.7265625, 2.4936489030906624e-15]}, 513532], [0.15252898535896237, {"__complex__": [77889.9609375, 1.4845376836869094e-15]}, 548930], [0.15752847498756622, {"__complex__": [78612.2578125, -4.970357570752712e-16]}, 585548], [0.16252705956276423, {"__complex__": [78366.1875, -9.341714617030865e-16]}, 623094], [0.16752723347134682, {"__complex__": [78040.84375, -1.7568941663244944e-16]}, 662620], [0.17252557298757182, {"__complex__": [77776.546875, 4.977324946139471e-16]}, 701674], [0.1775232051718564, {"__complex__": [77553.96875, -6.260874205178907e-16]}, 743764], [0.1825215844754662, {"__complex__": [77627.6171875, 1.4818273900139324e-15]}, 785620], [0.18752064712987349, {"__complex__": [77732.671875, 1.121940243142762e-15]}, 830100], [0.19252067437217257, {"__complex__": [76886.765625, -1.531048262820643e-15]}, 874418], [0.19751987908784707, {"__complex__": [76429.265625, -1.0115572387971866e-15]}, 920682], [0.20251936794243589, {"__complex__": [76375.734375, 1.624033951583444e-15]}, 967718], [0.20751955964231095, {"__complex__": [76952.109375, 9.734028514463535e-16]}, 1016568], [0.2125192859071403, {"__complex__": [76651.796875, 1.0926112244182695e-16]}, 1065478], [0.21751870204394746, {"__complex__": [76780.375, 8.339953102510437e-16]}, 1116700], [0.22251763655620238, {"__complex__": [76551.671875, 3.98707857983917e-16]}, 1167926], [0.2275173612096972, {"__complex__": [76488.4375, 2.8579071634861385e-16]}, 1222034], [0.23251753944930767, {"__complex__": [76787.3984375, -5.475902832574337e-16]}, 1275574], [0.237518608068736, {"__complex__": [76501.4921875, 6.116875427772124e-16]}, 1332228], [0.24251933382685822, {"__complex__": [75512.78125, 3.3559384489722296e-16]}, 1387574], [0.2475188275283454, {"__complex__": [76204.7265625, -2.415249068740021e-16]}, 1446004], [0.2525176353551358, {"__complex__": [76266.953125, -1.5480740750467076e-16]}, 1504002], [0.25751592740199597, {"__complex__": [75822.0234375, 1.9343185314260472e-15]}, 1564788], [0.2625152321376914, {"__complex__": [76038.828125, -5.727289505825205e-16]}, 1626114], [0.2675142035428968, {"__complex__": [76183.6484375, 0.0]}, 1688484], [0.27251407722071946, {"__complex__": [76243.0703125, 3.9847336220642554e-16]}, 1752920], [0.277514999580621, {"__complex__": [75968.40625, -5.123090846032464e-16]}, 1817892], [0.28251513318998955, {"__complex__": [75842.078125, -6.181303003671552e-17]}, 1883346], [0.2875150555774266, {"__complex__": [76041.140625, -3.5799903102240167e-16]}, 1951100], [0.2925143032383768, {"__complex__": [75872.6484375, 2.88370011082342e-16]}, 2018506], [0.2975129983065177, {"__complex__": [75592.296875, -9.475363710613385e-16]}, 2088638], [0.30251265006104155, {"__complex__": [75634.34375, -1.2397499264907449e-15]}, 2159752], [0.3075131135075962, {"__complex__": [75871.9921875, 1.0170465416909865e-15]}, 2232050], [0.31251255553945134, {"__complex__": [75781.3203125, 3.0315859753647124e-16]}, 2304048], [0.3175120364779517, {"__complex__": [75846.0546875, 5.014628806532142e-16]}, 2379552], [0.3225126598898453, {"__complex__": [75881.3203125, -6.401719902439536e-16]}, 2454976], [0.3275133985704822, {"__complex__": [75573.078125, -7.356458912288733e-16]}, 2531986], [0.33251410375899365, {"__complex__": [75803.1953125, -6.245658317072667e-16]}, 2609516], [0.3375135412275565, {"__complex__": [75845.078125, -4.3315168516040465e-16]}, 2687634], [0.34251245849241974, {"__complex__": [75655.3828125, -2.523282033112999e-16]}, 2768188], [0.3475114266102975, {"__complex__": [75219.890625, 