{"poles": {"dims": ["k"], "edges": [{"__dtype__": "<f8", "__shape__": [94], "__data__": [0.0, 0.005, 0.01, 0.015, 0.02, 0.025, 0.03, 0.035, 0.04, 0.045, 0.05, 0.055, 0.06, 0.065, 0.07, 0.075, 0.08, 0.085, 0.09, 0.095, 0.1, 0.105, 0.11, 0.115, 0.12, 0.125, 0.13, 0.135, 0.14, 0.145, 0.15, 0.155, 0.16, 0.165, 0.17, 0.17500000000000002, 0.18, 0.185, 0.19, 0.195, 0.2, 0.20500000000000002, 0.21, 0.215, 0.22, 0.225, 0.23, 0.23500000000000001, 0.24, 0.245, 0.25, 0.255, 0.26, 0.265, 0.27, 0.275, 0.28, 0.28500000000000003, 0.29, 0.295, 0.3, 0.305, 0.31, 0.315, 0.32, 0.325, 0.33, 0.335, 0.34, 0.34500000000000003, 0.35000000000000003, 0.355, 0.36, 0.365, 0.37, 0.375, 0.38, 0.385, 0.39, 0.395, 0.4, 0.405, 0.41000000000000003, 0.41500000000000004, 0.42, 0.425, 0.43, 0.435, 0.44, 0.445, 0.45, 0.455, 0.46, 0.465]}], "coords": [{"__dtype__": "<f8", "__shape__": [93], "__data__": [0.0025, 0.0075, 0.0125, 0.0175, 0.0225, 0.0275, 0.0325, 0.037500000000000006, 0.042499999999999996, 0.0475, 0.052500000000000005, 0.057499999999999996, 0.0625, 0.0675, 0.07250000000000001, 0.0775, 0.0825, 0.0875, 0.0925, 0.0975, 0.10250000000000001, 0.1075, 0.1125, 0.1175, 0.1225, 0.1275, 0.1325, 0.1375, 0.14250000000000002, 0.1475, 0.1525, 0.1575, 0.1625, 0.1675, 0.17250000000000001, 0.1775, 0.1825, 0.1875, 0.1925, 0.1975, 0.2025, 0.20750000000000002, 0.2125, 0.2175, 0.2225, 0.2275, 0.2325, 0.2375, 0.2425, 0.2475, 0.2525, 0.2575, 0.2625, 0.2675, 0.2725, 0.2775, 0.28250000000000003, 0.2875, 0.2925, 0.2975, 0.3025, 0.3075, 0.3125, 0.3175, 0.3225, 0.3275, 0.3325, 0.3375, 0.3425, 0.34750000000000003, 0.35250000000000004, 0.3575, 0.3625, 0.3675, 0.3725, 0.3775, 0.3825, 0.3875, 0.3925, 0.3975, 0.4025, 0.40750000000000003, 0.41250000000000003, 0.4175, 0.4225, 0.4275, 0.4325, 0.4375, 0.4425, 0.4475, 0.4525, 0.4575, 0.4625]}], "data": {"__dtype__": [["k", "<f8"], ["power_0", "<c8"], ["modes", "<i8"]], "__shape__": [93], "__data__": [[0.0037081367915242675, {"__complex__": [106045.796875, 9.142564092942673e-13]}, 191], [0.008018577791264523, {"__complex__": [103025.609375, -6.854162826501128e-14]}, 1380], [0.012844085612331841, {"__complex__": [113927.1328125, -1.8527636835765499e-13]}, 3770], [0.01775141230162106, {"__complex__": [113286.453125, 2.406601190573822e-14]}, 7256], [0.022691010615224643, {"__complex__": [108582.8125, -1.938639881764702e-14]}, 12010], [0.027661296094027222, {"__complex__": [105783.75, 6.00782038050543e-14]}, 17924], [0.03263163473973046, {"__complex__": [105034.484375, 1.4020312112618307e-14]}, 24910], [0.03760885918999335, {"__complex__": [99409.0078125, -1.4009064362111717e-14]}, 33240], [0.04258994605322728, {"__complex__": [97956.6796875, 2.8033102572664996e-14]}, 42566], [0.047583805693835864, {"__complex__": [95247.6875, 6.530647316736705e-15]}, 53478], [0.052589415944125126, {"__complex__": [93267.7890625, -1.0703544543473175e-14]}, 65258], [0.057576993125266096, {"__complex__": [91949.640625, 9.727716001424122e-15]}, 77788], [0.0625679362273907, {"__complex__": [92400.3125, -8.500870092489204e-15]}, 92438], [0.06756372941029527, {"__complex__": [88558.5234375, -4.877191993367738e-15]}, 107412], [0.07255867544245412, {"__complex__": [89292.0078125, 1.405506862730123e-15]}, 124242], [0.07755343255815964, {"__complex__": [88751.1796875, 2.4669838823946234e-15]}, 141568], [0.08254944316463679, {"__complex__": [84717.3515625, 2.5325611731710513e-15]}, 160886], [0.0875469705282893, {"__complex__": [83928.234375, -3.2240151850197404e-16]}, 180544], [0.09254207143002044, {"__complex__": [83543.9921875, 1.3507079867981672e-16]}, 202004], [0.09754200795670145, {"__complex__": [83474.359375, -2.5923301472699197e-15]}, 224538], [0.10254171329034444, {"__complex__": [83649.671875, -3.75475771825849e-15]}, 248038], [0.10754099109209159, {"__complex__": [82860.1328125, 6.399352974747552e-16]}, 272876], [0.11253870054955198, {"__complex__": [81947.65625, -3.508904711252035e-15]}, 298594], [0.11753608765430268, {"__complex__": [80832.5078125, -1.4287769753735667e-15]}, 325916], [0.12253572907412832, {"__complex__": [81889.8203125, 4.928202858550234e-16]}, 354334], [0.1275331697481456, {"__complex__": [81701.09375, 2.7325829214674708e-15]}, 383424], [0.13252928315027618, {"__complex__": [81463.5234375, 0.0]}, 414230], [0.13752809598823948, {"__complex__": [80985.09375, -2.0864363313904998e-15]}, 446370], [0.1425292748907053, {"__complex__": [81041.609375, -1.4565327627474325e-15]}, 479558], [0.14752984329410787, {"__complex__": [80225.078125, -2.21027974805913e-15]}, 513532], [0.15252898535896237, {"__complex__": [79383.8125, -1.4845376836869094e-15]}, 548930], [0.15752847498756622, {"__complex__": [79556.8828125, 0.0]}, 585548], [0.16252705956276423, {"__complex__": [79586.578125, -2.0551772157467903e-15]}, 623094], [0.16752723347134682, {"__complex__": [78458.1796875, 6.149129383612383e-16]}, 662620], [0.17252557298757182, {"__complex__": [78829.59375, 1.659108421258942e-15]}, 701674], [0.1775232051718564, {"__complex__": [78969.25, -1.330435814922632e-15]}, 743764], [0.1825215844754662, {"__complex__": [78734.796875, -2.0745583883711527e-15]}, 785620], [0.18752064712987349, {"__complex__": [77807.390625, -2.5243654941316555e-15]}, 830100], [0.19252067437217257, {"__complex__": [78436.6640625, -1.4644810022871116e-15]}, 874418], [0.19751987908784707, {"__complex__": [77910.5, 1.770225273774195e-15]}, 920682], [0.20251936794243589, {"__complex__": [77663.0390625, 2.0450797359825718e-15]}, 967718], [0.20751955964231095, {"__complex__": [77030.6015625, 4.580719768037774e-16]}, 1016568], [0.2125192859071403, {"__complex__": [77682.3359375, -1.09261119794849e-15]}, 1065478], [0.21751870204394746, {"__complex__": [77630.2421875, -1.6679906205020875e-15]}, 1116700], [0.22251763655620238, {"__complex__": [77759.0703125, 4.983848158624513e-16]}, 1167926], [0.2275173612096972, {"__complex__": [77298.765625, 0.0]}, 1222034], [0.23251753944930767, {"__complex__": [76877.4296875, -2.0534635622153764e-16]}, 1275574], [0.237518608068736, {"__complex__": [76783.015625, 6.116875427772124e-16]}, 1332228], [0.24251933382685822, {"__complex__": [77019.25, 1.7618677055627552e-15]}, 1387574], [0.2475188275283454, {"__complex__": [77067.359375, -4.830498137480042e-16]}, 1446004], [0.2525176353551358, {"__complex__": [76990.921875, -6.579314653512385e-16]}, 1504002], [0.25751592740199597, {"__complex__": [76675.0078125, -3.9058354147032735e-16]}, 1564788], [0.2625152321376914, {"__complex__": [76552.2265625, 5.011378317597054e-16]}, 1626114], [0.2675142035428968, {"__complex__": [76928.6953125, 2.757866219668301e-16]}, 1688484], [0.27251407722071946, {"__complex__": [76724.578125, 3.9847336220642554e-16]}, 1752920], [0.277514999580621, {"__complex__": [76824.2890625, 7.684636004350899e-16]}, 1817892], [0.28251513318998955, {"__complex__": [76562.734375, 1.359886621103072e-15]}, 1883346], [0.2875150555774266, {"__complex__": [77196.578125, 0.0]}, 1951100], [0.2925143032383768, {"__complex__": [77048.1015625, 6.92088016009709e-16]}, 2018506], [0.2975129983065177, {"__complex__": [76362.9453125, 5.852430682848147e-16]}, 2088638], [0.30251265006104155, {"__complex__": [76714.890625, -7.546303877361247e-16]}, 2159752], [0.3075131135075962, {"__complex__": [76377.8984375, 2.216639959641385e-16]}, 2232050], [0.31251255553945134, {"__complex__": [76554.5859375, -9.347389737777469e-16]}, 2304048], [0.3175120364779517, {"__complex__": [76461.5234375, -1.956928408356886e-16]}, 2379552], [0.3225126598898453, {"__complex__": [76287.6328125, -1.4226044080589082e-16]}, 2454976], [0.3275133985704822, {"__complex__": [76487.375, -2.758672224457173e-16]}, 2531986], [0.33251410375899365, {"__complex__": [76433.234375, 4.461184360938879e-16]}, 2609516], [0.3375135412275565, {"__complex__": [76429.6953125, -3.465213640101915e-16]}, 2687634], [0.34251245849241974, {"__complex__": [76616.3125, -6.308205347480293e-16]}, 2768188], [0.3475114266102975, {"__complex__": [76442.796875, 2.451387200039034e-16]}, 2849374], 