{"edges": {"__dtype__": "<f8", "__shape__": [116], "__data__": [0.0, 0.005, 0.01, 0.015, 0.02, 0.025, 0.03, 0.035, 0.04, 0.045, 0.05, 0.055, 0.06, 0.065, 0.07, 0.075, 0.08, 0.085, 0.09, 0.095, 0.1, 0.105, 0.11, 0.115, 0.12, 0.125, 0.13, 0.135, 0.14, 0.145, 0.15, 0.155, 0.16, 0.165, 0.17, 0.17500000000000002, 0.18, 0.185, 0.19, 0.195, 0.2, 0.20500000000000002, 0.21, 0.215, 0.22, 0.225, 0.23, 0.23500000000000001, 0.24, 0.245, 0.25, 0.255, 0.26, 0.265, 0.27, 0.275, 0.28, 0.28500000000000003, 0.29, 0.295, 0.3, 0.305, 0.31, 0.315, 0.32, 0.325, 0.33, 0.335, 0.34, 0.34500000000000003, 0.35000000000000003, 0.355, 0.36, 0.365, 0.37, 0.375, 0.38, 0.385, 0.39, 0.395, 0.4, 0.405, 0.41000000000000003, 0.41500000000000004, 0.42, 0.425, 0.43, 0.435, 0.44, 0.445, 0.45, 0.455, 0.46, 0.465, 0.47000000000000003, 0.47500000000000003, 0.48, 0.485, 0.49, 0.495, 0.5, 0.505, 0.51, 0.515, 0.52, 0.525, 0.53, 0.535, 0.54, 0.545, 0.55, 0.555, 0.56, 0.5650000000000001, 0.5700000000000001, 0.5750000000000001]}, "poles": {"__dtype__": [["k", "<f8"], ["power_2", "<c8"], ["modes", "<i8"]], "__shape__": [115], "__data__": [[0.0037054420134658554, {"__complex__": [-89111.6640625, -2.4545398265990448e-12]}, 83], [0.008002706039259398, {"__complex__": [-35240.26953125, -2.9299156959101957e-13]}, 596], [0.012849701484846114, {"__complex__": [-4524.12890625, -2.825614633765461e-13]}, 1648], [0.0177641384261076, {"__complex__": [28959.6328125, -7.37739676206356e-14]}, 3156], [0.022684229681789413, {"__complex__": [8027.08251953125, -6.747410247719132e-14]}, 5176], [0.027646384376179004, {"__complex__": [5928.48681640625, -1.6409130185277704e-13]}, 7804], [0.032636129245414154, {"__complex__": [9465.7373046875, -1.6594054418322263e-13]}, 10874], [0.037622935176432226, {"__complex__": [17927.662109375, 4.635009688341504e-14]}, 14442], [0.0426065943302704, {"__complex__": [17882.47265625, 1.2555578694512914e-14]}, 18544], [0.047584168879418735, {"__complex__": [5969.67626953125, -3.536923968224144e-14]}, 23040], [0.052572163944886785, {"__complex__": [5860.591796875, 3.693639971246061e-14]}, 28366], [0.05756591012932392, {"__complex__": [4988.89453125, -2.409684898721596e-14]}, 33818], [0.06255885577973451, {"__complex__": [6514.30908203125, 2.3207638881386078e-14]}, 40130], [0.06756290621144688, {"__complex__": [3114.96142578125, 1.8641166525158476e-15]}, 46838], [0.07256050504780319, {"__complex__": [2468.3115234375, -1.7302467374439787e-14]}, 53826], [0.0775516441986681, {"__complex__": [4242.03466796875, 1.8903501946285553e-14]}, 61584], [0.08254999402587553, {"__complex__": [4129.62890625, 2.666101423019849e-14]}, 69864], [0.08754547074829418, {"__complex__": [5431.70703125, -2.969627209338955e-15]}, 78404], [0.09254370656486871, {"__complex__": [3341.091796875, -2.89707311993423e-15]}, 87902], [0.09754153604884025, {"__complex__": [2149.766845703125, -2.8712031667141313e-14]}, 97310], [0.10253422913940137, {"__complex__": [2146.7919921875, -6.484569994955492e-15]}, 107716], [0.1075359850070505, {"__complex__": [736.9190063476562, 0.0]}, 118654], [0.11253957840084304, {"__complex__": [1542.633056640625, -3.584491390366167e-15]}, 129910], [0.11753653834673844, {"__complex__": [2287.303466796875, 4.940668218918502e-15]}, 141376], [0.12253336603812491, {"__complex__": [1603.846435546875, 3.7807492948219027e-16]}, 153958], [0.12753369323485178, {"__complex__": [-660.8015747070312, -1.3267260011960713e-14]}, 166718], [0.1325298054599073, {"__complex__": [-1366.1585693359375, 1.2948991828952883e-15]}, 179806], [0.13753126919241337, {"__complex__": [2041.2396240234375, -1.1984158833350375e-15]}, 194282], [0.14252978867508304, {"__complex__": [941.0841674804688, -1.0085361263842147e-14]}, 207774], [0.14752584639061916, {"__complex__": [-1214.24755859375, -4.171134551173234e-15]}, 223278], [0.1525273402624495, {"__complex__": [280.5401916503906, -8.786209234397813e-15]}, 238496], [0.15752777994300757, {"__complex__": [1517.45703125, -1.0980678477221732e-14]}, 254444], [0.16252677921627748, {"__complex__": [879.8434448242188, 0.0]}, 270682], [0.16752582095517576, {"__complex__": [1098.9466552734375, 8.497173640707387e-15]}, 287710], [0.1725259295419247, {"__complex__": [583.80126953125, 7.628738711974812e-15]}, 305202], [0.17752572093623975, {"__complex__": [-1013.8981323242188, 4.32492015901083e-15]}, 323008], [0.18252702152554795, {"__complex__": [614.3826293945312, 7.492823805258387e-15]}, 341812], [0.18752508561671835, {"__complex__": [-1144.63427734375, -5.173726793256681e-15]}, 360020], [0.19252006361125312, {"__complex__": [-73.72293853759766, -2.4526044393237975e-15]}, 379728], [0.19751626124600596, {"__complex__": [-46.2553825378418, 0.0]}, 399660], [0.20251335405021748, {"__complex__": [255.6068572998047, -7.201175961958628e-15]}, 420320], [0.20751594275294782, {"__complex__": [-1309.2835693359375, -3.950120785345011e-15]}, 442070], [0.21251689533718626, {"__complex__": [64.66517639160156, 4.0260873587359865e-15]}, 462644], [0.21751895130525958, {"__complex__": [-11.097478866577148, 4.792528932707303e-15]}, 485820], [0.22252064263763735, {"__complex__": [325.3262023925781, -4.589568615358621e-16]}, 507304], [0.22751949683857262, {"__complex__": [167.16798400878906, 3.5092867231112466e-15]}, 530776], [0.23252062744923513, {"__complex__": [-244.69827270507812, 8.397495756386566e-16]}, 554524], [0.23751988845699762, {"__complex__": [-560.326416015625, 3.021117071653123e-15]}, 578008], [0.24251952417933192, {"__complex__": [-129.1669158935547, -4.245410023285016e-15]}, 603272], [0.24751886354741093, {"__complex__": [-174.12376403808594, -3.70898257548121e-16]}, 627748], [0.2525158523431189, {"__complex__": [-523.7939453125, -2.494726117241333e-15]}, 653304], [0.2575140585584922, {"__complex__": [644.7469482421875, -1.3698015652671572e-15]}, 679896], [0.2625126084722789, {"__complex__": [-153.33123779296875, 3.9569457533175124e-15]}, 706092], [0.26751303339828036, {"__complex__": [-876.8819580078125, 3.8051578726860154e-15]}, 734258], [0.2725141980302592, {"__complex__": [-93.10275268554688, -3.058771709565076e-15]}, 761190], [0.27751499291909654, {"__complex__": [-346.62420654296875, 5.010495497507778e-15]}, 789966], [0.2825156597003922, {"__complex__": [609.176025390625, -2.8454777490785697e-16]}, 818248], [0.2875141801620819, {"__complex__": [267.5151672363281, 1.0995231985563218e-15]}, 847024], [0.29251195304227423, {"__complex__": [205.8313751220703, -6.371618998472078e-15]}, 877004], [0.2975142527009851, {"__complex__": [-688.6766357421875, -1.281257637870419e-16]}, 908602], [0.30251615798691667, {"__complex__": [192.4652557373047, 4.965454308779294e-16]}, 937802], [0.30751506635382575, {"__complex__": [382.6463928222656, 1.6807305254243842e-15]}, 969706], [0.31251223811931306, {"__complex__": [158.8046417236328, 1.193309545212515e-15]}, 999956], [0.3175098816792195, {"__complex__": [74.8908462524414, -4.503232664627359e-16]}, 1034060], [0.3225110492752749, {"__complex__": [-942.9314575195312, -1.9650255933463838e-15]}, 1066386], [0.3275123331358606, {"__complex__": [33.24204635620117, -1.5870806040122582e-16]}, 1100278], [0.3325123291547583, {"__complex__": [286.4068298339844, 8.219462136367921e-16]}, 1133070], [0.3375117534479973, {"__complex__": [-980.8167114257812, 7.973092545142759e-16]}, 1168082], [0.3425129583700723, {"__complex__": [-721.23583984375, -1.548001415501701e-15]}, 1203258], [0.3475132726509487, {"__complex__": [121.27421569824219, 1.3166026022236668e-15]}, 1237894], [0.35251300538197095, {"__complex__": [172.46112060546875, -2.7410672269836435e-15]}, 1274124], [0.3575125695577228, {"__complex__": [296.9002685546875, -3.109758646066812e-16]}, 1310242], [0.36251151779301266, {"__complex__": [-72.70120239257812, 0.0]}, 1346914], [0.3675115630015573, {"__complex__": [-289.06207275390625, 1.1764963647259907e-15]}, 1385312], [0.3725118957087531, {"__complex__": [-586.6206665039062, -3.928774708041255e-15]}, 1422310], [0.37751124096797295, {"__complex__": 