{"poles": {"dims": ["k"], "edges": [{"__dtype__": "<f8", "__shape__": [94], "__data__": [0.0, 0.005, 0.01, 0.015, 0.02, 0.025, 0.03, 0.035, 0.04, 0.045, 0.05, 0.055, 0.06, 0.065, 0.07, 0.075, 0.08, 0.085, 0.09, 0.095, 0.1, 0.105, 0.11, 0.115, 0.12, 0.125, 0.13, 0.135, 0.14, 0.145, 0.15, 0.155, 0.16, 0.165, 0.17, 0.17500000000000002, 0.18, 0.185, 0.19, 0.195, 0.2, 0.20500000000000002, 0.21, 0.215, 0.22, 0.225, 0.23, 0.23500000000000001, 0.24, 0.245, 0.25, 0.255, 0.26, 0.265, 0.27, 0.275, 0.28, 0.28500000000000003, 0.29, 0.295, 0.3, 0.305, 0.31, 0.315, 0.32, 0.325, 0.33, 0.335, 0.34, 0.34500000000000003, 0.35000000000000003, 0.355, 0.36, 0.365, 0.37, 0.375, 0.38, 0.385, 0.39, 0.395, 0.4, 0.405, 0.41000000000000003, 0.41500000000000004, 0.42, 0.425, 0.43, 0.435, 0.44, 0.445, 0.45, 0.455, 0.46, 0.465]}], "coords": [{"__dtype__": "<f8", "__shape__": [93], "__data__": [0.0025, 0.0075, 0.0125, 0.0175, 0.0225, 0.0275, 0.0325, 0.037500000000000006, 0.042499999999999996, 0.0475, 0.052500000000000005, 0.057499999999999996, 0.0625, 0.0675, 0.07250000000000001, 0.0775, 0.0825, 0.0875, 0.0925, 0.0975, 0.10250000000000001, 0.1075, 0.1125, 0.1175, 0.1225, 0.1275, 0.1325, 0.1375, 0.14250000000000002, 0.1475, 0.1525, 0.1575, 0.1625, 0.1675, 0.17250000000000001, 0.1775, 0.1825, 0.1875, 0.1925, 0.1975, 0.2025, 0.20750000000000002, 0.2125, 0.2175, 0.2225, 0.2275, 0.2325, 0.2375, 0.2425, 0.2475, 0.2525, 0.2575, 0.2625, 0.2675, 0.2725, 0.2775, 0.28250000000000003, 0.2875, 0.2925, 0.2975, 0.3025, 0.3075, 0.3125, 0.3175, 0.3225, 0.3275, 0.3325, 0.3375, 0.3425, 0.34750000000000003, 0.35250000000000004, 0.3575, 0.3625, 0.3675, 0.3725, 0.3775, 0.3825, 0.3875, 0.3925, 0.3975, 0.4025, 0.40750000000000003, 0.41250000000000003, 0.4175, 0.4225, 0.4275, 0.4325, 0.4375, 0.4425, 0.4475, 0.4525, 0.4575, 0.4625]}], "data": {"__dtype__": [["k", "<f8"], ["power_0", "<c8"], ["modes", "<i8"]], "__shape__": [93], "__data__": [[0.0037081367915242675, {"__complex__": [111711.8359375, -1.0666325678601596e-12]}, 191], [0.008018577791264523, {"__complex__": [113521.203125, -9.49037940248254e-14]}, 1380], [0.012844085612331841, {"__complex__": [106444.4296875, 0.0]}, 3770], [0.01775141230162106, {"__complex__": [104783.9921875, -8.82420425249962e-14]}, 7256], [0.022691010615224643, {"__complex__": [110751.1875, -9.69319940882351e-15]}, 12010], [0.027661296094027222, {"__complex__": [108997.828125, -1.9484822352052074e-14]}, 17924], [0.03263163473973046, {"__complex__": [102478.71875, 4.673437370872769e-15]}, 24910], [0.03760885918999335, {"__complex__": [95270.0234375, -1.7511330452639647e-15]}, 33240], [0.04258994605322728, {"__complex__": [96468.2734375, 1.3674684130139452e-15]}, 42566], [0.047583805693835864, {"__complex__": [95136.7890625, 6.530647316736705e-15]}, 53478], [0.052589415944125126, {"__complex__": [92341.8046875, 6.243734387612098e-15]}, 65258], [0.057576993125266096, {"__complex__": [93122.640625, -8.979430155160728e-15]}, 77788], [0.0625679362273907, {"__complex__": [90458.03125, -1.4482964049507448e-14]}, 92438], [0.06756372941029527, {"__complex__": [89001.8359375, 6.367445243624483e-15]}, 107412], [0.07255867544245412, {"__complex__": [88246.6171875, 1.8740091503068306e-15]}, 124242], [0.07755343255815964, {"__complex__": [89259.5546875, 8.223279607982078e-16]}, 141568], [0.08254944316463679, {"__complex__": [86684.4609375, -2.8943556264812015e-15]}, 160886], [0.0875469705282893, {"__complex__": [85979.4375, 6.286829729902502e-15]}, 180544], [0.09254207143002044, {"__complex__": [83634.984375, -4.034114266460642e-15]}, 202004], [0.09754200795670145, {"__complex__": [84232.4296875, -2.073864033112641e-15]}, 224538], [0.10254171329034444, {"__complex__": [82085.296875, -1.877378859129245e-15]}, 248038], [0.10754099109209159, {"__complex__": [82816.0625, 6.399352974747552e-16]}, 272876], [0.11253870054955198, {"__complex__": [80408.4375, -3.0459241255793596e-16]}, 298594], [0.11753608765430268, {"__complex__": [80850.3515625, -1.7859712986262972e-15]}, 325916], [0.12253572907412832, {"__complex__": [81696.6640625, 3.285468484134224e-16]}, 354334], [0.1275331697481456, {"__complex__": [81143.25, -3.188013478964795e-15]}, 383424], [0.13252928315027618, {"__complex__": [80299.1484375, -8.4312087264784715e-16]}, 414230], [0.13752809598823948, {"__complex__": [79890.484375, 2.4776431567611083e-15]}, 446370], [0.1425292748907053, {"__complex__": [79335.875, 1.2137772493499678e-15]}, 479558], [0.14752984329410787, {"__complex__": [79495.25, -3.2870826642338946e-15]}, 513532], [0.15252898535896237, {"__complex__": [78866.109375, 5.3019203461492827e-17]}, 548930], [0.15752847498756622, {"__complex__": [78678.15625, -5.964429084903255e-16]}, 585548], [0.16252705956276423, {"__complex__": [79339.59375, 5.605028770218519e-16]}, 623094], [0.16752723347134682, {"__complex__": [78541.3203125, -1.2298258767224767e-15]}, 662620], [0.17252557298757182, {"__complex__": [78474.765625, -8.29554210629471e-16]}, 701674], [0.1775232051718564, {"__complex__": [77808.6484375, 2.7391324978529963e-16]}, 743764], [0.1825215844754662, {"__complex__": [78031.109375, 1.222507617937318e-15]}, 785620], [0.18752064712987349, {"__complex__": [78226.0078125, 1.121940243142762e-15]}, 830100], [0.19252067437217257, {"__complex__": [77523.609375, -2.3631397606436143e-15]}, 874418], [0.19751987908784707, {"__complex__": [77459.0234375, -5.057786193985933e-16]}, 920682], [0.20251936794243589, {"__complex__": [77409.734375, 9.62390470219982e-16]}, 967718], [0.20751955964231095, {"__complex__": [77287.8125, 4.580719768037774e-16]}, 1016568], [0.2125192859071403, {"__complex__": [77347.125, -1.1882147479138987e-15]}, 1065478], [0.21751870204394746, {"__complex__": [77569.1171875, -1.5637411934858172e-15]}, 1116700], [0.22251763655620238, {"__complex__": [76906.6953125, -7.97415715967834e-16]}, 1167926], [0.2275173612096972, {"__complex__": [76853.4140625, 0.0]}, 1222034], [0.23251753944930767, {"__complex__": [77116.671875, -8.556098440595198e-16]}, 1275574], [0.237518608068736, {"__complex__": [77206.6328125, 1.835062575392078e-15]}, 1332228], [0.24251933382685822, {"__complex__": [77566.546875, -3.3559384489722296e-16]}, 1387574], [0.2475188275283454, {"__complex__": [76620.1171875, 4.830498137480042e-16]}, 1446004], [0.2525176353551358, {"__complex__": [76923.0546875, 5.41825906414013e-16]}, 1504002], [0.25751592740199597, {"__complex__": [76461.828125, 2.975874500841429e-16]}, 1564788], [0.2625152321376914, {"__complex__": [76476.296875, 1.0738667823422259e-16]}, 1626114], [0.2675142035428968, {"__complex__": [76449.953125, 4.136799329502452e-16]}, 1688484], [0.27251407722071946, {"__complex__": [76931.5, 1.129007886054652e-15]}, 1752920], [0.277514999580621, {"__complex__": [76469.5078125, -3.8423180021754497e-16]}, 1817892], [0.28251513318998955, {"__complex__": [76464.6640625, -9.890084805874483e-16]}, 1883346], [0.2875150555774266, {"__complex__": [76626.796875, -1.4916627395507553e-16]}, 1951100], [0.2925143032383768, {"__complex__": [76407.7109375, -1.1534800707991476e-16]}, 2018506], [0.2975129983065177, {"__complex__": [76533.3515625, 4.458994780770227e-16]}, 2088638], [0.30251265006104155, {"__complex__": [76568.96875, 3.234130346596733e-16]}, 2159752], [0.3075131135075962, {"__complex__": [75966.765625, 7.301872932794114e-16]}, 2232050], [0.31251255553945134, {"__complex__": [76212.5546875, -6.3158039774797155e-18]}, 2304048], [0.3175120364779517, {"__complex__": [76354.2734375, 3.424624615362877e-16]}, 2379552], [0.3225126598898453, {"__complex__": [76341.2265625, -9.484028857663796e-16]}, 2454976], [0.3275133985704822, {"__complex__": [76322.171875, -2.6437274712346e-16]}, 2531986], [0.33251410375899365, {"__complex__": [75824.421875, 9.59154698482352e-16]}, 2609516], [0.3375135412275565, {"__complex__": [75921.0234375, -7.905018624754299e-16]}, 2687634], [0.34251245849241974, {"__complex__": [75971.859375, 6.728752441231725e-16]}, 2768188], [0.3475114266102975, {"__complex__": [75901.765625, 