{"edges": {"__dtype__": "<f8", "__shape__": [128], "__data__": [0.0, 0.005, 0.01, 0.015, 0.02, 0.025, 0.03, 0.035, 0.04, 0.045, 0.05, 0.055, 0.06, 0.065, 0.07, 0.075, 0.08, 0.085, 0.09, 0.095, 0.1, 0.105, 0.11, 0.115, 0.12, 0.125, 0.13, 0.135, 0.14, 0.145, 0.15, 0.155, 0.16, 0.165, 0.17, 0.17500000000000002, 0.18, 0.185, 0.19, 0.195, 0.2, 0.20500000000000002, 0.21, 0.215, 0.22, 0.225, 0.23, 0.23500000000000001, 0.24, 0.245, 0.25, 0.255, 0.26, 0.265, 0.27, 0.275, 0.28, 0.28500000000000003, 0.29, 0.295, 0.3, 0.305, 0.31, 0.315, 0.32, 0.325, 0.33, 0.335, 0.34, 0.34500000000000003, 0.35000000000000003, 0.355, 0.36, 0.365, 0.37, 0.375, 0.38, 0.385, 0.39, 0.395, 0.4, 0.405, 0.41000000000000003, 0.41500000000000004, 0.42, 0.425, 0.43, 0.435, 0.44, 0.445, 0.45, 0.455, 0.46, 0.465, 0.47000000000000003, 0.47500000000000003, 0.48, 0.485, 0.49, 0.495, 0.5, 0.505, 0.51, 0.515, 0.52, 0.525, 0.53, 0.535, 0.54, 0.545, 0.55, 0.555, 0.56, 0.5650000000000001, 0.5700000000000001, 0.5750000000000001, 0.58, 0.585, 0.59, 0.595, 0.6, 0.605, 0.61, 0.615, 0.62, 0.625, 0.63, 0.635]}, "poles": {"__dtype__": [["k", "<f8"], ["power_0", "<c8"], ["modes", "<i8"]], "__shape__": [127], "__data__": [[0.0037537781648676505, {"__complex__": [104475.0859375, 9.486206579371187e-14]}, 77], [0.008050398333474014, {"__complex__": [111795.5078125, 2.074577314263568e-16]}, 548], [0.012848609532355457, {"__complex__": [114887.0625, 5.530710946459374e-15]}, 1480], [0.017751579213119567, {"__complex__": [111754.7890625, 9.005485735651218e-15]}, 2872], [0.022691827324042853, {"__complex__": [102249.25, -8.763260570757853e-15]}, 4736], [0.027648005536595924, {"__complex__": [102836.2734375, 6.4752699967111135e-15]}, 7036], [0.032612636555868525, {"__complex__": [101964.484375, 5.2579294915102836e-15]}, 9838], [0.03761114292794433, {"__complex__": [93251.890625, 5.333912158527257e-15]}, 13208], [0.04261303922036164, {"__complex__": [91999.1953125, -7.160009869554493e-17]}, 16858], [0.04760505554480107, {"__complex__": [93676.9375, -3.667654355677015e-15]}, 21080], [0.05259133615803475, {"__complex__": [90423.375, -3.1450888138132623e-15]}, 25624], [0.05756841184374016, {"__complex__": [89466.796875, 4.469969892546919e-15]}, 30728], [0.06256248327880025, {"__complex__": [87044.9140625, 4.0734822402666536e-15]}, 36498], [0.06756661487904435, {"__complex__": [88015.140625, 1.3725330347638155e-15]}, 42528], [0.07257304507008182, {"__complex__": [85716.921875, -2.8157452515036084e-15]}, 49152], [0.07756473030387098, {"__complex__": [84041.4140625, 1.4635091378592557e-15]}, 55744], [0.08254764044823601, {"__complex__": [83438.1875, -2.8009217514101846e-15]}, 63346], [0.08754405971893497, {"__complex__": [82992.375, 1.6748336938038366e-15]}, 71388], [0.09254365223263855, {"__complex__": [81268.96875, -5.701303064399035e-16]}, 79762], [0.09754150838846357, {"__complex__": [80488.140625, 3.688140800418426e-16]}, 88564], [0.10254123052801507, {"__complex__": [79382.5703125, 6.133894966660423e-16]}, 97988], [0.10754181638082774, {"__complex__": [81116.3203125, 1.0322554947149703e-16]}, 107708], [0.11254085353408888, {"__complex__": [80765.1015625, -4.8613672606259904e-17]}, 117952], [0.11753281793039293, {"__complex__": [78453.7265625, 1.340298666560461e-15]}, 128288], [0.12252442444514552, {"__complex__": [78480.3046875, -1.0219675913562972e-15]}, 139770], [0.12753052839909865, {"__complex__": [78180.09375, 1.9515304262027118e-16]}, 151946], [0.13253665927256145, {"__complex__": [78577.046875, -1.1517211804143944e-15]}, 163582], [0.13753197887556465, {"__complex__": [76674.0, -8.141719731933247e-17]}, 175940], [0.1425260716253757, {"__complex__": [76208.25, -3.811203570347043e-16]}, 189064], [0.14752506711896965, {"__complex__": [76773.1875, -4.723078477900436e-16]}, 202824], [0.1525272624752809, {"__complex__": [76731.1484375, 9.861457342188554e-17]}, 216806], [0.15752484634575162, {"__complex__": [76470.8359375, 7.600119586269457e-17]}, 230876], [0.16252366735405163, {"__complex__": [76068.375, -2.9177307182705456e-16]}, 246232], [0.1675242007800524, {"__complex__": [76570.1015625, 8.00976642478091e-16]}, 261330], [0.17252326579974073, {"__complex__": [76166.8046875, -1.237581575085333e-16]}, 277280], [0.17752110470595878, {"__complex__": [76293.359375, 3.2253243803188403e-16]}, 293320], [0.1825207522633753, {"__complex__": [75957.6484375, 9.824373048617678e-16]}, 310574], [0.18752231962759572, {"__complex__": [75220.7890625, -6.374000749240639e-16]}, 327560], [0.19252167162300435, {"__complex__": [74931.890625, -1.5664819538751157e-16]}, 345268], [0.19752225984779248, {"__complex__": [75352.9140625, 3.9157697876855864e-16]}, 363544], [0.20251992290984697, {"__complex__": [75491.96875, -5.315235505556773e-16]}, 381660], [0.20751551078768798, {"__complex__": [75257.4453125, 8.46403297372025e-17]}, 400854], [0.21251512379553542, {"__complex__": [74801.7109375, -8.686853593173864e-17]}, 421010], [0.21751870975885984, {"__complex__": [74875.4609375, -4.0789043628598244e-16]}, 441160], [0.2225209082741387, {"__complex__": [74742.59375, -4.441701014965254e-16]}, 461296], [0.22752039891934017, {"__complex__": [74870.765625, -2.272605808746641e-16]}, 482192], [0.23252118259031918, {"__complex__": [74492.8515625, -6.081482156071103e-17]}, 503860], [0.23751936566507853, {"__complex__": [74218.7578125, -2.8434440759117713e-16]}, 525024], [0.24251707186595864, {"__complex__": [74636.40625, -3.321314389066434e-16]}, 547954], [0.24751627666670906, {"__complex__": [74540.203125, -4.035832472794147e-16]}, 570544], [0.2525167544702008, {"__complex__": [74071.84375, 1.60954074139989e-16]}, 594374], [0.25751857595461863, {"__complex__": [74423.671875, 3.8157964079801824e-17]}, 617900], [0.2625190906945416, {"__complex__": [74640.109375, 6.260615727781096e-17]}, 642106], [0.2675172479110602, {"__complex__": [73734.1328125, 2.325629541849168e-16]}, 666112], [0.272514629608296, {"__complex__": [73450.5078125, -1.866676121384654e-16]}, 691786], [0.27751615229387816, {"__complex__": [73824.6640625, 1.0238880003361799e-16]}, 717996], [0.28251644607381426, {"__complex__": [73701.65625, 1.5905644240545356e-16]}, 743152], [0.2875152531419474, {"__complex__": [73770.78125, 4.0823189644284433e-16]}, 770192], [0.2925134012698469, {"__complex__": [73645.6171875, -2.254889055863633e-16]}, 796430], [0.2975118362281548, {"__complex__": [73786.5546875, 2.013428417614504e-17]}, 824820], [0.3025125080826814, {"__complex__": [73933.515625, -1.927493484044207e-16]}, 852562], [0.30751063191170563, {"__complex__": [73308.96875, -8.984365974963056e-17]}, 880372], [0.3125111278203564, {"__complex__": [73332.25, 9.507238089814156e-17]}, 910652], [0.31751269361539736, {"__complex__": [73113.2265625, 1.2265616764415546e-16]}, 938996], [0.3225130904459611, {"__complex__": [73391.09375, -7.141794028977096e-17]}, 969352], [0.32751158760760724, {"__complex__": [73466.4140625, -7.294531936468277e-17]}, 998344], [0.3325089848249692, {"__complex__": [73407.109375, -1.6623647600153224e-16]}, 1029922], [0.33751027924368393, {"__complex__": [73546.25, 1.0573547849341771e-17]}, 1061918], [0.34251253316973607, {"__complex__": [73429.1484375, 2.9067648179771546e-16]}, 1093272], [0.34751415893089227, {"__complex__": [73209.328125, 2.817624129399296e-16]}, 1125464], [0.352514235068077, {"__complex__": [73071.8984375, 1.7845987611446104e-16]}, 1157380], [0.357512374484406, {"__complex__": [73328.390625, 5.466507781351409e-17]}, 1190172], [0.3625118834929162, {"__complex__": [73033.0, -1.5408314139520913e-16]}, 1224650], [0.3675116774700016, {"__complex__": [73007.5390625, 7.680078834745773e-17]}, 1257864], [0.3725098709245497, {"__complex__": [73077.4609375, 5.571630525806078e-17]}, 1292312], [0.37751067052804127, {"__complex__": [73035.125, -3.355169303351453e-17]}, 1328534], [0.3825116981355865, {"__complex__": [73329.453125, 2.2189894172788317e-16]}, 1362848], [0.3875116125361288, {"__complex__": [73343.171875, 1.5335760473632662e-16]}, 1399204], 