{"edges": {"__dtype__": "<f8", "__shape__": [128], "__data__": [0.0, 0.005, 0.01, 0.015, 0.02, 0.025, 0.03, 0.035, 0.04, 0.045, 0.05, 0.055, 0.06, 0.065, 0.07, 0.075, 0.08, 0.085, 0.09, 0.095, 0.1, 0.105, 0.11, 0.115, 0.12, 0.125, 0.13, 0.135, 0.14, 0.145, 0.15, 0.155, 0.16, 0.165, 0.17, 0.17500000000000002, 0.18, 0.185, 0.19, 0.195, 0.2, 0.20500000000000002, 0.21, 0.215, 0.22, 0.225, 0.23, 0.23500000000000001, 0.24, 0.245, 0.25, 0.255, 0.26, 0.265, 0.27, 0.275, 0.28, 0.28500000000000003, 0.29, 0.295, 0.3, 0.305, 0.31, 0.315, 0.32, 0.325, 0.33, 0.335, 0.34, 0.34500000000000003, 0.35000000000000003, 0.355, 0.36, 0.365, 0.37, 0.375, 0.38, 0.385, 0.39, 0.395, 0.4, 0.405, 0.41000000000000003, 0.41500000000000004, 0.42, 0.425, 0.43, 0.435, 0.44, 0.445, 0.45, 0.455, 0.46, 0.465, 0.47000000000000003, 0.47500000000000003, 0.48, 0.485, 0.49, 0.495, 0.5, 0.505, 0.51, 0.515, 0.52, 0.525, 0.53, 0.535, 0.54, 0.545, 0.55, 0.555, 0.56, 0.5650000000000001, 0.5700000000000001, 0.5750000000000001, 0.58, 0.585, 0.59, 0.595, 0.6, 0.605, 0.61, 0.615, 0.62, 0.625, 0.63, 0.635]}, "poles": {"__dtype__": [["k", "<f8"], ["power_2", "<c8"], ["modes", "<i8"]], "__shape__": [127], "__data__": [[0.0037537781648676505, {"__complex__": [-53115.9609375, 6.803492665075073e-12]}, 77], [0.008050398333474014, {"__complex__": [-4797.1630859375, 1.4339479039934822e-12]}, 548], [0.012848609532355457, {"__complex__": [12294.0810546875, -5.702777659821745e-13]}, 1480], [0.017751579213119567, {"__complex__": [-8794.576171875, -3.242766569589578e-13]}, 2872], [0.022691827324042853, {"__complex__": [10164.279296875, -4.670378125036512e-13]}, 4736], [0.027648005536595924, {"__complex__": [4751.234375, -3.9709603877682853e-13]}, 7036], [0.032612636555868525, {"__complex__": [5220.69384765625, 1.9228999767256436e-14]}, 9838], [0.03761114292794433, {"__complex__": [4202.41357421875, 1.0576800801289851e-13]}, 13208], [0.04261303922036164, {"__complex__": [5567.392578125, -6.215078500676832e-14]}, 16858], [0.04760505554480107, {"__complex__": [9687.873046875, 6.627058385562379e-14]}, 21080], [0.05259133615803475, {"__complex__": [6667.22216796875, 1.4765446149284968e-14]}, 25624], [0.05756841184374016, {"__complex__": [4931.20166015625, -4.5462894245670155e-14]}, 30728], [0.06256248327880025, {"__complex__": [7489.60205078125, 8.612016400575198e-14]}, 36498], [0.06756661487904435, {"__complex__": [6594.89501953125, 6.569713577406905e-14]}, 42528], [0.07257304507008182, {"__complex__": [2258.582763671875, 0.0]}, 49152], [0.07756473030387098, {"__complex__": [5025.73681640625, -2.2972311105782205e-14]}, 55744], [0.08254764044823601, {"__complex__": [2438.36181640625, -5.972749828357313e-14]}, 63346], [0.08754405971893497, {"__complex__": [1659.2127685546875, 4.5660740813358025e-14]}, 71388], [0.09254365223263855, {"__complex__": [-446.500732421875, -2.9190673044975773e-14]}, 79762], [0.09754150838846357, {"__complex__": [4699.51171875, 2.3660581279600842e-14]}, 88564], [0.10254123052801507, {"__complex__": [399.1625061035156, 1.1880568821483542e-14]}, 97988], [0.10754181638082774, {"__complex__": [3083.737060546875, -1.5131786204906558e-14]}, 107708], [0.11254085353408888, {"__complex__": [4077.687744140625, 1.184366444300462e-14]}, 117952], [0.11753281793039293, {"__complex__": [3092.670166015625, 0.0]}, 128288], [0.12252442444514552, {"__complex__": [-202.90286254882812, -4.9974380611093796e-15]}, 139770], [0.12753052839909865, {"__complex__": [2280.71142578125, -3.064649906460784e-15]}, 151946], [0.13253665927256145, {"__complex__": [453.19561767578125, 0.0]}, 163582], [0.13753197887556465, {"__complex__": [964.3665161132812, 1.2902686867067095e-14]}, 175940], [0.1425260716253757, {"__complex__": [4516.05029296875, -8.620438110356569e-15]}, 189064], [0.14752506711896965, {"__complex__": [2632.368408203125, -1.1479442816784112e-14]}, 202824], [0.1525272624752809, {"__complex__": [159.71749877929688, 2.684780775907852e-16]}, 216806], [0.15752484634575162, {"__complex__": [349.7323913574219, 1.8152392092176013e-14]}, 230876], [0.16252366735405163, {"__complex__": [1065.984375, -7.091807067809153e-15]}, 246232], [0.1675242007800524, {"__complex__": [850.8863525390625, -8.909449140091525e-15]}, 261330], [0.17252326579974073, {"__complex__": [1365.0701904296875, -1.6793900322578832e-14]}, 277280], [0.17752110470595878, {"__complex__": [-670.1453247070312, 1.905064512175078e-14]}, 293320], [0.1825207522633753, {"__complex__": [-817.1454467773438, -1.499356948615597e-15]}, 310574], [0.18752231962759572, {"__complex__": [-905.60693359375, 9.240439122692404e-15]}, 327560], [0.19252167162300435, {"__complex__": [2112.61767578125, 1.0789561586299797e-14]}, 345268], [0.19752225984779248, {"__complex__": [188.60342407226562, 6.40446958314456e-16]}, 363544], [0.20251992290984697, {"__complex__": [808.0323486328125, -4.880378107798835e-15]}, 381660], [0.20751551078768798, {"__complex__": [-994.0703735351562, -6.970038458344822e-15]}, 400854], [0.21251512379553542, {"__complex__": [-440.2509460449219, -2.2121150566975934e-15]}, 421010], [0.21751870975885984, {"__complex__": [-956.8145141601562, -5.277691617202674e-15]}, 441160], [0.2225209082741387, {"__complex__": [-288.2115783691406, -1.0094630557142188e-15]}, 461296], [0.22752039891934017, {"__complex__": [429.2073974609375, -5.794305482062544e-15]}, 482192], [0.23252118259031918, {"__complex__": [5.8605732917785645, 9.241878019911553e-16]}, 503860], [0.23751936566507853, {"__complex__": [793.0400390625, 0.0]}, 525024], [0.24251707186595864, {"__complex__": [27.719036102294922, 2.549454610029328e-15]}, 547954], [0.24751627666670906, {"__complex__": [-1157.613525390625, -9.590005384859518e-15]}, 570544], [0.2525167544702008, {"__complex__": [346.9861145019531, -1.4885516457690054e-14]}, 594374], [0.25751857595461863, {"__complex__": [243.17884826660156, 4.710119932598629e-16]}, 617900], [0.2625190906945416, {"__complex__": [8.530326843261719, -2.900837546110065e-15]}, 642106], [0.2675172479110602, {"__complex__": [778.5432739257812, 3.495367748326372e-16]}, 666112], [0.272514629608296, {"__complex__": [73.40705871582031, -6.731290893095528e-16]}, 691786], [0.27751615229387816, {"__complex__": [662.34619140625, 5.188455425660012e-15]}, 717996], [0.28251644607381426, {"__complex__": [-80.22713470458984, 3.1330149944248627e-15]}, 743152], [0.2875152531419474, {"__complex__": [468.51336669921875, -4.8368334145299126e-15]}, 770192], [0.2925134012698469, {"__complex__": [546.5042114257812, -3.2157718074375024e-15]}, 796430], [0.2975118362281548, {"__complex__": [-222.53170776367188, 2.8228055887563283e-16]}, 824820], [0.3025125080826814, {"__complex__": [576.0286254882812, 4.369524066980294e-15]}, 852562], [0.30751063191170563, {"__complex__": [585.4730224609375, 5.289369766325587e-16]}, 880372], [0.3125111278203564, {"__complex__": [-373.4553527832031, -7.67024015001672e-16]}, 910652], [0.31751269361539736, {"__complex__": [-172.6743927001953, 9.91828041510621e-16]}, 938996], [0.3225130904459611, {"__complex__": [535.6046142578125, 1.4411523384911889e-15]}, 969352], [0.32751158760760724, {"__complex__": [-231.75189208984375, -4.664336848887469e-15]}, 998344], [0.3325089848249692, {"__complex__": [742.8878173828125, 4.521325923655421e-15]}, 1029922], [0.33751027924368393, {"__complex__": [-75.39572143554688, -1.4251563330405282e-15]}, 1061918], [0.34251253316973607, {"__complex__": [-44.91608428955078, -1.8102178284996884e-15]}, 1093272], [0.34751415893089227, {"__complex__": [-548.0508422851562, -4.96500601659196e-15]}, 1125464], [0.352514235068077, {"__complex__": [-261.9878845214844, 8.046817763476182e-16]}, 1157380], [0.357512374484406, {"__complex__": [267.8212585449219, -3.9125545035573683e-16]}, 1190172], [0.3625118834929162, {"__complex__": [-399.8439025878906, -2.2814417388150425e-15]}, 1224650], [0.3675116774700016, {"__complex__": [-313.00860595703125, -2.4063001127127203e-15]}, 1257864], [0.3725098709245497, {"__complex__": [-698.43310546875, 