{"edges": {"__dtype__": "<f8", "__shape__": [128], "__data__": [0.0, 0.005, 0.01, 0.015, 0.02, 0.025, 0.03, 0.035, 0.04, 0.045, 0.05, 0.055, 0.06, 0.065, 0.07, 0.075, 0.08, 0.085, 0.09, 0.095, 0.1, 0.105, 0.11, 0.115, 0.12, 0.125, 0.13, 0.135, 0.14, 0.145, 0.15, 0.155, 0.16, 0.165, 0.17, 0.17500000000000002, 0.18, 0.185, 0.19, 0.195, 0.2, 0.20500000000000002, 0.21, 0.215, 0.22, 0.225, 0.23, 0.23500000000000001, 0.24, 0.245, 0.25, 0.255, 0.26, 0.265, 0.27, 0.275, 0.28, 0.28500000000000003, 0.29, 0.295, 0.3, 0.305, 0.31, 0.315, 0.32, 0.325, 0.33, 0.335, 0.34, 0.34500000000000003, 0.35000000000000003, 0.355, 0.36, 0.365, 0.37, 0.375, 0.38, 0.385, 0.39, 0.395, 0.4, 0.405, 0.41000000000000003, 0.41500000000000004, 0.42, 0.425, 0.43, 0.435, 0.44, 0.445, 0.45, 0.455, 0.46, 0.465, 0.47000000000000003, 0.47500000000000003, 0.48, 0.485, 0.49, 0.495, 0.5, 0.505, 0.51, 0.515, 0.52, 0.525, 0.53, 0.535, 0.54, 0.545, 0.55, 0.555, 0.56, 0.5650000000000001, 0.5700000000000001, 0.5750000000000001, 0.58, 0.585, 0.59, 0.595, 0.6, 0.605, 0.61, 0.615, 0.62, 0.625, 0.63, 0.635]}, "poles": {"__dtype__": [["k", "<f8"], ["power_2", "<c8"], ["modes", "<i8"]], "__shape__": [127], "__data__": [[0.0037537781648676505, {"__complex__": [12513.02734375, 9.07132355343343e-12]}, 77], [0.008050398333474014, {"__complex__": [472.7082824707031, -1.2746202747784818e-12]}, 548], [0.012848609532355457, {"__complex__": [26442.216796875, 1.10122598973722e-12]}, 1480], [0.017751579213119567, {"__complex__": [17541.123046875, 3.242766569589578e-13]}, 2872], [0.022691827324042853, {"__complex__": [11851.7177734375, 1.9664750784773727e-13]}, 4736], [0.027648005536595924, {"__complex__": [11009.3994140625, 3.3091337694112974e-14]}, 7036], [0.032612636555868525, {"__complex__": [-2285.9150390625, 1.1833230521753751e-13]}, 9838], [0.03761114292794433, {"__complex__": [10654.41796875, 0.0]}, 13208], [0.04261303922036164, {"__complex__": [2916.354736328125, -1.381128471002668e-14]}, 16858], [0.04760505554480107, {"__complex__": [8192.7021484375, -4.418038810770526e-14]}, 21080], [0.05259133615803475, {"__complex__": [7067.4375, 0.0]}, 25624], [0.05756841184374016, {"__complex__": [1315.3570556640625, -1.5154298646578683e-14]}, 30728], [0.06256248327880025, {"__complex__": [-651.3717041015625, 1.913781328235272e-14]}, 36498], [0.06756661487904435, {"__complex__": [2371.7275390625, 1.0949522064322877e-14]}, 42528], [0.07257304507008182, {"__complex__": [4996.36767578125, -2.220446049250313e-14]}, 49152], [0.07756473030387098, {"__complex__": [5314.58154296875, -1.6707135349659785e-14]}, 55744], [0.08254764044823601, {"__complex__": [2460.75732421875, -2.9404304918668675e-14]}, 63346], [0.08754405971893497, {"__complex__": [4552.34326171875, 5.218370427071371e-14]}, 71388], [0.09254365223263855, {"__complex__": [6202.35693359375, -5.838134608995155e-14]}, 79762], [0.09754150838846357, {"__complex__": [5342.90625, 0.0]}, 88564], [0.10254123052801507, {"__complex__": [9210.6181640625, -4.752227528593417e-14]}, 97988], [0.10754181638082774, {"__complex__": [5555.62744140625, -1.5131786204906558e-14]}, 107708], [0.11254085353408888, {"__complex__": [1237.289306640625, 0.0]}, 117952], [0.11753281793039293, {"__complex__": [-307.48028564453125, 1.996396517339131e-14]}, 128288], [0.12252442444514552, {"__complex__": [2095.71923828125, -2.6653002992583358e-14]}, 139770], [0.12753052839909865, {"__complex__": [8.162035942077637, -6.129299812921568e-15]}, 151946], [0.13253665927256145, {"__complex__": [78.04448699951172, -2.846653483748918e-15]}, 163582], [0.13753197887556465, {"__complex__": [-17.546916961669922, 2.1173640030419487e-14]}, 175940], [0.1425260716253757, {"__complex__": [2033.26953125, 1.9088112777139628e-14]}, 189064], [0.14752506711896965, {"__complex__": [1737.347412109375, -1.83671081680414e-14]}, 202824], [0.1525272624752809, {"__complex__": [2904.837158203125, 0.0]}, 216806], [0.15752484634575162, {"__complex__": [396.3357238769531, -4.033864984664265e-14]}, 230876], [0.16252366735405163, {"__complex__": [271.7285461425781, 7.564593753912191e-15]}, 246232], [0.1675242007800524, {"__complex__": [1817.6810302734375, -1.2473229304347903e-14]}, 261330], [0.17252326579974073, {"__complex__": [351.9988098144531, -1.0076340362953889e-14]}, 277280], [0.17752110470595878, {"__complex__": [1307.9747314453125, 9.52532256087539e-15]}, 293320], [0.1825207522633753, {"__complex__": [567.6244506835938, -1.6118086615282516e-14]}, 310574], [0.18752231962759572, {"__complex__": [-15.253641128540039, -1.1372848802569842e-14]}, 327560], [0.19252167162300435, {"__complex__": [-1822.540771484375, -1.820738485924355e-14]}, 345268], [0.19752225984779248, {"__complex__": [-1229.688232421875, -6.40446958314456e-16]}, 363544], [0.20251992290984697, {"__complex__": [-158.5056610107422, -4.880378107798835e-15]}, 381660], [0.20751551078768798, {"__complex__": [-445.29852294921875, 8.131711111219152e-15]}, 400854], [0.21251512379553542, {"__complex__": [-398.582275390625, -6.63634517009278e-15]}, 421010], [0.21751870975885984, {"__complex__": [380.37908935546875, -1.055538365792182e-15]}, 441160], [0.2225209082741387, {"__complex__": [385.0117492675781, 8.07570444571375e-15]}, 461296], [0.22752039891934017, {"__complex__": [938.2349853515625, 6.760022991820222e-15]}, 482192], [0.23252118259031918, {"__complex__": [762.72509765625, -1.2938629863150884e-14]}, 503860], [0.23751936566507853, {"__complex__": [171.2100067138672, 2.2173334149273903e-15]}, 525024], [0.24251707186595864, {"__complex__": [-1144.7315673828125, -3.8241818091648734e-15]}, 547954], [0.24751627666670906, {"__complex__": [-1121.6627197265625, -5.1010666129753125e-15]}, 570544], [0.2525167544702008, {"__complex__": [-257.7813720703125, -2.3503449044588644e-15]}, 594374], [0.25751857595461863, {"__complex__": [1135.2418212890625, 0.0]}, 617900], [0.2625190906945416, {"__complex__": [457.01751708984375, 5.80167509222013e-15]}, 642106], [0.2675172479110602, {"__complex__": [108.30543518066406, -1.6777766038999532e-14]}, 666112], [0.272514629608296, {"__complex__": [471.43133544921875, 9.760371662639617e-15]}, 691786], [0.27751615229387816, {"__complex__": [-667.9317016601562, -2.594227712830006e-15]}, 717996], [0.28251644607381426, {"__complex__": [1898.253662109375, 0.0]}, 743152], [0.2875152531419474, {"__complex__": [-1620.8931884765625, -6.046041768162391e-16]}, 770192], [0.2925134012698469, {"__complex__": [-37.07307815551758, -4.6774861883606446e-15]}, 796430], [0.2975118362281548, {"__complex__": [682.39501953125, 2.82280548287721e-15]}, 824820], [0.3025125080826814, {"__complex__": [22.96394157409668, -8.739048133960588e-15]}, 852562], [0.30751063191170563, {"__complex__": [279.5458984375, 5.289369660446469e-15]}, 880372], [0.3125111278203564, {"__complex__": [1746.828857421875, 1.534048030003344e-15]}, 910652], [0.31751269361539736, {"__complex__": [-339.2218322753906, 4.959140313432224e-15]}, 938996], [0.3225130904459611, {"__complex__": [-1030.7205810546875, 3.8430727614710124e-15]}, 969352], [0.32751158760760724, {"__complex__": [-1098.7100830078125, 4.897553818386784e-15]}, 998344], [0.3325089848249692, {"__complex__": [126.01712036132812, 4.747392241014016e-15]}, 1029922], [0.33751027924368393, {"__complex__": [-430.3497314453125, 5.262115951852088e-15]}, 1061918], [0.34251253316973607, {"__complex__": [-778.8580322265625, -2.555601739885789e-15]}, 1093272], [0.34751415893089227, {"__complex__": [176.3339385986328, -3.3100040110613065e-15]}, 1125464], [0.352514235068077, {"__complex__": [886.4947509765625, 1.6093635526952363e-15]}, 1157380], [0.357512374484406, {"__complex__": [44.647422790527344, 0.0]}, 1190172], [0.3625118834929162, {"__complex__": [314.57568359375, -3.802402898025071e-15]}, 1224650], [0.3675116774700016, {"__complex__": [880.3570556640625, 4.4424002406632124e-15]}, 1257864], [0.3725098709245497, {"__complex__": [346.2392883300781, 3.062821374085899e-15]}, 1292312], [0.37751067052804127, {"__complex__": [-177.0044708251953, 