{"edges": {"__dtype__": "<f8", "__shape__": [128], "__data__": [0.0, 0.005, 0.01, 0.015, 0.02, 0.025, 0.03, 0.035, 0.04, 0.045, 0.05, 0.055, 0.06, 0.065, 0.07, 0.075, 0.08, 0.085, 0.09, 0.095, 0.1, 0.105, 0.11, 0.115, 0.12, 0.125, 0.13, 0.135, 0.14, 0.145, 0.15, 0.155, 0.16, 0.165, 0.17, 0.17500000000000002, 0.18, 0.185, 0.19, 0.195, 0.2, 0.20500000000000002, 0.21, 0.215, 0.22, 0.225, 0.23, 0.23500000000000001, 0.24, 0.245, 0.25, 0.255, 0.26, 0.265, 0.27, 0.275, 0.28, 0.28500000000000003, 0.29, 0.295, 0.3, 0.305, 0.31, 0.315, 0.32, 0.325, 0.33, 0.335, 0.34, 0.34500000000000003, 0.35000000000000003, 0.355, 0.36, 0.365, 0.37, 0.375, 0.38, 0.385, 0.39, 0.395, 0.4, 0.405, 0.41000000000000003, 0.41500000000000004, 0.42, 0.425, 0.43, 0.435, 0.44, 0.445, 0.45, 0.455, 0.46, 0.465, 0.47000000000000003, 0.47500000000000003, 0.48, 0.485, 0.49, 0.495, 0.5, 0.505, 0.51, 0.515, 0.52, 0.525, 0.53, 0.535, 0.54, 0.545, 0.55, 0.555, 0.56, 0.5650000000000001, 0.5700000000000001, 0.5750000000000001, 0.58, 0.585, 0.59, 0.595, 0.6, 0.605, 0.61, 0.615, 0.62, 0.625, 0.63, 0.635]}, "poles": {"__dtype__": [["k", "<f8"], ["power_2", "<c8"], ["modes", "<i8"]], "__shape__": [127], "__data__": [[0.0037537781648676505, {"__complex__": [10718.673828125, -8.504365831343841e-13]}, 77], [0.008050398333474014, {"__complex__": [-18656.173828125, 2.1243671698058936e-13]}, 548], [0.012848609532355457, {"__complex__": [31275.7421875, 6.686015131297796e-13]}, 1480], [0.017751579213119567, {"__complex__": [24314.396484375, -2.4320749949548193e-13]}, 2872], [0.022691827324042853, {"__complex__": [6498.2451171875, 7.98880479455609e-14]}, 4736], [0.027648005536595924, {"__complex__": [-749.8980102539062, 2.647307015529038e-13]}, 7036], [0.032612636555868525, {"__complex__": [12488.4541015625, 0.0]}, 9838], [0.03761114292794433, {"__complex__": [22026.994140625, -2.2035000963493067e-15]}, 13208], [0.04261303922036164, {"__complex__": [5365.5048828125, 2.762256942005336e-14]}, 16858], [0.04760505554480107, {"__complex__": [14033.11328125, -2.485146894585892e-14]}, 21080], [0.05259133615803475, {"__complex__": [8884.1240234375, -1.044939281586929e-13]}, 25624], [0.05756841184374016, {"__complex__": [8444.5966796875, -1.5154298646578683e-14]}, 30728], [0.06256248327880025, {"__complex__": [5982.4111328125, 3.189635716465376e-14]}, 36498], [0.06756661487904435, {"__complex__": [653.3457641601562, 0.0]}, 42528], [0.07257304507008182, {"__complex__": [4913.06640625, 3.3158659872760746e-14]}, 49152], [0.07756473030387098, {"__complex__": [2579.101318359375, -1.6707135349659785e-14]}, 55744], [0.08254764044823601, {"__complex__": [1967.1700439453125, 3.032318997677266e-14]}, 63346], [0.08754405971893497, {"__complex__": [4032.291015625, 1.1415185203339506e-14]}, 71388], [0.09254365223263855, {"__complex__": [4567.8740234375, 1.0216735226928342e-14]}, 79762], [0.09754150838846357, {"__complex__": [2001.9627685546875, 2.6289535225685907e-15]}, 88564], [0.10254123052801507, {"__complex__": [3306.233642578125, -1.1880568821483542e-14]}, 97988], [0.10754181638082774, {"__complex__": [710.8976440429688, 1.729347019047405e-14]}, 107708], [0.11254085353408888, {"__complex__": [3984.253173828125, -1.5791552025984194e-14]}, 117952], [0.11753281793039293, {"__complex__": [3937.10302734375, 3.629811888209008e-15]}, 128288], [0.12252442444514552, {"__complex__": [152.728271484375, 9.994876122218759e-15]}, 139770], [0.12753052839909865, {"__complex__": [2695.97509765625, -3.064649906460784e-15]}, 151946], [0.13253665927256145, {"__complex__": [1353.351318359375, 2.846653483748918e-15]}, 163582], [0.13753197887556465, {"__complex__": [1265.1053466796875, 5.293410007604872e-15]}, 175940], [0.1425260716253757, {"__complex__": [1222.96630859375, -1.1391292944996304e-14]}, 189064], [0.14752506711896965, {"__complex__": [-216.31639099121094, 4.304790844535805e-15]}, 202824], [0.1525272624752809, {"__complex__": [1300.9881591796875, -1.0739123315389645e-14]}, 216806], [0.15752484634575162, {"__complex__": [1147.9378662109375, 2.0169324076288377e-15]}, 230876], [0.16252366735405163, {"__complex__": [-146.43527221679688, 7.564593753912191e-15]}, 246232], [0.1675242007800524, {"__complex__": [1214.666748046875, -1.0691339645736188e-14]}, 261330], [0.17252326579974073, {"__complex__": [2012.450927734375, -1.55343589418799e-14]}, 277280], [0.17752110470595878, {"__complex__": [2567.319580078125, 0.0]}, 293320], [0.1825207522633753, {"__complex__": [2498.339111328125, -7.496784531319748e-15]}, 310574], [0.18752231962759572, {"__complex__": [1965.9134521484375, 7.108030501606151e-16]}, 327560], [0.19252167162300435, {"__complex__": [2131.679931640625, -2.3602166499426397e-15]}, 345268], [0.19752225984779248, {"__complex__": [1050.575439453125, 2.561787833257824e-15]}, 363544], [0.20251992290984697, {"__complex__": [541.9078979492188, 1.2200945481255325e-14]}, 381660], [0.20751551078768798, {"__complex__": [-603.2760009765625, 6.389201708391183e-15]}, 400854], [0.21251512379553542, {"__complex__": [583.4889526367188, -2.2121150566975934e-15]}, 421010], [0.21751870975885984, {"__complex__": [-309.784423828125, -4.749922328427464e-15]}, 441160], [0.2225209082741387, {"__complex__": [112.12638092041016, 4.037852222856875e-15]}, 461296], [0.22752039891934017, {"__complex__": [205.32730102539062, 1.1588610964125088e-14]}, 482192], [0.23252118259031918, {"__complex__": [168.67208862304688, 0.0]}, 503860], [0.23751936566507853, {"__complex__": [114.93060302734375, -2.660800055561221e-15]}, 525024], [0.24251707186595864, {"__complex__": [-844.690185546875, -3.186818315476219e-15]}, 547954], [0.24751627666670906, {"__complex__": [-245.36196899414062, 4.182874851338652e-15]}, 570544], [0.2525167544702008, {"__complex__": [-1015.4696655273438, 3.5255173566882967e-15]}, 594374], [0.25751857595461863, {"__complex__": [-471.18450927734375, -4.710119826719511e-15]}, 617900], [0.2625190906945416, {"__complex__": [454.2355651855469, 4.351256107406861e-15]}, 642106], [0.2675172479110602, {"__complex__": [15.015657424926758, -1.118517679464439e-14]}, 666112], [0.272514629608296, {"__complex__": [61.94169616699219, 5.385032714476422e-15]}, 691786], [0.27751615229387816, {"__complex__": [-61.96753692626953, 7.782683562006492e-15]}, 717996], [0.28251644607381426, {"__complex__": [-111.70475769042969, 6.266029988849725e-16]}, 743152], [0.2875152531419474, {"__complex__": [3.2659971714019775, 3.627624849139198e-15]}, 770192], [0.2925134012698469, {"__complex__": [-771.9717407226562, 6.431543614875005e-15]}, 796430], [0.2975118362281548, {"__complex__": [202.33859252929688, 4.516488942010125e-15]}, 824820], [0.3025125080826814, {"__complex__": [10.512077331542969, -6.554286312228678e-15]}, 852562], [0.30751063191170563, {"__complex__": [-539.1633911132812, -5.024900986841732e-15]}, 880372], [0.3125111278203564, {"__complex__": [15.470643997192383, -2.045397373337792e-15]}, 910652], [0.31751269361539736, {"__complex__": [459.4061279296875, -1.983656083021242e-15]}, 938996], [0.3225130904459611, {"__complex__": [306.3847351074219, 9.607681903677531e-16]}, 969352], [0.32751158760760724, {"__complex__": [542.8435668945312, 0.0]}, 998344], [0.3325089848249692, {"__complex__": [161.01145935058594, -3.5040274955417446e-15]}, 1029922], [0.33751027924368393, {"__complex__": [-809.2935791015625, 4.165841442285842e-15]}, 1061918], [0.34251253316973607, {"__complex__": [-498.00982666015625, 2.7685684809568593e-15]}, 1093272], [0.34751415893089227, {"__complex__": [-174.2230682373047, 3.3100040110613065e-15]}, 1125464], [0.352514235068077, {"__complex__": [517.623046875, -5.632772487372886e-15]}, 1157380], [0.357512374484406, {"__complex__": [732.56494140625, 2.34753275507398e-15]}, 1190172], [0.3625118834929162, {"__complex__": [-59.459449768066406, 5.703604347037606e-16]}, 1224650], [0.3675116774700016, {"__complex__": [-1025.7987060546875, 1.758450139378821e-15]}, 1257864], [0.3725098709245497, {"__complex__": [-590.8489990234375, -7.206638900951945e-16]}, 