{"edges": {"__dtype__": "<f8", "__shape__": [116], "__data__": [0.0, 0.005, 0.01, 0.015, 0.02, 0.025, 0.03, 0.035, 0.04, 0.045, 0.05, 0.055, 0.06, 0.065, 0.07, 0.075, 0.08, 0.085, 0.09, 0.095, 0.1, 0.105, 0.11, 0.115, 0.12, 0.125, 0.13, 0.135, 0.14, 0.145, 0.15, 0.155, 0.16, 0.165, 0.17, 0.17500000000000002, 0.18, 0.185, 0.19, 0.195, 0.2, 0.20500000000000002, 0.21, 0.215, 0.22, 0.225, 0.23, 0.23500000000000001, 0.24, 0.245, 0.25, 0.255, 0.26, 0.265, 0.27, 0.275, 0.28, 0.28500000000000003, 0.29, 0.295, 0.3, 0.305, 0.31, 0.315, 0.32, 0.325, 0.33, 0.335, 0.34, 0.34500000000000003, 0.35000000000000003, 0.355, 0.36, 0.365, 0.37, 0.375, 0.38, 0.385, 0.39, 0.395, 0.4, 0.405, 0.41000000000000003, 0.41500000000000004, 0.42, 0.425, 0.43, 0.435, 0.44, 0.445, 0.45, 0.455, 0.46, 0.465, 0.47000000000000003, 0.47500000000000003, 0.48, 0.485, 0.49, 0.495, 0.5, 0.505, 0.51, 0.515, 0.52, 0.525, 0.53, 0.535, 0.54, 0.545, 0.55, 0.555, 0.56, 0.5650000000000001, 0.5700000000000001, 0.5750000000000001]}, "poles": {"__dtype__": [["k", "<f8"], ["power_0", "<c8"], ["modes", "<i8"]], "__shape__": [115], "__data__": [[0.0037054420134658554, {"__complex__": [89893.7578125, 1.1514216229774332e-13]}, 83], [0.008002706039259398, {"__complex__": [97200.7734375, -2.0124096752069734e-14]}, 596], [0.012849701484846114, {"__complex__": [101613.359375, -2.8197508279595267e-14]}, 1648], [0.0177641384261076, {"__complex__": [105643.9375, 7.56021035841015e-15]}, 3156], [0.022684229681789413, {"__complex__": [96521.234375, 1.7873389603745814e-14]}, 5176], [0.027646384376179004, {"__complex__": [101304.296875, -2.368627475350638e-15]}, 7804], [0.032636129245414154, {"__complex__": [91593.9375, -9.917802053249249e-15]}, 10874], [0.037622935176432226, {"__complex__": [92504.21875, -1.0306363171209108e-14]}, 14442], [0.0426065943302704, {"__complex__": [88099.078125, 1.4391709166693242e-15]}, 18544], [0.047584168879418735, {"__complex__": [83455.6328125, 3.748274951596679e-15]}, 23040], [0.052572163944886785, {"__complex__": [84962.28125, -6.143166165784595e-15]}, 28366], [0.05756591012932392, {"__complex__": [83195.7578125, -3.439679037813546e-15]}, 33818], [0.06255885577973451, {"__complex__": [81088.4296875, 5.583793654230854e-15]}, 40130], [0.06756290621144688, {"__complex__": [80248.171875, 9.91222095315979e-16]}, 46838], [0.07256050504780319, {"__complex__": [78975.140625, -3.0720749972764153e-15]}, 53826], [0.0775516441986681, {"__complex__": [78833.4140625, -5.131860813410098e-16]}, 61584], [0.08254999402587553, {"__complex__": [77763.875, 1.5582024450437213e-15]}, 69864], [0.08754547074829418, {"__complex__": [78057.5703125, 1.4620211127291667e-15]}, 78404], [0.09254370656486871, {"__complex__": [74910.609375, 5.158794872946008e-16]}, 87902], [0.09754153604884025, {"__complex__": [74204.140625, -1.8504158945940093e-15]}, 97310], [0.10253422913940137, {"__complex__": [73030.90625, 4.1181198707353304e-16]}, 107716], [0.1075359850070505, {"__complex__": [73163.28125, -1.4139114412701353e-15]}, 118654], [0.11253957840084304, {"__complex__": [72684.6015625, -1.3496401694192551e-15]}, 129910], [0.11753653834673844, {"__complex__": [70879.0390625, -1.1344510256528265e-15]}, 141376], [0.12253336603812491, {"__complex__": [71757.0, 4.472217494472458e-16]}, 153958], [0.12753369323485178, {"__complex__": [70722.8515625, -5.939444789332805e-16]}, 166718], [0.1325298054599073, {"__complex__": [70516.734375, -2.415982016937192e-16]}, 179806], [0.13753126919241337, {"__complex__": [70292.0625, -9.193727373233698e-16]}, 194282], [0.14252978867508304, {"__complex__": [70449.796875, 3.9356612976606696e-16]}, 207774], [0.14752584639061916, {"__complex__": [70621.6484375, 2.712134811584368e-17]}, 223278], [0.1525273402624495, {"__complex__": [69632.921875, 8.305585270071186e-16]}, 238496], [0.15752777994300757, {"__complex__": [70133.6796875, 1.2635451995614863e-15]}, 254444], [0.16252677921627748, {"__complex__": [69657.6015625, 3.635637794055113e-17]}, 270682], [0.16752582095517576, {"__complex__": [69093.8359375, -1.9016297052310725e-18]}, 287710], [0.1725259295419247, {"__complex__": [68714.125, -6.426738079327876e-17]}, 305202], [0.17752572093623975, {"__complex__": [68949.359375, 2.1315754516860654e-17]}, 323008], [0.18252702152554795, {"__complex__": [68941.1640625, -6.850271096567277e-17]}, 341812], [0.18752508561671835, {"__complex__": [68748.3203125, -5.16599994695359e-16]}, 360020], [0.19252006361125312, {"__complex__": [68557.546875, 1.8398374854042076e-16]}, 379728], [0.19751626124600596, {"__complex__": [68345.0859375, 1.6571507428293802e-16]}, 399660], [0.20251335405021748, {"__complex__": [68089.9375, -5.33848550116772e-16]}, 420320], [0.20751594275294782, {"__complex__": [67658.0625, 1.3397465863673085e-16]}, 442070], [0.21251689533718626, {"__complex__": [67952.5703125, -6.439736726345779e-17]}, 462644], [0.21751895130525958, {"__complex__": [67988.8671875, -5.111696664705117e-16]}, 485820], [0.22252064263763735, {"__complex__": [67647.375, 2.5802317639260497e-16]}, 507304], [0.22751949683857262, {"__complex__": [67579.1875, -4.834332020357552e-16]}, 530776], [0.23252062744923513, {"__complex__": [67208.4375, 1.3568761071898526e-16]}, 554524], [0.23751988845699762, {"__complex__": [67390.8828125, -3.6012140442064533e-16]}, 578008], [0.24251952417933192, {"__complex__": [67195.421875, 2.1549889312732769e-16]}, 603272], [0.24751886354741093, {"__complex__": [67105.4140625, -9.384513603668849e-17]}, 627748], [0.2525158523431189, {"__complex__": [67435.0390625, -2.8530441355777147e-16]}, 653304], [0.2575140585584922, {"__complex__": [67036.8671875, 6.1587612566446855e-18]}, 679896], [0.2625126084722789, {"__complex__": [66857.453125, 1.4869385456363425e-16]}, 706092], [0.26751303339828036, {"__complex__": [66818.78125, 3.214801848833778e-16]}, 734258], [0.2725141980302592, {"__complex__": [66690.8359375, -5.6244067168384924e-18]}, 761190], [0.27751499291909654, {"__complex__": [66559.3203125, -7.874040776988637e-17]}, 789966], [0.2825156597003922, {"__complex__": [66145.390625, -2.920874004598247e-17]}, 818248], [0.2875141801620819, {"__complex__": [66567.7890625, 5.467542749733835e-17]}, 847024], [0.29251195304227423, {"__complex__": [66674.0, 7.792388124362303e-17]}, 877004], [0.2975142527009851, {"__complex__": [66558.3359375, -2.304307604984409e-16]}, 908602], [0.30251615798691667, {"__complex__": [66370.5859375, 4.327658616529303e-16]}, 937802], [0.30751506635382575, {"__complex__": [66656.2421875, -1.9773593724402516e-16]}, 969706], [0.31251223811931306, {"__complex__": [66625.8671875, 5.183104453834411e-17]}, 999956], [0.3175098816792195, {"__complex__": [66386.9921875, 1.9413088561117206e-16]}, 1034060], [0.3225110492752749, {"__complex__": [66442.0703125, 5.861542110382643e-17]}, 1066386], [0.3275123331358606, {"__complex__": [66565.5078125, -8.107262034592248e-17]}, 1100278], [0.3325123291547583, {"__complex__": [66592.875, -1.4066842914663656e-16]}, 1133070], [0.3375117534479973, {"__complex__": [66357.8671875, 1.9580754762559254e-16]}, 1168082], [0.3425129583700723, {"__complex__": [66479.421875, 6.021599573678184e-17]}, 1203258], [0.3475132726509487, {"__complex__": [66137.0078125, 1.4506852707960624e-16]}, 1237894], [0.35251300538197095, {"__complex__": [66437.9609375, 9.92691975412151e-17]}, 1274124], [0.3575125695577228, {"__complex__": [66084.6796875, -2.3341728286517382e-17]}, 1310242], [0.36251151779301266, {"__complex__": [66481.15625, -8.704687607180507e-17]}, 1346914], [0.3675115630015573, {"__complex__": [66380.6328125, 4.680447640537372e-17]}, 1385312], [0.3725118957087531, {"__complex__": [66302.71875, 2.8129635953048253e-16]}, 1422310], [0.37751124096797295, {"__complex__": [65944.75, 1.2919801485403724e-16]}, 1461198], [0.3825103314725004, {"__complex__": [66279.75, -3.121584086278319e-17]}, 1499520], [0.38750966779422413, {"__complex__": [66262.9375, 7.313939247999996e-18]}, 1539692], [0.3925103292814964, {"__complex__": [66139.8125, 1.8302180035374814e-17]}, 