{"poles": {"dims": ["k"], "edges": [{"__dtype__": "<f8", "__shape__": [86], "__data__": [0.0, 0.005, 0.01, 0.015, 0.02, 0.025, 0.03, 0.035, 0.04, 0.045, 0.05, 0.055, 0.06, 0.065, 0.07, 0.075, 0.08, 0.085, 0.09, 0.095, 0.1, 0.105, 0.11, 0.115, 0.12, 0.125, 0.13, 0.135, 0.14, 0.145, 0.15, 0.155, 0.16, 0.165, 0.17, 0.17500000000000002, 0.18, 0.185, 0.19, 0.195, 0.2, 0.20500000000000002, 0.21, 0.215, 0.22, 0.225, 0.23, 0.23500000000000001, 0.24, 0.245, 0.25, 0.255, 0.26, 0.265, 0.27, 0.275, 0.28, 0.28500000000000003, 0.29, 0.295, 0.3, 0.305, 0.31, 0.315, 0.32, 0.325, 0.33, 0.335, 0.34, 0.34500000000000003, 0.35000000000000003, 0.355, 0.36, 0.365, 0.37, 0.375, 0.38, 0.385, 0.39, 0.395, 0.4, 0.405, 0.41000000000000003, 0.41500000000000004, 0.42, 0.425]}], "coords": [{"__dtype__": "<f8", "__shape__": [85], "__data__": [0.0025, 0.0075, 0.0125, 0.0175, 0.0225, 0.0275, 0.0325, 0.037500000000000006, 0.042499999999999996, 0.0475, 0.052500000000000005, 0.057499999999999996, 0.0625, 0.0675, 0.07250000000000001, 0.0775, 0.0825, 0.0875, 0.0925, 0.0975, 0.10250000000000001, 0.1075, 0.1125, 0.1175, 0.1225, 0.1275, 0.1325, 0.1375, 0.14250000000000002, 0.1475, 0.1525, 0.1575, 0.1625, 0.1675, 0.17250000000000001, 0.1775, 0.1825, 0.1875, 0.1925, 0.1975, 0.2025, 0.20750000000000002, 0.2125, 0.2175, 0.2225, 0.2275, 0.2325, 0.2375, 0.2425, 0.2475, 0.2525, 0.2575, 0.2625, 0.2675, 0.2725, 0.2775, 0.28250000000000003, 0.2875, 0.2925, 0.2975, 0.3025, 0.3075, 0.3125, 0.3175, 0.3225, 0.3275, 0.3325, 0.3375, 0.3425, 0.34750000000000003, 0.35250000000000004, 0.3575, 0.3625, 0.3675, 0.3725, 0.3775, 0.3825, 0.3875, 0.3925, 0.3975, 0.4025, 0.40750000000000003, 0.41250000000000003, 0.4175, 0.4225]}], "data": {"__dtype__": [["k", "<f8"], ["power_2", "<c8"], ["modes", "<i8"]], "__shape__": [85], "__data__": [[0.003785962175218714, {"__complex__": [-47913.47265625, 2.6102091408436445e-13]}, 223], [0.008055650047333739, {"__complex__": [-16959.220703125, -7.295155148370758e-13]}, 1516], [0.012838659412058445, {"__complex__": [-101.50316619873047, -8.45631886996906e-14]}, 4130], [0.017758445021159877, {"__complex__": [13272.53125, -1.4447172841727807e-13]}, 8058], [0.022686221993372543, {"__complex__": [17292.42578125, 1.419915481850817e-13]}, 13118], [0.02764503576190599, {"__complex__": [11802.046875, 9.414906734003109e-14]}, 19784], [0.032626124011193657, {"__complex__": [16030.4306640625, 1.5885213541159786e-14]}, 27482], [0.03761517664423396, {"__complex__": [16380.7568359375, -6.327951485425804e-15]}, 36794], [0.042612076216348424, {"__complex__": [12049.5869140625, -4.947527491725367e-15]}, 47060], [0.04758810749327745, {"__complex__": [8608.248046875, 2.787627781061265e-14]}, 58466], [0.05257639262811682, {"__complex__": [6979.6513671875, 6.473451840489832e-15]}, 71934], [0.057576644294676294, {"__complex__": [8345.095703125, 3.786040084956602e-14]}, 86096], [0.06257060468948772, {"__complex__": [3025.5556640625, 1.832121931109095e-14]}, 101666], [0.06756431050677218, {"__complex__": [5308.462890625, -1.5719320444374137e-14]}, 118494], [0.07255460479533274, {"__complex__": [3792.867919921875, -6.818380173754255e-15]}, 136590], [0.07755203808236072, {"__complex__": [5080.53173828125, 0.0]}, 156536], [0.08254994891496988, {"__complex__": [778.1859130859375, 2.6324013701803893e-15]}, 176896], [0.0875465852208996, {"__complex__": [4054.688232421875, -1.401187397039776e-14]}, 199400], [0.09254606261661012, {"__complex__": [2438.136962890625, -1.1375937084695531e-14]}, 222578], [0.09754095165434574, {"__complex__": [3376.109375, 6.595502088409125e-15]}, 247110], [0.10253878096196406, {"__complex__": [1470.7481689453125, 6.80985478714014e-15]}, 273522], [0.1075376536617221, {"__complex__": [1438.05224609375, -9.296863375440802e-15]}, 300528], [0.11253874421958751, {"__complex__": [1475.4388427734375, 0.0]}, 329826], [0.11753930483919833, {"__complex__": [106.1978759765625, -1.946288801036645e-15]}, 358884], [0.12253435939470513, {"__complex__": [1629.590087890625, -7.160127898301737e-15]}, 390212], [0.1275324928771181, {"__complex__": [2096.31689453125, 9.907499591511795e-15]}, 423008], [0.13253098558293935, {"__complex__": [1175.927734375, 0.0]}, 456548], [0.1375294182229233, {"__complex__": [1401.2982177734375, 4.73252236586673e-16]}, 491980], [0.14252928720123362, {"__complex__": [764.1765747070312, -4.848250995142427e-15]}, 528260], [0.14752710781464048, {"__complex__": [745.7705078125, -7.40778000328816e-15]}, 565750], [0.15252590457329984, {"__complex__": [-510.99896240234375, 6.1563243991037166e-15]}, 605116], [0.15752627544450365, {"__complex__": [487.5151062011719, 3.24661502990411e-15]}, 645434], [0.1625268432433497, {"__complex__": [-524.2693481445312, -1.3551043789619926e-15]}, 687270], [0.16752762298865234, {"__complex__": [337.5370788574219, 8.133882903695912e-15]}, 729932], [0.17252411279445126, {"__complex__": [-205.26869201660156, 3.6135683373795125e-15]}, 773188], [0.17752203527930777, {"__complex__": [772.4637451171875, 5.678630004104287e-15]}, 820024], [0.18252363779831107, {"__complex__": [452.9776306152344, 3.2236775894507004e-15]}, 866702], [0.18752234050808908, {"__complex__": [-449.63995361328125, 6.367909417679578e-15]}, 914078], [0.19252201016210274, {"__complex__": [-89.12584686279297, 1.9313670451213396e-15]}, 964418], [0.19752271477956754, {"__complex__": [-619.8966064453125, 2.2943274392833854e-16]}, 1014810], [0.20252178570627094, {"__complex__": [-55.46246337890625, 5.458169139032384e-16]}, 1066432], [0.20751974798690762, {"__complex__": [-386.9712829589844, -3.327524675817025e-15]}, 1119538], [0.2125197454352182, {"__complex__": [-648.2642211914062, -7.922872491095644e-16]}, 1175486], [0.2175192296548309, {"__complex__": [-492.9071044921875, 7.573846212432405e-16]}, 1229656], [0.22251681667262319, {"__complex__": [791.6198120117188, -7.232214002003104e-16]}, 1287742], [0.22751746426403283, {"__complex__": [622.8524780273438, 1.037176809078077e-15]}, 1346910], [0.23251730364615478, {"__complex__": [-580.7219848632812, -3.9753788843156605e-15]}, 1405636], [0.23751678657474465, {"__complex__": [-281.7694091796875, -9.517392426664959e-16]}, 1467822], [0.2425174971485461, {"__complex__": [-662.3570556640625, -1.5220375263277517e-15]}, 1529730], [0.24751707342858845, {"__complex__": [-654.5372924804688, 2.3378888614530163e-15]}, 1593442], [0.2525171832510974, {"__complex__": [-717.0580444335938, -1.6843144277033355e-15]}, 1658816], [0.2575157181508458, {"__complex__": [-1024.5325927734375, -4.0525457563324546e-16]}, 1723588], [0.2625146768272274, {"__complex__": [51.81637191772461, 5.193715923778935e-16]}, 1793172], [0.2675153728644548, {"__complex__": [1079.479736328125, -1.0007075937758063e-15]}, 1861328], [0.2725140790996068, {"__complex__": [-542.9424438476562, 0.0]}, 1930900], [0.2775148647609448, {"__complex__": [-262.0633850097656, 5.226589801857467e-16]}, 2004630], [0.28251520974118804, {"__complex__": [-168.7156524658203, 0.0]}, 2074904], [0.28751406015515885, {"__complex__": [305.0683898925781, -1.7322629511441518e-15]}, 2150534], [0.29251361364437867, {"__complex__": [-899.105712890625, 8.37231187867792e-16]}, 2224768], [0.2975131524186939, {"__complex__": [-606.1276245117188, 2.0220611921244625e-15]}, 2302904], [0.3025147259314174, {"__complex__": [-15.980729103088379, 0.0]}, 2381388], [0.3075149652713783, {"__complex__": [-110.76678466796875, -2.2724792832001448e-15]}, 2458960], [0.31251335064096714, {"__complex__": [-7.905544757843018, 7.334195710061338e-16]}, 2539672], [0.31751349612987984, {"__complex__": [899.1307983398438, 1.7752273209650869e-15]}, 2623108], [0.32251268944270295, {"__complex__": [-399.65570068359375, 1.89430829488778e-15]}, 2704034], [0.32751171630842707, {"__complex__": [-168.50146484375, 2.669968975457012e-15]}, 2790512], [0.33251237563902225, {"__complex__": [-633.9815063476562, 9.714263000639356e-16]}, 2876150], [0.3375123279265873, {"__complex__": [-653.2354736328125, -6.2864037782091515e-16]}, 2962974], 