{"edges": {"__dtype__": "<f8", "__shape__": [116], "__data__": [0.0, 0.005, 0.01, 0.015, 0.02, 0.025, 0.03, 0.035, 0.04, 0.045, 0.05, 0.055, 0.06, 0.065, 0.07, 0.075, 0.08, 0.085, 0.09, 0.095, 0.1, 0.105, 0.11, 0.115, 0.12, 0.125, 0.13, 0.135, 0.14, 0.145, 0.15, 0.155, 0.16, 0.165, 0.17, 0.17500000000000002, 0.18, 0.185, 0.19, 0.195, 0.2, 0.20500000000000002, 0.21, 0.215, 0.22, 0.225, 0.23, 0.23500000000000001, 0.24, 0.245, 0.25, 0.255, 0.26, 0.265, 0.27, 0.275, 0.28, 0.28500000000000003, 0.29, 0.295, 0.3, 0.305, 0.31, 0.315, 0.32, 0.325, 0.33, 0.335, 0.34, 0.34500000000000003, 0.35000000000000003, 0.355, 0.36, 0.365, 0.37, 0.375, 0.38, 0.385, 0.39, 0.395, 0.4, 0.405, 0.41000000000000003, 0.41500000000000004, 0.42, 0.425, 0.43, 0.435, 0.44, 0.445, 0.45, 0.455, 0.46, 0.465, 0.47000000000000003, 0.47500000000000003, 0.48, 0.485, 0.49, 0.495, 0.5, 0.505, 0.51, 0.515, 0.52, 0.525, 0.53, 0.535, 0.54, 0.545, 0.55, 0.555, 0.56, 0.5650000000000001, 0.5700000000000001, 0.5750000000000001]}, "poles": {"__dtype__": [["k", "<f8"], ["power_0", "<c8"], ["modes", "<i8"]], "__shape__": [115], "__data__": [[0.0037054420134658554, {"__complex__": [116396.3671875, 3.424302467557212e-14]}, 83], [0.008002706039259398, {"__complex__": [110530.2734375, -8.726800206949881e-14]}, 596], [0.012849701484846114, {"__complex__": [103825.6015625, 7.107151916681612e-14]}, 1648], [0.0177641384261076, {"__complex__": [93749.2578125, -2.8277618961680684e-14]}, 3156], [0.022684229681789413, {"__complex__": [98423.828125, 1.0840718988182167e-14]}, 5176], [0.027646384376179004, {"__complex__": [91895.7421875, 5.825284865075423e-15]}, 7804], [0.032636129245414154, {"__complex__": [98080.6640625, -1.5380498795142944e-14]}, 10874], [0.037622935176432226, {"__complex__": [89620.5703125, 5.500531586065177e-15]}, 14442], [0.0426065943302704, {"__complex__": [89487.0625, -3.3931250482412655e-15]}, 18544], [0.047584168879418735, {"__complex__": [86634.5859375, 5.709553059426173e-15]}, 23040], [0.052572163944886785, {"__complex__": [84039.2109375, 6.029318161410039e-15]}, 28366], [0.05756591012932392, {"__complex__": [83340.09375, 2.039516847101479e-15]}, 33818], [0.06255885577973451, {"__complex__": [81315.2578125, 1.1085299116427136e-15]}, 40130], [0.06756290621144688, {"__complex__": [80818.2109375, -3.3368414029621117e-15]}, 46838], [0.07256050504780319, {"__complex__": [80738.5078125, 1.1169141613919919e-15]}, 53826], [0.0775516441986681, {"__complex__": [77918.1171875, 1.8907539593526437e-16]}, 61584], [0.08254999402587553, {"__complex__": [77214.578125, 1.0689122748754987e-15]}, 69864], [0.08754547074829418, {"__complex__": [76589.7734375, -2.1057364006101626e-15]}, 78404], [0.09254370656486871, {"__complex__": [75721.59375, 3.641145559620185e-16]}, 87902], [0.09754153604884025, {"__complex__": [75621.6875, -1.2307451192284844e-15]}, 97310], [0.10253422913940137, {"__complex__": [74251.796875, 9.402284884297836e-16]}, 107716], [0.1075359850070505, {"__complex__": [71814.7734375, 7.52137860939931e-17]}, 118654], [0.11253957840084304, {"__complex__": [71897.453125, 4.887818445207517e-16]}, 129910], [0.11753653834673844, {"__complex__": [71450.5859375, 7.092748439050907e-16]}, 141376], [0.12253336603812491, {"__complex__": [70897.4609375, 1.4854163744905673e-15]}, 153958], [0.12753369323485178, {"__complex__": [70369.875, -8.352610421720377e-17]}, 166718], [0.1325298054599073, {"__complex__": [71024.3515625, -1.2963612941111472e-16]}, 179806], [0.13753126919241337, {"__complex__": [70917.2578125, -4.87020598325614e-16]}, 194282], [0.14252978867508304, {"__complex__": [70111.7265625, -1.4822380951142323e-15]}, 207774], [0.14752584639061916, {"__complex__": [69326.0390625, -5.422559344534221e-16]}, 223278], [0.1525273402624495, {"__complex__": [69678.0078125, -3.978207497903457e-16]}, 238496], [0.15752777994300757, {"__complex__": [69289.7265625, -4.789697619201987e-16]}, 254444], [0.16252677921627748, {"__complex__": [69348.671875, -1.0784850309637829e-16]}, 270682], [0.16752582095517576, {"__complex__": [69057.890625, -9.208703974532338e-18]}, 287710], [0.1725259295419247, {"__complex__": [68536.8125, -3.096672714950672e-17]}, 305202], [0.17752572093623975, {"__complex__": [68468.5703125, 7.726259732774568e-16]}, 323008], [0.18252702152554795, {"__complex__": [68726.9140625, 5.942668014394904e-17]}, 341812], [0.18752508561671835, {"__complex__": [68845.046875, -3.579357682491536e-16]}, 360020], [0.19252006361125312, {"__complex__": [68689.7265625, 1.653075323213005e-16]}, 379728], [0.19751626124600596, {"__complex__": [68343.3359375, -1.3222893200424586e-17]}, 399660], [0.20251335405021748, {"__complex__": [67338.2578125, -9.053156961680926e-17]}, 420320], [0.20751594275294782, {"__complex__": [67705.4296875, 2.0069904378197792e-16]}, 442070], [0.21251689533718626, {"__complex__": [67297.6875, 2.575856309357889e-16]}, 462644], [0.21751895130525958, {"__complex__": [67424.3046875, 7.497376475000981e-17]}, 485820], [0.22252064263763735, {"__complex__": [67729.7734375, 2.424341967428796e-16]}, 507304], [0.22751949683857262, {"__complex__": [67153.171875, -4.3664275792229285e-16]}, 530776], [0.23252062744923513, {"__complex__": [66922.90625, -4.272682009262212e-17]}, 554524], [0.23751988845699762, {"__complex__": [66855.1171875, 2.8407621578425274e-16]}, 578008], [0.24251952417933192, {"__complex__": [67167.109375, 2.049088769391706e-16]}, 603272], [0.24751886354741093, {"__complex__": [67381.0859375, 2.5945362975206027e-16]}, 627748], [0.2525158523431189, {"__complex__": [67537.8671875, -6.279422638537e-16]}, 653304], [0.2575140585584922, {"__complex__": [67102.625, 2.8142579675273483e-16]}, 679896], [0.2625126084722789, {"__complex__": [66936.6953125, 1.389780425514926e-16]}, 706092], [0.26751303339828036, {"__complex__": [66794.3828125, -2.696978579743906e-16]}, 734258], [0.2725141980302592, {"__complex__": [66906.1953125, 1.7175763527508279e-16]}, 761190], [0.27751499291909654, {"__complex__": [66847.265625, -3.3838579784027114e-16]}, 789966], [0.2825156597003922, {"__complex__": [66652.8515625, 2.602561669998041e-16]}, 818248], [0.2875141801620819, {"__complex__": [66883.171875, 3.737090834440252e-16]}, 847024], [0.29251195304227423, {"__complex__": [66996.53125, 9.254433000336107e-18]}, 877004], [0.2975142527009851, {"__complex__": [66544.7265625, -1.9207622190914954e-16]}, 908602], [0.30251615798691667, {"__complex__": [66783.5859375, -1.963591248929327e-16]}, 937802], [0.30751506635382575, {"__complex__": [66693.1953125, -2.067197936757309e-16]}, 969706], [0.31251223811931306, {"__complex__": [66789.265625, -1.364213265397647e-16]}, 999956], [0.3175098816792195, {"__complex__": [66719.140625, -2.0387042778072662e-16]}, 1034060], [0.3225110492752749, {"__complex__": [66328.5859375, 1.767301653529963e-17]}, 1066386], [0.3275123331358606, {"__complex__": [66478.1328125, -1.8711754545213506e-16]}, 1100278], [0.3325123291547583, {"__complex__": [66481.3671875, -1.6526818499392257e-16]}, 1133070], [0.3375117534479973, {"__complex__": [66224.921875, -9.840428425783986e-17]}, 1168082], [0.3425129583700723, {"__complex__": [66165.890625, -1.4321594690995288e-16]}, 1203258], [0.3475132726509487, {"__complex__": [66508.3203125, -4.1380603498026767e-17]}, 1237894], [0.35251300538197095, {"__complex__": [66294.3125, -2.0899509622562335e-16]}, 1274124], [0.3575125695577228, {"__complex__": [66451.109375, 7.291207993894794e-17]}, 1310242], [0.36251151779301266, {"__complex__": [66387.6796875, -4.6988266011315654e-17]}, 1346914], [0.3675115630015573, {"__complex__": [66388.96875, 4.382638135472151e-17]}, 1385312], [0.3725118957087531, {"__complex__": [66193.0390625, 1.3550011203517664e-16]}, 1422310], [0.37751124096797295, {"__complex__": [66114.625, 9.515806357471225e-17]}, 1461198], [0.3825103314725004, {"__complex__": [66383.203125, 1.3125733723726965e-16]}, 1499520], [0.38750966779422413, {"__complex__": [66116.90625, -1.953676695194491e-17]}, 1539692], [0.3925103292814964, {"__complex__": 