{"edges": {"__dtype__": "<f8", "__shape__": [116], "__data__": [0.0, 0.005, 0.01, 0.015, 0.02, 0.025, 0.03, 0.035, 0.04, 0.045, 0.05, 0.055, 0.06, 0.065, 0.07, 0.075, 0.08, 0.085, 0.09, 0.095, 0.1, 0.105, 0.11, 0.115, 0.12, 0.125, 0.13, 0.135, 0.14, 0.145, 0.15, 0.155, 0.16, 0.165, 0.17, 0.17500000000000002, 0.18, 0.185, 0.19, 0.195, 0.2, 0.20500000000000002, 0.21, 0.215, 0.22, 0.225, 0.23, 0.23500000000000001, 0.24, 0.245, 0.25, 0.255, 0.26, 0.265, 0.27, 0.275, 0.28, 0.28500000000000003, 0.29, 0.295, 0.3, 0.305, 0.31, 0.315, 0.32, 0.325, 0.33, 0.335, 0.34, 0.34500000000000003, 0.35000000000000003, 0.355, 0.36, 0.365, 0.37, 0.375, 0.38, 0.385, 0.39, 0.395, 0.4, 0.405, 0.41000000000000003, 0.41500000000000004, 0.42, 0.425, 0.43, 0.435, 0.44, 0.445, 0.45, 0.455, 0.46, 0.465, 0.47000000000000003, 0.47500000000000003, 0.48, 0.485, 0.49, 0.495, 0.5, 0.505, 0.51, 0.515, 0.52, 0.525, 0.53, 0.535, 0.54, 0.545, 0.55, 0.555, 0.56, 0.5650000000000001, 0.5700000000000001, 0.5750000000000001]}, "poles": {"__dtype__": [["k", "<f8"], ["power_0", "<c8"], ["modes", "<i8"]], "__shape__": [115], "__data__": [[0.0037054420134658554, {"__complex__": [97086.1328125, -7.012970933140128e-13]}, 83], [0.008002706039259398, {"__complex__": [108481.5078125, -1.9532772209569782e-13]}, 596], [0.012849701484846114, {"__complex__": [96619.0234375, -8.830045391703886e-14]}, 1648], [0.0177641384261076, {"__complex__": [110597.328125, -1.5215880313536323e-13]}, 3156], [0.022684229681789413, {"__complex__": [114608.96875, -4.4982734984794215e-14]}, 5176], [0.027646384376179004, {"__complex__": [106794.921875, 7.458696000780564e-15]}, 7804], [0.032636129245414154, {"__complex__": [106709.265625, -1.0705841696826129e-14]}, 10874], [0.037622935176432226, {"__complex__": [96919.9453125, 8.060886451334483e-15]}, 14442], [0.0426065943302704, {"__complex__": [94649.4921875, 3.138894715979876e-14]}, 18544], [0.047584168879418735, {"__complex__": [95244.1953125, 7.579122740649855e-14]}, 23040], [0.052572163944886785, {"__complex__": [89827.734375, -2.052022229776505e-15]}, 28366], [0.05756591012932392, {"__complex__": [90655.328125, 2.753925695342732e-14]}, 33818], [0.06255885577973451, {"__complex__": [90402.484375, -2.0306684868245765e-14]}, 40130], [0.06756290621144688, {"__complex__": [86732.453125, -9.941955197740205e-15]}, 46838], [0.07256050504780319, {"__complex__": [86096.0390625, -2.1628084218049733e-15]}, 53826], [0.0775516441986681, {"__complex__": [84637.0234375, 9.451750549626303e-16]}, 61584], [0.08254999402587553, {"__complex__": [84027.5546875, -1.4996821669156953e-14]}, 69864], [0.08754547074829418, {"__complex__": [81829.296875, -1.5219338918466552e-14]}, 78404], [0.09254370656486871, {"__complex__": [81781.875, -1.3243762470970932e-15]}, 87902], [0.09754153604884025, {"__complex__": [80458.1484375, 5.981672981643458e-15]}, 97310], [0.10253422913940137, {"__complex__": [80392.953125, 4.3230465221315035e-15]}, 107716], [0.1075359850070505, {"__complex__": [79396.4375, -1.177359279541006e-14]}, 118654], [0.11253957840084304, {"__complex__": [78666.015625, -8.96122826415718e-15]}, 129910], [0.11753653834673844, {"__complex__": [77091.8671875, -7.411002963652463e-15]}, 141376], [0.12253336603812491, {"__complex__": [77669.390625, -1.4650403616696546e-15]}, 153958], [0.12753369323485178, {"__complex__": [77446.4765625, -9.77587575370616e-15]}, 166718], [0.1325298054599073, {"__complex__": [76618.9765625, 2.5897983657905766e-15]}, 179806], [0.13753126919241337, {"__complex__": [76991.8828125, -1.498019907108356e-15]}, 194282], [0.14252978867508304, {"__complex__": [76266.6328125, 0.0]}, 207774], [0.14752584639061916, {"__complex__": [75792.1328125, -5.213918188966542e-16]}, 223278], [0.1525273402624495, {"__complex__": [76057.25, 0.0]}, 238496], [0.15752777994300757, {"__complex__": [75878.9140625, 3.888990417541668e-15]}, 254444], [0.16252677921627748, {"__complex__": [75164.703125, 7.741466938793098e-15]}, 270682], [0.16752582095517576, {"__complex__": [74863.203125, -2.0231364739812222e-16]}, 287710], [0.1725259295419247, {"__complex__": [73970.9609375, 7.628739241370404e-16]}, 305202], [0.17752572093623975, {"__complex__": [74567.140625, -1.441640123589689e-15]}, 323008], [0.18252702152554795, {"__complex__": [74136.5, 0.0]}, 341812], [0.18752508561671835, {"__complex__": [74507.046875, 3.2335792457854255e-16]}, 360020], [0.19252006361125312, {"__complex__": [73827.1796875, -4.292057821756205e-15]}, 379728], [0.19751626124600596, {"__complex__": [74058.1875, -2.9128590612139717e-15]}, 399660], [0.20251335405021748, {"__complex__": [74401.7421875, 6.0933030302456285e-15]}, 420320], [0.20751594275294782, {"__complex__": [74074.7421875, 2.106731029048476e-15]}, 442070], [0.21251689533718626, {"__complex__": [73604.3828125, -3.01956551905199e-15]}, 462644], [0.21751895130525958, {"__complex__": [73112.2734375, 9.585057653656369e-16]}, 485820], [0.22252064263763735, {"__complex__": [73852.53125, -9.179137230717243e-16]}, 507304], [0.22751949683857262, {"__complex__": [73689.1328125, 1.3159824682271583e-15]}, 530776], [0.23252062744923513, {"__complex__": [73318.953125, 4.198747878193283e-16]}, 554524], [0.23751988845699762, {"__complex__": [73034.90625, 2.0140781183548275e-15]}, 578008], [0.24251952417933192, {"__complex__": [73012.484375, 3.859463801912449e-16]}, 603272], [0.24751886354741093, {"__complex__": [73290.6640625, -1.5763176210492938e-15]}, 627748], [0.2525158523431189, {"__complex__": [72908.6796875, 1.7819471509730104e-16]}, 653304], [0.2575140585584922, {"__complex__": [72619.890625, -1.0273511210108087e-15]}, 679896], [0.2625126084722789, {"__complex__": [72743.6953125, 3.2974547944312604e-16]}, 706092], [0.26751303339828036, {"__complex__": [72899.578125, -5.0735439714201785e-15]}, 734258], [0.2725141980302592, {"__complex__": [72473.9375, 1.529385854782538e-15]}, 761190], [0.27751499291909654, {"__complex__": [72365.3828125, 1.1789400547788194e-15]}, 789966], [0.2825156597003922, {"__complex__": [72469.78125, 4.5527643985257115e-15]}, 818248], [0.2875141801620819, {"__complex__": [72448.7109375, -1.3744039981954023e-16]}, 847024], [0.29251195304227423, {"__complex__": [72752.6875, -1.0619365350383859e-15]}, 877004], [0.2975142527009851, {"__complex__": [72439.3203125, -1.2812576114006394e-15]}, 908602], [0.30251615798691667, {"__complex__": [72565.15625, 1.4896362926337882e-15]}, 937802], [0.30751506635382575, {"__complex__": [72580.140625, 1.6807305254243842e-15]}, 969706], [0.31251223811931306, {"__complex__": [72400.328125, -1.3970453212244077e-15]}, 999956], [0.3175098816792195, {"__complex__": [72852.921875, 1.8012930658509434e-15]}, 1034060], [0.3225110492752749, {"__complex__": [72848.796875, 2.620034053875766e-15]}, 1066386], [0.3275123331358606, {"__complex__": [72509.3359375, 8.464429888065377e-16]}, 1100278], [0.3325123291547583, {"__complex__": [73094.171875, -4.1097310681839606e-16]}, 1133070], [0.3375117534479973, {"__complex__": [72538.3984375, -7.973092545142759e-16]}, 1168082], [0.3425129583700723, {"__complex__": [72097.6484375, -7.740007077508505e-16]}, 1203258], [0.3475132726509487, {"__complex__": [72303.4921875, 0.0]}, 1237894], [0.35251300538197095, {"__complex__": [72682.9140625, -7.309512640582755e-16]}, 1274124], [0.3575125695577228, {"__complex__": [72527.8359375, -3.554009692149359e-16]}, 1310242], [0.36251151779301266, {"__complex__": [72085.125, 1.0371737385836432e-15]}, 1346914], [0.3675115630015573, {"__complex__": [72339.125, 3.361418222745373e-16]}, 1385312], [0.3725118957087531, {"__complex__": [72603.9453125, -3.2739787469025154e-16]}, 1422310], [0.37751124096797295, {"__complex__": [72072.921875, -1.991778652529378e-16]}, 1461198], [0.3825103314725004, {"__complex__": [72328.875, -1.1645259098269357e-16]}, 1499520], [0.38750966779422413, {"__complex__": [72124.2109375, 6.048759155736301e-16]}, 1539692], [0.3925103292814964, {"__complex__": [72597.7421875, 1.0315803565164494e-15]}, 1579920], [0.3975099588994165, 