{"edges": {"__dtype__": "<f8", "__shape__": [116], "__data__": [0.0, 0.005, 0.01, 0.015, 0.02, 0.025, 0.03, 0.035, 0.04, 0.045, 0.05, 0.055, 0.06, 0.065, 0.07, 0.075, 0.08, 0.085, 0.09, 0.095, 0.1, 0.105, 0.11, 0.115, 0.12, 0.125, 0.13, 0.135, 0.14, 0.145, 0.15, 0.155, 0.16, 0.165, 0.17, 0.17500000000000002, 0.18, 0.185, 0.19, 0.195, 0.2, 0.20500000000000002, 0.21, 0.215, 0.22, 0.225, 0.23, 0.23500000000000001, 0.24, 0.245, 0.25, 0.255, 0.26, 0.265, 0.27, 0.275, 0.28, 0.28500000000000003, 0.29, 0.295, 0.3, 0.305, 0.31, 0.315, 0.32, 0.325, 0.33, 0.335, 0.34, 0.34500000000000003, 0.35000000000000003, 0.355, 0.36, 0.365, 0.37, 0.375, 0.38, 0.385, 0.39, 0.395, 0.4, 0.405, 0.41000000000000003, 0.41500000000000004, 0.42, 0.425, 0.43, 0.435, 0.44, 0.445, 0.45, 0.455, 0.46, 0.465, 0.47000000000000003, 0.47500000000000003, 0.48, 0.485, 0.49, 0.495, 0.5, 0.505, 0.51, 0.515, 0.52, 0.525, 0.53, 0.535, 0.54, 0.545, 0.55, 0.555, 0.56, 0.5650000000000001, 0.5700000000000001, 0.5750000000000001]}, "poles": {"__dtype__": [["k", "<f8"], ["power_0", "<c8"], ["modes", "<i8"]], "__shape__": [115], "__data__": [[0.0037054420134658554, {"__complex__": [72332.015625, 5.259728199855096e-13]}, 83], [0.008002706039259398, {"__complex__": [97023.0546875, 7.324789239775489e-14]}, 596], [0.012849701484846114, {"__complex__": [101184.9453125, 1.4128073168827304e-13]}, 1648], [0.0177641384261076, {"__complex__": [101117.078125, 3.314064856417033e-14]}, 3156], [0.022684229681789413, {"__complex__": [103031.5625, 3.935989311169494e-14]}, 5176], [0.027646384376179004, {"__complex__": [102156.6796875, -1.8646739154918462e-14]}, 7804], [0.032636129245414154, {"__complex__": [99665.234375, -1.605876212172272e-14]}, 10874], [0.037622935176432226, {"__complex__": [94804.984375, -4.0304433103705364e-14]}, 14442], [0.0426065943302704, {"__complex__": [92296.4296875, -5.336120881640517e-14]}, 18544], [0.047584168879418735, {"__complex__": [91113.15625, -5.052748465532138e-15]}, 23040], [0.052572163944886785, {"__complex__": [86134.2578125, -2.488076950957034e-14]}, 28366], [0.05756591012932392, {"__complex__": [86727.3671875, -2.323624826621254e-14]}, 33818], [0.06255885577973451, {"__complex__": [84699.484375, 0.0]}, 40130], [0.06756290621144688, {"__complex__": [83410.0390625, 8.699210480385324e-15]}, 46838], [0.07256050504780319, {"__complex__": [85341.90625, 8.651233687219893e-15]}, 53826], [0.0775516441986681, {"__complex__": [81872.6796875, -1.1342100659551563e-14]}, 61584], [0.08254999402587553, {"__complex__": [80338.8359375, 2.4994701370206675e-15]}, 69864], [0.08754547074829418, {"__complex__": [78385.3515625, -7.052864304542663e-15]}, 78404], [0.09254370656486871, {"__complex__": [79592.5625, -5.297504988388373e-15]}, 87902], [0.09754153604884025, {"__complex__": [78414.421875, 0.0]}, 97310], [0.10253422913940137, {"__complex__": [76733.3984375, 5.673998851465174e-15]}, 107716], [0.1075359850070505, {"__complex__": [76957.4609375, 0.0]}, 118654], [0.11253957840084304, {"__complex__": [76685.7890625, -4.48061413207859e-15]}, 129910], [0.11753653834673844, {"__complex__": [74767.953125, -4.940668218918502e-15]}, 141376], [0.12253336603812491, {"__complex__": [75081.078125, -2.362968448230032e-15]}, 153958], [0.12753369323485178, {"__complex__": [73967.7734375, 6.6336300059803566e-15]}, 166718], [0.1325298054599073, {"__complex__": [74329.734375, 1.1330367559166197e-14]}, 179806], [0.13753126919241337, {"__complex__": [74498.046875, -1.498019907108356e-15]}, 194282], [0.14252978867508304, {"__complex__": [73207.5234375, -4.482382736872457e-15]}, 207774], [0.14752584639061916, {"__complex__": [73283.4921875, 1.824871286728951e-15]}, 223278], [0.1525273402624495, {"__complex__": [74123.4609375, -2.4406137350433473e-16]}, 238496], [0.15752777994300757, {"__complex__": [73137.0703125, 2.058877267418634e-15]}, 254444], [0.16252677921627748, {"__complex__": [72261.3515625, 3.4406520669117042e-15]}, 270682], [0.16752582095517576, {"__complex__": [72183.4453125, 0.0]}, 287710], [0.1725259295419247, {"__complex__": [71681.890625, 1.3350293804747105e-15]}, 305202], [0.17752572093623975, {"__complex__": [72107.359375, -3.604100203095104e-15]}, 323008], [0.18252702152554795, {"__complex__": [72173.4609375, -4.768160641847744e-15]}, 341812], [0.18752508561671835, {"__complex__": [72419.71875, -1.131752802199348e-15]}, 360020], [0.19252006361125312, {"__complex__": [72115.6484375, 6.131511098309494e-16]}, 379728], [0.19751626124600596, {"__complex__": [71826.03125, -2.767215981098331e-15]}, 399660], [0.20251335405021748, {"__complex__": [72030.4296875, -3.4621039703943075e-16]}, 420320], [0.20751594275294782, {"__complex__": [71855.28125, -2.4029901197130873e-15]}, 442070], [0.21251689533718626, {"__complex__": [71315.6875, 1.7614131665074349e-15]}, 462644], [0.21751895130525958, {"__complex__": [71054.75, -1.1981322331768257e-15]}, 485820], [0.22252064263763735, {"__complex__": [71357.8828125, -5.736960769198277e-17]}, 507304], [0.22751949683857262, {"__complex__": [71075.1796875, 4.386608403889058e-16]}, 530776], [0.23252062744923513, {"__complex__": [71425.0625, -2.519248779855529e-15]}, 554524], [0.23751988845699762, {"__complex__": [70682.671875, 0.0]}, 578008], [0.24251952417933192, {"__complex__": [70553.8515625, -6.030412422098773e-16]}, 603272], [0.24751886354741093, {"__complex__": [70921.3515625, 3.70898257548121e-16]}, 627748], [0.2525158523431189, {"__complex__": [70693.765625, -7.127788603892042e-16]}, 653304], [0.2575140585584922, {"__complex__": [70281.7265625, -1.7122519565839465e-16]}, 679896], [0.2625126084722789, {"__complex__": [70246.171875, 1.3189819177725041e-15]}, 706092], [0.26751303339828036, {"__complex__": [70112.046875, 1.5854824910688058e-16]}, 734258], [0.2725141980302592, {"__complex__": [70332.2578125, 1.8352631104423403e-15]}, 761190], [0.27751499291909654, {"__complex__": [70266.0859375, 1.8789357056862984e-15]}, 789966], [0.2825156597003922, {"__complex__": [70188.2578125, 1.8495606030755193e-15]}, 818248], [0.2875141801620819, {"__complex__": [70072.2421875, 8.933626848537952e-16]}, 847024], [0.29251195304227423, {"__complex__": [70433.15625, 4.645972009920693e-16]}, 877004], [0.2975142527009851, {"__complex__": [70249.5390625, 8.968803068046239e-16]}, 908602], [0.30251615798691667, {"__complex__": [70179.53125, 3.7240907315844705e-16]}, 937802], [0.30751506635382575, {"__complex__": [70180.9375, -9.00391390719891e-17]}, 969706], [0.31251223811931306, {"__complex__": [70108.75, -1.862727094965877e-15]}, 999956], [0.3175098816792195, {"__complex__": [70097.65625, -1.6887122492352595e-16]}, 1034060], [0.3225110492752749, {"__complex__": [70166.8671875, 2.1833617556794377e-16]}, 1066386], [0.3275123331358606, {"__complex__": [69616.359375, 1.481275230411441e-15]}, 1100278], [0.3325123291547583, {"__complex__": [70014.8046875, -6.164596205229247e-16]}, 1133070], [0.3375117534479973, {"__complex__": [70535.8828125, -5.979819144159273e-16]}, 1168082], [0.3425129583700723, {"__complex__": [69917.109375, -9.675008846885631e-17]}, 1203258], [0.3475132726509487, {"__complex__": [69976.078125, -4.7021521980662736e-17]}, 1237894], [0.35251300538197095, {"__complex__": [70118.03125, 5.482134877483761e-16]}, 1274124], [0.3575125695577228, {"__complex__": [70051.609375, 3.554009692149359e-16]}, 1310242], [0.36251151779301266, {"__complex__": [69755.1640625, -4.321557332331112e-16]}, 1346914], [0.3675115630015573, {"__complex__": [69952.6640625, 5.042127201769161e-16]}, 1385312], [0.3725118957087531, {"__complex__": [69872.4765625, -1.6369893734512577e-16]}, 1422310], [0.37751124096797295, {"__complex__": [69735.2109375, -7.170403360863998e-16]}, 1461198], [0.3825103314725004, {"__complex__": [69631.53125, 9.898469373261116e-16]}, 1499520], [0.38750966779422413, {"__complex__": [69645.9375, 9.073138468906655e-16]}, 1539692], [0.3925103292814964, {"__complex__": [69856.90625, -2.5789508912911236e-16]}, 1579920], [0.3975099588994165, {"__complex__": [69770.390625, 