{"edges": {"__dtype__": "<f8", "__shape__": [128], "__data__": [0.0, 0.005, 0.01, 0.015, 0.02, 0.025, 0.03, 0.035, 0.04, 0.045, 0.05, 0.055, 0.06, 0.065, 0.07, 0.075, 0.08, 0.085, 0.09, 0.095, 0.1, 0.105, 0.11, 0.115, 0.12, 0.125, 0.13, 0.135, 0.14, 0.145, 0.15, 0.155, 0.16, 0.165, 0.17, 0.17500000000000002, 0.18, 0.185, 0.19, 0.195, 0.2, 0.20500000000000002, 0.21, 0.215, 0.22, 0.225, 0.23, 0.23500000000000001, 0.24, 0.245, 0.25, 0.255, 0.26, 0.265, 0.27, 0.275, 0.28, 0.28500000000000003, 0.29, 0.295, 0.3, 0.305, 0.31, 0.315, 0.32, 0.325, 0.33, 0.335, 0.34, 0.34500000000000003, 0.35000000000000003, 0.355, 0.36, 0.365, 0.37, 0.375, 0.38, 0.385, 0.39, 0.395, 0.4, 0.405, 0.41000000000000003, 0.41500000000000004, 0.42, 0.425, 0.43, 0.435, 0.44, 0.445, 0.45, 0.455, 0.46, 0.465, 0.47000000000000003, 0.47500000000000003, 0.48, 0.485, 0.49, 0.495, 0.5, 0.505, 0.51, 0.515, 0.52, 0.525, 0.53, 0.535, 0.54, 0.545, 0.55, 0.555, 0.56, 0.5650000000000001, 0.5700000000000001, 0.5750000000000001, 0.58, 0.585, 0.59, 0.595, 0.6, 0.605, 0.61, 0.615, 0.62, 0.625, 0.63, 0.635]}, "poles": {"__dtype__": [["k", "<f8"], ["power_0", "<c8"], ["modes", "<i8"]], "__shape__": [127], "__data__": [[0.0037537781648676505, {"__complex__": [158075.109375, 3.7797182376141103e-13]}, 77], [0.008050398333474014, {"__complex__": [96067.9140625, 8.194580437663208e-15]}, 548], [0.012848609532355457, {"__complex__": [105625.7421875, -2.396641438366827e-14]}, 1480], [0.017751579213119567, {"__complex__": [108282.53125, -3.9337148582995266e-14]}, 2872], [0.022691827324042853, {"__complex__": [108537.03125, 4.290674616953339e-15]}, 4736], [0.027648005536595924, {"__complex__": [104965.5703125, -1.0184513246581841e-14]}, 7036], [0.032612636555868525, {"__complex__": [103665.9765625, -1.476553762884327e-14]}, 9838], [0.03761114292794433, {"__complex__": [98039.5859375, -5.403309567895802e-15]}, 13208], [0.04261303922036164, {"__complex__": [93087.6171875, -5.960668682133919e-15]}, 16858], [0.04760505554480107, {"__complex__": [89186.8515625, 8.440222745224033e-16]}, 21080], [0.05259133615803475, {"__complex__": [91103.6171875, 3.4828351547179157e-15]}, 25624], [0.05756841184374016, {"__complex__": [91055.4609375, -3.518505194434452e-15]}, 30728], [0.06256248327880025, {"__complex__": [89642.1640625, -2.1239334211742636e-15]}, 36498], [0.06756661487904435, {"__complex__": [89459.3828125, -1.2840869132027056e-15]}, 42528], [0.07257304507008182, {"__complex__": [87961.1796875, -3.614029970335766e-15]}, 49152], [0.07756473030387098, {"__complex__": [86524.5234375, 3.061645480596873e-15]}, 55744], [0.08254764044823601, {"__complex__": [85636.2421875, -2.6671432735449717e-15]}, 63346], [0.08754405971893497, {"__complex__": [83121.0546875, -8.281603120356457e-16]}, 71388], [0.09254365223263855, {"__complex__": [82039.34375, -9.285997848551661e-16]}, 79762], [0.09754150838846357, {"__complex__": [82257.8203125, 3.9599301150884854e-16]}, 88564], [0.10254123052801507, {"__complex__": [80631.0, 4.507422830738307e-16]}, 97988], [0.10754181638082774, {"__complex__": [79963.3984375, 7.979653344714836e-16]}, 107708], [0.11254085353408888, {"__complex__": [80306.6640625, 4.2674009573594282e-16]}, 117952], [0.11753281793039293, {"__complex__": [79574.1796875, -3.120338683148059e-17]}, 128288], [0.12252442444514552, {"__complex__": [79860.328125, -1.0357950865828684e-15]}, 139770], [0.12753052839909865, {"__complex__": [79646.9765625, -8.220908445125358e-16]}, 151946], [0.13253665927256145, {"__complex__": [79767.0703125, 4.83838666119694e-16]}, 163582], [0.13753197887556465, {"__complex__": [79095.484375, 1.879541890108957e-16]}, 175940], [0.1425260716253757, {"__complex__": [78820.7421875, 6.617531721301315e-16]}, 189064], [0.14752506711896965, {"__complex__": [77578.71875, -4.632169409521837e-17]}, 202824], [0.1525272624752809, {"__complex__": [76793.9296875, 7.900472704805504e-16]}, 216806], [0.15752484634575162, {"__complex__": [76883.359375, 1.8882793261274606e-15]}, 230876], [0.16252366735405163, {"__complex__": [77555.6640625, 4.4127568403663905e-16]}, 246232], [0.1675242007800524, {"__complex__": [76578.109375, -7.999145558064627e-17]}, 261330], [0.17252326579974073, {"__complex__": [76751.84375, -5.234576793154483e-16]}, 277280], [0.17752110470595878, {"__complex__": [76116.2265625, -6.201624250518469e-16]}, 293320], [0.1825207522633753, {"__complex__": [75950.4140625, 7.354238097780151e-16]}, 310574], [0.18752231962759572, {"__complex__": [76129.859375, 6.169417940281492e-16]}, 327560], [0.19252167162300435, {"__complex__": [76190.1953125, 4.619624520700756e-16]}, 345268], [0.19752225984779248, {"__complex__": [75960.140625, 2.276930706035762e-16]}, 363544], [0.20251992290984697, {"__complex__": [75597.140625, -4.4311647191947986e-16]}, 381660], [0.20751551078768798, {"__complex__": [74840.4375, -2.6673668373034876e-16]}, 400854], [0.21251512379553542, {"__complex__": [75098.171875, 8.990799454895249e-17]}, 421010], [0.21751870975885984, {"__complex__": [75425.390625, 7.153484407138185e-17]}, 441160], [0.2225209082741387, {"__complex__": [74718.0859375, 3.9098757618616765e-16]}, 461296], [0.22752039891934017, {"__complex__": [74713.2578125, 5.200221798558338e-17]}, 482192], [0.23252118259031918, {"__complex__": [74898.390625, 9.552862725424621e-17]}, 503860], [0.23751936566507853, {"__complex__": [74387.7734375, 4.104651517478395e-16]}, 525024], [0.24251707186595864, {"__complex__": [74558.703125, -3.89641879060997e-16]}, 547954], [0.24751627666670906, {"__complex__": [74245.015625, 1.4410264482194032e-16]}, 570544], [0.2525167544702008, {"__complex__": [74640.9453125, 4.693699404822717e-17]}, 594374], [0.25751857595461863, {"__complex__": [74738.8515625, -5.649613805235127e-17]}, 617900], [0.2625190906945416, {"__complex__": [74175.71875, 7.400247603986024e-17]}, 642106], [0.2675172479110602, {"__complex__": [74401.2890625, -2.8257591529387346e-17]}, 666112], [0.272514629608296, {"__complex__": [75268.3515625, 4.6735588803960306e-17]}, 691786], [0.27751615229387816, {"__complex__": [74655.96875, -3.0346924686987676e-16]}, 717996], [0.28251644607381426, {"__complex__": [74236.4375, 1.1608435664376456e-16]}, 743152], [0.2875152531419474, {"__complex__": [73667.0234375, 2.1387886320636503e-16]}, 770192], [0.2925134012698469, {"__complex__": [73368.875, -1.815009626231204e-16]}, 796430], [0.2975118362281548, {"__complex__": [73804.625, -4.510163511718267e-16]}, 824820], [0.3025125080826814, {"__complex__": [74164.6796875, -1.2449220420155776e-16]}, 852562], [0.30751063191170563, {"__complex__": [74351.9921875, -1.0451107417018814e-16]}, 880372], [0.3125111278203564, {"__complex__": [74115.046875, -8.303301854533846e-17]}, 910652], [0.31751269361539736, {"__complex__": [74104.265625, 1.67405791750327e-16]}, 938996], [0.3225130904459611, {"__complex__": [74381.5546875, 3.1904353579192317e-16]}, 969352], [0.32751158760760724, {"__complex__": [73677.40625, -1.3460073509875999e-16]}, 998344], [0.3325089848249692, {"__complex__": [73857.578125, -3.2127242358328406e-16]}, 1029922], [0.33751027924368393, {"__complex__": [74138.265625, 5.938374616143509e-17]}, 1061918], [0.34251253316973607, {"__complex__": [73817.6953125, 2.151403864324023e-16]}, 1093272], [0.34751415893089227, {"__complex__": [73769.203125, -3.6011241793047056e-17]}, 1125464], [0.352514235068077, {"__complex__": [73510.4140625, -1.1730387232957394e-16]}, 1157380], [0.357512374484406, {"__complex__": [73709.2109375, 1.4088354904545955e-16]}, 1190172], [0.3625118834929162, {"__complex__": [73582.7734375, 2.187639272063072e-16]}, 1224650], [0.3675116774700016, {"__complex__": [73534.1640625, 1.62417244147032e-16]}, 1257864], [0.3725098709245497, {"__complex__": [73636.28125, -2.287878342181228e-16]}, 1292312], [0.37751067052804127, {"__complex__": [73569.78125, -1.6535189567191294e-16]}, 1328534], [0.3825116981355865, {"__complex__": [73794.75, -1.955433262856084e-16]}, 1362848], [0.3875116125361288, {"__complex__": [73825.1875, 