{"edges": {"__dtype__": "<f8", "__shape__": [116], "__data__": [0.0, 0.005, 0.01, 0.015, 0.02, 0.025, 0.03, 0.035, 0.04, 0.045, 0.05, 0.055, 0.06, 0.065, 0.07, 0.075, 0.08, 0.085, 0.09, 0.095, 0.1, 0.105, 0.11, 0.115, 0.12, 0.125, 0.13, 0.135, 0.14, 0.145, 0.15, 0.155, 0.16, 0.165, 0.17, 0.17500000000000002, 0.18, 0.185, 0.19, 0.195, 0.2, 0.20500000000000002, 0.21, 0.215, 0.22, 0.225, 0.23, 0.23500000000000001, 0.24, 0.245, 0.25, 0.255, 0.26, 0.265, 0.27, 0.275, 0.28, 0.28500000000000003, 0.29, 0.295, 0.3, 0.305, 0.31, 0.315, 0.32, 0.325, 0.33, 0.335, 0.34, 0.34500000000000003, 0.35000000000000003, 0.355, 0.36, 0.365, 0.37, 0.375, 0.38, 0.385, 0.39, 0.395, 0.4, 0.405, 0.41000000000000003, 0.41500000000000004, 0.42, 0.425, 0.43, 0.435, 0.44, 0.445, 0.45, 0.455, 0.46, 0.465, 0.47000000000000003, 0.47500000000000003, 0.48, 0.485, 0.49, 0.495, 0.5, 0.505, 0.51, 0.515, 0.52, 0.525, 0.53, 0.535, 0.54, 0.545, 0.55, 0.555, 0.56, 0.5650000000000001, 0.5700000000000001, 0.5750000000000001]}, "poles": {"__dtype__": [["k", "<f8"], ["power_0", "<c8"], ["modes", "<i8"]], "__shape__": [115], "__data__": [[0.0037054420134658554, {"__complex__": [53942.44921875, 5.698039154226897e-13]}, 83], [0.008002706039259398, {"__complex__": [94232.9140625, 6.348151171398086e-13]}, 596], [0.012849701484846114, {"__complex__": [100679.84375, -3.532018292206826e-14]}, 1648], [0.0177641384261076, {"__complex__": [104674.09375, 7.37739676206356e-14]}, 3156], [0.022684229681789413, {"__complex__": [108439.4375, -1.0683399558888626e-13]}, 5176], [0.027646384376179004, {"__complex__": [104177.015625, -8.950434523310319e-14]}, 7804], [0.032636129245414154, {"__complex__": [101875.4765625, -1.0705841696826129e-14]}, 10874], [0.037622935176432226, {"__complex__": [98487.9296875, -2.8213102156154218e-14]}, 14442], [0.0426065943302704, {"__complex__": [96016.1484375, -2.5111157389025827e-14]}, 18544], [0.047584168879418735, {"__complex__": [93346.0859375, -1.7053026335868762e-14]}, 23040], [0.052572163944886785, {"__complex__": [88912.4453125, -3.283235567642408e-14]}, 28366], [0.05756591012932392, {"__complex__": [92647.734375, -1.721203474885913e-14]}, 33818], [0.06255885577973451, {"__complex__": [86790.953125, 0.0]}, 40130], [0.06756290621144688, {"__complex__": [85725.203125, 1.242744378541702e-14]}, 46838], [0.07256050504780319, {"__complex__": [85689.421875, 1.0814041685508393e-14]}, 53826], [0.0775516441986681, {"__complex__": [82898.671875, -4.725875486571388e-15]}, 61584], [0.08254999402587553, {"__complex__": [82474.265625, 3.332626778774811e-15]}, 69864], [0.08754547074829418, {"__complex__": [81030.40625, -1.4848136046694774e-15]}, 78404], [0.09254370656486871, {"__complex__": [80182.9921875, -3.310940617742733e-15]}, 87902], [0.09754153604884025, {"__complex__": [79975.75, 4.037629453191747e-15]}, 97310], [0.10253422913940137, {"__complex__": [78913.8828125, -1.7292186088526014e-14]}, 107716], [0.1075359850070505, {"__complex__": [77602.15625, 4.905663735340271e-15]}, 118654], [0.11253957840084304, {"__complex__": [78405.0625, 4.48061413207859e-15]}, 129910], [0.11753653834673844, {"__complex__": [78415.953125, -8.20871487645404e-15]}, 141376], [0.12253336603812491, {"__complex__": [78181.7734375, 1.6635296791337253e-14]}, 153958], [0.12753369323485178, {"__complex__": [76567.9609375, 1.0474153198280134e-15]}, 166718], [0.1325298054599073, {"__complex__": [76287.828125, -1.2948991828952883e-15]}, 179806], [0.13753126919241337, {"__complex__": [77463.984375, -4.194455909309986e-15]}, 194282], [0.14252978867508304, {"__complex__": [76890.21875, -5.60297852696969e-15]}, 207774], [0.14752584639061916, {"__complex__": [76007.4375, 9.906444188459516e-15]}, 223278], [0.1525273402624495, {"__complex__": [75100.1015625, -3.4168591231815678e-15]}, 238496], [0.15752777994300757, {"__complex__": [74572.7421875, 1.189573494640413e-14]}, 254444], [0.16252677921627748, {"__complex__": [75030.3828125, -3.010570452668623e-15]}, 270682], [0.16752582095517576, {"__complex__": [75342.2265625, 1.6185091791849778e-15]}, 287710], [0.1725259295419247, {"__complex__": [74730.2734375, 4.577243650701361e-15]}, 305202], [0.17752572093623975, {"__complex__": [74644.0390625, -7.208200617948445e-16]}, 323008], [0.18252702152554795, {"__complex__": [74041.0625, 6.4710750660398365e-15]}, 341812], [0.18752508561671835, {"__complex__": [74973.234375, -3.314418746782396e-15]}, 360020], [0.19252006361125312, {"__complex__": [74451.1171875, 4.905208878647595e-15]}, 379728], [0.19751626124600596, {"__complex__": [74138.296875, 4.36928843300228e-16]}, 399660], [0.20251335405021748, {"__complex__": [73747.03125, 2.2157464987007094e-15]}, 420320], [0.20751594275294782, {"__complex__": [73255.28125, -1.580048271786357e-15]}, 442070], [0.21251689533718626, {"__complex__": [73952.703125, -2.76793511207055e-15]}, 462644], [0.21751895130525958, {"__complex__": [73718.3671875, -9.585057653656369e-16]}, 485820], [0.22252064263763735, {"__complex__": [73293.9765625, 4.130611647943641e-15]}, 507304], [0.22751949683857262, {"__complex__": [73189.53125, -4.386608403889058e-16]}, 530776], [0.23252062744923513, {"__complex__": [72970.6640625, 1.6794991512773133e-15]}, 554524], [0.23751988845699762, {"__complex__": [72521.046875, 8.056311944023718e-16]}, 578008], [0.24251952417933192, {"__complex__": [72314.578125, 2.315678175268351e-15]}, 603272], [0.24751886354741093, {"__complex__": [72641.2578125, 1.8544913936197234e-15]}, 627748], [0.2525158523431189, {"__complex__": [72684.3828125, 1.4255577207784084e-15]}, 653304], [0.2575140585584922, {"__complex__": [72628.0078125, 1.0273511210108087e-15]}, 679896], [0.2625126084722789, {"__complex__": [72888.0234375, 4.946182191646891e-16]}, 706092], [0.26751303339828036, {"__complex__": [72489.578125, 6.341929964275223e-16]}, 734258], [0.2725141980302592, {"__complex__": [72886.171875, 1.8352631104423403e-15]}, 761190], [0.27751499291909654, {"__complex__": [72504.3984375, 2.9473501369470484e-16]}, 789966], [0.2825156597003922, {"__complex__": [72330.4609375, -1.7072865965075826e-15]}, 818248], [0.2875141801620819, {"__complex__": [72509.6328125, 2.7488079963908045e-16]}, 847024], [0.29251195304227423, {"__complex__": [72509.4140625, 1.0619365350383859e-15]}, 877004], [0.2975142527009851, {"__complex__": [72703.703125, 0.0]}, 908602], [0.30251615798691667, {"__complex__": [72298.1640625, 9.930908617558588e-16]}, 937802], [0.30751506635382575, {"__complex__": [72532.765625, 2.4010435321211786e-16]}, 969706], [0.31251223811931306, {"__complex__": [72132.2578125, 4.656817737414692e-16]}, 999956], [0.3175098816792195, {"__complex__": [72051.4140625, 1.6887122492352595e-16]}, 1034060], [0.3225110492752749, {"__complex__": [72667.7578125, -5.458404190675247e-16]}, 1066386], [0.3275123331358606, {"__complex__": [72162.671875, 8.464429888065377e-16]}, 1100278], [0.3325123291547583, {"__complex__": [72368.6015625, -1.8493789145083333e-15]}, 1133070], [0.3375117534479973, {"__complex__": [72557.53125, 1.9932731362856898e-16]}, 1168082], [0.3425129583700723, {"__complex__": [72639.9609375, -1.3545012915035476e-15]}, 1203258], [0.3475132726509487, {"__complex__": [72387.3203125, 9.404305057877037e-16]}, 1237894], [0.35251300538197095, {"__complex__": [72391.0546875, -1.461902528116551e-15]}, 1274124], [0.3575125695577228, {"__complex__": [72308.234375, 8.8850240980245e-16]}, 1310242], [0.36251151779301266, {"__complex__": [72143.8515625, 1.7286229329324448e-15]}, 1346914], [0.3675115630015573, {"__complex__": [72250.9375, -6.722836445490746e-16]}, 1385312], [0.3725118957087531, {"__complex__": [72590.4453125, 9.821936770103138e-16]}, 1422310], [0.37751124096797295, {"__complex__": [72476.2734375, -1.912107633483145e-15]}, 1461198], [0.3825103314725004, {"__complex__": [72291.484375, 3.1054022497399645e-16]}, 1499520], [0.38750966779422413, {"__complex__": [72332.7578125, 0.0]}, 1539692], [0.3925103292814964, {"__complex__": [72442.625, -8.842117644081333e-16]}, 1579920], [0.3975099588994165, 