{"edges": {"__dtype__": "<f8", "__shape__": [116], "__data__": [0.0, 0.005, 0.01, 0.015, 0.02, 0.025, 0.03, 0.035, 0.04, 0.045, 0.05, 0.055, 0.06, 0.065, 0.07, 0.075, 0.08, 0.085, 0.09, 0.095, 0.1, 0.105, 0.11, 0.115, 0.12, 0.125, 0.13, 0.135, 0.14, 0.145, 0.15, 0.155, 0.16, 0.165, 0.17, 0.17500000000000002, 0.18, 0.185, 0.19, 0.195, 0.2, 0.20500000000000002, 0.21, 0.215, 0.22, 0.225, 0.23, 0.23500000000000001, 0.24, 0.245, 0.25, 0.255, 0.26, 0.265, 0.27, 0.275, 0.28, 0.28500000000000003, 0.29, 0.295, 0.3, 0.305, 0.31, 0.315, 0.32, 0.325, 0.33, 0.335, 0.34, 0.34500000000000003, 0.35000000000000003, 0.355, 0.36, 0.365, 0.37, 0.375, 0.38, 0.385, 0.39, 0.395, 0.4, 0.405, 0.41000000000000003, 0.41500000000000004, 0.42, 0.425, 0.43, 0.435, 0.44, 0.445, 0.45, 0.455, 0.46, 0.465, 0.47000000000000003, 0.47500000000000003, 0.48, 0.485, 0.49, 0.495, 0.5, 0.505, 0.51, 0.515, 0.52, 0.525, 0.53, 0.535, 0.54, 0.545, 0.55, 0.555, 0.56, 0.5650000000000001, 0.5700000000000001, 0.5750000000000001]}, "poles": {"__dtype__": [["k", "<f8"], ["power_0", "<c8"], ["modes", "<i8"]], "__shape__": [115], "__data__": [[0.0037054420134658554, {"__complex__": [84110.7578125, -2.629864099927548e-13]}, 83], [0.008002706039259398, {"__complex__": [113402.703125, -3.4182352044373476e-13]}, 596], [0.012849701484846114, {"__complex__": [115349.5, 1.7660090783407772e-13]}, 1648], [0.0177641384261076, {"__complex__": [101729.2890625, -9.22174595257945e-15]}, 3156], [0.022684229681789413, {"__complex__": [100426.4453125, 5.060557685789349e-14]}, 5176], [0.027646384376179004, {"__complex__": [103832.421875, -5.966956800624451e-14]}, 7804], [0.032636129245414154, {"__complex__": [98026.0546875, -3.747044720944087e-14]}, 10874], [0.037622935176432226, {"__complex__": [93709.828125, -1.6121772902668967e-14]}, 14442], [0.0426065943302704, {"__complex__": [92961.5078125, 3.7666735236505794e-14]}, 18544], [0.047584168879418735, {"__complex__": [89169.640625, 5.052748465532138e-15]}, 23040], [0.052572163944886785, {"__complex__": [87137.65625, -8.20808891910602e-15]}, 28366], [0.05756591012932392, {"__complex__": [85776.8671875, 1.0327221357535245e-14]}, 33818], [0.06255885577973451, {"__complex__": [85338.53125, -2.9009548601732597e-15]}, 40130], [0.06756290621144688, {"__complex__": [82547.4296875, -4.9709775988701025e-15]}, 46838], [0.07256050504780319, {"__complex__": [83237.4609375, -1.0814042109024867e-15]}, 53826], [0.0775516441986681, {"__complex__": [80414.84375, 5.671050329775782e-15]}, 61584], [0.08254999402587553, {"__complex__": [78975.5390625, -5.8320971275537155e-15]}, 69864], [0.08754547074829418, {"__complex__": [79124.359375, -9.651288218593367e-15]}, 78404], [0.09254370656486871, {"__complex__": [78827.234375, -4.635317076598063e-15]}, 87902], [0.09754153604884025, {"__complex__": [76398.3984375, 1.1963346175045153e-15]}, 97310], [0.10253422913940137, {"__complex__": [76322.3515625, -1.7292186088526014e-14]}, 107716], [0.1075359850070505, {"__complex__": [76692.7890625, -2.4528318676701353e-15]}, 118654], [0.11253957840084304, {"__complex__": [75799.0, 1.5234089150210038e-14]}, 129910], [0.11753653834673844, {"__complex__": [74655.5234375, -3.911362251744549e-15]}, 141376], [0.12253336603812491, {"__complex__": [75757.0234375, 4.9858633558851496e-15]}, 153958], [0.12753369323485178, {"__complex__": [74598.296875, -6.109922663703705e-15]}, 166718], [0.1325298054599073, {"__complex__": [73865.890625, -3.2372479042986615e-15]}, 179806], [0.13753126919241337, {"__complex__": [72798.71875, 1.498019907108356e-15]}, 194282], [0.14252978867508304, {"__complex__": [73776.4921875, 1.6808934733876122e-15]}, 207774], [0.14752584639061916, {"__complex__": [73644.8125, 2.606959041543712e-15]}, 223278], [0.1525273402624495, {"__complex__": [73440.0703125, 4.881227258328458e-15]}, 238496], [0.15752777994300757, {"__complex__": [73245.2421875, 2.2876413847142335e-15]}, 254444], [0.16252677921627748, {"__complex__": [72946.3046875, -8.601630167279261e-16]}, 270682], [0.16752582095517576, {"__complex__": [72689.65625, 4.0462729479624445e-16]}, 287710], [0.1725259295419247, {"__complex__": [72206.7421875, 0.0]}, 305202], [0.17752572093623975, {"__complex__": [71785.6328125, 7.208200617948445e-16]}, 323008], [0.18252702152554795, {"__complex__": [71568.71875, -2.724663163410643e-15]}, 341812], [0.18752508561671835, {"__complex__": [71936.0859375, 1.6167896228927128e-16]}, 360020], [0.19252006361125312, {"__complex__": [71298.03125, 1.5328777481075939e-15]}, 379728], [0.19751626124600596, {"__complex__": [71835.6953125, -4.660574328535765e-15]}, 399660], [0.20251335405021748, {"__complex__": [71574.5546875, 1.384841588157723e-15]}, 420320], [0.20751594275294782, {"__complex__": [71760.2578125, 7.900241358931785e-16]}, 442070], [0.21251689533718626, {"__complex__": [71283.34375, 2.264674086349433e-15]}, 462644], [0.21751895130525958, {"__complex__": [71128.71875, -3.3547703375984067e-15]}, 485820], [0.22252064263763735, {"__complex__": [70788.1875, 2.0653058239718204e-15]}, 507304], [0.22751949683857262, {"__complex__": [71033.3671875, -8.773216807778116e-16]}, 530776], [0.23252062744923513, {"__complex__": [70713.046875, 1.1546556201810386e-15]}, 554524], [0.23751988845699762, {"__complex__": [70551.6484375, 2.8197091539385218e-15]}, 578008], [0.24251952417933192, {"__complex__": [71009.1015625, -1.8332452662037438e-15]}, 603272], [0.24751886354741093, {"__complex__": [70818.3203125, 1.112694772644363e-15]}, 627748], [0.2525158523431189, {"__complex__": [70653.5546875, -3.563894301946021e-16]}, 653304], [0.2575140585584922, {"__complex__": [70515.0078125, -5.992881450997119e-16]}, 679896], [0.2625126084722789, {"__complex__": [69953.046875, 1.3189819177725041e-15]}, 706092], [0.26751303339828036, {"__complex__": [70310.703125, -2.2196754610265485e-15]}, 734258], [0.2725141980302592, {"__complex__": [70218.1484375, -9.176315552211702e-16]}, 761190], [0.27751499291909654, {"__complex__": [70290.6484375, -1.3263075880959514e-15]}, 789966], [0.2825156597003922, {"__complex__": [70222.859375, -1.920697394601251e-15]}, 818248], [0.2875141801620819, {"__complex__": [70420.9296875, -1.5118444377196119e-15]}, 847024], [0.29251195304227423, {"__complex__": [70005.9609375, 3.982261874045049e-16]}, 877004], [0.2975142527009851, {"__complex__": [70270.9140625, 1.3773519110798636e-15]}, 908602], [0.30251615798691667, {"__complex__": [70278.3984375, -3.7240907315844705e-16]}, 937802], [0.30751506635382575, {"__complex__": [69980.8515625, -6.002609095000742e-16]}, 969706], [0.31251223811931306, {"__complex__": [70089.9765625, -1.0477839909183058e-15]}, 999956], [0.3175098816792195, {"__complex__": [69978.21875, 9.006465329254717e-16]}, 1034060], [0.3225110492752749, {"__complex__": [70150.1953125, 3.2750425673447076e-16]}, 1066386], [0.3275123331358606, {"__complex__": [70243.25, 2.4335235398792367e-15]}, 1100278], [0.3325123291547583, {"__complex__": [70303.8828125, 1.8493789145083333e-15]}, 1133070], [0.3375117534479973, {"__complex__": [70009.359375, -7.973092545142759e-16]}, 1168082], [0.3425129583700723, {"__complex__": [70388.1015625, -1.9350017693771262e-16]}, 1203258], [0.3475132726509487, {"__complex__": [69760.5625, -1.1755380528252909e-15]}, 1237894], [0.35251300538197095, {"__complex__": [69677.46875, 1.461902528116551e-15]}, 1274124], [0.3575125695577228, {"__complex__": [69874.59375, 6.663768073518375e-16]}, 1310242], [0.36251151779301266, {"__complex__": [69873.875, -5.185868692918216e-16]}, 1346914], [0.3675115630015573, {"__complex__": [69866.703125, 2.0168508807076645e-15]}, 1385312], [0.3725118957087531, {"__complex__": [69966.7578125, -9.821936770103138e-16]}, 1422310], [0.37751124096797295, {"__complex__": [70009.1875, -9.560538167415725e-16]}, 1461198], [0.3825103314725004, {"__complex__": [70052.015625, 1.2421608998959858e-15]}, 1499520], [0.38750966779422413, {"__complex__": [69689.734375, 1.890237242785039e-15]}, 1539692], [0.3925103292814964, {"__complex__": [69836.09375, 