{"edges": {"__dtype__": "<f8", "__shape__": [116], "__data__": [0.0, 0.005, 0.01, 0.015, 0.02, 0.025, 0.03, 0.035, 0.04, 0.045, 0.05, 0.055, 0.06, 0.065, 0.07, 0.075, 0.08, 0.085, 0.09, 0.095, 0.1, 0.105, 0.11, 0.115, 0.12, 0.125, 0.13, 0.135, 0.14, 0.145, 0.15, 0.155, 0.16, 0.165, 0.17, 0.17500000000000002, 0.18, 0.185, 0.19, 0.195, 0.2, 0.20500000000000002, 0.21, 0.215, 0.22, 0.225, 0.23, 0.23500000000000001, 0.24, 0.245, 0.25, 0.255, 0.26, 0.265, 0.27, 0.275, 0.28, 0.28500000000000003, 0.29, 0.295, 0.3, 0.305, 0.31, 0.315, 0.32, 0.325, 0.33, 0.335, 0.34, 0.34500000000000003, 0.35000000000000003, 0.355, 0.36, 0.365, 0.37, 0.375, 0.38, 0.385, 0.39, 0.395, 0.4, 0.405, 0.41000000000000003, 0.41500000000000004, 0.42, 0.425, 0.43, 0.435, 0.44, 0.445, 0.45, 0.455, 0.46, 0.465, 0.47000000000000003, 0.47500000000000003, 0.48, 0.485, 0.49, 0.495, 0.5, 0.505, 0.51, 0.515, 0.52, 0.525, 0.53, 0.535, 0.54, 0.545, 0.55, 0.555, 0.56, 0.5650000000000001, 0.5700000000000001, 0.5750000000000001]}, "poles": {"__dtype__": [["k", "<f8"], ["power_0", "<c8"], ["modes", "<i8"]], "__shape__": [115], "__data__": [[0.0037054420134658554, {"__complex__": [113503.421875, -1.890214872644902e-13]}, 83], [0.008002706039259398, {"__complex__": [104821.7734375, -1.2169833283476317e-13]}, 596], [0.012849701484846114, {"__complex__": [103324.890625, 3.749266318958146e-14]}, 1648], [0.0177641384261076, {"__complex__": [111225.2109375, -1.201798805871429e-14]}, 3156], [0.022684229681789413, {"__complex__": [102790.375, -8.080776479001909e-15]}, 5176], [0.027646384376179004, {"__complex__": [96107.125, -5.118293145540097e-15]}, 7804], [0.032636129245414154, {"__complex__": [94069.6640625, 4.349248215805394e-15]}, 10874], [0.037622935176432226, {"__complex__": [92806.265625, 5.9138095489423906e-15]}, 14442], [0.0426065943302704, {"__complex__": [87173.0703125, 3.9542714056052346e-16]}, 18544], [0.047584168879418735, {"__complex__": [84719.03125, 6.035912312904413e-15]}, 23040], [0.052572163944886785, {"__complex__": [84394.2734375, -2.01751707212068e-15]}, 28366], [0.05756591012932392, {"__complex__": [84433.171875, -2.5901570842437388e-15]}, 33818], [0.06255885577973451, {"__complex__": [80936.046875, -5.268759337136522e-16]}, 40130], [0.06756290621144688, {"__complex__": [81899.90625, 2.4272351143392616e-16]}, 46838], [0.07256050504780319, {"__complex__": [79097.5546875, -3.087618898891479e-15]}, 53826], [0.0775516441986681, {"__complex__": [79447.40625, -2.6698425557896343e-16]}, 61584], [0.08254999402587553, {"__complex__": [77041.5703125, -9.37040679932792e-16]}, 69864], [0.08754547074829418, {"__complex__": [76348.7265625, 3.9898020554623883e-16]}, 78404], [0.09254370656486871, {"__complex__": [75904.65625, 4.1411009333855236e-16]}, 87902], [0.09754153604884025, {"__complex__": [74018.765625, -2.0578794626067683e-15]}, 97310], [0.10253422913940137, {"__complex__": [73422.375, 6.739547346748889e-16]}, 107716], [0.1075359850070505, {"__complex__": [73450.5625, 9.452624052353159e-16]}, 118654], [0.11253957840084304, {"__complex__": [72637.7890625, -8.094859884057669e-16]}, 129910], [0.11753653834673844, {"__complex__": [72218.1953125, 7.67952416051422e-16]}, 141376], [0.12253336603812491, {"__complex__": [72480.15625, 1.460240596534479e-16]}, 153958], [0.12753369323485178, {"__complex__": [72081.203125, 4.167328514503865e-16]}, 166718], [0.1325298054599073, {"__complex__": [70865.7421875, 8.782497112506471e-16]}, 179806], [0.13753126919241337, {"__complex__": [70553.375, -6.13562767843315e-16]}, 194282], [0.14252978867508304, {"__complex__": [71059.65625, -1.4569787255941618e-16]}, 207774], [0.14752584639061916, {"__complex__": [69773.7890625, 7.402879361822923e-18]}, 223278], [0.1525273402624495, {"__complex__": [69197.265625, -8.994196057013739e-16]}, 238496], [0.15752777994300757, {"__complex__": [68884.2109375, 2.62553770339011e-16]}, 254444], [0.16252677921627748, {"__complex__": [68414.96875, -4.672647724407691e-16]}, 270682], [0.16752582095517576, {"__complex__": [68544.25, 4.33250549787217e-16]}, 287710], [0.1725259295419247, {"__complex__": [68443.390625, 7.496851976318173e-16]}, 305202], [0.17752572093623975, {"__complex__": [68685.375, 5.370761691622845e-16]}, 323008], [0.18252702152554795, {"__complex__": [68695.140625, 6.166179098049428e-16]}, 341812], [0.18752508561671835, {"__complex__": [68085.0859375, -5.869151642622539e-16]}, 360020], [0.19252006361125312, {"__complex__": [68022.1015625, 1.757864846229713e-17]}, 379728], [0.19751626124600596, {"__complex__": [67768.390625, -4.515140359678978e-16]}, 399660], [0.20251335405021748, {"__complex__": [67800.09375, 5.094949764546716e-16]}, 420320], [0.20751594275294782, {"__complex__": [67545.09375, 2.776082986687985e-16]}, 442070], [0.21251689533718626, {"__complex__": [67609.21875, -3.695927944879449e-16]}, 462644], [0.21751895130525958, {"__complex__": [67239.28125, -1.8571828672794035e-16]}, 485820], [0.22252064263763735, {"__complex__": [67452.9453125, 3.171952040218959e-16]}, 507304], [0.22751949683857262, {"__complex__": [67642.7265625, -1.6059637477334148e-16]}, 530776], [0.23252062744923513, {"__complex__": [67378.421875, -5.807744930320154e-16]}, 554524], [0.23751988845699762, {"__complex__": [67275.015625, -2.9053097741924493e-16]}, 578008], [0.24251952417933192, {"__complex__": [67332.0390625, 1.758683788123365e-16]}, 603272], [0.24751886354741093, {"__complex__": [67424.4609375, 1.370782667648094e-16]}, 627748], [0.2525158523431189, {"__complex__": [66953.625, -1.305029220488417e-16]}, 653304], [0.2575140585584922, {"__complex__": [67158.875, -1.5046149321054576e-16]}, 679896], [0.2625126084722789, {"__complex__": [67116.453125, -4.2909905602426645e-16]}, 706092], [0.26751303339828036, {"__complex__": [67032.203125, 7.437967039918442e-17]}, 734258], [0.2725141980302592, {"__complex__": [67207.5, -2.509274225747781e-16]}, 761190], [0.27751499291909654, {"__complex__": [66809.4140625, 1.0585912048829846e-16]}, 789966], [0.2825156597003922, {"__complex__": [66940.046875, -5.174187777703334e-17]}, 818248], [0.2875141801620819, {"__complex__": [66700.5625, 2.2815105073024477e-16]}, 847024], [0.29251195304227423, {"__complex__": [66778.890625, 3.8522208761200365e-16]}, 877004], [0.2975142527009851, {"__complex__": [66483.328125, 7.452236236357227e-17]}, 908602], [0.30251615798691667, {"__complex__": [66880.0703125, -1.522607632440813e-16]}, 937802], [0.30751506635382575, {"__complex__": [66679.0703125, -6.602906787568296e-18]}, 969706], [0.31251223811931306, {"__complex__": [66645.1640625, -4.542926216722471e-16]}, 999956], [0.3175098816792195, {"__complex__": [66657.28125, 1.1086984314945478e-16]}, 1034060], [0.3225110492752749, {"__complex__": [66590.9765625, -8.501271983152897e-17]}, 1066386], [0.3275123331358606, {"__complex__": [66787.625, 7.587163290898917e-17]}, 1100278], [0.3325123291547583, {"__complex__": [66628.4140625, -1.4346212909513846e-16]}, 1133070], [0.3375117534479973, {"__complex__": [66437.8515625, -2.431970557910005e-16]}, 1168082], [0.3425129583700723, {"__complex__": [66279.3125, -4.041932367328909e-17]}, 1203258], [0.3475132726509487, {"__complex__": [66454.65625, -8.075904610187098e-17]}, 1237894], [0.35251300538197095, {"__complex__": [66535.0, 1.0435394294102757e-16]}, 1274124], [0.3575125695577228, {"__complex__": [66338.5625, -2.0223272928187984e-16]}, 1310242], [0.36251151779301266, {"__complex__": [66460.6484375, 1.4808270705730047e-16]}, 1346914], [0.3675115630015573, {"__complex__": [66441.046875, -4.9351401907371447e-17]}, 1385312], [0.3725118957087531, {"__complex__": [66314.78125, -1.3222918843023575e-16]}, 1422310], [0.37751124096797295, {"__complex__": [66572.859375, -1.47036515488323e-16]}, 1461198], [0.3825103314725004, {"__complex__": [66297.453125, 1.0176985055974661e-16]}, 1499520], [0.38750966779422413, {"__complex__": [66262.078125, 5.4655532149245226e-17]}, 1539692], [0.3925103292814964, {"__complex__": [66257.984375, 3.94039495452129e-17]}, 1579920], 