{"edges": {"__dtype__": "<f8", "__shape__": [116], "__data__": [0.0, 0.005, 0.01, 0.015, 0.02, 0.025, 0.03, 0.035, 0.04, 0.045, 0.05, 0.055, 0.06, 0.065, 0.07, 0.075, 0.08, 0.085, 0.09, 0.095, 0.1, 0.105, 0.11, 0.115, 0.12, 0.125, 0.13, 0.135, 0.14, 0.145, 0.15, 0.155, 0.16, 0.165, 0.17, 0.17500000000000002, 0.18, 0.185, 0.19, 0.195, 0.2, 0.20500000000000002, 0.21, 0.215, 0.22, 0.225, 0.23, 0.23500000000000001, 0.24, 0.245, 0.25, 0.255, 0.26, 0.265, 0.27, 0.275, 0.28, 0.28500000000000003, 0.29, 0.295, 0.3, 0.305, 0.31, 0.315, 0.32, 0.325, 0.33, 0.335, 0.34, 0.34500000000000003, 0.35000000000000003, 0.355, 0.36, 0.365, 0.37, 0.375, 0.38, 0.385, 0.39, 0.395, 0.4, 0.405, 0.41000000000000003, 0.41500000000000004, 0.42, 0.425, 0.43, 0.435, 0.44, 0.445, 0.45, 0.455, 0.46, 0.465, 0.47000000000000003, 0.47500000000000003, 0.48, 0.485, 0.49, 0.495, 0.5, 0.505, 0.51, 0.515, 0.52, 0.525, 0.53, 0.535, 0.54, 0.545, 0.55, 0.555, 0.56, 0.5650000000000001, 0.5700000000000001, 0.5750000000000001]}, "poles": {"__dtype__": [["k", "<f8"], ["power_0", "<c8"], ["modes", "<i8"]], "__shape__": [115], "__data__": [[0.0037054420134658554, {"__complex__": [104784.2421875, -2.1038912799420384e-12]}, 83], [0.008002706039259398, {"__complex__": [93403.3125, 4.883192916867174e-13]}, 596], [0.012849701484846114, {"__complex__": [117814.796875, -1.4128073168827304e-13]}, 1648], [0.0177641384261076, {"__complex__": [110652.7421875, 4.6108729762897246e-14]}, 3156], [0.022684229681789413, {"__complex__": [108172.296875, 2.2491367492397107e-14]}, 5176], [0.027646384376179004, {"__complex__": [97774.890625, 3.7293478309836925e-14]}, 7804], [0.032636129245414154, {"__complex__": [98611.9140625, 8.02938106086136e-15]}, 10874], [0.037622935176432226, {"__complex__": [93354.8046875, 5.6426204312308437e-14]}, 14442], [0.0426065943302704, {"__complex__": [97992.8984375, -2.1972261656606415e-14]}, 18544], [0.047584168879418735, {"__complex__": [94593.265625, 0.0]}, 23040], [0.052572163944886785, {"__complex__": [91415.2109375, 3.3601861392082086e-14]}, 28366], [0.05756591012932392, {"__complex__": [87366.0078125, 1.376962847671366e-14]}, 33818], [0.06255885577973451, {"__complex__": [88876.0078125, 5.8019097203465195e-15]}, 40130], [0.06756290621144688, {"__complex__": [87038.4375, -3.728233305031695e-15]}, 46838], [0.07256050504780319, {"__complex__": [86493.21875, 1.1489918920275753e-14]}, 53826], [0.0775516441986681, {"__complex__": [83876.796875, 7.561400439701042e-15]}, 61584], [0.08254999402587553, {"__complex__": [84252.1015625, 4.998940274041335e-15]}, 69864], [0.08754547074829418, {"__complex__": [82468.640625, 1.4848136046694774e-15]}, 78404], [0.09254370656486871, {"__complex__": [80839.6484375, -9.932821853228199e-16]}, 87902], [0.09754153604884025, {"__complex__": [80025.4140625, 4.785338470018061e-15]}, 97310], [0.10253422913940137, {"__complex__": [79639.1953125, -2.7019040763321897e-16]}, 107716], [0.1075359850070505, {"__complex__": [78550.484375, 3.924531072975511e-15]}, 118654], [0.11253957840084304, {"__complex__": [78311.6484375, 3.584491390366167e-15]}, 129910], [0.11753653834673844, {"__complex__": [78565.1796875, 0.0]}, 141376], [0.12253336603812491, {"__complex__": [78570.40625, 6.049198871715044e-15]}, 153958], [0.12753369323485178, {"__complex__": [78126.59375, -4.88793787685308e-15]}, 166718], [0.1325298054599073, {"__complex__": [77173.7421875, 1.2948991828952883e-15]}, 179806], [0.13753126919241337, {"__complex__": [77870.9140625, 0.0]}, 194282], [0.14252978867508304, {"__complex__": [76641.140625, -3.3617869467752245e-15]}, 207774], [0.14752584639061916, {"__complex__": [75606.2109375, 7.820877018752017e-16]}, 223278], [0.1525273402624495, {"__complex__": [75529.296875, -9.762454516656915e-15]}, 238496], [0.15752777994300757, {"__complex__": [75212.015625, 3.660226300246068e-15]}, 254444], [0.16252677921627748, {"__complex__": [75883.1796875, -8.601630167279261e-16]}, 270682], [0.16752582095517576, {"__complex__": [74605.203125, 6.8786643556432905e-15]}, 287710], [0.1725259295419247, {"__complex__": [74335.4375, -3.814369620685202e-16]}, 305202], [0.17752572093623975, {"__complex__": [74537.375, -2.3426650684843465e-15]}, 323008], [0.18252702152554795, {"__complex__": [75160.3984375, 1.3623315817053215e-15]}, 341812], [0.18752508561671835, {"__complex__": [74499.8046875, -5.173726793256681e-15]}, 360020], [0.19252006361125312, {"__complex__": [73978.3203125, 2.4526044393237975e-15]}, 379728], [0.19751626124600596, {"__complex__": [73849.859375, -5.825717910669707e-16]}, 399660], [0.20251335405021748, {"__complex__": [73747.6640625, -8.309049634825456e-16]}, 420320], [0.20751594275294782, {"__complex__": [74526.8515625, -2.633413786310595e-16]}, 442070], [0.21251689533718626, {"__complex__": [73449.84375, 4.0260873587359865e-15]}, 462644], [0.21751895130525958, {"__complex__": [73447.7265625, 9.585057865414606e-15]}, 485820], [0.22252064263763735, {"__complex__": [72672.0703125, 0.0]}, 507304], [0.22751949683857262, {"__complex__": [73663.4609375, -3.0706259356619e-15]}, 530776], [0.23252062744923513, {"__complex__": [73245.421875, -1.2596243899277645e-15]}, 554524], [0.23751988845699762, {"__complex__": [73336.484375, 1.0070390591774138e-15]}, 578008], [0.24251952417933192, {"__complex__": [73098.6328125, 9.648659240083326e-16]}, 603272], [0.24751886354741093, {"__complex__": [73397.765625, -1.483593030192484e-15]}, 627748], [0.2525158523431189, {"__complex__": [73184.609375, -2.1383365811676125e-15]}, 653304], [0.2575140585584922, {"__complex__": [73275.328125, 4.109404484043235e-15]}, 679896], [0.2625126084722789, {"__complex__": [72833.328125, 2.9677093149881343e-15]}, 706092], [0.26751303339828036, {"__complex__": [72649.3828125, 4.20152863441956e-15]}, 734258], [0.2725141980302592, {"__complex__": [72973.1953125, 3.058771762504635e-16]}, 761190], [0.27751499291909654, {"__complex__": [72947.359375, -1.3263075880959514e-15]}, 789966], [0.2825156597003922, {"__complex__": [73099.796875, -2.134108192694919e-15]}, 818248], [0.2875141801620819, {"__complex__": [72718.6171875, 9.620827855018918e-16]}, 847024], [0.29251195304227423, {"__complex__": [72764.390625, 3.3185516322902864e-15]}, 877004], [0.2975142527009851, {"__complex__": [72928.578125, -6.406288057003197e-16]}, 908602], [0.30251615798691667, {"__complex__": [72599.25, -1.1792953851001925e-15]}, 937802], [0.30751506635382575, {"__complex__": [72873.0390625, -2.4010435321211786e-16]}, 969706], [0.31251223811931306, {"__complex__": [72546.6015625, -5.8210221717683655e-16]}, 999956], [0.3175098816792195, {"__complex__": [72462.53125, 1.1258081661568396e-16]}, 1034060], [0.3225110492752749, {"__complex__": [72895.8515625, -6.550085134689415e-16]}, 1066386], [0.3275123331358606, {"__complex__": [72687.6953125, 2.1161074720163443e-16]}, 1100278], [0.3325123291547583, {"__complex__": [72407.65625, 2.0548655340919803e-16]}, 1133070], [0.3375117534479973, {"__complex__": [72614.796875, 4.9831828407142245e-17]}, 1168082], [0.3425129583700723, {"__complex__": [72784.9921875, -2.007564434990442e-15]}, 1203258], [0.3475132726509487, {"__complex__": [72520.4609375, -9.404305057877037e-16]}, 1237894], [0.35251300538197095, {"__complex__": [72624.921875, 1.0964269754967521e-15]}, 1274124], [0.3575125695577228, {"__complex__": [72721.671875, -1.4216038768597437e-15]}, 1310242], [0.36251151779301266, {"__complex__": [72668.15625, 1.2964672526388928e-15]}, 1346914], [0.3675115630015573, {"__complex__": [72346.3828125, 1.6807091113726864e-16]}, 1385312], [0.3725118957087531, {"__complex__": [72248.1796875, 9.821936770103138e-16]}, 1422310], [0.37751124096797295, {"__complex__": [72464.7265625, -9.560538167415725e-16]}, 1461198], [0.3825103314725004, {"__complex__": [72538.484375, -6.210804499479929e-16]}, 1499520], [0.38750966779422413, {"__complex__": [72070.109375, -1.3609707173964391e-15]}, 1539692], [0.3925103292814964, {"__complex__": [72113.5703125, -1.0315803565164494e-15]}, 1579920], [0.3975099588994165, 