{"edges": {"__dtype__": "<f8", "__shape__": [128], "__data__": [0.0, 0.005, 0.01, 0.015, 0.02, 0.025, 0.03, 0.035, 0.04, 0.045, 0.05, 0.055, 0.06, 0.065, 0.07, 0.075, 0.08, 0.085, 0.09, 0.095, 0.1, 0.105, 0.11, 0.115, 0.12, 0.125, 0.13, 0.135, 0.14, 0.145, 0.15, 0.155, 0.16, 0.165, 0.17, 0.17500000000000002, 0.18, 0.185, 0.19, 0.195, 0.2, 0.20500000000000002, 0.21, 0.215, 0.22, 0.225, 0.23, 0.23500000000000001, 0.24, 0.245, 0.25, 0.255, 0.26, 0.265, 0.27, 0.275, 0.28, 0.28500000000000003, 0.29, 0.295, 0.3, 0.305, 0.31, 0.315, 0.32, 0.325, 0.33, 0.335, 0.34, 0.34500000000000003, 0.35000000000000003, 0.355, 0.36, 0.365, 0.37, 0.375, 0.38, 0.385, 0.39, 0.395, 0.4, 0.405, 0.41000000000000003, 0.41500000000000004, 0.42, 0.425, 0.43, 0.435, 0.44, 0.445, 0.45, 0.455, 0.46, 0.465, 0.47000000000000003, 0.47500000000000003, 0.48, 0.485, 0.49, 0.495, 0.5, 0.505, 0.51, 0.515, 0.52, 0.525, 0.53, 0.535, 0.54, 0.545, 0.55, 0.555, 0.56, 0.5650000000000001, 0.5700000000000001, 0.5750000000000001, 0.58, 0.585, 0.59, 0.595, 0.6, 0.605, 0.61, 0.615, 0.62, 0.625, 0.63, 0.635]}, "poles": {"__dtype__": [["k", "<f8"], ["power_0", "<c8"], ["modes", "<i8"]], "__shape__": [127], "__data__": [[0.0037537781648676505, {"__complex__": [85321.3125, 9.449295594035276e-14]}, 77], [0.008050398333474014, {"__complex__": [102629.359375, 3.452096735637872e-13]}, 548], [0.012848609532355457, {"__complex__": [101778.59375, -3.9329501569547454e-14]}, 1480], [0.017751579213119567, {"__complex__": [105607.6796875, -4.0534582119869725e-14]}, 2872], [0.022691827324042853, {"__complex__": [105223.5078125, -2.458093848096716e-14]}, 4736], [0.027648005536595924, {"__complex__": [107495.71875, 6.618267538822595e-14]}, 7036], [0.032612636555868525, {"__complex__": [101527.8046875, -2.3666461382320682e-14]}, 9838], [0.03761114292794433, {"__complex__": [101152.5703125, -8.814000385397227e-15]}, 13208], [0.04261303922036164, {"__complex__": [100895.6953125, -4.143385667117888e-14]}, 16858], [0.04760505554480107, {"__complex__": [100373.5390625, -1.1045097026926316e-14]}, 21080], [0.05259133615803475, {"__complex__": [96507.1484375, -2.924694313772777e-14]}, 25624], [0.05756841184374016, {"__complex__": [95394.515625, -1.04185806371602e-14]}, 30728], [0.06256248327880025, {"__complex__": [96228.609375, 4.78445332058818e-15]}, 36498], [0.06756661487904435, {"__complex__": [94136.8984375, -4.790416009020377e-15]}, 42528], [0.07257304507008182, {"__complex__": [92331.8828125, -7.105427357601002e-15]}, 49152], [0.07756473030387098, {"__complex__": [91748.0546875, 5.743077776445551e-15]}, 55744], [0.08254764044823601, {"__complex__": [90694.7890625, -3.675538114833584e-15]}, 63346], [0.08754405971893497, {"__complex__": [91123.046875, -1.467666693201735e-14]}, 71388], [0.09254365223263855, {"__complex__": [89902.8671875, 7.297667943606588e-16]}, 79762], [0.09754150838846357, {"__complex__": [88106.6171875, 2.6289535225685907e-15]}, 88564], [0.10254123052801507, {"__complex__": [87280.625, 1.1880568821483542e-15]}, 97988], [0.10754181638082774, {"__complex__": [87203.8515625, 3.242525766593003e-15]}, 107708], [0.11254085353408888, {"__complex__": [86023.2421875, -2.960916110751155e-15]}, 117952], [0.11753281793039293, {"__complex__": [85526.609375, 3.629811888209008e-15]}, 128288], [0.12252442444514552, {"__complex__": [85188.3125, 1.6658126870364599e-15]}, 139770], [0.12753052839909865, {"__complex__": [84613.1875, -1.8914635347344264e-15]}, 151946], [0.13253665927256145, {"__complex__": [83166.265625, 8.184128898127037e-15]}, 163582], [0.13753197887556465, {"__complex__": [82685.9609375, -2.646705003802436e-15]}, 175940], [0.1425260716253757, {"__complex__": [83414.1640625, 2.4629822869935572e-15]}, 189064], [0.14752506711896965, {"__complex__": [82878.0859375, -6.313693379824672e-15]}, 202824], [0.1525272624752809, {"__complex__": [82837.140625, 1.0739123103631408e-15]}, 216806], [0.15752484634575162, {"__complex__": [82092.578125, 7.563496528608141e-16]}, 230876], [0.16252366735405163, {"__complex__": [81835.0703125, -1.4183614347376542e-15]}, 246232], [0.1675242007800524, {"__complex__": [81115.6328125, 1.1136811425114406e-15]}, 261330], [0.17252326579974073, {"__complex__": [81372.921875, -5.24809416844324e-15]}, 277280], [0.17752110470595878, {"__complex__": [81541.640625, -1.5875538307319774e-15]}, 293320], [0.1825207522633753, {"__complex__": [81545.125, -4.123231449874214e-15]}, 310574], [0.18752231962759572, {"__complex__": [81034.0703125, -2.976487752695241e-15]}, 327560], [0.19252167162300435, {"__complex__": [80949.671875, -6.743475991437373e-16]}, 345268], [0.19752225984779248, {"__complex__": [80989.5625, -2.6418436699599066e-15]}, 363544], [0.20251992290984697, {"__complex__": [79689.59375, 2.287677383614492e-15]}, 381660], [0.20751551078768798, {"__complex__": [80586.4453125, 7.260456727442523e-16]}, 400854], [0.21251512379553542, {"__complex__": [81082.9609375, -5.530287641743984e-16]}, 421010], [0.21751870975885984, {"__complex__": [80367.234375, -2.638845914480455e-16]}, 441160], [0.2225209082741387, {"__complex__": [79596.390625, 1.8927432956386092e-16]}, 461296], [0.22752039891934017, {"__complex__": [79691.03125, 2.4142939861524328e-15]}, 482192], [0.23252118259031918, {"__complex__": [79729.578125, 6.931408779631461e-16]}, 503860], [0.23751936566507853, {"__complex__": [80138.71875, 0.0]}, 525024], [0.24251707186595864, {"__complex__": [80178.7265625, -6.904772769813865e-16]}, 547954], [0.24751627666670906, {"__complex__": [79560.078125, -8.161706665463795e-16]}, 570544], [0.2525167544702008, {"__complex__": [80280.328125, 0.0]}, 594374], [0.25751857595461863, {"__complex__": [79866.8515625, -1.130428783823671e-15]}, 617900], [0.2625190906945416, {"__complex__": [79291.0234375, 1.0878140268517152e-15]}, 642106], [0.2675172479110602, {"__complex__": [79564.25, 0.0]}, 666112], [0.272514629608296, {"__complex__": [79405.921875, -1.3041876403157605e-15]}, 691786], [0.27751615229387816, {"__complex__": [79338.7109375, 0.0]}, 717996], [0.28251644607381426, {"__complex__": [79794.15625, -1.253205997769945e-15]}, 743152], [0.2875152531419474, {"__complex__": [79332.21875, -1.5115103891010385e-15]}, 770192], [0.2925134012698469, {"__complex__": [79238.84375, -7.308572169313507e-17]}, 796430], [0.2975118362281548, {"__complex__": [79431.2109375, -1.2702624884705681e-15]}, 824820], [0.3025125080826814, {"__complex__": [79177.1328125, 2.184762033490147e-15]}, 852562], [0.30751063191170563, {"__complex__": [79037.234375, -6.611712207906984e-17]}, 880372], [0.3125111278203564, {"__complex__": [78753.8203125, -6.3918667916806e-16]}, 910652], [0.31751269361539736, {"__complex__": [78782.0234375, 1.239785078358056e-15]}, 938996], [0.3225130904459611, {"__complex__": [78964.875, 4.803840951838766e-16]}, 969352], [0.32751158760760724, {"__complex__": [78863.671875, -6.996505379210322e-16]}, 998344], [0.3325089848249692, {"__complex__": [78926.9921875, -3.390994230983329e-16]}, 1029922], [0.33751027924368393, {"__complex__": [78895.234375, 6.57764493981511e-16]}, 1061918], [0.34251253316973607, {"__complex__": [78673.2109375, 6.389004349714473e-16]}, 1093272], [0.34751415893089227, {"__complex__": [78829.328125, 1.861877309161544e-15]}, 1125464], [0.352514235068077, {"__complex__": [78844.3203125, -1.6093635526952363e-15]}, 1157380], [0.357512374484406, {"__complex__": [78904.65625, 7.825109007114737e-16]}, 1190172], [0.3625118834929162, {"__complex__": [78672.25, -1.3308410143087748e-15]}, 1224650], [0.3675116774700016, {"__complex__": [78932.7421875, -1.2031500563563602e-15]}, 1257864], [0.3725098709245497, {"__complex__": [79134.1484375, 1.2161202483611916e-15]}, 1292312], [0.37751067052804127, {"__complex__": [79161.5, -7.886421487001739e-16]}, 1328534], [0.3825116981355865, {"__complex__": [78531.03125, 6.83364953081529e-16]}, 1362848], [0.3875116125361288, {"__complex__": [78959.2578125, -4.1600554131627067e-16]}, 1399204], [0.3925104655048909, {"__complex__": [78913.7421875, 