{"edges": {"__dtype__": "<f8", "__shape__": [128], "__data__": [0.0, 0.005, 0.01, 0.015, 0.02, 0.025, 0.03, 0.035, 0.04, 0.045, 0.05, 0.055, 0.06, 0.065, 0.07, 0.075, 0.08, 0.085, 0.09, 0.095, 0.1, 0.105, 0.11, 0.115, 0.12, 0.125, 0.13, 0.135, 0.14, 0.145, 0.15, 0.155, 0.16, 0.165, 0.17, 0.17500000000000002, 0.18, 0.185, 0.19, 0.195, 0.2, 0.20500000000000002, 0.21, 0.215, 0.22, 0.225, 0.23, 0.23500000000000001, 0.24, 0.245, 0.25, 0.255, 0.26, 0.265, 0.27, 0.275, 0.28, 0.28500000000000003, 0.29, 0.295, 0.3, 0.305, 0.31, 0.315, 0.32, 0.325, 0.33, 0.335, 0.34, 0.34500000000000003, 0.35000000000000003, 0.355, 0.36, 0.365, 0.37, 0.375, 0.38, 0.385, 0.39, 0.395, 0.4, 0.405, 0.41000000000000003, 0.41500000000000004, 0.42, 0.425, 0.43, 0.435, 0.44, 0.445, 0.45, 0.455, 0.46, 0.465, 0.47000000000000003, 0.47500000000000003, 0.48, 0.485, 0.49, 0.495, 0.5, 0.505, 0.51, 0.515, 0.52, 0.525, 0.53, 0.535, 0.54, 0.545, 0.55, 0.555, 0.56, 0.5650000000000001, 0.5700000000000001, 0.5750000000000001, 0.58, 0.585, 0.59, 0.595, 0.6, 0.605, 0.61, 0.615, 0.62, 0.625, 0.63, 0.635]}, "poles": {"__dtype__": [["k", "<f8"], ["power_0", "<c8"], ["modes", "<i8"]], "__shape__": [127], "__data__": [[0.0037537781648676505, {"__complex__": [212959.65625, 2.0788451255554508e-12]}, 77], [0.008050398333474014, {"__complex__": [152192.375, -7.966376717365511e-14]}, 548], [0.012848609532355457, {"__complex__": [127056.0078125, 1.364242106869501e-13]}, 1480], [0.017751579213119567, {"__complex__": [114200.6875, 5.0668230190936e-14]}, 2872], [0.022691827324042853, {"__complex__": [114615.546875, 4.916187696193432e-14]}, 4736], [0.027648005536595924, {"__complex__": [105119.265625, 5.377342248238416e-14]}, 7036], [0.032612636555868525, {"__complex__": [103748.5859375, -4.215588449607739e-14]}, 9838], [0.03761114292794433, {"__complex__": [99019.96875, 1.4322751155666086e-14]}, 13208], [0.04261303922036164, {"__complex__": [98175.5625, 6.90564235501334e-15]}, 16858], [0.04760505554480107, {"__complex__": [94986.71875, 8.283822981952974e-15]}, 21080], [0.05259133615803475, {"__complex__": [95763.15625, -1.8172856408181677e-14]}, 25624], [0.05756841184374016, {"__complex__": [95007.84375, -2.6520022207996222e-14]}, 30728], [0.06256248327880025, {"__complex__": [90711.015625, -1.1163724838222228e-14]}, 36498], [0.06756661487904435, {"__complex__": [91048.8515625, 1.368690300392007e-14]}, 42528], [0.07257304507008182, {"__complex__": [90636.2421875, 7.40148665436918e-16]}, 49152], [0.07756473030387098, {"__complex__": [89555.9921875, 4.176783837414946e-15]}, 55744], [0.08254764044823601, {"__complex__": [88624.7734375, -7.351076229667169e-15]}, 63346], [0.08754405971893497, {"__complex__": [86408.734375, 0.0]}, 71388], [0.09254365223263855, {"__complex__": [85013.921875, 2.9190671774426353e-15]}, 79762], [0.09754150838846357, {"__complex__": [84339.453125, 1.0187194952892848e-14]}, 88564], [0.10254123052801507, {"__complex__": [83473.765625, 3.861184866982151e-15]}, 97988], [0.10754181638082774, {"__complex__": [82418.765625, 8.106314416482508e-16]}, 107708], [0.11254085353408888, {"__complex__": [82878.5625, -1.4804580553755774e-15]}, 117952], [0.11753281793039293, {"__complex__": [83916.3984375, -9.07452972052252e-16]}, 128288], [0.12252442444514552, {"__complex__": [82536.0234375, 5.726231244036729e-16]}, 139770], [0.12753052839909865, {"__complex__": [81861.5625, 2.681568668153186e-15]}, 151946], [0.13253665927256145, {"__complex__": [82306.3984375, -1.0674950828756238e-15]}, 163582], [0.13753197887556465, {"__complex__": [80593.140625, 0.0]}, 175940], [0.1425260716253757, {"__complex__": [80418.8515625, -3.3866007769650392e-15]}, 189064], [0.14752506711896965, {"__complex__": [80289.875, 3.156846689912336e-15]}, 202824], [0.1525272624752809, {"__complex__": [81266.765625, -3.758693456847907e-15]}, 216806], [0.15752484634575162, {"__complex__": [80636.1171875, 5.010816522994788e-15]}, 230876], [0.16252366735405163, {"__complex__": [79552.2265625, 4.8460681912373526e-15]}, 246232], [0.1675242007800524, {"__complex__": [80335.734375, -4.788829092793696e-15]}, 261330], [0.17252326579974073, {"__complex__": [80692.09375, -1.259542545369236e-15]}, 277280], [0.17752110470595878, {"__complex__": [78675.4375, -2.2821085655027685e-15]}, 293320], [0.1825207522633753, {"__complex__": [79392.3203125, 2.249035528802514e-15]}, 310574], [0.18752231962759572, {"__complex__": [79593.5, 7.108030501606151e-16]}, 327560], [0.19252167162300435, {"__complex__": [79230.09375, 1.3486951982874746e-15]}, 345268], [0.19752225984779248, {"__complex__": [78644.625, -2.4016759480954223e-15]}, 363544], [0.20251992290984697, {"__complex__": [78270.9296875, -2.1351655015713292e-15]}, 381660], [0.20751551078768798, {"__complex__": [78375.40625, 1.887718802074615e-15]}, 400854], [0.21251512379553542, {"__complex__": [78656.8984375, 5.530287641743984e-16]}, 421010], [0.21751870975885984, {"__complex__": [78040.421875, -3.628413066236177e-16]}, 441160], [0.2225209082741387, {"__complex__": [77643.2109375, -3.7854865912772184e-16]}, 461296], [0.22752039891934017, {"__complex__": [77535.7890625, 7.24288185257818e-16]}, 482192], [0.23252118259031918, {"__complex__": [77564.484375, 1.155234752488944e-16]}, 503860], [0.23751936566507853, {"__complex__": [77706.359375, -2.2173333355180515e-16]}, 525024], [0.24251707186595864, {"__complex__": [77445.9296875, 6.37363652507332e-16]}, 547954], [0.24751627666670906, {"__complex__": [77234.65625, 6.121279999097846e-16]}, 570544], [0.2525167544702008, {"__complex__": [77560.140625, -1.5668966029725763e-15]}, 594374], [0.25751857595461863, {"__complex__": [78193.859375, -1.8840479730394518e-15]}, 617900], [0.2625190906945416, {"__complex__": [77318.640625, 4.532558533448079e-16]}, 642106], [0.2675172479110602, {"__complex__": [77358.0625, -4.369209817756863e-16]}, 666112], [0.272514629608296, {"__complex__": [77870.7578125, 2.524234151085272e-16]}, 691786], [0.27751615229387816, {"__complex__": [77574.875, -1.621392373458313e-15]}, 717996], [0.28251644607381426, {"__complex__": [77694.046875, -1.7231582998732337e-15]}, 743152], [0.2875152531419474, {"__complex__": [77187.453125, 5.290286150095398e-16]}, 770192], [0.2925134012698469, {"__complex__": [77204.6875, 1.1328286399214793e-15]}, 796430], [0.2975118362281548, {"__complex__": [77125.921875, 4.2342083831344924e-16]}, 824820], [0.3025125080826814, {"__complex__": [77409.890625, 1.5020239377291455e-15]}, 852562], [0.30751063191170563, {"__complex__": [77023.046875, 2.6446848831627936e-16]}, 880372], [0.3125111278203564, {"__complex__": [76836.40625, 1.3422919468435873e-15]}, 910652], [0.31751269361539736, {"__complex__": [76906.046875, -1.3017743375699146e-15]}, 938996], [0.3225130904459611, {"__complex__": [77369.3671875, -6.004801322147355e-16]}, 969352], [0.32751158760760724, {"__complex__": [77281.796875, 5.830421590504928e-17]}, 998344], [0.3325089848249692, {"__complex__": [77011.734375, 1.1585897705836796e-15]}, 1029922], [0.33751027924368393, {"__complex__": [77180.96875, 1.685521449653173e-15]}, 1061918], [0.34251253316973607, {"__complex__": [76980.0, 9.58350652457171e-16]}, 1093272], [0.34751415893089227, {"__complex__": [77008.28125, -2.32734663645193e-16]}, 1125464], [0.352514235068077, {"__complex__": [76974.0390625, -4.023408881738091e-16]}, 1157380], [0.357512374484406, {"__complex__": [76933.3984375, 1.2226732658180653e-16]}, 1190172], [0.3625118834929162, {"__complex__": [76803.0546875, 4.753003622531339e-16]}, 1224650], [0.3675116774700016, {"__complex__": [76706.5546875, 2.3137502356361715e-17]}, 1257864], [0.3725098709245497, {"__complex__": [76913.2890625, -9.008298626189931e-17]}, 1292312], [0.37751067052804127, {"__complex__": [76817.9140625, -7.0101521387817725e-16]}, 1328534], [0.3825116981355865, {"__complex__": [76731.359375, -1.0250474031525138e-15]}, 1362848], [0.3875116125361288, {"__complex__": [76759.7109375, -4.992066495795248e-16]}, 1399204], [0.3925104655048909, {"__complex__": [76701.5078125, 