{"edges": {"__dtype__": "<f8", "__shape__": [128], "__data__": [0.0, 0.005, 0.01, 0.015, 0.02, 0.025, 0.03, 0.035, 0.04, 0.045, 0.05, 0.055, 0.06, 0.065, 0.07, 0.075, 0.08, 0.085, 0.09, 0.095, 0.1, 0.105, 0.11, 0.115, 0.12, 0.125, 0.13, 0.135, 0.14, 0.145, 0.15, 0.155, 0.16, 0.165, 0.17, 0.17500000000000002, 0.18, 0.185, 0.19, 0.195, 0.2, 0.20500000000000002, 0.21, 0.215, 0.22, 0.225, 0.23, 0.23500000000000001, 0.24, 0.245, 0.25, 0.255, 0.26, 0.265, 0.27, 0.275, 0.28, 0.28500000000000003, 0.29, 0.295, 0.3, 0.305, 0.31, 0.315, 0.32, 0.325, 0.33, 0.335, 0.34, 0.34500000000000003, 0.35000000000000003, 0.355, 0.36, 0.365, 0.37, 0.375, 0.38, 0.385, 0.39, 0.395, 0.4, 0.405, 0.41000000000000003, 0.41500000000000004, 0.42, 0.425, 0.43, 0.435, 0.44, 0.445, 0.45, 0.455, 0.46, 0.465, 0.47000000000000003, 0.47500000000000003, 0.48, 0.485, 0.49, 0.495, 0.5, 0.505, 0.51, 0.515, 0.52, 0.525, 0.53, 0.535, 0.54, 0.545, 0.55, 0.555, 0.56, 0.5650000000000001, 0.5700000000000001, 0.5750000000000001, 0.58, 0.585, 0.59, 0.595, 0.6, 0.605, 0.61, 0.615, 0.62, 0.625, 0.63, 0.635]}, "poles": {"__dtype__": [["k", "<f8"], ["power_0", "<c8"], ["modes", "<i8"]], "__shape__": [127], "__data__": [[0.0037537781648676505, {"__complex__": [111842.828125, 1.8898591188070551e-13]}, 77], [0.008050398333474014, {"__complex__": [90373.9296875, -1.3028345221231807e-13]}, 548], [0.012848609532355457, {"__complex__": [112743.0546875, 3.895502491543454e-14]}, 1480], [0.017751579213119567, {"__complex__": [105961.2421875, 1.461659704946397e-14]}, 2872], [0.022691827324042853, {"__complex__": [109794.5, 3.6127255395969945e-15]}, 4736], [0.027648005536595924, {"__complex__": [104553.671875, -4.564600836930643e-15]}, 7036], [0.032612636555868525, {"__complex__": [105012.90625, 5.844752223302168e-15]}, 9838], [0.03761114292794433, {"__complex__": [103244.0546875, 9.04640081513539e-15]}, 13208], [0.04261303922036164, {"__complex__": [98552.2890625, 2.1799305575590086e-15]}, 16858], [0.04760505554480107, {"__complex__": [92318.5859375, 5.361934549521271e-16]}, 21080], [0.05259133615803475, {"__complex__": [90059.71875, 6.0284102479697e-16]}, 25624], [0.05756841184374016, {"__complex__": [91013.703125, 1.6079012561909202e-15]}, 30728], [0.06256248327880025, {"__complex__": [86371.0703125, -4.2253328013362474e-15]}, 36498], [0.06756661487904435, {"__complex__": [87333.4921875, 2.547915868801522e-16]}, 42528], [0.07257304507008182, {"__complex__": [87087.6953125, -1.1751485235486723e-15]}, 49152], [0.07756473030387098, {"__complex__": [84236.328125, -5.582981429043776e-17]}, 55744], [0.08254764044823601, {"__complex__": [83987.15625, -1.1665386453980691e-15]}, 63346], [0.08754405971893497, {"__complex__": [82861.046875, 5.903771467363598e-16]}, 71388], [0.09254365223263855, {"__complex__": [82242.34375, -9.179989557620417e-16]}, 79762], [0.09754150838846357, {"__complex__": [80609.6796875, -1.222734622767182e-15]}, 88564], [0.10254123052801507, {"__complex__": [79126.8203125, 4.2855324916887946e-16]}, 97988], [0.10754181638082774, {"__complex__": [78584.0703125, 8.265960010007446e-16]}, 107708], [0.11254085353408888, {"__complex__": [80190.8046875, 8.10785072249059e-16]}, 117952], [0.11753281793039293, {"__complex__": [79831.8828125, 1.1387332007176706e-15]}, 128288], [0.12252442444514552, {"__complex__": [78130.2421875, -1.2060468031568515e-15]}, 139770], [0.12753052839909865, {"__complex__": [78267.4609375, -1.1443335708066792e-15]}, 151946], [0.13253665927256145, {"__complex__": [77384.6015625, 8.698156519936034e-18]}, 163582], [0.13753197887556465, {"__complex__": [77590.8203125, 4.576284491767714e-16]}, 175940], [0.1425260716253757, {"__complex__": [78308.671875, 4.579757856247048e-16]}, 189064], [0.14752506711896965, {"__complex__": [77503.765625, -7.630599008085219e-16]}, 202824], [0.1525272624752809, {"__complex__": [77211.1875, -2.4821607011061707e-16]}, 216806], [0.15752484634575162, {"__complex__": [77468.6484375, 4.4882869667964035e-17]}, 230876], [0.16252366735405163, {"__complex__": [76523.0859375, 4.865589653693604e-16]}, 246232], [0.1675242007800524, {"__complex__": [75944.765625, 4.4318685506344077e-16]}, 261330], [0.17252326579974073, {"__complex__": [76218.234375, 2.8799173146205415e-16]}, 277280], [0.17752110470595878, {"__complex__": [76007.234375, -8.850065460104539e-16]}, 293320], [0.1825207522633753, {"__complex__": [75995.8828125, -8.76247325363338e-16]}, 310574], [0.18752231962759572, {"__complex__": [76172.5625, -3.3289066497751396e-17]}, 327560], [0.19252167162300435, {"__complex__": [76286.25, -6.629568588877391e-16]}, 345268], [0.19752225984779248, {"__complex__": [75500.7890625, 1.96426133967175e-18]}, 363544], [0.20251992290984697, {"__complex__": [75217.9375, 1.7929726082705052e-16]}, 381660], [0.20751551078768798, {"__complex__": [75089.171875, 1.6923635568079665e-17]}, 400854], [0.21251512379553542, {"__complex__": [74808.4296875, 8.73716867372975e-16]}, 421010], [0.21751870975885984, {"__complex__": [75063.4453125, 2.7088727752079284e-16]}, 441160], [0.2225209082741387, {"__complex__": [75354.671875, 1.411509269066612e-17]}, 461296], [0.22752039891934017, {"__complex__": [74776.0546875, 3.8500649125714783e-16]}, 482192], [0.23252118259031918, {"__complex__": [74776.171875, -2.627358824226707e-16]}, 503860], [0.23751936566507853, {"__complex__": [75102.5625, 1.452147659944607e-17]}, 525024], [0.24251707186595864, {"__complex__": [74448.1015625, -4.804168118314643e-16]}, 547954], [0.24751627666670906, {"__complex__": [74092.1796875, -1.1388978692165728e-16]}, 570544], [0.2525167544702008, {"__complex__": [74240.71875, -1.394787978419975e-16]}, 594374], [0.25751857595461863, {"__complex__": [74718.34375, 1.712133107273535e-16]}, 617900], [0.2625190906945416, {"__complex__": [74688.8046875, -7.83694999832176e-17]}, 642106], [0.2675172479110602, {"__complex__": [74056.609375, -3.998424321469845e-16]}, 666112], [0.272514629608296, {"__complex__": [74367.6875, 1.7931218978274588e-16]}, 691786], [0.27751615229387816, {"__complex__": [73808.625, -3.4992786582625226e-16]}, 717996], [0.28251644607381426, {"__complex__": [73972.9609375, 2.0504359488245343e-16]}, 743152], [0.2875152531419474, {"__complex__": [74167.8203125, -5.947916706992124e-16]}, 770192], [0.2925134012698469, {"__complex__": [73965.5078125, 4.385299340938856e-17]}, 796430], [0.2975118362281548, {"__complex__": [74000.1484375, 1.5568589647625923e-17]}, 824820], [0.3025125080826814, {"__complex__": [73957.765625, 3.5918265368707115e-16]}, 852562], [0.30751063191170563, {"__complex__": [73889.0546875, -6.971379602667901e-17]}, 880372], [0.3125111278203564, {"__complex__": [74017.5, 1.0075192209793886e-17]}, 910652], [0.31751269361539736, {"__complex__": [74120.84375, -7.270490097400546e-17]}, 938996], [0.3225130904459611, {"__complex__": [74097.609375, 3.9539916200348447e-16]}, 969352], [0.32751158760760724, {"__complex__": [73859.34375, -1.8910791405950505e-16]}, 998344], [0.3325089848249692, {"__complex__": [74248.71875, -8.916930240960793e-17]}, 1029922], [0.33751027924368393, {"__complex__": [74105.15625, -8.983757170032217e-17]}, 1061918], [0.34251253316973607, {"__complex__": [73797.546875, -2.3952510179020412e-17]}, 1093272], [0.34751415893089227, {"__complex__": [73949.40625, -1.3782949234479537e-16]}, 1125464], [0.352514235068077, {"__complex__": [73680.203125, 2.1717695804006706e-16]}, 1157380], [0.357512374484406, {"__complex__": [73502.515625, 2.3804518964756305e-16]}, 1190172], [0.3625118834929162, {"__complex__": [73599.8671875, 2.099256677973006e-17]}, 1224650], [0.3675116774700016, {"__complex__": [73510.78125, -1.914937544090142e-16]}, 1257864], [0.3725098709245497, {"__complex__": [73536.828125, 1.7961330999549479e-16]}, 1292312], [0.37751067052804127, {"__complex__": [73369.109375, 3.039986027572413e-17]}, 1328534], [0.3825116981355865, {"__complex__": [73472.9296875, 3.0755761020847725e-16]}, 1362848], [0.3875116125361288, {"__complex__": [73708.875, -2.6958219827242098e-17]}, 1399204], 