{"edges": {"__dtype__": "<f8", "__shape__": [128], "__data__": [0.0, 0.005, 0.01, 0.015, 0.02, 0.025, 0.03, 0.035, 0.04, 0.045, 0.05, 0.055, 0.06, 0.065, 0.07, 0.075, 0.08, 0.085, 0.09, 0.095, 0.1, 0.105, 0.11, 0.115, 0.12, 0.125, 0.13, 0.135, 0.14, 0.145, 0.15, 0.155, 0.16, 0.165, 0.17, 0.17500000000000002, 0.18, 0.185, 0.19, 0.195, 0.2, 0.20500000000000002, 0.21, 0.215, 0.22, 0.225, 0.23, 0.23500000000000001, 0.24, 0.245, 0.25, 0.255, 0.26, 0.265, 0.27, 0.275, 0.28, 0.28500000000000003, 0.29, 0.295, 0.3, 0.305, 0.31, 0.315, 0.32, 0.325, 0.33, 0.335, 0.34, 0.34500000000000003, 0.35000000000000003, 0.355, 0.36, 0.365, 0.37, 0.375, 0.38, 0.385, 0.39, 0.395, 0.4, 0.405, 0.41000000000000003, 0.41500000000000004, 0.42, 0.425, 0.43, 0.435, 0.44, 0.445, 0.45, 0.455, 0.46, 0.465, 0.47000000000000003, 0.47500000000000003, 0.48, 0.485, 0.49, 0.495, 0.5, 0.505, 0.51, 0.515, 0.52, 0.525, 0.53, 0.535, 0.54, 0.545, 0.55, 0.555, 0.56, 0.5650000000000001, 0.5700000000000001, 0.5750000000000001, 0.58, 0.585, 0.59, 0.595, 0.6, 0.605, 0.61, 0.615, 0.62, 0.625, 0.63, 0.635]}, "poles": {"__dtype__": [["k", "<f8"], ["power_0", "<c8"], ["modes", "<i8"]], "__shape__": [127], "__data__": [[0.0037537781648676505, {"__complex__": [74416.0625, 0.0]}, 77], [0.008050398333474014, {"__complex__": [118282.5625, -6.373101373892409e-13]}, 548], [0.012848609532355457, {"__complex__": [125010.71875, 0.0]}, 1480], [0.017751579213119567, {"__complex__": [118443.4140625, 8.106916423973945e-14]}, 2872], [0.022691827324042853, {"__complex__": [127456.765625, 4.916187696193432e-14]}, 4736], [0.027648005536595924, {"__complex__": [105848.71875, -8.272833915308475e-14]}, 7036], [0.032612636555868525, {"__complex__": [108620.4609375, -6.286403672330033e-15]}, 9838], [0.03761114292794433, {"__complex__": [104046.8515625, 3.084900092537382e-14]}, 13208], [0.04261303922036164, {"__complex__": [105020.9375, -6.042437007697113e-15]}, 16858], [0.04760505554480107, {"__complex__": [97462.90625, 4.141911490976487e-15]}, 21080], [0.05259133615803475, {"__complex__": [99479.625, -2.7259285459305463e-14]}, 25624], [0.05756841184374016, {"__complex__": [96355.890625, 3.788574661644671e-15]}, 30728], [0.06256248327880025, {"__complex__": [95782.953125, 1.5948177735293934e-15]}, 36498], [0.06756661487904435, {"__complex__": [95291.6015625, 0.0]}, 42528], [0.07257304507008182, {"__complex__": [90559.59375, -1.4210854715202004e-14]}, 49152], [0.07756473030387098, {"__complex__": [89600.7109375, -6.2651757561224194e-15]}, 55744], [0.08254764044823601, {"__complex__": [89168.265625, -2.2972114594138442e-14]}, 63346], [0.08754405971893497, {"__complex__": [88399.2421875, 1.1415185203339506e-14]}, 71388], [0.09254365223263855, {"__complex__": [88486.453125, 5.108367613464171e-15]}, 79762], [0.09754150838846357, {"__complex__": [86758.875, 0.0]}, 88564], [0.10254123052801507, {"__complex__": [84789.46875, -5.940284410741771e-16]}, 97988], [0.10754181638082774, {"__complex__": [86706.5078125, -5.944630536794133e-15]}, 107708], [0.11254085353408888, {"__complex__": [85524.03125, -9.869720016240121e-16]}, 117952], [0.11753281793039293, {"__complex__": [86019.546875, 0.0]}, 128288], [0.12252442444514552, {"__complex__": [84928.6171875, 0.0]}, 139770], [0.12753052839909865, {"__complex__": [83389.4140625, 7.66162476615196e-15]}, 151946], [0.13253665927256145, {"__complex__": [83367.5546875, -7.116633603493176e-15]}, 163582], [0.13753197887556465, {"__complex__": [83476.4375, -2.646705003802436e-15]}, 175940], [0.1425260716253757, {"__complex__": [83671.28125, -2.4629822869935572e-15]}, 189064], [0.14752506711896965, {"__complex__": [82639.109375, -1.1479442605025875e-15]}, 202824], [0.1525272624752809, {"__complex__": [83381.6796875, 0.0]}, 216806], [0.15752484634575162, {"__complex__": [82950.390625, -2.0169324076288377e-15]}, 230876], [0.16252366735405163, {"__complex__": [81429.6015625, 2.3639357598557965e-15]}, 246232], [0.1675242007800524, {"__complex__": [81346.4921875, 0.0]}, 261330], [0.17252326579974073, {"__complex__": [81754.2890625, 2.099237540322354e-15]}, 277280], [0.17752110470595878, {"__complex__": [81715.1796875, 2.778219150841401e-15]}, 293320], [0.1825207522633753, {"__complex__": [81246.375, -3.7483923715389924e-16]}, 310574], [0.18752231962759572, {"__complex__": [81312.46875, 2.487810728501712e-15]}, 327560], [0.19252167162300435, {"__complex__": [81188.8046875, 8.42934472459892e-16]}, 345268], [0.19752225984779248, {"__complex__": [80474.5546875, 9.606704639414636e-16]}, 363544], [0.20251992290984697, {"__complex__": [81281.0703125, 5.490425635971486e-15]}, 381660], [0.20751551078768798, {"__complex__": [80177.4765625, -5.808365381954018e-16]}, 400854], [0.21251512379553542, {"__complex__": [80309.8671875, -1.382571963375555e-15]}, 421010], [0.21751870975885984, {"__complex__": [80156.296875, 1.055538365792182e-15]}, 441160], [0.2225209082741387, {"__complex__": [80259.921875, -7.570973182554437e-16]}, 461296], [0.22752039891934017, {"__complex__": [80045.109375, -9.657176156367968e-16]}, 482192], [0.23252118259031918, {"__complex__": [79235.765625, -3.696751207964621e-15]}, 503860], [0.23751936566507853, {"__complex__": [80081.96875, -6.652000138903053e-16]}, 525024], [0.24251707186595864, {"__complex__": [80723.8046875, 0.0]}, 547954], [0.24751627666670906, {"__complex__": [79997.046875, 6.121279999097846e-16]}, 570544], [0.2525167544702008, {"__complex__": [79064.140625, -3.1337932059451526e-15]}, 594374], [0.25751857595461863, {"__complex__": [79258.7265625, 1.0362263322321393e-15]}, 617900], [0.2625190906945416, {"__complex__": [79176.203125, -7.252093865275163e-16]}, 642106], [0.2675172479110602, {"__complex__": [79394.9375, -6.990735496652744e-16]}, 666112], [0.272514629608296, {"__complex__": [79240.2890625, -3.365645446547764e-16]}, 691786], [0.27751615229387816, {"__complex__": [79281.90625, -2.918506229873316e-15]}, 717996], [0.28251644607381426, {"__complex__": [79244.3125, -2.819713600861495e-15]}, 743152], [0.2875152531419474, {"__complex__": [79438.890625, 1.6626614068353186e-15]}, 770192], [0.2925134012698469, {"__complex__": [79511.359375, -2.923428867725403e-16]}, 796430], [0.2975118362281548, {"__complex__": [79657.1015625, 5.645611177512657e-16]}, 824820], [0.3025125080826814, {"__complex__": [79519.953125, 4.096428945142924e-16]}, 852562], [0.30751063191170563, {"__complex__": [79072.859375, -2.512450493420866e-15]}, 880372], [0.3125111278203564, {"__complex__": [79204.5, -6.3918667916806e-16]}, 910652], [0.31751269361539736, {"__complex__": [79372.671875, 1.0848119303284091e-15]}, 938996], [0.3225130904459611, {"__complex__": [79211.4921875, -7.506001652684194e-17]}, 969352], [0.32751158760760724, {"__complex__": [79555.1171875, 4.664337272403942e-16]}, 998344], [0.3325089848249692, {"__complex__": [79388.203125, 1.5824640097519263e-15]}, 1029922], [0.33751027924368393, {"__complex__": [78954.21875, -3.0421607581947088e-15]}, 1061918], [0.34251253316973607, {"__complex__": [78997.296875, -6.389004349714473e-16]}, 1093272], [0.34751415893089227, {"__complex__": [78823.296875, -1.6550020055306532e-15]}, 1125464], [0.352514235068077, {"__complex__": [79245.9296875, 1.0058521542600737e-15]}, 1157380], [0.357512374484406, {"__complex__": [79117.7109375, 2.2497188726327113e-15]}, 1190172], [0.3625118834929162, {"__complex__": [78894.6875, 1.5209612650891467e-15]}, 1224650], [0.3675116774700016, {"__complex__": [79089.5078125, 1.8510001885089372e-16]}, 1257864], [0.3725098709245497, {"__complex__": [79129.109375, 3.6033194504759723e-16]}, 1292312], [0.37751067052804127, {"__complex__": [79027.8984375, 1.0515229002266047e-15]}, 1328534], [0.3825116981355865, {"__complex__": [79278.46875, -3.416824765407645e-16]}, 1362848], [0.3875116125361288, {"__complex__": [79170.8828125, 1.83042443473115e-15]}, 1399204], [0.3925104655048909, {"__complex__": [78915.203125, -5.275277785061236e-16]}, 1434426], [0.3975103524535893, {"__complex__": [79012.65625, 1.817742233928385e-15]}, 1473010], 