{"edges": {"__dtype__": "<f8", "__shape__": [128], "__data__": [0.0, 0.005, 0.01, 0.015, 0.02, 0.025, 0.03, 0.035, 0.04, 0.045, 0.05, 0.055, 0.06, 0.065, 0.07, 0.075, 0.08, 0.085, 0.09, 0.095, 0.1, 0.105, 0.11, 0.115, 0.12, 0.125, 0.13, 0.135, 0.14, 0.145, 0.15, 0.155, 0.16, 0.165, 0.17, 0.17500000000000002, 0.18, 0.185, 0.19, 0.195, 0.2, 0.20500000000000002, 0.21, 0.215, 0.22, 0.225, 0.23, 0.23500000000000001, 0.24, 0.245, 0.25, 0.255, 0.26, 0.265, 0.27, 0.275, 0.28, 0.28500000000000003, 0.29, 0.295, 0.3, 0.305, 0.31, 0.315, 0.32, 0.325, 0.33, 0.335, 0.34, 0.34500000000000003, 0.35000000000000003, 0.355, 0.36, 0.365, 0.37, 0.375, 0.38, 0.385, 0.39, 0.395, 0.4, 0.405, 0.41000000000000003, 0.41500000000000004, 0.42, 0.425, 0.43, 0.435, 0.44, 0.445, 0.45, 0.455, 0.46, 0.465, 0.47000000000000003, 0.47500000000000003, 0.48, 0.485, 0.49, 0.495, 0.5, 0.505, 0.51, 0.515, 0.52, 0.525, 0.53, 0.535, 0.54, 0.545, 0.55, 0.555, 0.56, 0.5650000000000001, 0.5700000000000001, 0.5750000000000001, 0.58, 0.585, 0.59, 0.595, 0.6, 0.605, 0.61, 0.615, 0.62, 0.625, 0.63, 0.635]}, "poles": {"__dtype__": [["k", "<f8"], ["power_0", "<c8"], ["modes", "<i8"]], "__shape__": [127], "__data__": [[0.0037537781648676505, {"__complex__": [157413.1875, 5.669577220895894e-13]}, 77], [0.008050398333474014, {"__complex__": [136157.625, -2.1243671698058936e-13]}, 548], [0.012848609532355457, {"__complex__": [116880.234375, -7.865900313909491e-14]}, 1480], [0.017751579213119567, {"__complex__": [114784.2421875, -2.0267291059934862e-14]}, 2872], [0.022691827324042853, {"__complex__": [110421.75, 6.45249641478135e-14]}, 4736], [0.027648005536595924, {"__complex__": [110176.265625, 4.550058721182297e-14]}, 7036], [0.032612636555868525, {"__complex__": [109130.4921875, -2.3666461382320682e-14]}, 9838], [0.03761114292794433, {"__complex__": [99536.7109375, -1.8729751771881173e-14]}, 13208], [0.04261303922036164, {"__complex__": [105638.6484375, -3.45282117750667e-15]}, 16858], [0.04760505554480107, {"__complex__": [103107.6796875, 2.899337874276951e-14]}, 21080], [0.05259133615803475, {"__complex__": [96695.2421875, -2.2716070510227096e-15]}, 25624], [0.05756841184374016, {"__complex__": [96445.296875, -7.577149323289342e-15]}, 30728], [0.06256248327880025, {"__complex__": [93500.3125, -6.379271094117574e-15]}, 36498], [0.06756661487904435, {"__complex__": [91335.6171875, 2.0530354929396578e-15]}, 42528], [0.07257304507008182, {"__complex__": [88198.84375, 8.881784197001252e-15]}, 49152], [0.07756473030387098, {"__complex__": [87239.8671875, -1.6707135349659785e-14]}, 55744], [0.08254764044823601, {"__complex__": [87096.515625, 4.709283381684097e-15]}, 63346], [0.08754405971893497, {"__complex__": [87444.5, 5.096064883421776e-15]}, 71388], [0.09254365223263855, {"__complex__": [86462.7578125, -1.6237311584806242e-14]}, 79762], [0.09754150838846357, {"__complex__": [86022.8046875, -4.2720496329926375e-15]}, 88564], [0.10254123052801507, {"__complex__": [84029.140625, -6.534313275332422e-15]}, 97988], [0.10754181638082774, {"__complex__": [82820.7578125, -4.053157261180813e-15]}, 107708], [0.11254085353408888, {"__complex__": [83731.921875, 4.318002440930604e-15]}, 117952], [0.11753281793039293, {"__complex__": [82123.0234375, 1.3611794051388189e-15]}, 128288], [0.12252442444514552, {"__complex__": [82057.7109375, -1.6658126870364599e-15]}, 139770], [0.12753052839909865, {"__complex__": [81064.8046875, 1.91540619153799e-15]}, 151946], [0.13253665927256145, {"__complex__": [81433.140625, 5.337475626136356e-15]}, 163582], [0.13753197887556465, {"__complex__": [81147.84375, 1.654190653846302e-15]}, 175940], [0.1425260716253757, {"__complex__": [80945.0078125, -3.694473536369454e-15]}, 189064], [0.14752506711896965, {"__complex__": [80857.1796875, -2.1523954222679026e-16]}, 202824], [0.1525272624752809, {"__complex__": [80989.0078125, -4.832605449573693e-15]}, 216806], [0.15752484634575162, {"__complex__": [80675.9921875, -4.2859812073926026e-15]}, 230876], [0.16252366735405163, {"__complex__": [80450.46875, -9.455742192390239e-16]}, 246232], [0.1675242007800524, {"__complex__": [80271.8203125, -1.559153663043488e-15]}, 261330], [0.17252326579974073, {"__complex__": [79640.375, 5.038170181476944e-15]}, 277280], [0.17752110470595878, {"__complex__": [79324.6640625, 2.778219150841401e-15]}, 293320], [0.1825207522633753, {"__complex__": [79427.0234375, -1.967905928883522e-15]}, 310574], [0.18752231962759572, {"__complex__": [79164.40625, 8.885037862309893e-16]}, 327560], [0.19252167162300435, {"__complex__": [79016.5546875, 5.394780793149898e-15]}, 345268], [0.19752225984779248, {"__complex__": [78530.375, 2.4016759480954223e-15]}, 363544], [0.20251992290984697, {"__complex__": [78680.0, 3.183684293571378e-15]}, 381660], [0.20751551078768798, {"__complex__": [78094.390625, 1.3068821580000949e-15]}, 400854], [0.21251512379553542, {"__complex__": [78302.4921875, 5.530287641743984e-16]}, 421010], [0.21751870975885984, {"__complex__": [78574.2890625, 1.979134409390562e-15]}, 441160], [0.2225209082741387, {"__complex__": [77984.203125, -6.309144495260561e-16]}, 461296], [0.22752039891934017, {"__complex__": [77892.4296875, -2.1125071849438195e-16]}, 482192], [0.23252118259031918, {"__complex__": [78135.6328125, -2.310469504977888e-16]}, 503860], [0.23751936566507853, {"__complex__": [78089.484375, -6.652000138903053e-16]}, 525024], [0.24251707186595864, {"__complex__": [78045.71875, -2.1245456142368916e-15]}, 547954], [0.24751627666670906, {"__complex__": [77971.34375, 6.121279999097846e-16]}, 570544], [0.2525167544702008, {"__complex__": [77875.859375, 3.9172415074314407e-16]}, 594374], [0.25751857595461863, {"__complex__": [77882.640625, -9.420239865197259e-17]}, 617900], [0.2625190906945416, {"__complex__": [77674.6875, 1.2691163470138146e-15]}, 642106], [0.2675172479110602, {"__complex__": [77307.390625, -8.738419635513726e-16]}, 666112], [0.272514629608296, {"__complex__": [77734.125, 5.048468302170544e-16]}, 691786], [0.27751615229387816, {"__complex__": [77602.9921875, 7.701613720987428e-16]}, 717996], [0.28251644607381426, {"__complex__": [77802.1328125, 4.699522491637294e-16]}, 743152], [0.2875152531419474, {"__complex__": [77157.3671875, 3.0230208840811954e-16]}, 770192], [0.2925134012698469, {"__complex__": [76692.21875, 4.3851433015881043e-16]}, 796430], [0.2975118362281548, {"__complex__": [77102.71875, -1.3408326149545865e-15]}, 824820], [0.3025125080826814, {"__complex__": [77408.390625, 4.096428945142924e-16]}, 852562], [0.30751063191170563, {"__complex__": [76853.3828125, 1.652928045359301e-15]}, 880372], [0.3125111278203564, {"__complex__": [76892.9921875, 1.27837335833612e-16]}, 910652], [0.31751269361539736, {"__complex__": [77145.2265625, -1.2397850518882763e-16]}, 938996], [0.3225130904459611, {"__complex__": [77055.484375, 1.080864227398612e-15]}, 969352], [0.32751158760760724, {"__complex__": [77451.640625, -1.1660843181009856e-16]}, 998344], [0.3325089848249692, {"__complex__": [77031.9453125, -2.825828702284638e-16]}, 1029922], [0.33751027924368393, {"__complex__": [76854.140625, 2.740685215124432e-16]}, 1061918], [0.34251253316973607, {"__complex__": [77455.328125, 1.0648340362275958e-16]}, 1093272], [0.34751415893089227, {"__complex__": [77008.34375, 5.1718812672832913e-17]}, 1125464], [0.352514235068077, {"__complex__": [77035.8828125, -1.0058522204345227e-16]}, 1157380], [0.357512374484406, {"__complex__": [76472.1015625, 3.9125545035573683e-16]}, 1190172], [0.3625118834929162, {"__complex__": [76728.3046875, -9.981308136711403e-16]}, 1224650], [0.3675116774700016, {"__complex__": [76655.4921875, -7.866750734988534e-16]}, 1257864], [0.3725098709245497, {"__complex__": [76837.984375, -3.6033194504759723e-16]}, 1292312], [0.37751067052804127, {"__complex__": [77249.2421875, 1.3144035988134762e-15]}, 1328534], [0.3825116981355865, {"__complex__": [77231.578125, -2.4558428580393876e-16]}, 1362848], [0.3875116125361288, {"__complex__": [77223.234375, -2.496033247897624e-16]}, 