{"poles": {"dims": ["k"], "edges": [{"__dtype__": "<f8", "__shape__": [86], "__data__": [0.0, 0.005, 0.01, 0.015, 0.02, 0.025, 0.03, 0.035, 0.04, 0.045, 0.05, 0.055, 0.06, 0.065, 0.07, 0.075, 0.08, 0.085, 0.09, 0.095, 0.1, 0.105, 0.11, 0.115, 0.12, 0.125, 0.13, 0.135, 0.14, 0.145, 0.15, 0.155, 0.16, 0.165, 0.17, 0.17500000000000002, 0.18, 0.185, 0.19, 0.195, 0.2, 0.20500000000000002, 0.21, 0.215, 0.22, 0.225, 0.23, 0.23500000000000001, 0.24, 0.245, 0.25, 0.255, 0.26, 0.265, 0.27, 0.275, 0.28, 0.28500000000000003, 0.29, 0.295, 0.3, 0.305, 0.31, 0.315, 0.32, 0.325, 0.33, 0.335, 0.34, 0.34500000000000003, 0.35000000000000003, 0.355, 0.36, 0.365, 0.37, 0.375, 0.38, 0.385, 0.39, 0.395, 0.4, 0.405, 0.41000000000000003, 0.41500000000000004, 0.42, 0.425]}], "coords": [{"__dtype__": "<f8", "__shape__": [85], "__data__": [0.0025, 0.0075, 0.0125, 0.0175, 0.0225, 0.0275, 0.0325, 0.037500000000000006, 0.042499999999999996, 0.0475, 0.052500000000000005, 0.057499999999999996, 0.0625, 0.0675, 0.07250000000000001, 0.0775, 0.0825, 0.0875, 0.0925, 0.0975, 0.10250000000000001, 0.1075, 0.1125, 0.1175, 0.1225, 0.1275, 0.1325, 0.1375, 0.14250000000000002, 0.1475, 0.1525, 0.1575, 0.1625, 0.1675, 0.17250000000000001, 0.1775, 0.1825, 0.1875, 0.1925, 0.1975, 0.2025, 0.20750000000000002, 0.2125, 0.2175, 0.2225, 0.2275, 0.2325, 0.2375, 0.2425, 0.2475, 0.2525, 0.2575, 0.2625, 0.2675, 0.2725, 0.2775, 0.28250000000000003, 0.2875, 0.2925, 0.2975, 0.3025, 0.3075, 0.3125, 0.3175, 0.3225, 0.3275, 0.3325, 0.3375, 0.3425, 0.34750000000000003, 0.35250000000000004, 0.3575, 0.3625, 0.3675, 0.3725, 0.3775, 0.3825, 0.3875, 0.3925, 0.3975, 0.4025, 0.40750000000000003, 0.41250000000000003, 0.4175, 0.4225]}], "data": {"__dtype__": [["k", "<f8"], ["power_2", "<c8"], ["modes", "<i8"]], "__shape__": [85], "__data__": [[0.003785962175218714, {"__complex__": [-31024.177734375, 5.220418281687289e-13]}, 223], [0.008055650047333739, {"__complex__": [17640.171875, 1.5358222506256514e-13]}, 1516], [0.012838659412058445, {"__complex__": [36792.89453125, -5.637545687437254e-14]}, 4130], [0.017758445021159877, {"__complex__": [27233.802734375, -5.778869407741666e-14]}, 8058], [0.022686221993372543, {"__complex__": [15658.201171875, -3.5497887046270424e-14]}, 13118], [0.02764503576190599, {"__complex__": [11242.333984375, -5.884316708751943e-15]}, 19784], [0.032626124011193657, {"__complex__": [7132.81591796875, -8.472114170962868e-15]}, 27482], [0.03761517664423396, {"__complex__": [11935.81640625, 2.2147829563715603e-14]}, 36794], [0.042612076216348424, {"__complex__": [11076.927734375, 4.947527491725367e-15]}, 47060], [0.04758810749327745, {"__complex__": [11202.994140625, -2.3893952409096558e-14]}, 58466], [0.05257639262811682, {"__complex__": [3465.3740234375, 1.2946903680979664e-14]}, 71934], [0.057576644294676294, {"__complex__": [666.856201171875, -3.786040084956602e-14]}, 86096], [0.06257060468948772, {"__complex__": [1265.4266357421875, 1.1450762281190081e-14]}, 101666], [0.06756431050677218, {"__complex__": [997.0073852539062, -1.9649150131951197e-14]}, 118494], [0.07255460479533274, {"__complex__": [590.1937255859375, 0.0]}, 136590], [0.07755203808236072, {"__complex__": [7875.0615234375, -7.436967911617597e-15]}, 156536], [0.08254994891496988, {"__complex__": [5307.283203125, 1.0529605480721557e-14]}, 176896], [0.0875465852208996, {"__complex__": [3770.97705078125, -3.940839421825472e-15]}, 199400], [0.09254606261661012, {"__complex__": [2845.68994140625, 9.153052427590073e-15]}, 222578], [0.09754095165434574, {"__complex__": [2206.9853515625, -1.8844291378657162e-15]}, 247110], [0.10253878096196406, {"__complex__": [1683.584716796875, 1.361970957428028e-14]}, 273522], [0.1075376536617221, {"__complex__": [4701.1787109375, -7.747386005028511e-15]}, 300528], [0.11253874421958751, {"__complex__": [2864.92333984375, 0.0]}, 329826], [0.11753930483919833, {"__complex__": [1794.3978271484375, 9.001585995962059e-15]}, 358884], [0.12253435939470513, {"__complex__": [810.4235229492188, 0.0]}, 390212], [0.1275324928771181, {"__complex__": [2437.100341796875, -1.0457916000197742e-14]}, 423008], [0.13253098558293935, {"__complex__": [1679.01123046875, 0.0]}, 456548], [0.1375294182229233, {"__complex__": [-1850.5921630859375, 5.6790268390400755e-15]}, 491980], [0.14252928720123362, {"__complex__": [-767.0910034179688, -1.1459502814172799e-14]}, 528260], [0.14752710781464048, {"__complex__": [418.05596923828125, 8.230866905607108e-16]}, 565750], [0.15252590457329984, {"__complex__": [394.7151184082031, 2.6933917657891984e-15]}, 605116], [0.15752627544450365, {"__complex__": [530.3223266601562, 2.885880214810975e-15]}, 645434], [0.1625268432433497, {"__complex__": [207.4469451904297, 5.081641182879456e-15]}, 687270], [0.16752762298865234, {"__complex__": [591.6919555664062, 1.9138548506950938e-15]}, 729932], [0.17252411279445126, {"__complex__": [104.60506439208984, -2.4090455582530083e-15]}, 773188], [0.17752203527930777, {"__complex__": [-127.8785629272461, 3.691109545019434e-15]}, 820024], [0.18252363779831107, {"__complex__": [-90.35501861572266, 1.0745591258974879e-15]}, 866702], [0.18752234050808908, {"__complex__": [-109.63355255126953, -1.5282982644782635e-15]}, 914078], [0.19252201016210274, {"__complex__": [247.0554962158203, 4.828417612803349e-16]}, 964418], [0.19752271477956754, {"__complex__": [720.9586181640625, 1.8354619514267083e-15]}, 1014810], [0.20252178570627094, {"__complex__": [1625.789306640625, 0.0]}, 1066432], [0.20751974798690762, {"__complex__": [1325.6549072265625, 3.743465075005696e-15]}, 1119538], [0.2125197454352182, {"__complex__": [-423.10174560546875, 6.932513628232035e-16]}, 1175486], [0.2175192296548309, {"__complex__": [310.9076843261719, -1.514769242486481e-15]}, 1229656], [0.22251681667262319, {"__complex__": [753.587890625, 1.4464428004006208e-15]}, 1287742], [0.22751746426403283, {"__complex__": [96.91854858398438, -1.3829024121041027e-15]}, 1346910], [0.23251730364615478, {"__complex__": [-1021.14794921875, -6.625630944463842e-16]}, 1405636], [0.23751678657474465, {"__complex__": [-818.8877563476562, 2.2207249348481966e-15]}, 1467822], [0.2425174971485461, {"__complex__": [-546.5927734375, -2.1308524098039103e-15]}, 1529730], [0.24751707342858845, {"__complex__": [-452.6376037597656, -1.1689444307265082e-15]}, 1593442], [0.2525171832510974, {"__complex__": [144.03456115722656, -2.8071908010714912e-16]}, 1658816], [0.2575157181508458, {"__complex__": [-240.34620666503906, -8.105091512664909e-16]}, 1723588], [0.2625146768272274, {"__complex__": [-344.2754821777344, 1.038743184755787e-15]}, 1793172], [0.2675153728644548, {"__complex__": [297.0870666503906, 5.003537968879031e-16]}, 1861328], [0.2725140790996068, {"__complex__": [794.0091552734375, -9.64651307035322e-16]}, 1930900], [0.2775148647609448, {"__complex__": [697.0761108398438, 1.3937573510814033e-15]}, 2004630], [0.28251520974118804, {"__complex__": [150.81056213378906, 1.570978242987158e-15]}, 2074904], [0.28751406015515885, {"__complex__": [154.78900146484375, -4.3306573778603794e-16]}, 2150534], [0.29251361364437867, {"__complex__": [-812.0242309570312, -1.0465389583649604e-15]}, 2224768], [0.2975131524186939, {"__complex__": [230.98057556152344, -1.819855157615311e-15]}, 2302904], [0.3025147259314174, {"__complex__": [19.832265853881836, -1.5643357047356713e-15]}, 2381388], [0.3075149652713783, {"__complex__": [-466.5279846191406, 5.681198208000362e-16]}, 2458960], [0.31251335064096714, {"__complex__": [-331.83929443359375, 1.8335489275153345e-16]}, 2539672], [0.31751349612987984, {"__complex__": [-754.9912109375, -3.5504545360510553e-16]}, 2623108], [0.32251268944270295, {"__complex__": [-314.7438659667969, -2.927567364826569e-15]}, 2704034], [0.32751171630842707, {"__complex__": [-116.76806640625, 5.84055739851001e-16]}, 2790512], [0.33251237563902225, {"__complex__": [189.3377685546875, -9.714263000639356e-16]}, 2876150], [0.3375123279265873, {"__complex__": [53.64274597167969, 4.714802966005762e-16]}, 