{"poles": {"dims": ["k"], "edges": [{"__dtype__": "<f8", "__shape__": [86], "__data__": [0.0, 0.005, 0.01, 0.015, 0.02, 0.025, 0.03, 0.035, 0.04, 0.045, 0.05, 0.055, 0.06, 0.065, 0.07, 0.075, 0.08, 0.085, 0.09, 0.095, 0.1, 0.105, 0.11, 0.115, 0.12, 0.125, 0.13, 0.135, 0.14, 0.145, 0.15, 0.155, 0.16, 0.165, 0.17, 0.17500000000000002, 0.18, 0.185, 0.19, 0.195, 0.2, 0.20500000000000002, 0.21, 0.215, 0.22, 0.225, 0.23, 0.23500000000000001, 0.24, 0.245, 0.25, 0.255, 0.26, 0.265, 0.27, 0.275, 0.28, 0.28500000000000003, 0.29, 0.295, 0.3, 0.305, 0.31, 0.315, 0.32, 0.325, 0.33, 0.335, 0.34, 0.34500000000000003, 0.35000000000000003, 0.355, 0.36, 0.365, 0.37, 0.375, 0.38, 0.385, 0.39, 0.395, 0.4, 0.405, 0.41000000000000003, 0.41500000000000004, 0.42, 0.425]}], "coords": [{"__dtype__": "<f8", "__shape__": [85], "__data__": [0.0025, 0.0075, 0.0125, 0.0175, 0.0225, 0.0275, 0.0325, 0.037500000000000006, 0.042499999999999996, 0.0475, 0.052500000000000005, 0.057499999999999996, 0.0625, 0.0675, 0.07250000000000001, 0.0775, 0.0825, 0.0875, 0.0925, 0.0975, 0.10250000000000001, 0.1075, 0.1125, 0.1175, 0.1225, 0.1275, 0.1325, 0.1375, 0.14250000000000002, 0.1475, 0.1525, 0.1575, 0.1625, 0.1675, 0.17250000000000001, 0.1775, 0.1825, 0.1875, 0.1925, 0.1975, 0.2025, 0.20750000000000002, 0.2125, 0.2175, 0.2225, 0.2275, 0.2325, 0.2375, 0.2425, 0.2475, 0.2525, 0.2575, 0.2625, 0.2675, 0.2725, 0.2775, 0.28250000000000003, 0.2875, 0.2925, 0.2975, 0.3025, 0.3075, 0.3125, 0.3175, 0.3225, 0.3275, 0.3325, 0.3375, 0.3425, 0.34750000000000003, 0.35250000000000004, 0.3575, 0.3625, 0.3675, 0.3725, 0.3775, 0.3825, 0.3875, 0.3925, 0.3975, 0.4025, 0.40750000000000003, 0.41250000000000003, 0.4175, 0.4225]}], "data": {"__dtype__": [["k", "<f8"], ["power_0", "<c8"], ["modes", "<i8"]], "__shape__": [85], "__data__": [[0.003785962175218714, {"__complex__": [78241.6640625, -1.9576567201074618e-13]}, 223], [0.008055650047333739, {"__complex__": [90944.140625, 1.7757944095232736e-13]}, 1516], [0.012838659412058445, {"__complex__": [88167.6484375, -2.818772843718627e-14]}, 4130], [0.017758445021159877, {"__complex__": [104163.7578125, 2.528255281183684e-14]}, 8058], [0.022686221993372543, {"__complex__": [97015.9140625, -3.99351233505707e-14]}, 13118], [0.02764503576190599, {"__complex__": [105615.7734375, -2.3537266835007772e-14]}, 19784], [0.032626124011193657, {"__complex__": [99017.8984375, -4.236057085481434e-15]}, 27482], [0.03761517664423396, {"__complex__": [94540.6640625, -9.491927439896942e-15]}, 36794], [0.042612076216348424, {"__complex__": [94922.890625, -2.0099331202757913e-14]}, 47060], [0.04758810749327745, {"__complex__": [91370.5859375, 1.3938138905306326e-14]}, 58466], [0.05257639262811682, {"__complex__": [87041.4140625, -6.473451840489832e-15]}, 71934], [0.057576644294676294, {"__complex__": [85218.4375, -4.0564712775869455e-15]}, 86096], [0.06257060468948772, {"__complex__": [84176.5390625, 1.1450762281190081e-14]}, 101666], [0.06756431050677218, {"__complex__": [84006.875, -4.912287638866918e-16]}, 118494], [0.07255460479533274, {"__complex__": [82355.4375, 2.5568926180974047e-15]}, 136590], [0.07755203808236072, {"__complex__": [83455.0, -2.7888628609774803e-16]}, 156536], [0.08254994891496988, {"__complex__": [80982.3984375, 1.974301027635292e-15]}, 176896], [0.0875465852208996, {"__complex__": [78950.46875, -1.0508905689556557e-14]}, 199400], [0.09254606261661012, {"__complex__": [78279.546875, 4.707283960412104e-15]}, 222578], [0.09754095165434574, {"__complex__": [76951.734375, 9.422145689328581e-16]}, 247110], [0.10253878096196406, {"__complex__": [76062.0, -2.1280796474510734e-15]}, 273522], [0.1075376536617221, {"__complex__": [73875.796875, -1.5494771586540548e-15]}, 300528], [0.11253874421958751, {"__complex__": [74712.3125, 1.4118392810437961e-15]}, 329826], [0.11753930483919833, {"__complex__": [75670.234375, -1.6219073694902436e-15]}, 358884], [0.12253435939470513, {"__complex__": [73807.015625, -3.0579712634299207e-15]}, 390212], [0.1275324928771181, {"__complex__": [73445.8828125, 1.100833240888369e-15]}, 423008], [0.13253098558293935, {"__complex__": [73999.1953125, -5.099806651466272e-15]}, 456548], [0.1375294182229233, {"__complex__": [73964.25, -4.732522577624966e-15]}, 491980], [0.14252928720123362, {"__complex__": [73158.9453125, 2.53431304906421e-15]}, 528260], [0.14752710781464048, {"__complex__": [73396.6640625, 8.230866905607108e-16]}, 565750], [0.15252590457329984, {"__complex__": [72931.140625, 4.040087966321153e-15]}, 605116], [0.15752627544450365, {"__complex__": [73297.7265625, -7.214700537027437e-16]}, 645434], [0.1625268432433497, {"__complex__": [72075.84375, 5.081641288758574e-16]}, 687270], [0.16752762298865234, {"__complex__": [71823.2578125, -1.5948789716598325e-15]}, 729932], [0.17252411279445126, {"__complex__": [72667.6171875, -3.7641336847703255e-16]}, 773188], [0.17752203527930777, {"__complex__": [71101.9765625, 4.258972450138656e-16]}, 820024], [0.18252363779831107, {"__complex__": [71034.828125, 1.1417190977358604e-15]}, 866702], [0.18752234050808908, {"__complex__": [70886.4375, 1.5282982644782635e-15]}, 914078], [0.19252201016210274, {"__complex__": [70953.6171875, 9.05328295783183e-16]}, 964418], [0.19752271477956754, {"__complex__": [70931.5390625, 3.441491158925078e-16]}, 1014810], [0.20252178570627094, {"__complex__": [70514.359375, 9.824704450258292e-16]}, 1066432], [0.20751974798690762, {"__complex__": [71196.28125, -2.2876731484497556e-15]}, 1119538], [0.2125197454352182, {"__complex__": [70840.0, -1.9807181492436906e-15]}, 1175486], [0.2175192296548309, {"__complex__": [70689.75, -6.627115899099497e-16]}, 1229656], [0.22251681667262319, {"__complex__": [70967.2890625, -4.520133618903042e-16]}, 1287742], [0.22751746426403283, {"__complex__": [70607.8828125, 2.1607851512615584e-16]}, 1346910], [0.23251730364615478, {"__complex__": [70545.4296875, 4.969223605394576e-16]}, 1405636], [0.23751678657474465, {"__complex__": [70397.625, -8.724276832272539e-16]}, 1467822], [0.2425174971485461, {"__complex__": [70200.7734375, -1.5220374733881925e-16]}, 1529730], [0.24751707342858845, {"__complex__": [69886.6171875, 1.4611805384081352e-16]}, 1593442], [0.2525171832510974, {"__complex__": [70210.8984375, 5.6143816021429825e-16]}, 1658816], [0.2575157181508458, {"__complex__": [70210.0859375, -2.7016970826557044e-16]}, 1723588], [0.2625146768272274, {"__complex__": [69875.6015625, -2.5968579618894675e-16]}, 1793172], [0.2675153728644548, {"__complex__": [69886.1875, -5.003537968879031e-16]}, 1861328], [0.2725140790996068, {"__complex__": [69941.8046875, 0.0]}, 1930900], [0.2775148647609448, {"__complex__": [70073.7421875, -1.1614644151182034e-16]}, 2004630], [0.28251520974118804, {"__complex__": [69810.4140625, 5.610636657724934e-16]}, 2074904], [0.28751406015515885, {"__complex__": [69580.4765625, 3.2479930995697336e-16]}, 2150534], [0.29251361364437867, {"__complex__": [69693.75, 3.139616822155322e-16]}, 2224768], [0.2975131524186939, {"__complex__": [69644.9375, -1.4154428768387711e-15]}, 2302904], [0.3025147259314174, {"__complex__": [69297.7109375, 9.04381630585508e-16]}, 2381388], [0.3075149652713783, {"__complex__": [69611.828125, 1.7990460992001146e-15]}, 2458960], [0.31251335064096714, {"__complex__": [69388.5, -1.1918068028849674e-15]}, 2539672], [0.31751349612987984, {"__complex__": [69303.2421875, 1.7530369635711555e-15]}, 2623108], [0.32251268944270295, {"__complex__": [69572.9921875, -6.888393799591927e-16]}, 2704034], [0.32751171630842707, {"__complex__": [69295.296875, 3.9632353964673493e-16]}, 2790512], [0.33251237563902225, {"__complex__": [69583.375, 1.05237850938245e-15]}, 2876150], [0.3375123279265873, {"__complex__": [69645.6171875, 5.500603372107457e-16]}, 2962974], [0.34251273719712905, {"__complex__": [69053.0703125, -6.865964367148633e-16]}, 3051976], [0.34751247641754474, {"__complex__": [69331.0546875, -2.5947832605642865e-16]}, 3140560], [0.35251198333721223, {"__complex__": [69426.5390625, 