{"poles": {"dims": ["k"], "edges": [{"__dtype__": "<f8", "__shape__": [86], "__data__": [0.0, 0.005, 0.01, 0.015, 0.02, 0.025, 0.03, 0.035, 0.04, 0.045, 0.05, 0.055, 0.06, 0.065, 0.07, 0.075, 0.08, 0.085, 0.09, 0.095, 0.1, 0.105, 0.11, 0.115, 0.12, 0.125, 0.13, 0.135, 0.14, 0.145, 0.15, 0.155, 0.16, 0.165, 0.17, 0.17500000000000002, 0.18, 0.185, 0.19, 0.195, 0.2, 0.20500000000000002, 0.21, 0.215, 0.22, 0.225, 0.23, 0.23500000000000001, 0.24, 0.245, 0.25, 0.255, 0.26, 0.265, 0.27, 0.275, 0.28, 0.28500000000000003, 0.29, 0.295, 0.3, 0.305, 0.31, 0.315, 0.32, 0.325, 0.33, 0.335, 0.34, 0.34500000000000003, 0.35000000000000003, 0.355, 0.36, 0.365, 0.37, 0.375, 0.38, 0.385, 0.39, 0.395, 0.4, 0.405, 0.41000000000000003, 0.41500000000000004, 0.42, 0.425]}], "coords": [{"__dtype__": "<f8", "__shape__": [85], "__data__": [0.0025, 0.0075, 0.0125, 0.0175, 0.0225, 0.0275, 0.0325, 0.037500000000000006, 0.042499999999999996, 0.0475, 0.052500000000000005, 0.057499999999999996, 0.0625, 0.0675, 0.07250000000000001, 0.0775, 0.0825, 0.0875, 0.0925, 0.0975, 0.10250000000000001, 0.1075, 0.1125, 0.1175, 0.1225, 0.1275, 0.1325, 0.1375, 0.14250000000000002, 0.1475, 0.1525, 0.1575, 0.1625, 0.1675, 0.17250000000000001, 0.1775, 0.1825, 0.1875, 0.1925, 0.1975, 0.2025, 0.20750000000000002, 0.2125, 0.2175, 0.2225, 0.2275, 0.2325, 0.2375, 0.2425, 0.2475, 0.2525, 0.2575, 0.2625, 0.2675, 0.2725, 0.2775, 0.28250000000000003, 0.2875, 0.2925, 0.2975, 0.3025, 0.3075, 0.3125, 0.3175, 0.3225, 0.3275, 0.3325, 0.3375, 0.3425, 0.34750000000000003, 0.35250000000000004, 0.3575, 0.3625, 0.3675, 0.3725, 0.3775, 0.3825, 0.3875, 0.3925, 0.3975, 0.4025, 0.40750000000000003, 0.41250000000000003, 0.4175, 0.4225]}], "data": {"__dtype__": [["k", "<f8"], ["power_2", "<c8"], ["modes", "<i8"]], "__shape__": [85], "__data__": [[0.003785962175218714, {"__complex__": [29932.265625, -1.0440836563374578e-12]}, 223], [0.008055650047333739, {"__complex__": [66692.4921875, -1.9197778132820642e-14]}, 1516], [0.012838659412058445, {"__complex__": [7948.58056640625, -1.691263773993812e-13]}, 4130], [0.017758445021159877, {"__complex__": [-1303.96240234375, -1.1557738815483332e-13]}, 8058], [0.022686221993372543, {"__complex__": [10848.2841796875, -3.5497887046270424e-14]}, 13118], [0.02764503576190599, {"__complex__": [15510.1298828125, 7.06118038931551e-14]}, 19784], [0.032626124011193657, {"__complex__": [15800.2568359375, -3.388845668385147e-14]}, 27482], [0.03761517664423396, {"__complex__": [8030.93212890625, 2.5311805941703215e-14]}, 36794], [0.042612076216348424, {"__complex__": [11680.0634765625, -4.947527576428662e-14]}, 47060], [0.04758810749327745, {"__complex__": [8870.9931640625, 3.1858603212128744e-14]}, 58466], [0.05257639262811682, {"__complex__": [4938.5185546875, 1.2542313311525964e-14]}, 71934], [0.057576644294676294, {"__complex__": [5002.7265625, 1.081725702257617e-14]}, 86096], [0.06257060468948772, {"__complex__": [668.3150024414062, -2.7481829813669374e-14]}, 101666], [0.06756431050677218, {"__complex__": [1810.2587890625, -1.1789489909764129e-14]}, 118494], [0.07255460479533274, {"__complex__": [4517.4619140625, -6.818380173754255e-15]}, 136590], [0.07755203808236072, {"__complex__": [5607.201171875, -7.0651196007400115e-15]}, 156536], [0.08254994891496988, {"__complex__": [945.6332397460938, -2.6324013701803893e-15]}, 176896], [0.0875465852208996, {"__complex__": [3215.74462890625, 2.276929594305019e-14]}, 199400], [0.09254606261661012, {"__complex__": [3246.56982421875, 8.368505100854722e-15]}, 222578], [0.09754095165434574, {"__complex__": [895.1498413085938, -7.537716551462865e-15]}, 247110], [0.10253878096196406, {"__complex__": [2845.1845703125, 1.7024637179608587e-14]}, 273522], [0.1075376536617221, {"__complex__": [3071.9951171875, -2.4791634538464877e-14]}, 300528], [0.11253874421958751, {"__complex__": [-855.688720703125, 0.0]}, 329826], [0.11753930483919833, {"__complex__": [1138.2406005859375, -7.78515520414658e-15]}, 358884], [0.12253435939470513, {"__complex__": [-521.26318359375, -5.9667728250683075e-15]}, 390212], [0.1275324928771181, {"__complex__": [-539.7467041015625, -9.907499591511795e-15]}, 423008], [0.13253098558293935, {"__complex__": [1241.3092041015625, -8.159690303532856e-15]}, 456548], [0.1375294182229233, {"__complex__": [-7.434933185577393, 6.152279393264104e-15]}, 491980], [0.14252928720123362, {"__complex__": [1428.7861328125, 3.526000800742942e-15]}, 528260], [0.14752710781464048, {"__complex__": [925.301025390625, -4.938520143364265e-15]}, 565750], [0.15252590457329984, {"__complex__": [750.7967529296875, 7.695405498879646e-16]}, 605116], [0.15752627544450365, {"__complex__": [1663.4393310546875, 7.214700537027437e-15]}, 645434], [0.1625268432433497, {"__complex__": [1521.6019287109375, 0.0]}, 687270], [0.16752762298865234, {"__complex__": [1179.442626953125, 1.2759031985036897e-15]}, 729932], [0.17252411279445126, {"__complex__": [-429.0624694824219, -3.6135683373795125e-15]}, 773188], [0.17752203527930777, {"__complex__": [512.5255126953125, -1.135726021996681e-15]}, 820024], [0.18252363779831107, {"__complex__": [505.6610107421875, 0.0]}, 866702], [0.18752234050808908, {"__complex__": [106.79178619384766, -1.0188655449452151e-15]}, 914078], [0.19252201016210274, {"__complex__": [-447.541748046875, -3.862734090242679e-15]}, 964418], [0.19752271477956754, {"__complex__": [327.4417724609375, -9.177309757133541e-16]}, 1014810], [0.20252178570627094, {"__complex__": [-2139.023681640625, -1.746614124490363e-15]}, 1066432], [0.20751974798690762, {"__complex__": [-2236.94091796875, -3.327524675817025e-15]}, 1119538], [0.2125197454352182, {"__complex__": [-373.62091064453125, -3.961436245547822e-16]}, 1175486], [0.2175192296548309, {"__complex__": [1046.127685546875, -1.514769242486481e-15]}, 1229656], [0.22251681667262319, {"__complex__": [-668.7551879882812, 2.8928856008012416e-15]}, 1287742], [0.22751746426403283, {"__complex__": [456.391357421875, -2.074353618156154e-15]}, 1346910], [0.23251730364615478, {"__complex__": [573.7843017578125, 1.3251261888927684e-15]}, 1405636], [0.23751678657474465, {"__complex__": [-27.50993537902832, -3.1724642304542517e-16]}, 1467822], [0.2425174971485461, {"__complex__": [-1157.58203125, 0.0]}, 1529730], [0.24751707342858845, {"__complex__": [-1149.1270751953125, 1.7534166460897622e-15]}, 1593442], [0.2525171832510974, {"__complex__": [-714.7081909179688, -1.1228763204285965e-15]}, 1658816], [0.2575157181508458, {"__complex__": [-751.8046875, -1.0806788330622818e-15]}, 1723588], [0.2625146768272274, {"__complex__": [-819.4307861328125, 4.154972739023148e-15]}, 1793172], [0.2675153728644548, {"__complex__": [-874.2147216796875, -3.0021229930856557e-15]}, 1861328], [0.2725140790996068, {"__complex__": [-64.09392547607422, -1.446976960552983e-15]}, 1930900], [0.2775148647609448, {"__complex__": [251.7339324951172, -2.3229287772968477e-15]}, 2004630], [0.28251520974118804, {"__complex__": [33.831275939941406, 2.6931054686530264e-15]}, 2074904], [0.28751406015515885, {"__complex__": [-571.926025390625, -3.4645259022883035e-15]}, 2150534], [0.29251361364437867, {"__complex__": [686.0570068359375, -4.18615593933896e-16]}, 2224768], [0.2975131524186939, {"__complex__": [-203.17042541503906, 8.088245086135205e-16]}, 2302904], [0.3025147259314174, {"__complex__": [-491.8992004394531, 3.324213412267971e-15]}, 2381388], [0.3075149652713783, {"__complex__": [-800.3283081054688, -1.3256129152000844e-15]}, 2458960], [0.31251335064096714, {"__complex__": [-1168.0611572265625, 3.667097855030669e-16]}, 2539672], [0.31751349612987984, {"__complex__": [-603.9771118164062, -1.3314204907238151e-15]}, 2623108], [0.32251268944270295, {"__complex__": [-567.4261474609375, 0.0]}, 2704034], [0.32751171630842707, {"__complex__": [-389.2601318359375, 1.334984487728506e-15]}, 2790512], [0.33251237563902225, {"__complex__": [-202.60455322265625, 4.857131500319678e-16]}, 2876150], [0.3375123279265873, {"__complex__": [-546.890869140625, 