{"edges": {"__dtype__": "<f8", "__shape__": [128], "__data__": [0.0, 0.005, 0.01, 0.015, 0.02, 0.025, 0.03, 0.035, 0.04, 0.045, 0.05, 0.055, 0.06, 0.065, 0.07, 0.075, 0.08, 0.085, 0.09, 0.095, 0.1, 0.105, 0.11, 0.115, 0.12, 0.125, 0.13, 0.135, 0.14, 0.145, 0.15, 0.155, 0.16, 0.165, 0.17, 0.17500000000000002, 0.18, 0.185, 0.19, 0.195, 0.2, 0.20500000000000002, 0.21, 0.215, 0.22, 0.225, 0.23, 0.23500000000000001, 0.24, 0.245, 0.25, 0.255, 0.26, 0.265, 0.27, 0.275, 0.28, 0.28500000000000003, 0.29, 0.295, 0.3, 0.305, 0.31, 0.315, 0.32, 0.325, 0.33, 0.335, 0.34, 0.34500000000000003, 0.35000000000000003, 0.355, 0.36, 0.365, 0.37, 0.375, 0.38, 0.385, 0.39, 0.395, 0.4, 0.405, 0.41000000000000003, 0.41500000000000004, 0.42, 0.425, 0.43, 0.435, 0.44, 0.445, 0.45, 0.455, 0.46, 0.465, 0.47000000000000003, 0.47500000000000003, 0.48, 0.485, 0.49, 0.495, 0.5, 0.505, 0.51, 0.515, 0.52, 0.525, 0.53, 0.535, 0.54, 0.545, 0.55, 0.555, 0.56, 0.5650000000000001, 0.5700000000000001, 0.5750000000000001, 0.58, 0.585, 0.59, 0.595, 0.6, 0.605, 0.61, 0.615, 0.62, 0.625, 0.63, 0.635]}, "poles": {"__dtype__": [["k", "<f8"], ["power_0", "<c8"], ["modes", "<i8"]], "__shape__": [127], "__data__": [[0.0037537781648676505, {"__complex__": [100760.375, 1.8898591188070551e-13]}, 77], [0.008050398333474014, {"__complex__": [98050.859375, -1.0621835849029468e-13]}, 548], [0.012848609532355457, {"__complex__": [117451.671875, -7.865900313909491e-14]}, 1480], [0.017751579213119567, {"__complex__": [109845.2734375, 2.0267291059934862e-14]}, 2872], [0.022691827324042853, {"__complex__": [118121.8671875, 6.145234196725316e-14]}, 4736], [0.027648005536595924, {"__complex__": [107544.8828125, -4.1364169576542376e-14]}, 7036], [0.032612636555868525, {"__complex__": [108309.6640625, -2.958307630438438e-14]}, 9838], [0.03761114292794433, {"__complex__": [102924.328125, -8.814000385397227e-15]}, 13208], [0.04261303922036164, {"__complex__": [97723.625, 2.934898011468581e-14]}, 16858], [0.04760505554480107, {"__complex__": [93738.0546875, -1.9328919161846342e-14]}, 21080], [0.05259133615803475, {"__complex__": [96994.2734375, 4.088892988302409e-14]}, 25624], [0.05756841184374016, {"__complex__": [97104.3125, 1.0181794270821155e-14]}, 30728], [0.06256248327880025, {"__complex__": [96942.9453125, -1.594817858232688e-14]}, 36498], [0.06756661487904435, {"__complex__": [94743.2421875, 2.737380516080719e-15]}, 42528], [0.07257304507008182, {"__complex__": [93304.3125, 2.3684758564530796e-15]}, 49152], [0.07756473030387098, {"__complex__": [91782.3125, -1.0441959593537366e-15]}, 55744], [0.08254764044823601, {"__complex__": [88094.125, -7.351076229667169e-15]}, 63346], [0.08754405971893497, {"__complex__": [89057.0859375, -5.2999075973432595e-15]}, 71388], [0.09254365223263855, {"__complex__": [89362.015625, -1.0216735226928342e-14]}, 79762], [0.09754150838846357, {"__complex__": [87851.3671875, -8.544099265985275e-15]}, 88564], [0.10254123052801507, {"__complex__": [85643.2734375, -8.613412819092042e-15]}, 97988], [0.10754181638082774, {"__complex__": [86608.1953125, 4.323367547618513e-15]}, 107708], [0.11254085353408888, {"__complex__": [84937.765625, 0.0]}, 117952], [0.11753281793039293, {"__complex__": [85503.046875, 5.4447176205552755e-15]}, 128288], [0.12252442444514552, {"__complex__": [85244.46875, 1.2493595152773449e-15]}, 139770], [0.12753052839909865, {"__complex__": [83803.3828125, -1.91540619153799e-15]}, 151946], [0.13253665927256145, {"__complex__": [83960.6953125, 5.693306967497836e-15]}, 163582], [0.13753197887556465, {"__complex__": [83364.6953125, 4.135476581676196e-15]}, 175940], [0.1425260716253757, {"__complex__": [83458.609375, -3.3866007769650392e-15]}, 189064], [0.14752506711896965, {"__complex__": [83890.78125, 2.869860651256469e-16]}, 202824], [0.1525272624752809, {"__complex__": [82960.4453125, -3.2217370369685408e-15]}, 216806], [0.15752484634575162, {"__complex__": [81240.453125, 4.538098023044003e-15]}, 230876], [0.16252366735405163, {"__complex__": [81382.4375, 4.727871519711593e-15]}, 246232], [0.1675242007800524, {"__complex__": [81863.046875, -1.7818898703699524e-15]}, 261330], [0.17252326579974073, {"__complex__": [81435.703125, 1.4694663205772952e-15]}, 277280], [0.17752110470595878, {"__complex__": [81375.90625, 2.3813306402188476e-15]}, 293320], [0.1825207522633753, {"__complex__": [81006.921875, -7.496784743077985e-16]}, 310574], [0.18752231962759572, {"__complex__": [80479.9140625, -2.132409044602727e-15]}, 327560], [0.19252167162300435, {"__complex__": [81164.1328125, -4.046085383104187e-15]}, 345268], [0.19752225984779248, {"__complex__": [80910.203125, 2.882011180066154e-15]}, 363544], [0.20251992290984697, {"__complex__": [81652.0859375, 1.830141737485004e-15]}, 381660], [0.20751551078768798, {"__complex__": [81180.2734375, -1.1616730763908036e-15]}, 400854], [0.21251512379553542, {"__complex__": [80764.625, 1.1060575283487967e-15]}, 421010], [0.21751870975885984, {"__complex__": [80228.7421875, -4.749922328427464e-15]}, 441160], [0.2225209082741387, {"__complex__": [80333.59375, -1.0094630557142188e-15]}, 461296], [0.22752039891934017, {"__complex__": [79995.4140625, 8.600922365372711e-16]}, 482192], [0.23252118259031918, {"__complex__": [79995.1328125, -1.0397113434144987e-15]}, 503860], [0.23751936566507853, {"__complex__": [80936.875, -1.5521333480975259e-15]}, 525024], [0.24251707186595864, {"__complex__": [80393.3203125, 7.435909543950002e-16]}, 547954], [0.24751627666670906, {"__complex__": [79754.875, -8.161706665463795e-16]}, 570544], [0.2525167544702008, {"__complex__": [79488.0546875, 0.0]}, 594374], [0.25751857595461863, {"__complex__": [80062.8984375, -9.420239865197259e-16]}, 617900], [0.2625190906945416, {"__complex__": [80426.359375, 4.169953787244761e-15]}, 642106], [0.2675172479110602, {"__complex__": [80307.625, -1.7476839271027451e-15]}, 666112], [0.272514629608296, {"__complex__": [80086.0390625, 0.0]}, 691786], [0.27751615229387816, {"__complex__": [79646.59375, 0.0]}, 717996], [0.28251644607381426, {"__complex__": [79783.7421875, -3.4463165997464674e-15]}, 743152], [0.2875152531419474, {"__complex__": [80027.9765625, -1.5870859509077378e-15]}, 770192], [0.2925134012698469, {"__complex__": [80108.1328125, 2.119485862926468e-15]}, 796430], [0.2975118362281548, {"__complex__": [79966.109375, 7.057013971890821e-17]}, 824820], [0.3025125080826814, {"__complex__": [79964.3515625, -1.7751192183851935e-15]}, 852562], [0.30751063191170563, {"__complex__": [79300.4375, 3.70255888936747e-15]}, 880372], [0.3125111278203564, {"__complex__": [79032.671875, 8.948612978957248e-16]}, 910652], [0.31751269361539736, {"__complex__": [79393.9453125, 7.438710576027454e-16]}, 938996], [0.3225130904459611, {"__complex__": [79321.3515625, -1.7113683424012827e-15]}, 969352], [0.32751158760760724, {"__complex__": [79507.828125, -3.498252689605161e-16]}, 998344], [0.3325089848249692, {"__complex__": [79517.71875, 4.521325817776302e-16]}, 1029922], [0.33751027924368393, {"__complex__": [79401.0625, -1.4251563330405282e-15]}, 1061918], [0.34251253316973607, {"__complex__": [79071.828125, 1.7037344579641533e-15]}, 1093272], [0.34751415893089227, {"__complex__": [78913.3359375, -2.0687525069133165e-16]}, 1125464], [0.352514235068077, {"__complex__": [79379.9296875, -1.810533983547251e-15]}, 1157380], [0.357512374484406, {"__complex__": [79228.2734375, -1.9562772517786841e-16]}, 1190172], [0.3625118834929162, {"__complex__": [79132.0234375, 4.753003622531339e-16]}, 1224650], [0.3675116774700016, {"__complex__": [79251.0859375, -1.2957000525469172e-15]}, 1257864], [0.3725098709245497, {"__complex__": [78926.2265625, 1.6214936997746283e-15]}, 1292312], [0.37751067052804127, {"__complex__": [78864.4765625, 6.133883319957398e-16]}, 1328534], [0.3825116981355865, {"__complex__": [79262.921875, 3.416824765407645e-16]}, 1362848], [0.3875116125361288, {"__complex__": [79269.9609375, 3.3280443305301654e-16]}, 1399204], [0.3925104655048909, {"__complex__": [79366.828125, 