{"edges": {"__dtype__": "<f8", "__shape__": [116], "__data__": [0.0, 0.005, 0.01, 0.015, 0.02, 0.025, 0.03, 0.035, 0.04, 0.045, 0.05, 0.055, 0.06, 0.065, 0.07, 0.075, 0.08, 0.085, 0.09, 0.095, 0.1, 0.105, 0.11, 0.115, 0.12, 0.125, 0.13, 0.135, 0.14, 0.145, 0.15, 0.155, 0.16, 0.165, 0.17, 0.17500000000000002, 0.18, 0.185, 0.19, 0.195, 0.2, 0.20500000000000002, 0.21, 0.215, 0.22, 0.225, 0.23, 0.23500000000000001, 0.24, 0.245, 0.25, 0.255, 0.26, 0.265, 0.27, 0.275, 0.28, 0.28500000000000003, 0.29, 0.295, 0.3, 0.305, 0.31, 0.315, 0.32, 0.325, 0.33, 0.335, 0.34, 0.34500000000000003, 0.35000000000000003, 0.355, 0.36, 0.365, 0.37, 0.375, 0.38, 0.385, 0.39, 0.395, 0.4, 0.405, 0.41000000000000003, 0.41500000000000004, 0.42, 0.425, 0.43, 0.435, 0.44, 0.445, 0.45, 0.455, 0.46, 0.465, 0.47000000000000003, 0.47500000000000003, 0.48, 0.485, 0.49, 0.495, 0.5, 0.505, 0.51, 0.515, 0.52, 0.525, 0.53, 0.535, 0.54, 0.545, 0.55, 0.555, 0.56, 0.5650000000000001, 0.5700000000000001, 0.5750000000000001]}, "poles": {"__dtype__": [["k", "<f8"], ["power_2", "<c8"], ["modes", "<i8"]], "__shape__": [115], "__data__": [[0.0037054420134658554, {"__complex__": [-73239.8359375, -3.331161301661778e-12]}, 83], [0.008002706039259398, {"__complex__": [17675.099609375, -1.4649578479550979e-13]}, 596], [0.012849701484846114, {"__complex__": [28738.716796875, 1.0596054876620478e-13]}, 1648], [0.0177641384261076, {"__complex__": [22809.0546875, 1.1066095143095339e-13]}, 3156], [0.022684229681789413, {"__complex__": [4049.504150390625, -4.4982734984794215e-14]}, 5176], [0.027646384376179004, {"__complex__": [17031.490234375, -2.9834784003122256e-14]}, 7804], [0.032636129245414154, {"__complex__": [7692.29443359375, 4.2823366787304515e-14]}, 10874], [0.037622935176432226, {"__complex__": [463.8675231933594, -8.060886451334483e-15]}, 14442], [0.0426065943302704, {"__complex__": [9890.7099609375, 8.788904662642566e-14]}, 18544], [0.047584168879418735, {"__complex__": [5619.4296875, -4.0421987724257105e-14]}, 23040], [0.052572163944886785, {"__complex__": [6735.83154296875, -1.0260110937124287e-14]}, 28366], [0.05756591012932392, {"__complex__": [3338.987548828125, -5.852091679086832e-14]}, 33818], [0.06255885577973451, {"__complex__": [1206.024658203125, 6.962291664415823e-14]}, 40130], [0.06756290621144688, {"__complex__": [3126.635498046875, -9.941955197740205e-15]}, 46838], [0.07256050504780319, {"__complex__": [4652.6572265625, 3.78491454757629e-14]}, 53826], [0.0775516441986681, {"__complex__": [3581.768798828125, -7.561400439701042e-15]}, 61584], [0.08254999402587553, {"__complex__": [1939.01025390625, 1.6663133893874056e-15]}, 69864], [0.08754547074829418, {"__complex__": [2356.368408203125, -1.781776325603373e-14]}, 78404], [0.09254370656486871, {"__complex__": [1153.7496337890625, -1.9865643282939924e-14]}, 87902], [0.09754153604884025, {"__complex__": [-1784.86083984375, -7.178007916785328e-15]}, 97310], [0.10253422913940137, {"__complex__": [-1940.2723388671875, -5.673998851465174e-15]}, 107716], [0.1075359850070505, {"__complex__": [1392.7401123046875, 1.275472545777482e-14]}, 118654], [0.11253957840084304, {"__complex__": [571.1145629882812, 4.48061413207859e-15]}, 129910], [0.11753653834673844, {"__complex__": [-961.5963745117188, 3.2937788831984135e-15]}, 141376], [0.12253336603812491, {"__complex__": [935.4345092773438, 6.049198871715044e-15]}, 153958], [0.12753369323485178, {"__complex__": [1337.1085205078125, -9.77587575370616e-15]}, 166718], [0.1325298054599073, {"__complex__": [528.305419921875, 1.2948991617194646e-14]}, 179806], [0.13753126919241337, {"__complex__": [1251.1297607421875, -5.992079628433424e-15]}, 194282], [0.14252978867508304, {"__complex__": [436.58941650390625, 4.482382736872457e-15]}, 207774], [0.14752584639061916, {"__complex__": [891.5162963867188, -1.6684538204692935e-14]}, 223278], [0.1525273402624495, {"__complex__": [-1034.194091796875, 1.952490988034678e-15]}, 238496], [0.15752777994300757, {"__complex__": [389.9664001464844, 9.150565538856934e-15]}, 254444], [0.16252677921627748, {"__complex__": [1682.1717529296875, 3.4406520669117042e-15]}, 270682], [0.16752582095517576, {"__complex__": [625.1815795898438, 6.474036716739911e-15]}, 287710], [0.1725259295419247, {"__complex__": [2034.970947265625, 9.154487301402722e-15]}, 305202], [0.17752572093623975, {"__complex__": [-2150.683837890625, 4.32492015901083e-15]}, 323008], [0.18252702152554795, {"__complex__": [-1856.7562255859375, 5.449326326821286e-15]}, 341812], [0.18752508561671835, {"__complex__": [-495.0581359863281, 6.467158385691733e-15]}, 360020], [0.19252006361125312, {"__complex__": [-652.0973510742188, -1.2263021984860751e-14]}, 379728], [0.19751626124600596, {"__complex__": [-384.5319519042969, 8.447291023410634e-15]}, 399660], [0.20251335405021748, {"__complex__": [-1300.715087890625, 2.2157464987007094e-15]}, 420320], [0.20751594275294782, {"__complex__": [-854.3623657226562, -5.26682757262119e-15]}, 442070], [0.21251689533718626, {"__complex__": [267.718994140625, -8.052174717471973e-15]}, 462644], [0.21751895130525958, {"__complex__": [-1433.882568359375, 1.9170115307312737e-15]}, 485820], [0.22252064263763735, {"__complex__": [-1094.130126953125, -3.671654892286897e-15]}, 507304], [0.22751949683857262, {"__complex__": [-45.61177062988281, 2.19330414900497e-15]}, 530776], [0.23252062744923513, {"__complex__": [-863.1392822265625, -1.6794991512773133e-15]}, 554524], [0.23751988845699762, {"__complex__": [-1264.4420166015625, -6.042234143306246e-15]}, 578008], [0.24251952417933192, {"__complex__": [-285.4169616699219, -1.7367586843908224e-15]}, 603272], [0.24751886354741093, {"__complex__": [777.5794677734375, -4.450779090577452e-15]}, 627748], [0.2525158523431189, {"__complex__": [152.64500427246094, 1.781947256852129e-15]}, 653304], [0.2575140585584922, {"__complex__": [-559.1165771484375, 0.0]}, 679896], [0.2625126084722789, {"__complex__": [-677.76708984375, -6.594909588862521e-16]}, 706092], [0.26751303339828036, {"__complex__": [-226.85794067382812, -1.2683859928550446e-15]}, 734258], [0.2725141980302592, {"__complex__": [-364.5125732421875, 2.447017410003708e-15]}, 761190], [0.27751499291909654, {"__complex__": [-160.18019104003906, 1.768410082168229e-15]}, 789966], [0.2825156597003922, {"__complex__": [405.78289794921875, 5.690955604036258e-15]}, 818248], [0.2875141801620819, {"__complex__": [-108.9002914428711, -1.649284850774042e-15]}, 847024], [0.29251195304227423, {"__complex__": [1184.9188232421875, 1.3274206687979823e-16]}, 877004], [0.2975142527009851, {"__complex__": [489.66534423828125, -2.0500122205926704e-15]}, 908602], [0.30251615798691667, {"__complex__": [-498.00494384765625, -5.958545170535153e-15]}, 937802], [0.30751506635382575, {"__complex__": [-179.34698486328125, 3.841669651393886e-15]}, 969706], [0.31251223811931306, {"__complex__": [-261.7066650390625, -1.3970453212244077e-15]}, 999956], [0.3175098816792195, {"__complex__": [492.0802917480469, 3.1522629711182694e-15]}, 1034060], [0.3225110492752749, {"__complex__": [378.2645568847656, 3.9300511866927675e-15]}, 1066386], [0.3275123331358606, {"__complex__": [507.3353576660156, -2.010302045475968e-15]}, 1100278], [0.3325123291547583, {"__complex__": [-445.8288269042969, 1.2329192410458494e-15]}, 1133070], [0.3375117534479973, {"__complex__": [67.74385070800781, 1.5946185090285519e-15]}, 1168082], [0.3425129583700723, {"__complex__": [-633.8179931640625, -1.548001415501701e-15]}, 1203258], [0.3475132726509487, {"__complex__": [236.2255096435547, 4.514066004264504e-15]}, 1237894], [0.35251300538197095, {"__complex__": [118.62022399902344, 1.918747101240198e-15]}, 1274124], [0.3575125695577228, {"__complex__": [-193.8770751953125, -1.9547053439170374e-15]}, 1310242], [0.36251151779301266, {"__complex__": [-391.3163757324219, 3.4572458658648896e-15]}, 1346914], [0.3675115630015573, {"__complex__": [-694.0169067382812, 2.0168508807076645e-15]}, 1385312], [0.3725118957087531, {"__complex__": [-462.6005554199219,