{"poles": {"dims": ["k"], "edges": [{"__dtype__": "<f8", "__shape__": [94], "__data__": [0.0, 0.005, 0.01, 0.015, 0.02, 0.025, 0.03, 0.035, 0.04, 0.045, 0.05, 0.055, 0.06, 0.065, 0.07, 0.075, 0.08, 0.085, 0.09, 0.095, 0.1, 0.105, 0.11, 0.115, 0.12, 0.125, 0.13, 0.135, 0.14, 0.145, 0.15, 0.155, 0.16, 0.165, 0.17, 0.17500000000000002, 0.18, 0.185, 0.19, 0.195, 0.2, 0.20500000000000002, 0.21, 0.215, 0.22, 0.225, 0.23, 0.23500000000000001, 0.24, 0.245, 0.25, 0.255, 0.26, 0.265, 0.27, 0.275, 0.28, 0.28500000000000003, 0.29, 0.295, 0.3, 0.305, 0.31, 0.315, 0.32, 0.325, 0.33, 0.335, 0.34, 0.34500000000000003, 0.35000000000000003, 0.355, 0.36, 0.365, 0.37, 0.375, 0.38, 0.385, 0.39, 0.395, 0.4, 0.405, 0.41000000000000003, 0.41500000000000004, 0.42, 0.425, 0.43, 0.435, 0.44, 0.445, 0.45, 0.455, 0.46, 0.465]}], "coords": [{"__dtype__": "<f8", "__shape__": [93], "__data__": [0.0025, 0.0075, 0.0125, 0.0175, 0.0225, 0.0275, 0.0325, 0.037500000000000006, 0.042499999999999996, 0.0475, 0.052500000000000005, 0.057499999999999996, 0.0625, 0.0675, 0.07250000000000001, 0.0775, 0.0825, 0.0875, 0.0925, 0.0975, 0.10250000000000001, 0.1075, 0.1125, 0.1175, 0.1225, 0.1275, 0.1325, 0.1375, 0.14250000000000002, 0.1475, 0.1525, 0.1575, 0.1625, 0.1675, 0.17250000000000001, 0.1775, 0.1825, 0.1875, 0.1925, 0.1975, 0.2025, 0.20750000000000002, 0.2125, 0.2175, 0.2225, 0.2275, 0.2325, 0.2375, 0.2425, 0.2475, 0.2525, 0.2575, 0.2625, 0.2675, 0.2725, 0.2775, 0.28250000000000003, 0.2875, 0.2925, 0.2975, 0.3025, 0.3075, 0.3125, 0.3175, 0.3225, 0.3275, 0.3325, 0.3375, 0.3425, 0.34750000000000003, 0.35250000000000004, 0.3575, 0.3625, 0.3675, 0.3725, 0.3775, 0.3825, 0.3875, 0.3925, 0.3975, 0.4025, 0.40750000000000003, 0.41250000000000003, 0.4175, 0.4225, 0.4275, 0.4325, 0.4375, 0.4425, 0.4475, 0.4525, 0.4575, 0.4625]}], "data": {"__dtype__": [["k", "<f8"], ["power_2", "<c8"], ["modes", "<i8"]], "__shape__": [93], "__data__": [[0.0037081367915242675, {"__complex__": [51038.34375, 3.657025637177069e-12]}, 191], [0.008018577791264523, {"__complex__": [20509.564453125, 5.06153550062366e-13]}, 1380], [0.012844085612331841, {"__complex__": [22919.373046875, 0.0]}, 3770], [0.01775141230162106, {"__complex__": [16455.3125, 6.417603400738978e-14]}, 7256], [0.022691010615224643, {"__complex__": [-4566.9150390625, -1.938639814002066e-13]}, 12010], [0.027661296094027222, {"__complex__": [-5352.56103515625, 7.79392894082083e-14]}, 17924], [0.03263163473973046, {"__complex__": [6757.38720703125, 3.738749896698215e-14]}, 24910], [0.03760885918999335, {"__complex__": [-1743.03759765625, 1.4009064362111717e-14]}, 33240], [0.04258994605322728, {"__complex__": [5115.89013671875, -7.384329557330246e-14]}, 42566], [0.047583805693835864, {"__complex__": [7040.0302734375, -6.095270772485395e-14]}, 53478], [0.052589415944125126, {"__complex__": [9918.486328125, -2.8542787708016326e-14]}, 65258], [0.057576993125266096, {"__complex__": [8156.8046875, -1.1972573540214304e-14]}, 77788], [0.0625679362273907, {"__complex__": [5029.50341796875, 5.037552609755101e-14]}, 92438], [0.06756372941029527, {"__complex__": [5489.47119140625, 5.202338126258921e-14]}, 107412], [0.07255867544245412, {"__complex__": [5095.32080078125, -6.2076554427402744e-15]}, 124242], [0.07755343255815964, {"__complex__": [4416.474609375, 0.0]}, 141568], [0.08254944316463679, {"__complex__": [4619.15380859375, 4.6309690023699224e-14]}, 160886], [0.0875469705282893, {"__complex__": [3683.077880859375, 3.0950546623222455e-14]}, 180544], [0.09254207143002044, {"__complex__": [1998.392333984375, -3.2272914131685135e-14]}, 202004], [0.09754200795670145, {"__complex__": [293.36895751953125, 1.2443184198675846e-14]}, 224538], [0.10254171329034444, {"__complex__": [1751.9105224609375, 2.15898567741072e-14]}, 248038], [0.10754099109209159, {"__complex__": [383.9259338378906, 3.199676487373776e-15]}, 272876], [0.11253870054955198, {"__complex__": [4074.21337890625, -1.871415789532222e-14]}, 298594], [0.11753608765430268, {"__complex__": [4482.416015625, 1.4287769753735667e-15]}, 325916], [0.12253572907412832, {"__complex__": [477.03485107421875, -2.628374787307379e-15]}, 354334], [0.1275331697481456, {"__complex__": [1978.603515625, -2.428962690974746e-14]}, 383424], [0.13252928315027618, {"__complex__": [4220.86962890625, -8.290689031023417e-15]}, 414230], [0.13752809598823948, {"__complex__": [2355.533447265625, 2.6080454460018603e-14]}, 446370], [0.1425292748907053, {"__complex__": [1505.7677001953125, 4.855108997399871e-15]}, 479558], [0.14752984329410787, {"__complex__": [2016.6162109375, -5.4406887083416604e-15]}, 513532], [0.15252898535896237, {"__complex__": [-680.21484375, -1.0179686852848386e-14]}, 548930], [0.15752847498756622, {"__complex__": [-843.0155029296875, 7.157314901883906e-15]}, 585548], [0.16252705956276423, {"__complex__": [471.9957275390625, -2.2420115080874076e-15]}, 623094], [0.16752723347134682, {"__complex__": [-260.10711669921875, -2.4596517534449533e-15]}, 662620], [0.17252557298757182, {"__complex__": [458.54296875, 1.3272867581829773e-15]}, 701674], [0.1775232051718564, {"__complex__": [905.0775756835938, 2.8173933658607285e-15]}, 743764], [0.1825215844754662, {"__complex__": [970.2138671875, -1.4818273635441528e-16]}, 785620], [0.18752064712987349, {"__complex__": [1811.4510498046875, -4.487760972571048e-15]}, 830100], [0.19252067437217257, {"__complex__": [1004.6539306640625, 6.390462516933171e-15]}, 874418], [0.19751987908784707, {"__complex__": [-27.08970832824707, 1.7196473059552173e-14]}, 920682], [0.20251936794243589, {"__complex__": [294.3990173339844, -1.924780940439964e-15]}, 967718], [0.20751955964231095, {"__complex__": [-51.33204650878906, 5.496863509887092e-15]}, 1016568], [0.2125192859071403, {"__complex__": [-47.18613052368164, -3.933400354966211e-15]}, 1065478], [0.21751870204394746, {"__complex__": [-371.0823669433594, 1.876489474534628e-15]}, 1116700], [0.22251763655620238, {"__complex__": [558.818359375, -3.189662863871336e-15]}, 1167926], [0.2275173612096972, {"__complex__": [421.4609069824219, -6.8589771923667324e-15]}, 1222034], [0.23251753944930767, {"__complex__": [667.632080078125, -6.5710833990892045e-15]}, 1275574], [0.237518608068736, {"__complex__": [-865.6961059570312, 5.068268226708205e-15]}, 1332228], [0.24251933382685822, {"__complex__": [581.5247802734375, 2.013563122322897e-15]}, 1387574], [0.2475188275283454, {"__complex__": [1558.525634765625, -1.851690890937864e-15]}, 1446004], [0.2525176353551358, {"__complex__": [670.0435791015625, 4.489414804400562e-15]}, 1504002], [0.25751592740199597, {"__complex__": [164.42227172851562, -3.571049401009715e-15]}, 1564788], [0.2625152321376914, {"__complex__": [-598.8635864257812, -1.7181868517475614e-15]}, 1626114], [0.2675142035428968, {"__complex__": [346.3797912597656, 5.515732439336602e-16]}, 1688484], [0.27251407722071946, {"__complex__": [148.33047485351562, -1.0625956325504681e-15]}, 1752920], [0.277514999580621, {"__complex__": [-1133.5660400390625, 0.0]}, 1817892], [0.28251513318998955, {"__complex__": [-453.4381103515625, 9.890084805874483e-16]}, 1883346], [0.2875150555774266, {"__complex__": [-1933.53369140625, 3.341324324835455e-15]}, 1951100], [0.2925143032383768, {"__complex__": [-1237.8197021484375, 9.22784056639318e-16]}, 2018506], [0.2975129983065177, {"__complex__": [-813.1485595703125, 0.0]}, 2088638], [0.30251265006104155, {"__complex__": [173.4136962890625, -7.761912620073922e-15]}, 2159752], [0.3075131135075962, {"__complex__": [-807.2557373046875, 5.841498346235291e-15]}, 2232050], [0.31251255553945134, {"__complex__": [-428.5387268066406, 1.6168458182348072e-15]}, 2304048], [0.3175120364779517, {"__complex__": [-754.8333129882812, -2.7396996922903014e-15]}, 2379552], [0.3225126598898453, {"__complex__": [537.9976196289062, 9.484028857663796e-16]}, 2454976], [0.3275133985704822, {"__complex__": [-136.51148986816406, -1.1034688897828692e-15]}, 2531986], [0.33251410375899365, {"__complex__": [-738.0307006835938, 