{"poles": {"dims": ["k"], "edges": [{"__dtype__": "<f8", "__shape__": [94], "__data__": [0.0, 0.005, 0.01, 0.015, 0.02, 0.025, 0.03, 0.035, 0.04, 0.045, 0.05, 0.055, 0.06, 0.065, 0.07, 0.075, 0.08, 0.085, 0.09, 0.095, 0.1, 0.105, 0.11, 0.115, 0.12, 0.125, 0.13, 0.135, 0.14, 0.145, 0.15, 0.155, 0.16, 0.165, 0.17, 0.17500000000000002, 0.18, 0.185, 0.19, 0.195, 0.2, 0.20500000000000002, 0.21, 0.215, 0.22, 0.225, 0.23, 0.23500000000000001, 0.24, 0.245, 0.25, 0.255, 0.26, 0.265, 0.27, 0.275, 0.28, 0.28500000000000003, 0.29, 0.295, 0.3, 0.305, 0.31, 0.315, 0.32, 0.325, 0.33, 0.335, 0.34, 0.34500000000000003, 0.35000000000000003, 0.355, 0.36, 0.365, 0.37, 0.375, 0.38, 0.385, 0.39, 0.395, 0.4, 0.405, 0.41000000000000003, 0.41500000000000004, 0.42, 0.425, 0.43, 0.435, 0.44, 0.445, 0.45, 0.455, 0.46, 0.465]}], "coords": [{"__dtype__": "<f8", "__shape__": [93], "__data__": [0.0025, 0.0075, 0.0125, 0.0175, 0.0225, 0.0275, 0.0325, 0.037500000000000006, 0.042499999999999996, 0.0475, 0.052500000000000005, 0.057499999999999996, 0.0625, 0.0675, 0.07250000000000001, 0.0775, 0.0825, 0.0875, 0.0925, 0.0975, 0.10250000000000001, 0.1075, 0.1125, 0.1175, 0.1225, 0.1275, 0.1325, 0.1375, 0.14250000000000002, 0.1475, 0.1525, 0.1575, 0.1625, 0.1675, 0.17250000000000001, 0.1775, 0.1825, 0.1875, 0.1925, 0.1975, 0.2025, 0.20750000000000002, 0.2125, 0.2175, 0.2225, 0.2275, 0.2325, 0.2375, 0.2425, 0.2475, 0.2525, 0.2575, 0.2625, 0.2675, 0.2725, 0.2775, 0.28250000000000003, 0.2875, 0.2925, 0.2975, 0.3025, 0.3075, 0.3125, 0.3175, 0.3225, 0.3275, 0.3325, 0.3375, 0.3425, 0.34750000000000003, 0.35250000000000004, 0.3575, 0.3625, 0.3675, 0.3725, 0.3775, 0.3825, 0.3875, 0.3925, 0.3975, 0.4025, 0.40750000000000003, 0.41250000000000003, 0.4175, 0.4225, 0.4275, 0.4325, 0.4375, 0.4425, 0.4475, 0.4525, 0.4575, 0.4625]}], "data": {"__dtype__": [["k", "<f8"], ["power_0", "<c8"], ["modes", "<i8"]], "__shape__": [93], "__data__": [[0.0037081367915242675, {"__complex__": [103854.2421875, 1.3332907098251995e-13]}, 191], [0.008018577791264523, {"__complex__": [142013.34375, -2.161697605857285e-13]}, 1380], [0.012844085612331841, {"__complex__": [118162.1640625, -1.5439697927826547e-14]}, 3770], [0.01775141230162106, {"__complex__": [111964.453125, -7.796385336367867e-14]}, 7256], [0.022691010615224643, {"__complex__": [110334.515625, 7.269899133101158e-15]}, 12010], [0.027661296094027222, {"__complex__": [104311.515625, 1.2989882132723347e-14]}, 17924], [0.03263163473973046, {"__complex__": [101690.0390625, -6.542811811002108e-14]}, 24910], [0.03760885918999335, {"__complex__": [103806.4453125, 9.631231325435332e-15]}, 33240], [0.04258994605322728, {"__complex__": [99039.703125, -1.470028559871859e-14]}, 42566], [0.047583805693835864, {"__complex__": [98841.3515625, 1.1972853908119845e-14]}, 53478], [0.052589415944125126, {"__complex__": [95202.8046875, 3.567848463502041e-15]}, 65258], [0.057576993125266096, {"__complex__": [93668.7734375, 4.489715077580364e-15]}, 77788], [0.0625679362273907, {"__complex__": [94214.28125, 1.259388173614599e-15]}, 92438], [0.06756372941029527, {"__complex__": [94118.859375, 1.083820478263648e-15]}, 107412], [0.07255867544245412, {"__complex__": [91281.140625, 7.496036601227322e-15]}, 124242], [0.07755343255815964, {"__complex__": [90179.0390625, 2.4669838823946234e-15]}, 141568], [0.08254944316463679, {"__complex__": [88235.8046875, -2.170766719860901e-15]}, 160886], [0.0875469705282893, {"__complex__": [87860.046875, 7.737636655805614e-15]}, 180544], [0.09254207143002044, {"__complex__": [85838.421875, 1.728906159574183e-15]}, 202004], [0.09754200795670145, {"__complex__": [84412.21875, 5.184660082781603e-16]}, 224538], [0.10254171329034444, {"__complex__": [84553.8671875, 0.0]}, 248038], [0.10754099109209159, {"__complex__": [84442.3828125, -1.2798705949495105e-15]}, 272876], [0.11253870054955198, {"__complex__": [84578.5703125, 5.458296405732709e-15]}, 298594], [0.11753608765430268, {"__complex__": [84800.0546875, 3.5719425972525944e-15]}, 325916], [0.12253572907412832, {"__complex__": [83940.03125, 5.913843430260281e-15]}, 354334], [0.1275331697481456, {"__complex__": [81772.3125, 6.072406727436865e-16]}, 383424], [0.13252928315027618, {"__complex__": [81321.8125, -1.1241611635304629e-15]}, 414230], [0.13752809598823948, {"__complex__": [82691.3671875, 1.1736203702327071e-15]}, 446370], [0.1425292748907053, {"__complex__": [82732.8671875, 9.710218418316216e-16]}, 479558], [0.14752984329410787, {"__complex__": [82334.4375, -9.067814866833162e-16]}, 513532], [0.15252898535896237, {"__complex__": [80994.171875, -1.6966145107677705e-15]}, 548930], [0.15752847498756622, {"__complex__": [81073.7734375, 3.976286321299966e-16]}, 585548], [0.16252705956276423, {"__complex__": [80927.7890625, -2.0551772157467903e-15]}, 623094], [0.16752723347134682, {"__complex__": [80376.8203125, 1.4055153330595955e-15]}, 662620], [0.17252557298757182, {"__complex__": [80260.5234375, -4.977324946139471e-16]}, 701674], [0.1775232051718564, {"__complex__": [80411.671875, 6.260874205178907e-16]}, 743764], [0.1825215844754662, {"__complex__": [80850.8671875, 1.4818273900139324e-15]}, 785620], [0.18752064712987349, {"__complex__": [80817.1171875, 1.6829103647141431e-15]}, 830100], [0.19252067437217257, {"__complex__": [80088.34375, 2.7625437473612763e-15]}, 874418], [0.19751987908784707, {"__complex__": [79920.421875, 1.138001893646835e-15]}, 920682], [0.20251936794243589, {"__complex__": [80041.765625, 4.81195235109991e-16]}, 967718], [0.20751955964231095, {"__complex__": [80296.90625, -1.0306618551642706e-15]}, 1016568], [0.2125192859071403, {"__complex__": [79801.625, 2.185222448836539e-16]}, 1065478], [0.21751870204394746, {"__complex__": [79547.609375, -1.459491766469547e-15]}, 1116700], [0.22251763655620238, {"__complex__": [79808.8671875, 9.967696317249026e-16]}, 1167926], [0.2275173612096972, {"__complex__": [79252.9296875, -1.7147442980916831e-15]}, 1222034], [0.23251753944930767, {"__complex__": [79233.296875, 1.0951805665148674e-15]}, 1275574], [0.237518608068736, {"__complex__": [78867.5078125, 2.6215180555993556e-15]}, 1332228], [0.24251933382685822, {"__complex__": [79626.078125, 0.0]}, 1387574], [0.2475188275283454, {"__complex__": [79078.0546875, 1.932199254992017e-15]}, 1446004], [0.2525176353551358, {"__complex__": [78589.390625, 1.973794290174597e-15]}, 1504002], [0.25751592740199597, {"__complex__": [79581.2109375, 1.1903498003365716e-15]}, 1564788], [0.2625152321376914, {"__complex__": [79107.2578125, 7.875023070509656e-16]}, 1626114], [0.2675142035428968, {"__complex__": [79151.1953125, 4.136799329502452e-16]}, 1688484], [0.27251407722071946, {"__complex__": [79128.5625, 1.3282445406880851e-16]}, 1752920], [0.277514999580621, {"__complex__": [78853.703125, 7.684636004350899e-16]}, 1817892], [0.28251513318998955, {"__complex__": [79396.3203125, 8.653824337489071e-16]}, 1883346], [0.2875150555774266, {"__complex__": [79105.1484375, -2.3866603832812085e-16]}, 1951100], [0.2925143032383768, {"__complex__": [78799.171875, -6.92088016009709e-16]}, 2018506], [0.2975129983065177, {"__complex__": [78510.8671875, 4.458994780770227e-16]}, 2088638], [0.30251265006104155, {"__complex__": [78568.3046875, 4.3121737954623105e-16]}, 2159752], [0.3075131135075962, {"__complex__": [77953.4375, -4.1724985918556684e-16]}, 2232050], [0.31251255553945134, {"__complex__": [78443.1640625, 8.084229091174036e-16]}, 2304048], [0.3175120364779517, {"__complex__": [78115.4453125, -1.956928408356886e-16]}, 2379552], [0.3225126598898453, {"__complex__": [78040.234375, -6.164618969239704e-16]}, 2454976], [0.3275133985704822, {"__complex__": [78327.421875, 6.436901945299335e-16]}, 2531986], [0.33251410375899365, {"__complex__": [78327.1640625, -3.1228291585363337e-16]}, 2609516], [0.3375135412275565, {"__complex__": [78576.3984375, 1.7326068200509574e-16]}, 2687634], [0.34251245849241974, {"__complex__": [78172.8515625, 5.046564066225998e-16]}, 2768188], [0.3475114266102975, {"__complex__": 