{"poles": {"dims": ["k"], "edges": [{"__dtype__": "<f8", "__shape__": [86], "__data__": [0.0, 0.005, 0.01, 0.015, 0.02, 0.025, 0.03, 0.035, 0.04, 0.045, 0.05, 0.055, 0.06, 0.065, 0.07, 0.075, 0.08, 0.085, 0.09, 0.095, 0.1, 0.105, 0.11, 0.115, 0.12, 0.125, 0.13, 0.135, 0.14, 0.145, 0.15, 0.155, 0.16, 0.165, 0.17, 0.17500000000000002, 0.18, 0.185, 0.19, 0.195, 0.2, 0.20500000000000002, 0.21, 0.215, 0.22, 0.225, 0.23, 0.23500000000000001, 0.24, 0.245, 0.25, 0.255, 0.26, 0.265, 0.27, 0.275, 0.28, 0.28500000000000003, 0.29, 0.295, 0.3, 0.305, 0.31, 0.315, 0.32, 0.325, 0.33, 0.335, 0.34, 0.34500000000000003, 0.35000000000000003, 0.355, 0.36, 0.365, 0.37, 0.375, 0.38, 0.385, 0.39, 0.395, 0.4, 0.405, 0.41000000000000003, 0.41500000000000004, 0.42, 0.425]}], "coords": [{"__dtype__": "<f8", "__shape__": [85], "__data__": [0.0025, 0.0075, 0.0125, 0.0175, 0.0225, 0.0275, 0.0325, 0.037500000000000006, 0.042499999999999996, 0.0475, 0.052500000000000005, 0.057499999999999996, 0.0625, 0.0675, 0.07250000000000001, 0.0775, 0.0825, 0.0875, 0.0925, 0.0975, 0.10250000000000001, 0.1075, 0.1125, 0.1175, 0.1225, 0.1275, 0.1325, 0.1375, 0.14250000000000002, 0.1475, 0.1525, 0.1575, 0.1625, 0.1675, 0.17250000000000001, 0.1775, 0.1825, 0.1875, 0.1925, 0.1975, 0.2025, 0.20750000000000002, 0.2125, 0.2175, 0.2225, 0.2275, 0.2325, 0.2375, 0.2425, 0.2475, 0.2525, 0.2575, 0.2625, 0.2675, 0.2725, 0.2775, 0.28250000000000003, 0.2875, 0.2925, 0.2975, 0.3025, 0.3075, 0.3125, 0.3175, 0.3225, 0.3275, 0.3325, 0.3375, 0.3425, 0.34750000000000003, 0.35250000000000004, 0.3575, 0.3625, 0.3675, 0.3725, 0.3775, 0.3825, 0.3875, 0.3925, 0.3975, 0.4025, 0.40750000000000003, 0.41250000000000003, 0.4175, 0.4225]}], "data": {"__dtype__": [["k", "<f8"], ["power_2", "<c8"], ["modes", "<i8"]], "__shape__": [85], "__data__": [[0.003785962175218714, {"__complex__": [18370.50390625, -2.6102091408436445e-13]}, 223], [0.008055650047333739, {"__complex__": [6341.26953125, -2.303733375938477e-13]}, 1516], [0.012838659412058445, {"__complex__": [12190.4755859375, 1.761733120497766e-13]}, 4130], [0.017758445021159877, {"__complex__": [-801.7158813476562, 1.4447172841727807e-13]}, 8058], [0.022686221993372543, {"__complex__": [9322.2490234375, -8.874471761567606e-15]}, 13118], [0.02764503576190599, {"__complex__": [19354.4921875, 0.0]}, 19784], [0.032626124011193657, {"__complex__": [16245.599609375, -1.6944228341925736e-14]}, 27482], [0.03761517664423396, {"__complex__": [2121.184814453125, 2.372981775270941e-14]}, 36794], [0.042612076216348424, {"__complex__": [13166.4814453125, -9.895054983450734e-15]}, 47060], [0.04758810749327745, {"__complex__": [7139.11083984375, 0.0]}, 58466], [0.05257639262811682, {"__complex__": [9910.1171875, 6.473451840489832e-15]}, 71934], [0.057576644294676294, {"__complex__": [4079.586669921875, -2.9747458294392126e-14]}, 86096], [0.06257060468948772, {"__complex__": [6364.98681640625, 1.832121931109095e-14]}, 101666], [0.06756431050677218, {"__complex__": [2886.1494140625, 1.5719320444374137e-14]}, 118494], [0.07255460479533274, {"__complex__": [1762.8709716796875, 1.363676034750851e-14]}, 136590], [0.07755203808236072, {"__complex__": [1748.4720458984375, -5.9495742445907825e-15]}, 156536], [0.08254994891496988, {"__complex__": [4457.26904296875, 3.948602055270584e-15]}, 176896], [0.0875465852208996, {"__complex__": [4730.21923828125, -4.670624797971411e-15]}, 199400], [0.09254606261661012, {"__complex__": [4168.8837890625, 3.1381895186996392e-15]}, 222578], [0.09754095165434574, {"__complex__": [2212.999755859375, -2.8266438126776927e-15]}, 247110], [0.10253878096196406, {"__complex__": [1471.6402587890625, 4.256159294902147e-15]}, 273522], [0.1075376536617221, {"__complex__": [2077.313720703125, 0.0]}, 300528], [0.11253874421958751, {"__complex__": [1341.9638671875, 2.1177587627470166e-15]}, 329826], [0.11753930483919833, {"__complex__": [1757.5836181640625, 5.190103751775369e-15]}, 358884], [0.12253435939470513, {"__complex__": [1077.081787109375, -2.3867092994339124e-15]}, 390212], [0.1275324928771181, {"__complex__": [1228.06103515625, -2.201666481776738e-15]}, 423008], [0.13253098558293935, {"__complex__": [2019.0340576171875, -2.549903325733136e-15]}, 456548], [0.1375294182229233, {"__complex__": [-595.702392578125, 7.572035785386767e-15]}, 491980], [0.14252928720123362, {"__complex__": [-1136.3736572265625, 1.763000400371471e-15]}, 528260], [0.14752710781464048, {"__complex__": [295.8300476074219, 8.230866482090635e-15]}, 565750], [0.15252590457329984, {"__complex__": [137.9529571533203, -3.8477026435607044e-15]}, 605116], [0.15752627544450365, {"__complex__": [-227.3157501220703, 1.4429401074054875e-15]}, 645434], [0.1625268432433497, {"__complex__": [1629.90771484375, 0.0]}, 687270], [0.16752762298865234, {"__complex__": [1061.0399169921875, 6.37951588663933e-15]}, 729932], [0.17252411279445126, {"__complex__": [949.429443359375, 3.914699138040257e-15]}, 773188], [0.17752203527930777, {"__complex__": [845.4249267578125, 7.950081836339412e-15]}, 820024], [0.18252363779831107, {"__complex__": [-1407.962646484375, -2.1491182517949757e-15]}, 866702], [0.18752234050808908, {"__complex__": [-1004.9562377929688, 2.547163862363038e-16]}, 914078], [0.19252201016210274, {"__complex__": [-496.3002624511719, 4.828417612803349e-16]}, 964418], [0.19752271477956754, {"__complex__": [-1028.1578369140625, -1.1471637196416927e-15]}, 1014810], [0.20252178570627094, {"__complex__": [-118.33145141601562, -8.733070622451815e-16]}, 1066432], [0.20751974798690762, {"__complex__": [57.76148223876953, 1.6637623379085124e-15]}, 1119538], [0.2125197454352182, {"__complex__": [239.33055114746094, 1.7826462707918505e-15]}, 1175486], [0.2175192296548309, {"__complex__": [1412.1566162109375, 5.680385056370998e-16]}, 1229656], [0.22251681667262319, {"__complex__": [-143.61534118652344, -1.4464428004006208e-15]}, 1287742], [0.22751746426403283, {"__complex__": [-64.91046142578125, 3.4572560302602567e-16]}, 1346910], [0.23251730364615478, {"__complex__": [-653.077880859375, -1.9876894421578303e-15]}, 1405636], [0.23751678657474465, {"__complex__": [-192.70448303222656, 2.5379713843634013e-15]}, 1467822], [0.2425174971485461, {"__complex__": [-691.4521484375, -9.132225369724747e-16]}, 1529730], [0.24751707342858845, {"__complex__": [-2254.352783203125, 4.675777722906033e-15]}, 1593442], [0.2525171832510974, {"__complex__": [-1314.486328125, 3.368628855406671e-15]}, 1658816], [0.2575157181508458, {"__complex__": [-1666.6278076171875, 5.403394165311409e-16]}, 1723588], [0.2625146768272274, {"__complex__": [-367.2575988769531, -1.5581147771336805e-15]}, 1793172], [0.2675153728644548, {"__complex__": [-80.70071411132812, 5.003537968879031e-16]}, 1861328], [0.2725140790996068, {"__complex__": [-979.5593872070312, 4.82325653517661e-16]}, 1930900], [0.2775148647609448, {"__complex__": [-700.3021850585938, -4.645857660472814e-16]}, 2004630], [0.28251520974118804, {"__complex__": [-366.36553955078125, 2.6931054686530264e-15]}, 2074904], [0.28751406015515885, {"__complex__": [-815.7894287109375, -4.7637230362370785e-15]}, 2150534], [0.29251361364437867, {"__complex__": [17.27591323852539, 1.2558467288621288e-15]}, 2224768], [0.2975131524186939, {"__complex__": [-44.109737396240234, 8.088245086135205e-16]}, 2302904], [0.3025147259314174, {"__complex__": [-805.5992431640625, 0.0]}, 2381388], [0.3075149652713783, {"__complex__": [-132.45960998535156, -1.1362396416000724e-15]}, 2458960], [0.31251335064096714, {"__complex__": [485.8184814453125, -1.8335489275153345e-16]}, 2539672], [0.31751349612987984, {"__complex__": [-500.9317932128906, -2.4853181222961795e-15]}, 2623108], [0.32251268944270295, {"__complex__": [-610.432861328125, -5.166295349693945e-16]}, 2704034], [0.32751171630842707, {"__complex__": [-415.45318603515625, -1.6687306096606325e-15]}, 2790512], [0.33251237563902225, {"__complex__": [-466.0599365234375, -1.2142828221403603e-15]}, 2876150], [0.3375123279265873, {"__complex__": [-635.6970825195312, 