{"edges": {"__dtype__": "<f8", "__shape__": [128], "__data__": [0.0, 0.005, 0.01, 0.015, 0.02, 0.025, 0.03, 0.035, 0.04, 0.045, 0.05, 0.055, 0.06, 0.065, 0.07, 0.075, 0.08, 0.085, 0.09, 0.095, 0.1, 0.105, 0.11, 0.115, 0.12, 0.125, 0.13, 0.135, 0.14, 0.145, 0.15, 0.155, 0.16, 0.165, 0.17, 0.17500000000000002, 0.18, 0.185, 0.19, 0.195, 0.2, 0.20500000000000002, 0.21, 0.215, 0.22, 0.225, 0.23, 0.23500000000000001, 0.24, 0.245, 0.25, 0.255, 0.26, 0.265, 0.27, 0.275, 0.28, 0.28500000000000003, 0.29, 0.295, 0.3, 0.305, 0.31, 0.315, 0.32, 0.325, 0.33, 0.335, 0.34, 0.34500000000000003, 0.35000000000000003, 0.355, 0.36, 0.365, 0.37, 0.375, 0.38, 0.385, 0.39, 0.395, 0.4, 0.405, 0.41000000000000003, 0.41500000000000004, 0.42, 0.425, 0.43, 0.435, 0.44, 0.445, 0.45, 0.455, 0.46, 0.465, 0.47000000000000003, 0.47500000000000003, 0.48, 0.485, 0.49, 0.495, 0.5, 0.505, 0.51, 0.515, 0.52, 0.525, 0.53, 0.535, 0.54, 0.545, 0.55, 0.555, 0.56, 0.5650000000000001, 0.5700000000000001, 0.5750000000000001, 0.58, 0.585, 0.59, 0.595, 0.6, 0.605, 0.61, 0.615, 0.62, 0.625, 0.63, 0.635]}, "poles": {"__dtype__": [["k", "<f8"], ["power_0", "<c8"], ["modes", "<i8"]], "__shape__": [127], "__data__": [[0.0037537781648676505, {"__complex__": [127204.296875, -1.32290142382252e-12]}, 77], [0.008050398333474014, {"__complex__": [142933.984375, 1.0621835849029468e-13]}, 548], [0.012848609532355457, {"__complex__": [102634.2890625, 9.832375392386863e-15]}, 1480], [0.017751579213119567, {"__complex__": [117230.2734375, -8.106916423973945e-14]}, 2872], [0.022691827324042853, {"__complex__": [110916.0859375, 1.4441300531711082e-13]}, 4736], [0.027648005536595924, {"__complex__": [111280.703125, 5.790984011766476e-14]}, 7036], [0.032612636555868525, {"__complex__": [103775.6953125, 5.3249535992639166e-14]}, 9838], [0.03761114292794433, {"__complex__": [104207.125, 0.0]}, 13208], [0.04261303922036164, {"__complex__": [100940.7578125, -7.337245028671453e-15]}, 16858], [0.04760505554480107, {"__complex__": [100821.8203125, 0.0]}, 21080], [0.05259133615803475, {"__complex__": [97213.5625, 0.0]}, 25624], [0.05756841184374016, {"__complex__": [94310.875, -8.524293094579628e-15]}, 30728], [0.06256248327880025, {"__complex__": [96142.25, -1.2758542188235147e-14]}, 36498], [0.06756661487904435, {"__complex__": [93878.5625, -2.2583389151786815e-14]}, 42528], [0.07257304507008182, {"__complex__": [93163.8671875, 0.0]}, 49152], [0.07756473030387098, {"__complex__": [91143.4453125, 1.6707135349659785e-14]}, 55744], [0.08254764044823601, {"__complex__": [89708.7265625, 3.675538114833584e-15]}, 63346], [0.08754405971893497, {"__complex__": [87828.9921875, -1.6715092377166292e-14]}, 71388], [0.09254365223263855, {"__complex__": [85818.890625, 1.824416985901647e-16]}, 79762], [0.09754150838846357, {"__complex__": [84223.7890625, 5.257907045137181e-15]}, 88564], [0.10254123052801507, {"__complex__": [84423.8671875, 3.5641706464450626e-15]}, 97988], [0.10754181638082774, {"__complex__": [84247.2578125, -1.6212629044723252e-14]}, 107708], [0.11254085353408888, {"__complex__": [84944.8359375, -7.155547144122986e-15]}, 117952], [0.11753281793039293, {"__complex__": [83629.296875, 3.629811888209008e-15]}, 128288], [0.12252442444514552, {"__complex__": [82822.0625, -2.811059041722924e-15]}, 139770], [0.12753052839909865, {"__complex__": [83730.3046875, 7.66162476615196e-15]}, 151946], [0.13253665927256145, {"__complex__": [82144.8046875, 3.558316801746588e-15]}, 163582], [0.13753197887556465, {"__complex__": [82883.578125, -4.300895763527856e-15]}, 175940], [0.1425260716253757, {"__complex__": [83634.0859375, 6.301770967575594e-15]}, 189064], [0.14752506711896965, {"__complex__": [82934.9296875, 2.008902535288867e-15]}, 202824], [0.1525272624752809, {"__complex__": [81363.75, 2.1478246207262816e-15]}, 216806], [0.15752484634575162, {"__complex__": [81380.6953125, -4.0338648152576755e-15]}, 230876], [0.16252366735405163, {"__complex__": [80456.3203125, -1.1819678799278983e-15]}, 246232], [0.1675242007800524, {"__complex__": [80941.2734375, -2.672834911434047e-15]}, 261330], [0.17252326579974073, {"__complex__": [81196.796875, -2.519085090738472e-15]}, 277280], [0.17752110470595878, {"__complex__": [81015.7578125, -1.1906653201094238e-15]}, 293320], [0.1825207522633753, {"__complex__": [80016.609375, 0.0]}, 310574], [0.18752231962759572, {"__complex__": [79744.703125, 0.0]}, 327560], [0.19252167162300435, {"__complex__": [79676.109375, 3.0345641432072586e-15]}, 345268], [0.19752225984779248, {"__complex__": [80545.4296875, -4.6432402227866796e-15]}, 363544], [0.20251992290984697, {"__complex__": [79773.3671875, 6.100472634748544e-16]}, 381660], [0.20751551078768798, {"__complex__": [79634.3359375, -1.1616730763908036e-15]}, 400854], [0.21251512379553542, {"__complex__": [79607.9296875, -1.382571963375555e-15]}, 421010], [0.21751870975885984, {"__complex__": [79815.3203125, 2.638845914480455e-16]}, 441160], [0.2225209082741387, {"__complex__": [79464.0625, 7.570973182554437e-16]}, 461296], [0.22752039891934017, {"__complex__": [79253.1484375, 4.828588078183984e-16]}, 482192], [0.23252118259031918, {"__complex__": [78561.7890625, -1.8483756039823105e-15]}, 503860], [0.23751936566507853, {"__complex__": [78886.6484375, -3.1042666961950518e-15]}, 525024], [0.24251707186595864, {"__complex__": [79188.7578125, 4.2490910167155465e-16]}, 547954], [0.24751627666670906, {"__complex__": [78863.734375, 1.4282987193957233e-15]}, 570544], [0.2525167544702008, {"__complex__": [78375.1015625, -3.2317241906913794e-15]}, 594374], [0.25751857595461863, {"__complex__": [78630.015625, -1.8840479730394518e-16]}, 617900], [0.2625190906945416, {"__complex__": [78918.0234375, -1.8130234133792314e-15]}, 642106], [0.2675172479110602, {"__complex__": [78730.8359375, -1.747683874163186e-16]}, 666112], [0.272514629608296, {"__complex__": [78945.4921875, 6.731290893095528e-16]}, 691786], [0.27751615229387816, {"__complex__": [78771.1484375, -1.134974597893348e-15]}, 717996], [0.28251644607381426, {"__complex__": [79130.875, 7.832537486062157e-16]}, 743152], [0.2875152531419474, {"__complex__": [79045.1640625, 1.738236968642018e-15]}, 770192], [0.2925134012698469, {"__complex__": [78969.28125, -1.4617144338627014e-16]}, 796430], [0.2975118362281548, {"__complex__": [78891.59375, 3.175656115297302e-15]}, 824820], [0.3025125080826814, {"__complex__": [78606.0546875, 2.457857314146195e-15]}, 852562], [0.30751063191170563, {"__complex__": [78847.0625, 3.173621753916234e-15]}, 880372], [0.3125111278203564, {"__complex__": [78267.8359375, -3.036136659873836e-16]}, 910652], [0.31751269361539736, {"__complex__": [78341.6484375, 1.1468011895402678e-15]}, 938996], [0.3225130904459611, {"__complex__": [77968.796875, -1.8915124508871303e-15]}, 969352], [0.32751158760760724, {"__complex__": [78237.6953125, -1.0494758333513278e-15]}, 998344], [0.3325089848249692, {"__complex__": [78320.6328125, -5.086491611172789e-16]}, 1029922], [0.33751027924368393, {"__complex__": [78118.28125, -1.0414603605714604e-15]}, 1061918], [0.34251253316973607, {"__complex__": [78604.03125, -1.0648340362275958e-16]}, 1093272], [0.34751415893089227, {"__complex__": [78306.046875, 9.826574275489356e-16]}, 1125464], [0.352514235068077, {"__complex__": [78624.1171875, 6.538039267388275e-16]}, 1157380], [0.357512374484406, {"__complex__": [78643.796875, 8.803247831527426e-16]}, 1190172], [0.3625118834929162, {"__complex__": [78899.8125, -1.9012015813614334e-16]}, 1224650], [0.3675116774700016, {"__complex__": [78238.2578125, 5.553000300829016e-16]}, 1257864], [0.3725098709245497, {"__complex__": [78420.1015625, 6.305808773635155e-16]}, 1292312], [0.37751067052804127, {"__complex__": [78417.4609375, 1.5772842974003478e-15]}, 1328534], [0.3825116981355865, {"__complex__": [78390.953125, 1.622991783420966e-15]}, 1362848], [0.3875116125361288, {"__complex__": [78702.7109375, -6.656088661060331e-16]}, 1399204], [0.3925104655048909, {"__complex__": [78435.328125, -1.6231624870296173e-16]}, 