{"poles": {"dims": ["k"], "edges": [{"__dtype__": "<f8", "__shape__": [94], "__data__": [0.0, 0.005, 0.01, 0.015, 0.02, 0.025, 0.03, 0.035, 0.04, 0.045, 0.05, 0.055, 0.06, 0.065, 0.07, 0.075, 0.08, 0.085, 0.09, 0.095, 0.1, 0.105, 0.11, 0.115, 0.12, 0.125, 0.13, 0.135, 0.14, 0.145, 0.15, 0.155, 0.16, 0.165, 0.17, 0.17500000000000002, 0.18, 0.185, 0.19, 0.195, 0.2, 0.20500000000000002, 0.21, 0.215, 0.22, 0.225, 0.23, 0.23500000000000001, 0.24, 0.245, 0.25, 0.255, 0.26, 0.265, 0.27, 0.275, 0.28, 0.28500000000000003, 0.29, 0.295, 0.3, 0.305, 0.31, 0.315, 0.32, 0.325, 0.33, 0.335, 0.34, 0.34500000000000003, 0.35000000000000003, 0.355, 0.36, 0.365, 0.37, 0.375, 0.38, 0.385, 0.39, 0.395, 0.4, 0.405, 0.41000000000000003, 0.41500000000000004, 0.42, 0.425, 0.43, 0.435, 0.44, 0.445, 0.45, 0.455, 0.46, 0.465]}], "coords": [{"__dtype__": "<f8", "__shape__": [93], "__data__": [0.0025, 0.0075, 0.0125, 0.0175, 0.0225, 0.0275, 0.0325, 0.037500000000000006, 0.042499999999999996, 0.0475, 0.052500000000000005, 0.057499999999999996, 0.0625, 0.0675, 0.07250000000000001, 0.0775, 0.0825, 0.0875, 0.0925, 0.0975, 0.10250000000000001, 0.1075, 0.1125, 0.1175, 0.1225, 0.1275, 0.1325, 0.1375, 0.14250000000000002, 0.1475, 0.1525, 0.1575, 0.1625, 0.1675, 0.17250000000000001, 0.1775, 0.1825, 0.1875, 0.1925, 0.1975, 0.2025, 0.20750000000000002, 0.2125, 0.2175, 0.2225, 0.2275, 0.2325, 0.2375, 0.2425, 0.2475, 0.2525, 0.2575, 0.2625, 0.2675, 0.2725, 0.2775, 0.28250000000000003, 0.2875, 0.2925, 0.2975, 0.3025, 0.3075, 0.3125, 0.3175, 0.3225, 0.3275, 0.3325, 0.3375, 0.3425, 0.34750000000000003, 0.35250000000000004, 0.3575, 0.3625, 0.3675, 0.3725, 0.3775, 0.3825, 0.3875, 0.3925, 0.3975, 0.4025, 0.40750000000000003, 0.41250000000000003, 0.4175, 0.4225, 0.4275, 0.4325, 0.4375, 0.4425, 0.4475, 0.4525, 0.4575, 0.4625]}], "data": {"__dtype__": [["k", "<f8"], ["power_0", "<c8"], ["modes", "<i8"]], "__shape__": [93], "__data__": [[0.0037081367915242675, {"__complex__": [126904.2578125, 0.0]}, 191], [0.008018577791264523, {"__complex__": [95022.2890625, 1.5817298439448936e-14]}, 1380], [0.012844085612331841, {"__complex__": [106332.03125, -9.263818417882749e-14]}, 3770], [0.01775141230162106, {"__complex__": [106325.5859375, 3.208801700369489e-14]}, 7256], [0.022691010615224643, {"__complex__": [105252.8515625, 5.815919306480927e-14]}, 12010], [0.027661296094027222, {"__complex__": [112774.5, -4.5464588311564663e-14]}, 17924], [0.03263163473973046, {"__complex__": [110396.6015625, -1.5188671243578263e-14]}, 24910], [0.03760885918999335, {"__complex__": [102691.171875, -2.1013596543167576e-14]}, 33240], [0.04258994605322728, {"__complex__": [98921.859375, 2.0512025983450942e-14]}, 42566], [0.047583805693835864, {"__complex__": [96331.7734375, -4.353765018996628e-15]}, 53478], [0.052589415944125126, {"__complex__": [98132.5703125, -1.7839242317510204e-15]}, 65258], [0.057576993125266096, {"__complex__": [95852.265625, -1.1972573540214304e-14]}, 77788], [0.0625679362273907, {"__complex__": [94176.734375, -1.2593881524387753e-14]}, 92438], [0.06756372941029527, {"__complex__": [93330.234375, 2.167640956527296e-15]}, 107412], [0.07255867544245412, {"__complex__": [89350.3203125, -1.405506862730123e-15]}, 124242], [0.07755343255815964, {"__complex__": [86697.578125, 4.933967764789247e-15]}, 141568], [0.08254944316463679, {"__complex__": [87392.4453125, -7.235889066203004e-15]}, 160886], [0.0875469705282893, {"__complex__": [86356.3359375, 1.9344091639514035e-15]}, 180544], [0.09254207143002044, {"__complex__": [87156.546875, -6.0511716114491996e-15]}, 202004], [0.09754200795670145, {"__complex__": [86669.2890625, -1.0369320589079679e-14]}, 224538], [0.10254171329034444, {"__complex__": [85566.484375, -1.9947149451805942e-15]}, 248038], [0.10754099109209159, {"__complex__": [83428.0078125, 5.972729584269873e-15]}, 272876], [0.11253870054955198, {"__complex__": [83729.5078125, 5.848174342288194e-16]}, 298594], [0.11753608765430268, {"__complex__": [84597.0703125, -2.8575539507471335e-15]}, 325916], [0.12253572907412832, {"__complex__": [84180.6953125, 7.885124573680374e-15]}, 354334], [0.1275331697481456, {"__complex__": [83481.6640625, -6.072406727436865e-16]}, 383424], [0.13252928315027618, {"__complex__": [81295.9453125, 7.377307569494214e-16]}, 414230], [0.13752809598823948, {"__complex__": [81861.390625, 3.1296543912066313e-15]}, 446370], [0.1425292748907053, {"__complex__": [81867.8515625, 1.9420436836632433e-15]}, 479558], [0.14752984329410787, {"__complex__": [81950.3984375, 0.0]}, 513532], [0.15252898535896237, {"__complex__": [81349.796875, -5.513996868827678e-15]}, 548930], [0.15752847498756622, {"__complex__": [80721.6875, -1.764476990556772e-15]}, 585548], [0.16252705956276423, {"__complex__": [80090.71875, -3.73668558211455e-16]}, 623094], [0.16752723347134682, {"__complex__": [80035.1484375, -2.4596517534449533e-15]}, 662620], [0.17252557298757182, {"__complex__": [80597.984375, 6.636433790914887e-16]}, 701674], [0.1775232051718564, {"__complex__": [80668.6484375, -6.260874205178907e-16]}, 743764], [0.1825215844754662, {"__complex__": [81029.4765625, 5.927309454176611e-16]}, 785620], [0.18752064712987349, {"__complex__": [80860.6875, 7.362732779449927e-16]}, 830100], [0.19252067437217257, {"__complex__": [79908.671875, -2.66269280362142e-16]}, 874418], [0.19751987908784707, {"__complex__": [79781.1640625, 1.770225273774195e-15]}, 920682], [0.20251936794243589, {"__complex__": [79750.125, 1.3232868568478057e-15]}, 967718], [0.20751955964231095, {"__complex__": [79766.1875, 3.5500575952361483e-15]}, 1016568], [0.2125192859071403, {"__complex__": [79432.625, 1.3111334163623642e-15]}, 1065478], [0.21751870204394746, {"__complex__": [79614.2578125, 2.0849883285671686e-15]}, 1116700], [0.22251763655620238, {"__complex__": [79371.046875, 3.98707857983917e-16]}, 1167926], [0.2275173612096972, {"__complex__": [78848.75, 1.5242171538592739e-15]}, 1222034], [0.23251753944930767, {"__complex__": [78985.0625, 9.126504720957229e-16]}, 1275574], [0.237518608068736, {"__complex__": [78718.1640625, 2.2719822866183433e-15]}, 1332228], [0.24251933382685822, {"__complex__": [79006.65625, -5.033907805807242e-16]}, 1387574], [0.2475188275283454, {"__complex__": [78892.0625, -1.5497847374930265e-15]}, 1446004], [0.2525176353551358, {"__complex__": [78711.65625, -2.01249628432583e-15]}, 1504002], [0.25751592740199597, {"__complex__": [78767.484375, 1.9343185314260472e-15]}, 1564788], [0.2625152321376914, {"__complex__": [78333.421875, 2.8636447529126023e-16]}, 1626114], [0.2675142035428968, {"__complex__": [78167.25, -1.9649796418089952e-15]}, 1688484], [0.27251407722071946, {"__complex__": [78294.6875, 2.6564890813761703e-16]}, 1752920], [0.277514999580621, {"__complex__": [78536.7734375, -1.2807726850383363e-15]}, 1817892], [0.28251513318998955, {"__complex__": [78667.6953125, 1.7307648674978141e-15]}, 1883346], [0.2875150555774266, {"__complex__": [78222.6796875, 0.0]}, 1951100], [0.2925143032383768, {"__complex__": [78463.2734375, -4.61392028319659e-16]}, 2018506], [0.2975129983065177, {"__complex__": [78670.5, 4.458994780770227e-16]}, 2088638], [0.30251265006104155, {"__complex__": [79224.5234375, 6.468260693193466e-16]}, 2159752], [0.3075131135075962, {"__complex__": [78605.171875, -1.5646870381203246e-16]}, 2232050], [0.31251255553945134, {"__complex__": [78378.296875, 7.073700256253934e-16]}, 2304048], [0.3175120364779517, {"__complex__": [78256.7265625, -4.4030890180646667e-16]}, 2379552], [0.3225126598898453, {"__complex__": [78447.34375, 7.587223509647511e-16]}, 2454976], [0.3275133985704822, {"__complex__": [78082.2109375, -9.195573905058712e-16]}, 2531986], [0.33251410375899365, {"__complex__": [78028.6953125, 7.137895295139562e-16]}, 2609516], [0.3375135412275565, {"__complex__": [77879.90625, 1.0179064918906864e-15]}, 2687634], [0.34251245849241974, {"__complex__": [77894.6015625, 6.308205347480293e-16]}, 2768188], [0.3475114266102975, {"__complex__": [78347.2421875, 1.1848372040367222e-15]}, 