{"edges": {"__dtype__": "<f8", "__shape__": [128], "__data__": [0.0, 0.005, 0.01, 0.015, 0.02, 0.025, 0.03, 0.035, 0.04, 0.045, 0.05, 0.055, 0.06, 0.065, 0.07, 0.075, 0.08, 0.085, 0.09, 0.095, 0.1, 0.105, 0.11, 0.115, 0.12, 0.125, 0.13, 0.135, 0.14, 0.145, 0.15, 0.155, 0.16, 0.165, 0.17, 0.17500000000000002, 0.18, 0.185, 0.19, 0.195, 0.2, 0.20500000000000002, 0.21, 0.215, 0.22, 0.225, 0.23, 0.23500000000000001, 0.24, 0.245, 0.25, 0.255, 0.26, 0.265, 0.27, 0.275, 0.28, 0.28500000000000003, 0.29, 0.295, 0.3, 0.305, 0.31, 0.315, 0.32, 0.325, 0.33, 0.335, 0.34, 0.34500000000000003, 0.35000000000000003, 0.355, 0.36, 0.365, 0.37, 0.375, 0.38, 0.385, 0.39, 0.395, 0.4, 0.405, 0.41000000000000003, 0.41500000000000004, 0.42, 0.425, 0.43, 0.435, 0.44, 0.445, 0.45, 0.455, 0.46, 0.465, 0.47000000000000003, 0.47500000000000003, 0.48, 0.485, 0.49, 0.495, 0.5, 0.505, 0.51, 0.515, 0.52, 0.525, 0.53, 0.535, 0.54, 0.545, 0.55, 0.555, 0.56, 0.5650000000000001, 0.5700000000000001, 0.5750000000000001, 0.58, 0.585, 0.59, 0.595, 0.6, 0.605, 0.61, 0.615, 0.62, 0.625, 0.63, 0.635]}, "poles": {"__dtype__": [["k", "<f8"], ["power_2", "<c8"], ["modes", "<i8"]], "__shape__": [127], "__data__": [[0.0037537781648676505, {"__complex__": [-140193.734375, 4.535661776716715e-12]}, 77], [0.008050398333474014, {"__complex__": [-71332.984375, 0.0]}, 548], [0.012848609532355457, {"__complex__": [11718.45703125, 5.899424828856303e-13]}, 1480], [0.017751579213119567, {"__complex__": [-10042.9775390625, 8.917608405184518e-13]}, 2872], [0.022691827324042853, {"__complex__": [28201.359375, -2.2122844463463853e-13]}, 4736], [0.027648005536595924, {"__complex__": [10032.037109375, -1.9854801938841427e-13]}, 7036], [0.032612636555868525, {"__complex__": [5836.96337890625, 2.3666461043507503e-13]}, 9838], [0.03761114292794433, {"__complex__": [3650.39794921875, 8.373300831995487e-14]}, 13208], [0.04261303922036164, {"__complex__": [7295.40087890625, -6.905642778529814e-14]}, 16858], [0.04760505554480107, {"__complex__": [9574.6728515625, 0.0]}, 21080], [0.05259133615803475, {"__complex__": [5722.65087890625, -4.997535724008198e-14]}, 25624], [0.05756841184374016, {"__complex__": [3941.507080078125, -1.5154298646578683e-14]}, 30728], [0.06256248327880025, {"__complex__": [4142.38232421875, 1.2758542188235147e-14]}, 36498], [0.06756661487904435, {"__complex__": [7990.4560546875, 3.8323328072163015e-14]}, 42528], [0.07257304507008182, {"__complex__": [5737.9755859375, -1.4210854715202004e-14]}, 49152], [0.07756473030387098, {"__complex__": [6046.0205078125, -2.9237486861904624e-14]}, 55744], [0.08254764044823601, {"__complex__": [898.5963134765625, 2.572876807438451e-14]}, 63346], [0.08754405971893497, {"__complex__": [6963.16845703125, 2.6091852135356856e-14]}, 71388], [0.09254365223263855, {"__complex__": [2605.010009765625, -4.378600956746366e-14]}, 79762], [0.09754150838846357, {"__complex__": [3244.589599609375, -3.6805350162993217e-14]}, 88564], [0.10254123052801507, {"__complex__": [2717.951171875, 2.3761137642967084e-14]}, 97988], [0.10754181638082774, {"__complex__": [1380.2904052734375, 0.0]}, 107708], [0.11254085353408888, {"__complex__": [1457.4180908203125, -2.368732888600924e-14]}, 117952], [0.11753281793039293, {"__complex__": [1467.6343994140625, -3.629811888209008e-15]}, 128288], [0.12252442444514552, {"__complex__": [1990.1505126953125, 2.415428459730338e-14]}, 139770], [0.12753052839909865, {"__complex__": [3344.202392578125, 1.8387899438764704e-14]}, 151946], [0.13253665927256145, {"__complex__": [4001.91357421875, -3.415984265201996e-14]}, 163582], [0.13753197887556465, {"__complex__": [3911.6533203125, -2.646705003802436e-15]}, 175940], [0.1425260716253757, {"__complex__": [527.5903930664062, -4.9259645739871145e-15]}, 189064], [0.14752506711896965, {"__complex__": [-608.003662109375, -4.4482841550313144e-15]}, 202824], [0.1525272624752809, {"__complex__": [-322.5069885253906, -7.651625542209623e-15]}, 216806], [0.15752484634575162, {"__complex__": [-1197.3265380859375, -7.059263638459169e-15]}, 230876], [0.16252366735405163, {"__complex__": [273.9100646972656, -1.3238039916379282e-14]}, 246232], [0.1675242007800524, {"__complex__": [2511.197509765625, -8.909449140091525e-15]}, 261330], [0.17252326579974073, {"__complex__": [3132.542724609375, -6.717560383141417e-15]}, 277280], [0.17752110470595878, {"__complex__": [3468.893798828125, 7.937769153659887e-16]}, 293320], [0.1825207522633753, {"__complex__": [1553.59912109375, 9.370981299424395e-15]}, 310574], [0.18752231962759572, {"__complex__": [956.9066772460938, -5.686424401284921e-15]}, 327560], [0.19252167162300435, {"__complex__": [1487.22265625, 8.092170766208374e-15]}, 345268], [0.19752225984779248, {"__complex__": [180.50221252441406, 2.1775196053295913e-14]}, 363544], [0.20251992290984697, {"__complex__": [-755.2902221679688, 9.76075621559767e-15]}, 381660], [0.20751551078768798, {"__complex__": [-1480.9051513671875, 1.1616730763908036e-14]}, 400854], [0.21251512379553542, {"__complex__": [1315.7130126953125, -7.189374251904534e-15]}, 421010], [0.21751870975885984, {"__complex__": [492.9615478515625, -4.222153463168728e-15]}, 441160], [0.2225209082741387, {"__complex__": [446.1434020996094, 1.41324829917573e-14]}, 461296], [0.22752039891934017, {"__complex__": [-1408.1907958984375, 4.828588078183984e-16]}, 482192], [0.23252118259031918, {"__complex__": [-1779.5162353515625, -5.0830332815282684e-15]}, 503860], [0.23751936566507853, {"__complex__": [-909.7705688476562, 3.5477333368288825e-15]}, 525024], [0.24251707186595864, {"__complex__": [-1298.523193359375, -1.6996364066862186e-15]}, 547954], [0.24751627666670906, {"__complex__": [-943.424072265625, 4.080853544490134e-15]}, 570544], [0.2525167544702008, {"__complex__": [418.2773132324219, 3.917241507431441e-15]}, 594374], [0.25751857595461863, {"__complex__": [716.8699951171875, -5.6521437073601185e-15]}, 617900], [0.2625190906945416, {"__complex__": [-992.7393188476562, 0.0]}, 642106], [0.2675172479110602, {"__complex__": [885.12548828125, -5.942125436852628e-15]}, 666112], [0.272514629608296, {"__complex__": [1731.06982421875, 3.7022099117932014e-15]}, 691786], [0.27751615229387816, {"__complex__": [617.4398193359375, 3.891341781003246e-15]}, 717996], [0.28251644607381426, {"__complex__": [224.410400390625, -1.378526639898587e-14]}, 743152], [0.2875152531419474, {"__complex__": [-224.3733367919922, 4.232228920076318e-15]}, 770192], [0.2925134012698469, {"__complex__": [290.0360412597656, 3.5081146412704834e-15]}, 796430], [0.2975118362281548, {"__complex__": [346.02398681640625, -7.903855013243009e-15]}, 824820], [0.3025125080826814, {"__complex__": [-86.03898620605469, -6.554286312228678e-15]}, 852562], [0.30751063191170563, {"__complex__": [641.2021484375, -5.818306584139468e-15]}, 880372], [0.3125111278203564, {"__complex__": [123.29373931884766, -4.346469100705453e-15]}, 910652], [0.31751269361539736, {"__complex__": [888.53271484375, 0.0]}, 938996], [0.3225130904459611, {"__complex__": [293.0020446777344, -5.7646093539647555e-15]}, 969352], [0.32751158760760724, {"__complex__": [-975.7210693359375, -4.664336848887469e-15]}, 998344], [0.3325089848249692, {"__complex__": [30.6846866607666, -5.425590769573326e-15]}, 1029922], [0.33751027924368393, {"__complex__": [-1084.6871337890625, -8.770192900156419e-16]}, 1061918], [0.34251253316973607, {"__complex__": [-1345.1182861328125, -4.046369139141517e-15]}, 1093272], [0.34751415893089227, {"__complex__": [-922.2035522460938, 6.72344556805894e-15]}, 1125464], [0.352514235068077, {"__complex__": [-192.41551208496094, -4.023408617040295e-15]}, 1157380], [0.357512374484406, {"__complex__": [-735.0523681640625, -2.934415837963357e-15]}, 1190172], [0.3625118834929162, {"__complex__": [313.2692565917969, -4.943123767432592e-15]}, 1224650], [0.3675116774700016, {"__complex__": [-14.312541007995605, -1.851000135569378e-15]}, 1257864], [0.3725098709245497, {"__complex__": [-221.2000274658203, 7.206638900951945e-16]}, 1292312],