{"poles": {"dims": ["k"], "edges": [{"__dtype__": "<f8", "__shape__": [86], "__data__": [0.0, 0.005, 0.01, 0.015, 0.02, 0.025, 0.03, 0.035, 0.04, 0.045, 0.05, 0.055, 0.06, 0.065, 0.07, 0.075, 0.08, 0.085, 0.09, 0.095, 0.1, 0.105, 0.11, 0.115, 0.12, 0.125, 0.13, 0.135, 0.14, 0.145, 0.15, 0.155, 0.16, 0.165, 0.17, 0.17500000000000002, 0.18, 0.185, 0.19, 0.195, 0.2, 0.20500000000000002, 0.21, 0.215, 0.22, 0.225, 0.23, 0.23500000000000001, 0.24, 0.245, 0.25, 0.255, 0.26, 0.265, 0.27, 0.275, 0.28, 0.28500000000000003, 0.29, 0.295, 0.3, 0.305, 0.31, 0.315, 0.32, 0.325, 0.33, 0.335, 0.34, 0.34500000000000003, 0.35000000000000003, 0.355, 0.36, 0.365, 0.37, 0.375, 0.38, 0.385, 0.39, 0.395, 0.4, 0.405, 0.41000000000000003, 0.41500000000000004, 0.42, 0.425]}], "coords": [{"__dtype__": "<f8", "__shape__": [85], "__data__": [0.0025, 0.0075, 0.0125, 0.0175, 0.0225, 0.0275, 0.0325, 0.037500000000000006, 0.042499999999999996, 0.0475, 0.052500000000000005, 0.057499999999999996, 0.0625, 0.0675, 0.07250000000000001, 0.0775, 0.0825, 0.0875, 0.0925, 0.0975, 0.10250000000000001, 0.1075, 0.1125, 0.1175, 0.1225, 0.1275, 0.1325, 0.1375, 0.14250000000000002, 0.1475, 0.1525, 0.1575, 0.1625, 0.1675, 0.17250000000000001, 0.1775, 0.1825, 0.1875, 0.1925, 0.1975, 0.2025, 0.20750000000000002, 0.2125, 0.2175, 0.2225, 0.2275, 0.2325, 0.2375, 0.2425, 0.2475, 0.2525, 0.2575, 0.2625, 0.2675, 0.2725, 0.2775, 0.28250000000000003, 0.2875, 0.2925, 0.2975, 0.3025, 0.3075, 0.3125, 0.3175, 0.3225, 0.3275, 0.3325, 0.3375, 0.3425, 0.34750000000000003, 0.35250000000000004, 0.3575, 0.3625, 0.3675, 0.3725, 0.3775, 0.3825, 0.3875, 0.3925, 0.3975, 0.4025, 0.40750000000000003, 0.41250000000000003, 0.4175, 0.4225]}], "data": {"__dtype__": [["k", "<f8"], ["power_2", "<c8"], ["modes", "<i8"]], "__shape__": [85], "__data__": [[0.003785962175218714, {"__complex__": [-36845.25390625, 6.525522310008025e-13]}, 223], [0.008055650047333739, {"__complex__": [77880.625, -2.8796667199230963e-13]}, 1516], [0.012838659412058445, {"__complex__": [21974.83984375, 2.959711468963899e-13]}, 4130], [0.017758445021159877, {"__complex__": [14998.927734375, 1.0113021124734736e-13]}, 8058], [0.022686221993372543, {"__complex__": [17269.47265625, 1.0649366452694306e-13]}, 13118], [0.02764503576190599, {"__complex__": [14457.8037109375, 1.0297554367370843e-13]}, 19784], [0.032626124011193657, {"__complex__": [10392.2939453125, 3.8124512498783486e-14]}, 27482], [0.03761517664423396, {"__complex__": [6522.95751953125, 2.5311805941703215e-14]}, 36794], [0.042612076216348424, {"__complex__": [6311.95458984375, 1.7316346856313496e-14]}, 47060], [0.04758810749327745, {"__complex__": [3840.05126953125, 3.1858603212128744e-14]}, 58466], [0.05257639262811682, {"__complex__": [4129.0966796875, -6.473451840489832e-15]}, 71934], [0.057576644294676294, {"__complex__": [6800.20068359375, -1.893020042478301e-14]}, 86096], [0.06257060468948772, {"__complex__": [4815.9208984375, -4.580304827772738e-15]}, 101666], [0.06756431050677218, {"__complex__": [3190.59228515625, 3.929830111093534e-15]}, 118494], [0.07255460479533274, {"__complex__": [6246.296875, 6.818380173754255e-15]}, 136590], [0.07755203808236072, {"__complex__": [5243.517578125, 8.924361155127937e-15]}, 156536], [0.08254994891496988, {"__complex__": [3418.962158203125, -5.593853017512446e-15]}, 176896], [0.0875465852208996, {"__complex__": [4501.5751953125, -5.838280997464264e-16]}, 199400], [0.09254606261661012, {"__complex__": [3701.42431640625, 9.414567920824207e-15]}, 222578], [0.09754095165434574, {"__complex__": [4078.08984375, -5.6532876253553854e-15]}, 247110], [0.10253878096196406, {"__complex__": [2251.065185546875, -1.361970957428028e-14]}, 273522], [0.1075376536617221, {"__complex__": [4963.54248046875, 0.0]}, 300528], [0.11253874421958751, {"__complex__": [2403.10791015625, 5.6473571241751844e-15]}, 329826], [0.11753930483919833, {"__complex__": [1491.643310546875, 2.5950518758876846e-15]}, 358884], [0.12253435939470513, {"__complex__": [519.6185913085938, 1.1933546497169562e-15]}, 390212], [0.1275324928771181, {"__complex__": [1846.5750732421875, 1.100833240888369e-15]}, 423008], [0.13253098558293935, {"__complex__": [2465.405029296875, -3.059883863824821e-15]}, 456548], [0.1375294182229233, {"__complex__": [1030.6597900390625, -2.8395134195200377e-15]}, 491980], [0.14252928720123362, {"__complex__": [1483.9476318359375, -8.815001578340882e-15]}, 528260], [0.14752710781464048, {"__complex__": [704.6056518554688, -6.070264157596785e-15]}, 565750], [0.15252590457329984, {"__complex__": [700.895751953125, -6.1563243991037166e-15]}, 605116], [0.15752627544450365, {"__complex__": [-416.37176513671875, -5.050290375919206e-15]}, 645434], [0.1625268432433497, {"__complex__": [1227.31494140625, 1.3551043789619926e-15]}, 687270], [0.16752762298865234, {"__complex__": [1276.0145263671875, 4.784637126737734e-16]}, 729932], [0.17252411279445126, {"__complex__": [728.6588745117188, -1.5056534739081302e-15]}, 773188], [0.17752203527930777, {"__complex__": [990.0355224609375, 3.1232465869606525e-15]}, 820024], [0.18252363779831107, {"__complex__": [1689.078857421875, -8.059193973626751e-16]}, 866702], [0.18752234050808908, {"__complex__": [798.1917114257812, -2.5471638094234786e-15]}, 914078], [0.19252201016210274, {"__complex__": [1043.6279296875, -2.897050673561128e-15]}, 964418], [0.19752271477956754, {"__complex__": [255.59637451171875, -1.3765964635700312e-15]}, 1014810], [0.20252178570627094, {"__complex__": [1059.044921875, 8.733070622451815e-16]}, 1066432], [0.20751974798690762, {"__complex__": [537.4514770507812, 1.2478217269616047e-15]}, 1119538], [0.2125197454352182, {"__complex__": [-671.5634765625, -4.753723388778268e-15]}, 1175486], [0.2175192296548309, {"__complex__": [488.9394226074219, -2.272154022548399e-15]}, 1229656], [0.22251681667262319, {"__complex__": [388.9610290527344, 1.808053500500776e-16]}, 1287742], [0.22751746426403283, {"__complex__": [562.4104614257812, 6.914512060520513e-16]}, 1346910], [0.23251730364615478, {"__complex__": [421.4402770996094, 3.9753788843156605e-15]}, 1405636], [0.23751678657474465, {"__complex__": [-297.7120666503906, 1.5862321152271258e-16]}, 1467822], [0.2425174971485461, {"__complex__": [-269.6139831542969, 1.8264450739449494e-15]}, 1529730], [0.24751707342858845, {"__complex__": [-878.9720458984375, -1.1689444307265082e-15]}, 1593442], [0.2525171832510974, {"__complex__": [1053.4705810546875, -1.1228763204285965e-15]}, 1658816], [0.2575157181508458, {"__complex__": [-261.33367919921875, 1.891188037268332e-15]}, 1723588], [0.2625146768272274, {"__complex__": [-758.625732421875, -2.369632903459029e-15]}, 1793172], [0.2675153728644548, {"__complex__": [-1551.811767578125, -1.7512383949867794e-15]}, 1861328], [0.2725140790996068, {"__complex__": [42.94639205932617, 1.929302614070644e-15]}, 1930900], [0.2775148647609448, {"__complex__": [-659.4450073242188, 4.645857660472814e-16]}, 2004630], [0.28251520974118804, {"__complex__": [-256.6720275878906, -1.3465527343265132e-15]}, 2074904], [0.28751406015515885, {"__complex__": [267.7177734375, 1.0826642782906458e-15]}, 2150534], [0.29251361364437867, {"__complex__": [307.9296569824219, -2.0930779167299208e-15]}, 2224768], [0.2975131524186939, {"__complex__": [366.22943115234375, 3.639710315230622e-15]}, 2302904], [0.3025147259314174, {"__complex__": [-644.3665771484375, -4.888549011124524e-16]}, 2381388], [0.3075149652713783, {"__complex__": [-384.5945739746094, -1.514986082920978e-15]}, 2458960], [0.31251335064096714, {"__complex__": [526.9083251953125, -2.7503233912730017e-15]}, 2539672], [0.31751349612987984, {"__complex__": [-196.71209716796875, -2.1302728275097516e-15]}, 2623108], [0.32251268944270295, {"__complex__": [302.3771057128906, -8.610492249489909e-17]}, 2704034], [0.32751171630842707, {"__complex__": [-214.3330535888672, 2.669968975457012e-15]}, 2790512], [0.33251237563902225, {"__complex__": [-353.0823974609375, -6.476175157294373e-16]}, 2876150], [0.3375123279265873, 