{"edges": {"__dtype__": "<f8", "__shape__": [116], "__data__": [0.0, 0.005, 0.01, 0.015, 0.02, 0.025, 0.03, 0.035, 0.04, 0.045, 0.05, 0.055, 0.06, 0.065, 0.07, 0.075, 0.08, 0.085, 0.09, 0.095, 0.1, 0.105, 0.11, 0.115, 0.12, 0.125, 0.13, 0.135, 0.14, 0.145, 0.15, 0.155, 0.16, 0.165, 0.17, 0.17500000000000002, 0.18, 0.185, 0.19, 0.195, 0.2, 0.20500000000000002, 0.21, 0.215, 0.22, 0.225, 0.23, 0.23500000000000001, 0.24, 0.245, 0.25, 0.255, 0.26, 0.265, 0.27, 0.275, 0.28, 0.28500000000000003, 0.29, 0.295, 0.3, 0.305, 0.31, 0.315, 0.32, 0.325, 0.33, 0.335, 0.34, 0.34500000000000003, 0.35000000000000003, 0.355, 0.36, 0.365, 0.37, 0.375, 0.38, 0.385, 0.39, 0.395, 0.4, 0.405, 0.41000000000000003, 0.41500000000000004, 0.42, 0.425, 0.43, 0.435, 0.44, 0.445, 0.45, 0.455, 0.46, 0.465, 0.47000000000000003, 0.47500000000000003, 0.48, 0.485, 0.49, 0.495, 0.5, 0.505, 0.51, 0.515, 0.52, 0.525, 0.53, 0.535, 0.54, 0.545, 0.55, 0.555, 0.56, 0.5650000000000001, 0.5700000000000001, 0.5750000000000001]}, "poles": {"__dtype__": [["k", "<f8"], ["power_2", "<c8"], ["modes", "<i8"]], "__shape__": [115], "__data__": [[0.0037054420134658554, {"__complex__": [-9661.427734375, -2.1038912799420384e-12]}, 83], [0.008002706039259398, {"__complex__": [32985.41015625, 0.0]}, 596], [0.012849701484846114, {"__complex__": [20258.873046875, -4.2384219506481913e-13]}, 1648], [0.0177641384261076, {"__complex__": [47194.91015625, -7.37739676206356e-14]}, 3156], [0.022684229681789413, {"__complex__": [30087.4375, -2.811421105956228e-14]}, 5176], [0.027646384376179004, {"__complex__": [10091.52734375, -9.323369577459231e-14]}, 7804], [0.032636129245414154, {"__complex__": [15215.7041015625, 1.4988178883776349e-13]}, 10874], [0.037622935176432226, {"__complex__": [7407.42041015625, -1.6121772902668967e-14]}, 14442], [0.0426065943302704, {"__complex__": [3484.455322265625, -1.2555578694512914e-14]}, 18544], [0.047584168879418735, {"__complex__": [4718.771484375, -1.0105496931064276e-14]}, 23040], [0.052572163944886785, {"__complex__": [5938.982421875, -1.7442188847221173e-14]}, 28366], [0.05756591012932392, {"__complex__": [7275.38818359375, 1.376962847671366e-14]}, 33818], [0.06255885577973451, {"__complex__": [3886.908935546875, -1.7405729161039558e-14]}, 40130], [0.06756290621144688, {"__complex__": [8682.681640625, 6.21372189270851e-15]}, 46838], [0.07256050504780319, {"__complex__": [2533.655029296875, -3.6767741900135126e-14]}, 53826], [0.0775516441986681, {"__complex__": [5595.349609375, -1.5122800879402085e-14]}, 61584], [0.08254999402587553, {"__complex__": [2329.450927734375, -1.6663133893874056e-15]}, 69864], [0.08754547074829418, {"__complex__": [86.40605163574219, -2.375701767471164e-14]}, 78404], [0.09254370656486871, {"__complex__": [3168.87744140625, -5.297504988388373e-15]}, 87902], [0.09754153604884025, {"__complex__": [3263.316650390625, 1.4356015833570657e-14]}, 97310], [0.10253422913940137, {"__complex__": [3713.681396484375, -3.242284997477746e-15]}, 107716], [0.1075359850070505, {"__complex__": [1746.2314453125, -2.2566052081422414e-14]}, 118654], [0.11253957840084304, {"__complex__": [2961.10205078125, 5.376737297307487e-15]}, 129910], [0.11753653834673844, {"__complex__": [2379.275390625, 8.234446890358679e-15]}, 141376], [0.12253336603812491, {"__complex__": [2023.5963134765625, 0.0]}, 153958], [0.12753369323485178, {"__complex__": [41.34696578979492, -8.379322558624107e-15]}, 166718], [0.1325298054599073, {"__complex__": [961.0308227539062, -7.931257376119633e-15]}, 179806], [0.13753126919241337, {"__complex__": [983.4592895507812, -4.494059933083305e-15]}, 194282], [0.14252978867508304, {"__complex__": [1543.1978759765625, -3.3617869467752245e-15]}, 207774], [0.14752584639061916, {"__complex__": [1351.311279296875, -7.820877018752017e-16]}, 223278], [0.1525273402624495, {"__complex__": [334.8922424316406, 4.881227258328458e-15]}, 238496], [0.15752777994300757, {"__complex__": [-530.4242553710938, -3.660226300246068e-15]}, 254444], [0.16252677921627748, {"__complex__": [627.1030883789062, -3.4406520669117042e-15]}, 270682], [0.16752582095517576, {"__complex__": [332.4397888183594, -3.641645785515098e-15]}, 287710], [0.1725259295419247, {"__complex__": [-135.62278747558594, 3.0514956965481616e-15]}, 305202], [0.17752572093623975, {"__complex__": [1035.2178955078125, -7.929020362105934e-15]}, 323008], [0.18252702152554795, {"__complex__": [88.75528717041016, 0.0]}, 341812], [0.18752508561671835, {"__complex__": [-275.8643798828125, -1.9401476004108145e-15]}, 360020], [0.19252006361125312, {"__complex__": [453.69647216796875, 3.2190432604380353e-15]}, 379728], [0.19751626124600596, {"__complex__": [-38.59726333618164, -6.990861492803648e-15]}, 399660], [0.20251335405021748, {"__complex__": [1562.5391845703125, 7.755112639573365e-15]}, 420320], [0.20751594275294782, {"__complex__": [1624.87451171875, 6.583534465776488e-16]}, 442070], [0.21251689533718626, {"__complex__": [794.8651733398438, 0.0]}, 462644], [0.21751895130525958, {"__complex__": [1812.9215087890625, 9.585057865414606e-15]}, 485820], [0.22252064263763735, {"__complex__": [959.474853515625, -1.8358274461434485e-15]}, 507304], [0.22751949683857262, {"__complex__": [114.94808197021484, -3.94794772231883e-15]}, 530776], [0.23252062744923513, {"__complex__": [52.32356262207031, -8.397495756386566e-16]}, 554524], [0.23751988845699762, {"__complex__": [-482.8406066894531, 2.416893742025793e-15]}, 578008], [0.24251952417933192, {"__complex__": [-327.8266296386719, 7.718927603824898e-16]}, 603272], [0.24751886354741093, {"__complex__": [-339.8480529785156, 1.8544913936197234e-15]}, 627748], [0.2525158523431189, {"__complex__": [-52.12155532836914, 4.6330626984089456e-15]}, 653304], [0.2575140585584922, {"__complex__": [-824.1574096679688, 6.849007826335786e-16]}, 679896], [0.2625126084722789, {"__complex__": [270.7220764160156, -1.1541091780509411e-15]}, 706092], [0.26751303339828036, {"__complex__": [-390.9317626953125, -6.341929964275223e-16]}, 734258], [0.2725141980302592, {"__complex__": [199.1103515625, -6.11754352500927e-16]}, 761190], [0.27751499291909654, {"__complex__": [-183.21401977539062, 1.1789400547788194e-15]}, 789966], [0.2825156597003922, {"__complex__": [200.21664428710938, -1.1381910996314279e-15]}, 818248], [0.2875141801620819, {"__complex__": [59.385311126708984, -5.497615992781609e-16]}, 847024], [0.29251195304227423, {"__complex__": [-222.5061492919922, -1.327420695267762e-15]}, 877004], [0.2975142527009851, {"__complex__": [-380.8164367675781, 7.687545562524718e-16]}, 908602], [0.30251615798691667, {"__complex__": [-207.2701873779297, 1.7379089551331937e-15]}, 937802], [0.30751506635382575, {"__complex__": [-563.597412109375, -4.802087064242357e-16]}, 969706], [0.31251223811931306, {"__complex__": [-490.9283142089844, 1.862727094965877e-15]}, 999956], [0.3175098816792195, {"__complex__": [-693.305419921875, 2.9271012849473423e-15]}, 1034060], [0.3225110492752749, {"__complex__": [347.9154968261719, -2.620034053875766e-15]}, 1066386], [0.3275123331358606, {"__complex__": [581.114501953125, -2.1161074720163443e-15]}, 1100278], [0.3325123291547583, {"__complex__": [-93.35486602783203, -1.6438924272735842e-15]}, 1133070], [0.3375117534479973, {"__complex__": [-277.50640869140625, 3.9865462725713796e-16]}, 1168082], [0.3425129583700723, {"__complex__": [-73.80266571044922, -9.675009376281223e-16]}, 1203258], [0.3475132726509487, {"__complex__": [-406.53424072265625, -2.257033002132252e-15]}, 1237894], [0.35251300538197095, {"__complex__": [-52.9976921081543, -2.0101161217440456e-15]}, 1274124], [0.3575125695577228, {"__complex__": [-572.1420288085938, 1.4216038768597437e-15]}, 1310242], [0.36251151779301266, {"__complex__": [-495.6767578125, -2.7657967773952064e-15]}, 1346914], [0.3675115630015573, {"__complex__": [-362.7471923828125, -3.361418222745373e-16]}, 1385312], [0.3725118957087531, {"__complex__": [-568.635009765625, 1.1458926408252192e-15]}, 1422310], [0.37751124096797295, 