{"edges": {"__dtype__": "<f8", "__shape__": [128], "__data__": [0.0, 0.005, 0.01, 0.015, 0.02, 0.025, 0.03, 0.035, 0.04, 0.045, 0.05, 0.055, 0.06, 0.065, 0.07, 0.075, 0.08, 0.085, 0.09, 0.095, 0.1, 0.105, 0.11, 0.115, 0.12, 0.125, 0.13, 0.135, 0.14, 0.145, 0.15, 0.155, 0.16, 0.165, 0.17, 0.17500000000000002, 0.18, 0.185, 0.19, 0.195, 0.2, 0.20500000000000002, 0.21, 0.215, 0.22, 0.225, 0.23, 0.23500000000000001, 0.24, 0.245, 0.25, 0.255, 0.26, 0.265, 0.27, 0.275, 0.28, 0.28500000000000003, 0.29, 0.295, 0.3, 0.305, 0.31, 0.315, 0.32, 0.325, 0.33, 0.335, 0.34, 0.34500000000000003, 0.35000000000000003, 0.355, 0.36, 0.365, 0.37, 0.375, 0.38, 0.385, 0.39, 0.395, 0.4, 0.405, 0.41000000000000003, 0.41500000000000004, 0.42, 0.425, 0.43, 0.435, 0.44, 0.445, 0.45, 0.455, 0.46, 0.465, 0.47000000000000003, 0.47500000000000003, 0.48, 0.485, 0.49, 0.495, 0.5, 0.505, 0.51, 0.515, 0.52, 0.525, 0.53, 0.535, 0.54, 0.545, 0.55, 0.555, 0.56, 0.5650000000000001, 0.5700000000000001, 0.5750000000000001, 0.58, 0.585, 0.59, 0.595, 0.6, 0.605, 0.61, 0.615, 0.62, 0.625, 0.63, 0.635]}, "poles": {"__dtype__": [["k", "<f8"], ["power_2", "<c8"], ["modes", "<i8"]], "__shape__": [127], "__data__": [[0.0037537781648676505, {"__complex__": [-16307.54296875, 7.559436475228221e-13]}, 77], [0.008050398333474014, {"__complex__": [27159.849609375, -2.1243671698058936e-13]}, 548], [0.012848609532355457, {"__complex__": [14677.822265625, -1.5731800627818981e-13]}, 1480], [0.017751579213119567, {"__complex__": [39657.15234375, -2.4320749949548193e-13]}, 2872], [0.022691827324042853, {"__complex__": [4472.85009765625, -3.9329501569547454e-13]}, 4736], [0.027648005536595924, {"__complex__": [5305.07080078125, 1.654566783061695e-13]}, 7036], [0.032612636555868525, {"__complex__": [4144.03857421875, -1.0945738537554081e-13]}, 9838], [0.03761114292794433, {"__complex__": [-229.79335021972656, 1.4102400616635563e-13]}, 13208], [0.04261303922036164, {"__complex__": [3548.810791015625, -5.869796022937163e-14]}, 16858], [0.04760505554480107, {"__complex__": [8951.349609375, 0.0]}, 21080], [0.05259133615803475, {"__complex__": [3650.516357421875, 5.4518570918610926e-14]}, 25624], [0.05756841184374016, {"__complex__": [9500.1904296875, -3.7885747463479655e-14]}, 30728], [0.06256248327880025, {"__complex__": [6156.77197265625, 0.0]}, 36498], [0.06756661487904435, {"__complex__": [6309.931640625, -5.474761201568028e-14]}, 42528], [0.07257304507008182, {"__complex__": [8814.1630859375, -2.3684758564530796e-15]}, 49152], [0.07756473030387098, {"__complex__": [3893.887451171875, 6.2651757561224194e-15]}, 55744], [0.08254764044823601, {"__complex__": [2490.643310546875, 3.307984515108463e-14]}, 63346], [0.08754405971893497, {"__complex__": [2315.1552734375, -3.261481516919607e-15]}, 71388], [0.09254365223263855, {"__complex__": [5221.916015625, 8.02743457914857e-15]}, 79762], [0.09754150838846357, {"__complex__": [1488.1826171875, -2.4317821248429766e-14]}, 88564], [0.10254123052801507, {"__complex__": [434.6404724121094, 2.3761137642967084e-15]}, 97988], [0.10754181638082774, {"__complex__": [3141.515869140625, 2.1616837738092564e-15]}, 107708], [0.11254085353408888, {"__complex__": [883.7954711914062, -1.9739440455996717e-14]}, 117952], [0.11753281793039293, {"__complex__": [992.5151977539062, 1.814905944104504e-15]}, 128288], [0.12252442444514552, {"__complex__": [1184.3984375, -3.3316253740729197e-15]}, 139770], [0.12753052839909865, {"__complex__": [689.0399780273438, 3.064649906460784e-14]}, 151946], [0.13253665927256145, {"__complex__": [1538.450439453125, 1.1386613934995671e-14]}, 163582], [0.13753197887556465, {"__complex__": [3041.39404296875, 7.94011479964907e-15]}, 175940], [0.1425260716253757, {"__complex__": [2904.881103515625, -9.851929147974229e-15]}, 189064], [0.14752506711896965, {"__complex__": [214.6535186767578, 2.984655098482551e-14]}, 202824], [0.1525272624752809, {"__complex__": [-1744.9072265625, 0.0]}, 216806], [0.15752484634575162, {"__complex__": [-731.4642944335938, -2.0169324076288377e-15]}, 230876], [0.16252366735405163, {"__complex__": [343.7738952636719, -1.34744332594308e-14]}, 246232], [0.1675242007800524, {"__complex__": [178.1121063232422, -7.573031896132738e-15]}, 261330], [0.17252326579974073, {"__complex__": [2663.878662109375, -1.6793900957853543e-15]}, 277280], [0.17752110470595878, {"__complex__": [1008.957763671875, -9.52532256087539e-15]}, 293320], [0.1825207522633753, {"__complex__": [2048.896484375, -1.0495498852067416e-14]}, 310574], [0.18752231962759572, {"__complex__": [52.348445892333984, 8.529636178410908e-15]}, 327560], [0.19252167162300435, {"__complex__": [752.85791015625, 1.0789561586299797e-14]}, 345268], [0.19752225984779248, {"__complex__": [276.8839416503906, -7.685363711531709e-15]}, 363544], [0.20251992290984697, {"__complex__": [1091.502685546875, 5.490425635971486e-15]}, 381660], [0.20751551078768798, {"__complex__": [1050.60302734375, 1.9458023923666842e-14]}, 400854], [0.21251512379553542, {"__complex__": [1987.007080078125, 1.271966168189028e-14]}, 421010], [0.21751870975885984, {"__complex__": [1156.77099609375, 2.374961164213732e-15]}, 441160], [0.2225209082741387, {"__complex__": [732.6777954101562, 3.406938038028615e-15]}, 461296], [0.22752039891934017, {"__complex__": [-874.7320556640625, -2.414294039091992e-16]}, 482192], [0.23252118259031918, {"__complex__": [96.36185455322266, -6.469314931575442e-15]}, 503860], [0.23751936566507853, {"__complex__": [417.5847473144531, -4.434666829854781e-15]}, 525024], [0.24251707186595864, {"__complex__": [250.32684326171875, -4.249091228473783e-15]}, 547954], [0.24751627666670906, {"__complex__": [571.118896484375, -5.1010666129753125e-15]}, 570544], [0.2525167544702008, {"__complex__": [303.4385070800781, 4.700689808917729e-15]}, 594374], [0.25751857595461863, {"__complex__": [787.6644287109375, -5.0869292095691646e-15]}, 617900], [0.2625190906945416, {"__complex__": [999.7919311523438, 5.439070451895931e-15]}, 642106], [0.2675172479110602, {"__complex__": [466.8207702636719, -6.116893427222253e-16]}, 666112], [0.272514629608296, {"__complex__": [-430.0403137207031, -2.692516357238211e-15]}, 691786], [0.27751615229387816, {"__complex__": [896.1939697265625, 5.837012459746632e-15]}, 717996], [0.28251644607381426, {"__complex__": [552.7734985351562, 3.759617993309835e-15]}, 743152], [0.2875152531419474, {"__complex__": [-314.4524230957031, -6.046041768162391e-16]}, 770192], [0.2925134012698469, {"__complex__": [-981.82373046875, 8.185601041389365e-15]}, 796430], [0.2975118362281548, {"__complex__": [-348.4421691894531, 6.210171977626567e-15]}, 824820], [0.3025125080826814, {"__complex__": [-296.1960144042969, 4.91571462829239e-15]}, 852562], [0.30751063191170563, {"__complex__": [-671.1630249023438, -2.115747906530235e-15]}, 880372], [0.3125111278203564, {"__complex__": [-984.58203125, 2.428909327899069e-15]}, 910652], [0.31751269361539736, {"__complex__": [-38.58401107788086, -7.438710576027454e-16]}, 938996], [0.3225130904459611, {"__complex__": [840.7755737304688, 8.406721533368942e-16]}, 969352], [0.32751158760760724, {"__complex__": [735.8731689453125, -3.4399486060490096e-15]}, 998344], [0.3325089848249692, {"__complex__": [298.9971923828125, -4.521325817776302e-16]}, 1029922], [0.33751027924368393, {"__complex__": [-9.090331077575684, 2.1925481720995454e-15]}, 1061918], [0.34251253316973607, {"__complex__": [381.7663269042969, 0.0]}, 1093272], [0.34751415893089227, {"__complex__": [-79.3451156616211, -2.8962534037995247e-15]}, 1125464], [0.352514235068077, {"__complex__": [207.59207153320312, 2.715800869441758e-15]}, 1157380], [0.357512374484406, {"__complex__": [1032.4805908203125, 5.4775765696781116e-15]}, 1190172], [0.3625118834929162, {"__complex__": [463.4039001464844, 7.604806325445734e-16]}, 1224650], [0.3675116774700016, {"__complex__": [75.40666961669922, 3.702000271138756e-15]}, 1257864], [0.3725098709245497, {"__complex__": [-375.2199401855469, -2.522323509454062e-15]}, 1292312], 