{"edges": {"__dtype__": "<f8", "__shape__": [128], "__data__": [0.0, 0.005, 0.01, 0.015, 0.02, 0.025, 0.03, 0.035, 0.04, 0.045, 0.05, 0.055, 0.06, 0.065, 0.07, 0.075, 0.08, 0.085, 0.09, 0.095, 0.1, 0.105, 0.11, 0.115, 0.12, 0.125, 0.13, 0.135, 0.14, 0.145, 0.15, 0.155, 0.16, 0.165, 0.17, 0.17500000000000002, 0.18, 0.185, 0.19, 0.195, 0.2, 0.20500000000000002, 0.21, 0.215, 0.22, 0.225, 0.23, 0.23500000000000001, 0.24, 0.245, 0.25, 0.255, 0.26, 0.265, 0.27, 0.275, 0.28, 0.28500000000000003, 0.29, 0.295, 0.3, 0.305, 0.31, 0.315, 0.32, 0.325, 0.33, 0.335, 0.34, 0.34500000000000003, 0.35000000000000003, 0.355, 0.36, 0.365, 0.37, 0.375, 0.38, 0.385, 0.39, 0.395, 0.4, 0.405, 0.41000000000000003, 0.41500000000000004, 0.42, 0.425, 0.43, 0.435, 0.44, 0.445, 0.45, 0.455, 0.46, 0.465, 0.47000000000000003, 0.47500000000000003, 0.48, 0.485, 0.49, 0.495, 0.5, 0.505, 0.51, 0.515, 0.52, 0.525, 0.53, 0.535, 0.54, 0.545, 0.55, 0.555, 0.56, 0.5650000000000001, 0.5700000000000001, 0.5750000000000001, 0.58, 0.585, 0.59, 0.595, 0.6, 0.605, 0.61, 0.615, 0.62, 0.625, 0.63, 0.635]}, "poles": {"__dtype__": [["k", "<f8"], ["power_0", "<c8"], ["modes", "<i8"]], "__shape__": [127], "__data__": [[0.0037537781648676505, {"__complex__": [80828.140625, -1.2284084340008494e-12]}, 77], [0.008050398333474014, {"__complex__": [99119.3203125, -2.655458962257367e-14]}, 548], [0.012848609532355457, {"__complex__": [98812.3359375, 9.832375392386863e-14]}, 1480], [0.017751579213119567, {"__complex__": [102444.7421875, 2.0267291059934862e-14]}, 2872], [0.022691827324042853, {"__complex__": [103864.703125, 7.067019495640703e-14]}, 4736], [0.027648005536595924, {"__complex__": [105226.765625, -2.0682084788271188e-14]}, 7036], [0.032612636555868525, {"__complex__": [100236.5546875, 4.437461615064246e-15]}, 9838], [0.03761114292794433, {"__complex__": [99105.0625, 1.542450046268691e-14]}, 13208], [0.04261303922036164, {"__complex__": [98672.609375, 1.381128471002668e-14]}, 16858], [0.04760505554480107, {"__complex__": [97896.03125, -2.7612742143799315e-14]}, 21080], [0.05259133615803475, {"__complex__": [94461.65625, 1.2209888455112436e-14]}, 25624], [0.05756841184374016, {"__complex__": [92750.2734375, 1.4207154451771923e-15]}, 30728], [0.06256248327880025, {"__complex__": [93584.4609375, -8.173441036398582e-15]}, 36498], [0.06756661487904435, {"__complex__": [91528.8515625, -7.185624437047039e-15]}, 42528], [0.07257304507008182, {"__complex__": [89816.3828125, -7.105427357601002e-15]}, 49152], [0.07756473030387098, {"__complex__": [89001.0703125, 1.8795527268367258e-14]}, 55744], [0.08254764044823601, {"__complex__": [88041.0625, -7.351076229667169e-15]}, 63346], [0.08754405971893497, {"__complex__": [88200.140625, -5.707592601669753e-15]}, 71388], [0.09254365223263855, {"__complex__": [87174.4375, 1.0216735226928342e-14]}, 79762], [0.09754150838846357, {"__complex__": [85577.1484375, 1.0515814090274363e-14]}, 88564], [0.10254123052801507, {"__complex__": [84839.1328125, 1.1880568821483542e-15]}, 97988], [0.10754181638082774, {"__complex__": [84709.4609375, 8.646735095237026e-15]}, 107708], [0.11254085353408888, {"__complex__": [83444.421875, 6.908803905488967e-15]}, 117952], [0.11753281793039293, {"__complex__": [83048.3046875, -3.629811888209008e-15]}, 128288], [0.12252442444514552, {"__complex__": [82658.8046875, -4.9974380611093796e-15]}, 139770], [0.12753052839909865, {"__complex__": [82126.9375, 4.2019220812235594e-15]}, 151946], [0.13253665927256145, {"__complex__": [80917.8671875, -2.1349901657512476e-15]}, 163582], [0.13753197887556465, {"__complex__": [80489.4140625, 5.95508631149504e-15]}, 175940], [0.1425260716253757, {"__complex__": [81198.796875, 1.0467674666783059e-14]}, 189064], [0.14752506711896965, {"__complex__": [80612.03125, -3.730818873103189e-15]}, 202824], [0.1525272624752809, {"__complex__": [80478.75, 6.711952177997646e-15]}, 216806], [0.15752484634575162, {"__complex__": [79872.6875, 2.0169324076288377e-15]}, 230876], [0.16252366735405163, {"__complex__": [79604.2578125, 3.3095099790948204e-15]}, 246232], [0.1675242007800524, {"__complex__": [78929.4140625, -3.229675429750208e-15]}, 261330], [0.17252326579974073, {"__complex__": [79050.546875, -5.143132386718329e-15]}, 277280], [0.17752110470595878, {"__complex__": [79144.96875, -3.1751076614639547e-15]}, 293320], [0.1825207522633753, {"__complex__": [79148.9609375, -1.218227560454842e-15]}, 310574], [0.18752231962759572, {"__complex__": [78745.7578125, 5.775274451682753e-16]}, 327560], [0.19252167162300435, {"__complex__": [78693.21875, -1.685868944919784e-15]}, 345268], [0.19752225984779248, {"__complex__": [78757.1171875, -2.4817319965557416e-15]}, 363544], [0.20251992290984697, {"__complex__": [77670.6171875, 2.287677171856255e-16]}, 381660], [0.20751551078768798, {"__complex__": [78405.015625, -4.719297005186538e-16]}, 400854], [0.21251512379553542, {"__complex__": [78919.84375, 2.3503722212714134e-15]}, 421010], [0.21751870975885984, {"__complex__": [78236.328125, -1.3194229043006684e-15]}, 441160], [0.2225209082741387, {"__complex__": [77601.46875, 9.463717007588638e-16]}, 461296], [0.22752039891934017, {"__complex__": [77721.7578125, 3.2592968071904014e-15]}, 482192], [0.23252118259031918, {"__complex__": [77627.9375, 3.119134030243496e-15]}, 503860], [0.23751936566507853, {"__complex__": [77991.6640625, 1.995600094610475e-15]}, 525024], [0.24251707186595864, {"__complex__": [78039.2265625, 7.435909543950002e-16]}, 547954], [0.24751627666670906, {"__complex__": [77554.7109375, -3.4687254916407903e-15]}, 570544], [0.2525167544702008, {"__complex__": [78076.7109375, 3.9172415074314407e-16]}, 594374], [0.25751857595461863, {"__complex__": [77563.625, -8.478215878677533e-16]}, 617900], [0.2625190906945416, {"__complex__": [77229.2265625, -9.065117066896157e-16]}, 642106], [0.2675172479110602, {"__complex__": [77423.3671875, -2.9273704296663323e-15]}, 666112], [0.272514629608296, {"__complex__": [77308.0390625, -4.207056742010256e-16]}, 691786], [0.27751615229387816, {"__complex__": [77207.1953125, 6.485569282075015e-16]}, 717996], [0.28251644607381426, {"__complex__": [77557.3203125, -7.832537486062157e-17]}, 743152], [0.2875152531419474, {"__complex__": [77192.265625, 1.2092083536324781e-15]}, 770192], [0.2925134012698469, {"__complex__": [77107.6875, -3.837000488151265e-16]}, 796430], [0.2975118362281548, {"__complex__": [77324.5625, -1.693683353253797e-15]}, 824820], [0.3025125080826814, {"__complex__": [77074.9609375, -4.096428945142924e-16]}, 852562], [0.30751063191170563, {"__complex__": [76876.71875, 9.917567848639333e-16]}, 880372], [0.3125111278203564, {"__complex__": [76512.6484375, 8.309426564486984e-16]}, 910652], [0.31751269361539736, {"__complex__": [76626.90625, -1.239785078358056e-15]}, 938996], [0.3225130904459611, {"__complex__": [76783.3984375, 1.32105630146033e-15]}, 969352], [0.32751158760760724, {"__complex__": [76695.96875, -1.515909560591722e-15]}, 998344], [0.3325089848249692, {"__complex__": [76713.625, 1.0172983222345579e-15]}, 1029922], [0.33751027924368393, {"__complex__": [76725.4921875, -1.0962741125195523e-16]}, 1061918], [0.34251253316973607, {"__complex__": [76526.828125, 1.0648340362275958e-16]}, 1093272], [0.34751415893089227, {"__complex__": [76644.1328125, 1.4481267018997624e-15]}, 1125464], [0.352514235068077, {"__complex__": [76647.046875, 8.549743575908422e-16]}, 1157380], [0.357512374484406, {"__complex__": [76743.859375, 1.9562772517786841e-16]}, 1190172], [0.3625118834929162, {"__complex__": [76482.9609375, -8.080106687698868e-16]}, 1224650], [0.3675116774700016, {"__complex__": [76705.984375, 3.7020003770178744e-16]}, 1257864], [0.3725098709245497, {"__complex__": [76904.546875, 8.895694595577536e-16]}, 1292312], [0.37751067052804127, {"__complex__": [76979.2734375, 4.81947982702304e-16]}, 1328534], [0.3825116981355865, {"__complex__": [76362.09375, -1.2813092804104219e-15]}, 1362848], [0.3875116125361288, {"__complex__": [76696.9921875, 4.992066495795248e-16]}, 