{"edges": {"__dtype__": "<f8", "__shape__": [116], "__data__": [0.0, 0.005, 0.01, 0.015, 0.02, 0.025, 0.03, 0.035, 0.04, 0.045, 0.05, 0.055, 0.06, 0.065, 0.07, 0.075, 0.08, 0.085, 0.09, 0.095, 0.1, 0.105, 0.11, 0.115, 0.12, 0.125, 0.13, 0.135, 0.14, 0.145, 0.15, 0.155, 0.16, 0.165, 0.17, 0.17500000000000002, 0.18, 0.185, 0.19, 0.195, 0.2, 0.20500000000000002, 0.21, 0.215, 0.22, 0.225, 0.23, 0.23500000000000001, 0.24, 0.245, 0.25, 0.255, 0.26, 0.265, 0.27, 0.275, 0.28, 0.28500000000000003, 0.29, 0.295, 0.3, 0.305, 0.31, 0.315, 0.32, 0.325, 0.33, 0.335, 0.34, 0.34500000000000003, 0.35000000000000003, 0.355, 0.36, 0.365, 0.37, 0.375, 0.38, 0.385, 0.39, 0.395, 0.4, 0.405, 0.41000000000000003, 0.41500000000000004, 0.42, 0.425, 0.43, 0.435, 0.44, 0.445, 0.45, 0.455, 0.46, 0.465, 0.47000000000000003, 0.47500000000000003, 0.48, 0.485, 0.49, 0.495, 0.5, 0.505, 0.51, 0.515, 0.52, 0.525, 0.53, 0.535, 0.54, 0.545, 0.55, 0.555, 0.56, 0.5650000000000001, 0.5700000000000001, 0.5750000000000001]}, "poles": {"__dtype__": [["k", "<f8"], ["power_2", "<c8"], ["modes", "<i8"]], "__shape__": [115], "__data__": [[0.0037054420134658554, {"__complex__": [-36104.47265625, -3.155837136753492e-12]}, 83], [0.008002706039259398, {"__complex__": [-16143.091796875, 3.9065544419139564e-13]}, 596], [0.012849701484846114, {"__complex__": [30921.416015625, -1.0596054876620478e-13]}, 1648], [0.0177641384261076, {"__complex__": [10822.279296875, -1.1066095143095339e-13]}, 3156], [0.022684229681789413, {"__complex__": [16052.0849609375, 2.8957635985274455e-13]}, 5176], [0.027646384376179004, {"__complex__": [6841.37890625, -5.966956800624451e-14]}, 7804], [0.032636129245414154, {"__complex__": [9513.5224609375, -6.691151166395449e-15]}, 10874], [0.037622935176432226, {"__complex__": [6383.79931640625, 3.2243545805337934e-14]}, 14442], [0.0426065943302704, {"__complex__": [8130.04931640625, -1.0986130828303207e-14]}, 18544], [0.047584168879418735, {"__complex__": [-2607.092529296875, 1.212659665609031e-13]}, 23040], [0.052572163944886785, {"__complex__": [6875.7939453125, 6.566471135284815e-14]}, 28366], [0.05756591012932392, {"__complex__": [4790.537109375, 1.0327221357535245e-14]}, 33818], [0.06255885577973451, {"__complex__": [8893.671875, -1.7405729161039558e-14]}, 40130], [0.06756290621144688, {"__complex__": [5772.75341796875, -4.9709775988701025e-15]}, 46838], [0.07256050504780319, {"__complex__": [4975.92919921875, -7.56982926455917e-15]}, 53826], [0.0775516441986681, {"__complex__": [4704.03955078125, 7.561400439701042e-15]}, 61584], [0.08254999402587553, {"__complex__": [1825.308349609375, 1.3330507115099244e-14]}, 69864], [0.08754547074829418, {"__complex__": [-104.0542984008789, 2.227220279949274e-14]}, 78404], [0.09254370656486871, {"__complex__": [1824.9251708984375, 1.5892514965165118e-14]}, 87902], [0.09754153604884025, {"__complex__": [2502.664306640625, 7.178007916785328e-15]}, 97310], [0.10253422913940137, {"__complex__": [-824.4076538085938, 8.105712281936128e-15]}, 107716], [0.1075359850070505, {"__complex__": [2950.28271484375, -1.5698124291902045e-14]}, 118654], [0.11253957840084304, {"__complex__": [1397.1544189453125, -1.3441842819752244e-14]}, 129910], [0.11753653834673844, {"__complex__": [2561.42578125, -6.587557766396827e-15]}, 141376], [0.12253336603812491, {"__complex__": [515.409423828125, -2.6465245857846707e-15]}, 153958], [0.12753369323485178, {"__complex__": [-64.66378784179688, 8.379322558624107e-15]}, 166718], [0.1325298054599073, {"__complex__": [-599.767333984375, -1.0359193463162306e-14]}, 179806], [0.13753126919241337, {"__complex__": [1117.736572265625, -7.190495723526698e-15]}, 194282], [0.14252978867508304, {"__complex__": [135.41213989257812, 7.844169683647682e-15]}, 207774], [0.14752584639061916, {"__complex__": [700.54248046875, 4.171134551173234e-15]}, 223278], [0.1525273402624495, {"__complex__": [-2222.087646484375, 0.0]}, 238496], [0.15752777994300757, {"__complex__": [576.5828857421875, -1.830113150123034e-15]}, 254444], [0.16252677921627748, {"__complex__": [619.8477783203125, 9.461793395765423e-15]}, 270682], [0.16752582095517576, {"__complex__": [156.6977996826172, -8.092545895924889e-16]}, 287710], [0.1725259295419247, {"__complex__": [-95.12853240966797, 5.340117521898842e-15]}, 305202], [0.17752572093623975, {"__complex__": [256.050048828125, 5.766560494358756e-15]}, 323008], [0.18252702152554795, {"__complex__": [-323.43658447265625, 0.0]}, 341812], [0.18752508561671835, {"__complex__": [94.80545806884766, 5.173726793256681e-15]}, 360020], [0.19252006361125312, {"__complex__": [-223.54026794433594, 3.0657554962151877e-15]}, 379728], [0.19751626124600596, {"__complex__": [-560.0042114257812, -2.3302871642678826e-15]}, 399660], [0.20251335405021748, {"__complex__": [115.02799224853516, 5.539366352630892e-15]}, 420320], [0.20751594275294782, {"__complex__": [-966.2188110351562, -5.003486299869249e-15]}, 442070], [0.21251689533718626, {"__complex__": [-491.61248779296875, -4.0260873587359865e-15]}, 462644], [0.21751895130525958, {"__complex__": [-75.22152709960938, 0.0]}, 485820], [0.22252064263763735, {"__complex__": [153.921875, 0.0]}, 507304], [0.22751949683857262, {"__complex__": [-94.30791473388672, -8.773216807778116e-16]}, 530776], [0.23252062744923513, {"__complex__": [680.8229370117188, -1.2596243899277645e-15]}, 554524], [0.23751988845699762, {"__complex__": [-880.85693359375, -1.2084468710128965e-15]}, 578008], [0.24251952417933192, {"__complex__": [-1724.4876708984375, 7.718927603824898e-16]}, 603272], [0.24751886354741093, {"__complex__": [-622.384765625, -2.967186060384968e-15]}, 627748], [0.2525158523431189, {"__complex__": [172.7644500732422, -2.1383365811676125e-15]}, 653304], [0.2575140585584922, {"__complex__": [-339.2568054199219, 2.7396031305343144e-15]}, 679896], [0.2625126084722789, {"__complex__": [-1083.3701171875, 6.594909588862521e-16]}, 706092], [0.26751303339828036, {"__complex__": [-482.3858642578125, 4.756447446736638e-15]}, 734258], [0.2725141980302592, {"__complex__": [617.7344360351562, -5.505789119568784e-15]}, 761190], [0.27751499291909654, {"__complex__": [292.6207275390625, 2.9473502428261668e-15]}, 789966], [0.2825156597003922, {"__complex__": [-295.7695007324219, 2.2763821992628558e-15]}, 818248], [0.2875141801620819, {"__complex__": [293.0363464355469, -1.5118444377196119e-15]}, 847024], [0.29251195304227423, {"__complex__": [101.32147216796875, 7.964523748090098e-16]}, 877004], [0.2975142527009851, {"__complex__": [-525.1168823242188, 1.0250061102963352e-15]}, 908602], [0.30251615798691667, {"__complex__": [66.86173248291016, 1.4896362926337882e-15]}, 937802], [0.30751506635382575, {"__complex__": [644.093017578125, 5.882556997804022e-15]}, 969706], [0.31251223811931306, {"__complex__": [-15.401998519897461, 9.313635474829385e-16]}, 999956], [0.3175098816792195, {"__complex__": [-603.9237670898438, 4.052909504043741e-15]}, 1034060], [0.3225110492752749, {"__complex__": [-144.52195739746094, 4.3667235113588755e-16]}, 1066386], [0.3275123331358606, {"__complex__": [-215.08033752441406, -1.481275230411441e-15]}, 1100278], [0.3325123291547583, {"__complex__": [-518.468017578125, 3.904244633888771e-15]}, 1133070], [0.3375117534479973, {"__complex__": [747.412841796875, -2.790582443739525e-15]}, 1168082], [0.3425129583700723, {"__complex__": [685.4088134765625, -7.740007077508505e-16]}, 1203258], [0.3475132726509487, {"__complex__": [163.2633056640625, 5.64258250533063e-16]}, 1237894], [0.35251300538197095, {"__complex__": [35.42102813720703, -3.2892807147320196e-15]}, 1274124], [0.3575125695577228, {"__complex__": [-26.725318908691406, -1.4216038768597437e-15]}, 1310242], [0.36251151779301266, {"__complex__": [-390.24139404296875, -5.185868692918216e-16]}, 1346914], [0.3675115630015573, {"__complex__": [221.7496795654297, -1.3445672890981491e-15]}, 1385312], [0.3725118957087531, {"__complex__": [195.0639190673828, 1.3095914987610062e-15]}, 1422310], [0.37751124096797295, {"__complex__": 