{"edges": {"__dtype__": "<f8", "__shape__": [128], "__data__": [0.0, 0.005, 0.01, 0.015, 0.02, 0.025, 0.03, 0.035, 0.04, 0.045, 0.05, 0.055, 0.06, 0.065, 0.07, 0.075, 0.08, 0.085, 0.09, 0.095, 0.1, 0.105, 0.11, 0.115, 0.12, 0.125, 0.13, 0.135, 0.14, 0.145, 0.15, 0.155, 0.16, 0.165, 0.17, 0.17500000000000002, 0.18, 0.185, 0.19, 0.195, 0.2, 0.20500000000000002, 0.21, 0.215, 0.22, 0.225, 0.23, 0.23500000000000001, 0.24, 0.245, 0.25, 0.255, 0.26, 0.265, 0.27, 0.275, 0.28, 0.28500000000000003, 0.29, 0.295, 0.3, 0.305, 0.31, 0.315, 0.32, 0.325, 0.33, 0.335, 0.34, 0.34500000000000003, 0.35000000000000003, 0.355, 0.36, 0.365, 0.37, 0.375, 0.38, 0.385, 0.39, 0.395, 0.4, 0.405, 0.41000000000000003, 0.41500000000000004, 0.42, 0.425, 0.43, 0.435, 0.44, 0.445, 0.45, 0.455, 0.46, 0.465, 0.47000000000000003, 0.47500000000000003, 0.48, 0.485, 0.49, 0.495, 0.5, 0.505, 0.51, 0.515, 0.52, 0.525, 0.53, 0.535, 0.54, 0.545, 0.55, 0.555, 0.56, 0.5650000000000001, 0.5700000000000001, 0.5750000000000001, 0.58, 0.585, 0.59, 0.595, 0.6, 0.605, 0.61, 0.615, 0.62, 0.625, 0.63, 0.635]}, "poles": {"__dtype__": [["k", "<f8"], ["power_0", "<c8"], ["modes", "<i8"]], "__shape__": [127], "__data__": [[0.0037537781648676505, {"__complex__": [103750.28125, 3.189137322279212e-13]}, 77], [0.008050398333474014, {"__complex__": [98459.59375, -7.924885655477207e-14]}, 548], [0.012848609532355457, {"__complex__": [92764.6328125, 3.0385304596860715e-14]}, 1480], [0.017751579213119567, {"__complex__": [111731.8203125, 2.7709187009239584e-14]}, 2872], [0.022691827324042853, {"__complex__": [105056.5859375, -8.101627889064468e-15]}, 4736], [0.027648005536595924, {"__complex__": [103448.296875, -1.0615726708600691e-14]}, 7036], [0.032612636555868525, {"__complex__": [98265.5703125, 2.76402414919484e-15]}, 9838], [0.03761114292794433, {"__complex__": [99151.1796875, -4.1288729540007237e-16]}, 13208], [0.04261303922036164, {"__complex__": [94508.953125, -6.788469322804337e-15]}, 16858], [0.04760505554480107, {"__complex__": [91627.34375, 2.452181293427085e-16]}, 21080], [0.05259133615803475, {"__complex__": [92021.7578125, -3.854619514607983e-15]}, 25624], [0.05756841184374016, {"__complex__": [91271.609375, 3.1055027290233326e-15]}, 30728], [0.06256248327880025, {"__complex__": [90624.8359375, 2.4042968996447986e-17]}, 36498], [0.06756661487904435, {"__complex__": [88223.0, -2.4906921228300344e-15]}, 42528], [0.07257304507008182, {"__complex__": [87225.5078125, 4.568249854867415e-15]}, 49152], [0.07756473030387098, {"__complex__": [85488.296875, -3.220666599081448e-15]}, 55744], [0.08254764044823601, {"__complex__": [83945.5703125, -7.838336485377297e-16]}, 63346], [0.08754405971893497, {"__complex__": [83409.390625, -1.4494671315387923e-15]}, 71388], [0.09254365223263855, {"__complex__": [82529.7109375, 2.2782941643830455e-15]}, 79762], [0.09754150838846357, {"__complex__": [81756.171875, 1.6400369450559195e-15]}, 88564], [0.10254123052801507, {"__complex__": [79792.4921875, 1.7711359665413914e-17]}, 97988], [0.10754181638082774, {"__complex__": [79275.25, 9.66187189526931e-16]}, 107708], [0.11254085353408888, {"__complex__": [78871.4140625, -3.2574774862988176e-16]}, 117952], [0.11753281793039293, {"__complex__": [78337.59375, -2.886676902237427e-16]}, 128288], [0.12252442444514552, {"__complex__": [78017.9765625, 3.724033027464939e-16]}, 139770], [0.12753052839909865, {"__complex__": [77796.671875, -6.876008589716293e-16]}, 151946], [0.13253665927256145, {"__complex__": [78450.9609375, 3.115264889619557e-16]}, 163582], [0.13753197887556465, {"__complex__": [78210.53125, 9.256561336052206e-16]}, 175940], [0.1425260716253757, {"__complex__": [78033.75, 2.387636588752919e-16]}, 189064], [0.14752506711896965, {"__complex__": [77515.234375, 4.549164614378999e-16]}, 202824], [0.1525272624752809, {"__complex__": [77034.109375, -1.0829085943563695e-16]}, 216806], [0.15752484634575162, {"__complex__": [76589.6640625, 4.0403431879360724e-16]}, 230876], [0.16252366735405163, {"__complex__": [76856.84375, -1.0484337710679682e-15]}, 246232], [0.1675242007800524, {"__complex__": [76508.0859375, 6.114302565194839e-16]}, 261330], [0.17252326579974073, {"__complex__": [75967.6953125, -6.848019444765459e-16]}, 277280], [0.17752110470595878, {"__complex__": [75591.5703125, 2.103140588733963e-16]}, 293320], [0.1825207522633753, {"__complex__": [76076.90625, -1.0204558294513504e-17]}, 310574], [0.18752231962759572, {"__complex__": [75472.96875, 7.794792109745729e-16]}, 327560], [0.19252167162300435, {"__complex__": [75179.2109375, 1.8866216297101248e-17]}, 345268], [0.19752225984779248, {"__complex__": [75473.03125, 2.2777491516210466e-16]}, 363544], [0.20251992290984697, {"__complex__": [75333.640625, -8.534574274614282e-17]}, 381660], [0.20751551078768798, {"__complex__": [75146.109375, 7.958407243768636e-17]}, 400854], [0.21251512379553542, {"__complex__": [75060.0, 1.2242700552725377e-16]}, 421010], [0.21751870975885984, {"__complex__": [75001.859375, 1.0706620861258484e-16]}, 441160], [0.2225209082741387, {"__complex__": [75096.46875, 2.9266050737735325e-19]}, 461296], [0.22752039891934017, {"__complex__": [74685.5859375, 6.208510628379646e-17]}, 482192], [0.23252118259031918, {"__complex__": [74055.7265625, 3.305964034479818e-16]}, 503860], [0.23751936566507853, {"__complex__": [74450.859375, -2.8648448927197433e-16]}, 525024], [0.24251707186595864, {"__complex__": [74566.140625, 1.7724455588871853e-16]}, 547954], [0.24751627666670906, {"__complex__": [74430.6875, 8.641597549244353e-17]}, 570544], [0.2525167544702008, {"__complex__": [73765.3828125, 3.280288282091723e-17]}, 594374], [0.25751857595461863, {"__complex__": [74286.3828125, -5.540402803320976e-16]}, 617900], [0.2625190906945416, {"__complex__": [73897.6640625, -1.520111267526577e-16]}, 642106], [0.2675172479110602, {"__complex__": [73848.375, 1.176038555825709e-18]}, 666112], [0.272514629608296, {"__complex__": [73797.578125, 1.9821621816000815e-16]}, 691786], [0.27751615229387816, {"__complex__": [73831.1640625, 9.035348093964905e-17]}, 717996], [0.28251644607381426, {"__complex__": [73638.875, -4.12712938961836e-16]}, 743152], [0.2875152531419474, {"__complex__": [73676.75, -2.475739397272595e-16]}, 770192], [0.2925134012698469, {"__complex__": [73563.375, 2.772386151094363e-17]}, 796430], [0.2975118362281548, {"__complex__": [73816.6015625, -2.9261690193097705e-16]}, 824820], [0.3025125080826814, {"__complex__": [73734.765625, 2.1199290464463393e-16]}, 852562], [0.30751063191170563, {"__complex__": [73751.390625, -2.7406481574329894e-16]}, 880372], [0.3125111278203564, {"__complex__": [73917.9296875, -1.2839521290849737e-16]}, 910652], [0.31751269361539736, {"__complex__": [73755.734375, -1.7757401200053105e-16]}, 938996], [0.3225130904459611, {"__complex__": [73712.53125, 7.788667796839284e-17]}, 969352], [0.32751158760760724, {"__complex__": [73770.9140625, -1.7761451076332165e-16]}, 998344], [0.3325089848249692, {"__complex__": [73332.3125, -1.7147454098224264e-16]}, 1029922], [0.33751027924368393, {"__complex__": [73322.2578125, 1.2741158266360851e-16]}, 1061918], [0.34251253316973607, {"__complex__": [73338.2890625, 2.2425382567014813e-16]}, 1093272], [0.34751415893089227, {"__complex__": [73248.4453125, 8.095940248112113e-17]}, 1125464], [0.352514235068077, {"__complex__": [73643.875, -1.5174653483575914e-16]}, 1157380], [0.357512374484406, {"__complex__": [73462.8984375, -3.169088737984994e-17]}, 1190172], [0.3625118834929162, {"__complex__": [73216.09375, -1.775138461914964e-16]}, 1224650], [0.3675116774700016, {"__complex__": [73321.328125, -3.02847398955139e-17]}, 1257864], [0.3725098709245497, {"__complex__": [73307.7421875, -2.1009523320542908e-16]}, 1292312], [0.37751067052804127, {"__complex__": [73024.109375, -2.413156103266915e-16]}, 1328534], [0.3825116981355865, {"__complex__": [72871.7265625, 3.549362525293587e-18]}, 1362848], [0.3875116125361288, {"__complex__": [73171.5, -2.539394717352144e-16]}, 1399204], 