{"edges": {"__dtype__": "<f8", "__shape__": [128], "__data__": [0.0, 0.005, 0.01, 0.015, 0.02, 0.025, 0.03, 0.035, 0.04, 0.045, 0.05, 0.055, 0.06, 0.065, 0.07, 0.075, 0.08, 0.085, 0.09, 0.095, 0.1, 0.105, 0.11, 0.115, 0.12, 0.125, 0.13, 0.135, 0.14, 0.145, 0.15, 0.155, 0.16, 0.165, 0.17, 0.17500000000000002, 0.18, 0.185, 0.19, 0.195, 0.2, 0.20500000000000002, 0.21, 0.215, 0.22, 0.225, 0.23, 0.23500000000000001, 0.24, 0.245, 0.25, 0.255, 0.26, 0.265, 0.27, 0.275, 0.28, 0.28500000000000003, 0.29, 0.295, 0.3, 0.305, 0.31, 0.315, 0.32, 0.325, 0.33, 0.335, 0.34, 0.34500000000000003, 0.35000000000000003, 0.355, 0.36, 0.365, 0.37, 0.375, 0.38, 0.385, 0.39, 0.395, 0.4, 0.405, 0.41000000000000003, 0.41500000000000004, 0.42, 0.425, 0.43, 0.435, 0.44, 0.445, 0.45, 0.455, 0.46, 0.465, 0.47000000000000003, 0.47500000000000003, 0.48, 0.485, 0.49, 0.495, 0.5, 0.505, 0.51, 0.515, 0.52, 0.525, 0.53, 0.535, 0.54, 0.545, 0.55, 0.555, 0.56, 0.5650000000000001, 0.5700000000000001, 0.5750000000000001, 0.58, 0.585, 0.59, 0.595, 0.6, 0.605, 0.61, 0.615, 0.62, 0.625, 0.63, 0.635]}, "poles": {"__dtype__": [["k", "<f8"], ["power_0", "<c8"], ["modes", "<i8"]], "__shape__": [127], "__data__": [[0.0037537781648676505, {"__complex__": [64209.8359375, -1.7008731662687682e-12]}, 77], [0.008050398333474014, {"__complex__": [105390.046875, 3.717642513278996e-13]}, 548], [0.012848609532355457, {"__complex__": [127144.5625, 3.9329501569547454e-14]}, 1480], [0.017751579213119567, {"__complex__": [120676.8046875, 4.3067993290603346e-14]}, 2872], [0.022691827324042853, {"__complex__": [120322.796875, -1.229046924048358e-14]}, 4736], [0.027648005536595924, {"__complex__": [110785.0078125, -1.1581968023532951e-13]}, 7036], [0.032612636555868525, {"__complex__": [102199.7109375, -1.1833230691160341e-14]}, 9838], [0.03761114292794433, {"__complex__": [101832.765625, 8.814000385397227e-15]}, 13208], [0.04261303922036164, {"__complex__": [105521.3984375, -5.17923208389736e-15]}, 16858], [0.04760505554480107, {"__complex__": [103123.921875, 6.21286723646473e-15]}, 21080], [0.05259133615803475, {"__complex__": [99381.203125, -2.9530892298569936e-14]}, 25624], [0.05756841184374016, {"__complex__": [98375.7421875, 1.8942873308223354e-15]}, 30728], [0.06256248327880025, {"__complex__": [96280.6015625, -8.37279362866667e-15]}, 36498], [0.06756661487904435, {"__complex__": [94592.3359375, -6.843451501960035e-15]}, 42528], [0.07257304507008182, {"__complex__": [94287.2578125, -1.1842378646990687e-14]}, 49152], [0.07756473030387098, {"__complex__": [90436.7890625, -1.5140840987112707e-14]}, 55744], [0.08254764044823601, {"__complex__": [87352.2265625, -1.2864384037192256e-14]}, 63346], [0.08754405971893497, {"__complex__": [88095.8515625, -9.784444339000584e-15]}, 71388], [0.09254365223263855, {"__complex__": [88797.5078125, -1.4595335887213176e-15]}, 79762], [0.09754150838846357, {"__complex__": [87028.65625, 2.6289535225685907e-15]}, 88564], [0.10254123052801507, {"__complex__": [87932.296875, 1.3068626550664843e-14]}, 97988], [0.10754181638082774, {"__complex__": [84580.75, 4.593578257572686e-15]}, 107708], [0.11254085353408888, {"__complex__": [86136.0703125, -6.415317851737401e-15]}, 117952], [0.11753281793039293, {"__complex__": [85202.9765625, 6.352170698486646e-15]}, 128288], [0.12252442444514552, {"__complex__": [83806.8046875, 8.329063435182299e-16]}, 139770], [0.12753052839909865, {"__complex__": [83034.75, 1.532324953230392e-15]}, 151946], [0.13253665927256145, {"__complex__": [82526.40625, -1.423326741874459e-15]}, 163582], [0.13753197887556465, {"__complex__": [84505.28125, -1.48877157787376e-15]}, 175940], [0.1425260716253757, {"__complex__": [83565.4375, -6.46532837100919e-15]}, 189064], [0.14752506711896965, {"__complex__": [82402.0859375, -2.869860651256469e-16]}, 202824], [0.1525272624752809, {"__complex__": [83129.0703125, -5.503800709725105e-15]}, 216806], [0.15752484634575162, {"__complex__": [82124.109375, -4.538098023044003e-15]}, 230876], [0.16252366735405163, {"__complex__": [81381.296875, -7.091807173688271e-16]}, 246232], [0.1675242007800524, {"__complex__": [81822.4375, -2.2273623379624405e-16]}, 261330], [0.17252326579974073, {"__complex__": [81589.578125, -1.049618770161177e-15]}, 277280], [0.17752110470595878, {"__complex__": [80492.625, -4.961105853386327e-15]}, 293320], [0.1825207522633753, {"__complex__": [82002.8828125, 5.997427794462388e-15]}, 310574], [0.18752231962759572, {"__complex__": [81660.3203125, -8.885037862309893e-16]}, 327560], [0.19252167162300435, {"__complex__": [81052.234375, 4.214672494648358e-17]}, 345268], [0.19752225984779248, {"__complex__": [80523.6953125, 6.40446958314456e-16]}, 363544], [0.20251992290984697, {"__complex__": [80975.0234375, 2.4401890538994176e-15]}, 381660], [0.20751551078768798, {"__complex__": [80974.5390625, 2.6137643160001897e-15]}, 400854], [0.21251512379553542, {"__complex__": [80844.734375, 2.3503722212714134e-15]}, 421010], [0.21751870975885984, {"__complex__": [80552.7421875, 1.5833074428091547e-15]}, 441160], [0.2225209082741387, {"__complex__": [80255.15625, -4.416400934924156e-16]}, 461296], [0.22752039891934017, {"__complex__": [80557.5859375, -4.828588078183984e-16]}, 482192], [0.23252118259031918, {"__complex__": [79723.734375, -1.1552347789587237e-15]}, 503860], [0.23751936566507853, {"__complex__": [79761.4375, -1.5521333480975259e-15]}, 525024], [0.24251707186595864, {"__complex__": [79748.7734375, 2.1245456142368916e-15]}, 547954], [0.24751627666670906, {"__complex__": [79510.5859375, -2.4485119996391384e-15]}, 570544], [0.2525167544702008, {"__complex__": [79295.84375, 3.3296551754376062e-15]}, 594374], [0.25751857595461863, {"__complex__": [79149.5859375, 1.8840479730394518e-15]}, 617900], [0.2625190906945416, {"__complex__": [79578.4921875, -1.8130234663187906e-16]}, 642106], [0.2675172479110602, {"__complex__": [79711.453125, -1.7476839271027451e-15]}, 666112], [0.272514629608296, {"__complex__": [79721.2578125, -1.0096936604341088e-15]}, 691786], [0.27751615229387816, {"__complex__": [79657.5, -6.485569282075015e-16]}, 717996], [0.28251644607381426, {"__complex__": [79324.9296875, -7.049284002153737e-16]}, 743152], [0.2875152531419474, {"__complex__": [79171.3515625, 1.5115104420405977e-16]}, 770192], [0.2925134012698469, {"__complex__": [79595.2734375, -4.3851433015881043e-16]}, 796430], [0.2975118362281548, {"__complex__": [79350.7109375, -2.46995469163844e-16]}, 824820], [0.3025125080826814, {"__complex__": [79207.46875, 4.096428945142924e-16]}, 852562], [0.30751063191170563, {"__complex__": [79636.7890625, 1.3223424415813968e-16]}, 880372], [0.3125111278203564, {"__complex__": [79439.46875, 2.55674671667224e-16]}, 910652], [0.31751269361539736, {"__complex__": [79172.09375, 2.1076346014449595e-15]}, 938996], [0.3225130904459611, {"__complex__": [78836.9453125, 1.200960264429471e-15]}, 969352], [0.32751158760760724, {"__complex__": [78792.109375, -2.332168636201971e-16]}, 998344], [0.3325089848249692, {"__complex__": [78908.078125, 1.6954971154916644e-16]}, 1029922], [0.33751027924368393, {"__complex__": [79505.9609375, 4.1110278226866477e-16]}, 1061918], [0.34251253316973607, {"__complex__": [79163.0390625, -1.064834022992706e-15]}, 1093272], [0.34751415893089227, {"__complex__": [79145.2890625, -3.5168793146921973e-15]}, 1125464], [0.352514235068077, {"__complex__": [78891.9765625, -1.810533983547251e-15]}, 1157380], [0.357512374484406, {"__complex__": [78770.7421875, -1.6628356838642162e-15]}, 1190172], [0.3625118834929162, {"__complex__": [79063.5, -9.506007245062677e-16]}, 1224650], [0.3675116774700016, {"__complex__": [78996.0, -1.851000135569378e-15]}, 1257864], [0.3725098709245497, {"__complex__": [78999.2421875, 0.0]}, 1292312], [0.37751067052804127, {"__complex__": [79138.4453125, -4.81947982702304e-16]}, 1328534], [0.3825116981355865, {"__complex__": [78970.3828125, 0.0]}, 1362848], [0.3875116125361288, {"__complex__": [78814.484375, -9.88013110995306e-16]}, 1399204], [0.3925104655048909, 