{"edges": {"__dtype__": "<f8", "__shape__": [116], "__data__": [0.0, 0.005, 0.01, 0.015, 0.02, 0.025, 0.03, 0.035, 0.04, 0.045, 0.05, 0.055, 0.06, 0.065, 0.07, 0.075, 0.08, 0.085, 0.09, 0.095, 0.1, 0.105, 0.11, 0.115, 0.12, 0.125, 0.13, 0.135, 0.14, 0.145, 0.15, 0.155, 0.16, 0.165, 0.17, 0.17500000000000002, 0.18, 0.185, 0.19, 0.195, 0.2, 0.20500000000000002, 0.21, 0.215, 0.22, 0.225, 0.23, 0.23500000000000001, 0.24, 0.245, 0.25, 0.255, 0.26, 0.265, 0.27, 0.275, 0.28, 0.28500000000000003, 0.29, 0.295, 0.3, 0.305, 0.31, 0.315, 0.32, 0.325, 0.33, 0.335, 0.34, 0.34500000000000003, 0.35000000000000003, 0.355, 0.36, 0.365, 0.37, 0.375, 0.38, 0.385, 0.39, 0.395, 0.4, 0.405, 0.41000000000000003, 0.41500000000000004, 0.42, 0.425, 0.43, 0.435, 0.44, 0.445, 0.45, 0.455, 0.46, 0.465, 0.47000000000000003, 0.47500000000000003, 0.48, 0.485, 0.49, 0.495, 0.5, 0.505, 0.51, 0.515, 0.52, 0.525, 0.53, 0.535, 0.54, 0.545, 0.55, 0.555, 0.56, 0.5650000000000001, 0.5700000000000001, 0.5750000000000001]}, "poles": {"__dtype__": [["k", "<f8"], ["power_0", "<c8"], ["modes", "<i8"]], "__shape__": [115], "__data__": [[0.0037054420134658554, {"__complex__": [131427.4375, -4.287226498290997e-13]}, 83], [0.008002706039259398, {"__complex__": [102626.09375, 1.2780232160915488e-14]}, 596], [0.012849701484846114, {"__complex__": [100002.8046875, -3.9321298055453296e-15]}, 1648], [0.0177641384261076, {"__complex__": [102420.9765625, -6.0382624058165704e-15]}, 3156], [0.022684229681789413, {"__complex__": [110622.2265625, 2.4306848783631034e-14]}, 5176], [0.027646384376179004, {"__complex__": [97578.171875, -1.9939628222750798e-14]}, 7804], [0.032636129245414154, {"__complex__": [93595.5625, 5.61429404011206e-15]}, 10874], [0.037622935176432226, {"__complex__": [88124.4921875, 7.308622197196954e-16]}, 14442], [0.0426065943302704, {"__complex__": [87181.390625, 4.572318154113077e-15]}, 18544], [0.047584168879418735, {"__complex__": [83079.5234375, 6.537983151455519e-16]}, 23040], [0.052572163944886785, {"__complex__": [84506.71875, -1.0956475993061598e-15]}, 28366], [0.05756591012932392, {"__complex__": [81256.703125, -1.0115117107762717e-15]}, 33818], [0.06255885577973451, {"__complex__": [82331.796875, -3.55970762984598e-15]}, 40130], [0.06756290621144688, {"__complex__": [81822.53125, -1.8014065682658755e-15]}, 46838], [0.07256050504780319, {"__complex__": [80409.6328125, -2.8440981441657292e-16]}, 53826], [0.0775516441986681, {"__complex__": [78890.0546875, -2.598315705591692e-15]}, 61584], [0.08254999402587553, {"__complex__": [77928.2578125, 7.608715911892904e-16]}, 69864], [0.08754547074829418, {"__complex__": [75309.2421875, 3.3848746826372126e-16]}, 78404], [0.09254370656486871, {"__complex__": [74415.7890625, 8.7376985987173755e-16]}, 87902], [0.09754153604884025, {"__complex__": [74479.0, 3.9298085646929384e-16]}, 97310], [0.10253422913940137, {"__complex__": [73458.3984375, -5.886008657064084e-16]}, 107716], [0.1075359850070505, {"__complex__": [72441.1171875, 1.506790827398056e-15]}, 118654], [0.11253957840084304, {"__complex__": [72106.515625, -9.93751759212954e-16]}, 129910], [0.11753653834673844, {"__complex__": [71239.1484375, 1.3489537021550647e-16]}, 141376], [0.12253336603812491, {"__complex__": [71270.453125, 5.80300286930451e-17]}, 153958], [0.12753369323485178, {"__complex__": [71200.671875, -1.0049663430857029e-16]}, 166718], [0.1325298054599073, {"__complex__": [71021.71875, 3.9853082809794083e-16]}, 179806], [0.13753126919241337, {"__complex__": [71110.953125, -7.902914674322658e-17]}, 194282], [0.14252978867508304, {"__complex__": [70621.3046875, -3.974647047849233e-16]}, 207774], [0.14752584639061916, {"__complex__": [69684.09375, -6.01268137553478e-16]}, 223278], [0.1525273402624495, {"__complex__": [69996.40625, -3.5964566307186403e-16]}, 238496], [0.15752777994300757, {"__complex__": [70214.8046875, -4.537932428102815e-16]}, 254444], [0.16252677921627748, {"__complex__": [69713.78125, -5.435344248081841e-16]}, 270682], [0.16752582095517576, {"__complex__": [68757.9296875, -2.1804686087689723e-16]}, 287710], [0.1725259295419247, {"__complex__": [68729.390625, -1.2181817412663514e-16]}, 305202], [0.17752572093623975, {"__complex__": [68444.828125, -2.974052122690301e-17]}, 323008], [0.18252702152554795, {"__complex__": [68180.734375, 5.758769485309911e-16]}, 341812], [0.18752508561671835, {"__complex__": [67996.2109375, 1.9880153116145068e-16]}, 360020], [0.19252006361125312, {"__complex__": [67891.203125, 4.2506829092607925e-16]}, 379728], [0.19751626124600596, {"__complex__": [68067.2265625, 3.609883161723805e-16]}, 399660], [0.20251335405021748, {"__complex__": [67659.421875, -1.2827048730701418e-16]}, 420320], [0.20751594275294782, {"__complex__": [67379.5625, 1.1411687116086024e-16]}, 442070], [0.21251689533718626, {"__complex__": [67086.6328125, 9.509094283108725e-17]}, 462644], [0.21751895130525958, {"__complex__": [67045.390625, 1.1667236956272646e-16]}, 485820], [0.22252064263763735, {"__complex__": [67619.5234375, -5.914932979328246e-17]}, 507304], [0.22751949683857262, {"__complex__": [67388.90625, 2.2051515458986566e-16]}, 530776], [0.23252062744923513, {"__complex__": [67043.6640625, -3.081853675015111e-16]}, 554524], [0.23751988845699762, {"__complex__": [67078.7890625, 1.9668577520810744e-16]}, 578008], [0.24251952417933192, {"__complex__": [67390.8828125, -7.723521037028078e-17]}, 603272], [0.24751886354741093, {"__complex__": [66914.71875, -3.780942656561893e-17]}, 627748], [0.2525158523431189, {"__complex__": [67408.125, 2.4789414465110123e-16]}, 653304], [0.2575140585584922, {"__complex__": [67225.9296875, 1.7168240816145476e-16]}, 679896], [0.2625126084722789, {"__complex__": [66647.6484375, 3.9600550524482054e-17]}, 706092], [0.26751303339828036, {"__complex__": [66691.671875, 1.96956481644094e-16]}, 734258], [0.2725141980302592, {"__complex__": [66800.65625, 1.6244707558864312e-16]}, 761190], [0.27751499291909654, {"__complex__": [66737.125, -2.838855539617817e-16]}, 789966], [0.2825156597003922, {"__complex__": [66406.9921875, 3.8006831564443486e-18]}, 818248], [0.2875141801620819, {"__complex__": [66728.609375, -3.3079736201471787e-16]}, 847024], [0.29251195304227423, {"__complex__": [66562.125, -5.536658322124071e-17]}, 877004], [0.2975142527009851, {"__complex__": [66641.5546875, -1.0603498570397213e-16]}, 908602], [0.30251615798691667, {"__complex__": [66288.4609375, -2.145274654508352e-16]}, 937802], [0.30751506635382575, {"__complex__": [66898.3828125, -2.337991425231528e-17]}, 969706], [0.31251223811931306, {"__complex__": [66738.78125, -1.6721338292240227e-16]}, 999956], [0.3175098816792195, {"__complex__": [66528.40625, 2.776579559753313e-16]}, 1034060], [0.3225110492752749, {"__complex__": [66401.96875, -2.5742040657151513e-16]}, 1066386], [0.3275123331358606, {"__complex__": [66553.15625, 1.6102551607513399e-16]}, 1100278], [0.3325123291547583, {"__complex__": [66490.921875, -6.894206298494664e-17]}, 1133070], [0.3375117534479973, {"__complex__": [66547.9765625, -1.6068903223683722e-16]}, 1168082], [0.3425129583700723, {"__complex__": [66161.3203125, -1.5961472976192275e-16]}, 1203258], [0.3475132726509487, {"__complex__": [66456.8828125, 8.082506173219761e-17]}, 1237894], [0.35251300538197095, {"__complex__": [66167.3671875, -3.1250433556000157e-17]}, 1274124], [0.3575125695577228, {"__complex__": [66444.5625, -3.492811495535787e-17]}, 1310242], [0.36251151779301266, {"__complex__": [66370.1796875, 2.1309466951588516e-16]}, 1346914], [0.3675115630015573, {"__complex__": [66422.359375, 1.7496443583893856e-16]}, 1385312], [0.3725118957087531, {"__complex__": [66265.203125, 1.0790073458897734e-16]}, 1422310], [0.37751124096797295, {"__complex__": [66313.71875, 1.689120512498391e-17]}, 1461198], [0.3825103314725004, {"__complex__": [66073.40625, -1.0337042022961834e-17]}, 1499520], [0.38750966779422413, {"__complex__": [66157.453125, 1.688003520886424e-16]}, 1539692], [0.3925103292814964, {"__complex__": [66326.78125, 