{"edges": {"__dtype__": "<f8", "__shape__": [117], "__data__": [0.0, 0.005, 0.01, 0.015, 0.02, 0.025, 0.03, 0.035, 0.04, 0.045, 0.05, 0.055, 0.06, 0.065, 0.07, 0.075, 0.08, 0.085, 0.09, 0.095, 0.1, 0.105, 0.11, 0.115, 0.12, 0.125, 0.13, 0.135, 0.14, 0.145, 0.15, 0.155, 0.16, 0.165, 0.17, 0.17500000000000002, 0.18, 0.185, 0.19, 0.195, 0.2, 0.20500000000000002, 0.21, 0.215, 0.22, 0.225, 0.23, 0.23500000000000001, 0.24, 0.245, 0.25, 0.255, 0.26, 0.265, 0.27, 0.275, 0.28, 0.28500000000000003, 0.29, 0.295, 0.3, 0.305, 0.31, 0.315, 0.32, 0.325, 0.33, 0.335, 0.34, 0.34500000000000003, 0.35000000000000003, 0.355, 0.36, 0.365, 0.37, 0.375, 0.38, 0.385, 0.39, 0.395, 0.4, 0.405, 0.41000000000000003, 0.41500000000000004, 0.42, 0.425, 0.43, 0.435, 0.44, 0.445, 0.45, 0.455, 0.46, 0.465, 0.47000000000000003, 0.47500000000000003, 0.48, 0.485, 0.49, 0.495, 0.5, 0.505, 0.51, 0.515, 0.52, 0.525, 0.53, 0.535, 0.54, 0.545, 0.55, 0.555, 0.56, 0.5650000000000001, 0.5700000000000001, 0.5750000000000001, 0.58]}, "poles": {"__dtype__": [["k", "<f8"], ["power_0", "<c8"], ["modes", "<i8"]], "__shape__": [116], "__data__": [[0.003714445201365883, {"__complex__": [110453.5234375, 3.506485466570064e-13]}, 83], [0.008021671171831404, {"__complex__": [111597.09375, 1.9532772209569782e-13]}, 596], [0.012869856176080137, {"__complex__": [105623.8671875, -3.0168605786272396e-13]}, 1640], [0.01776494458198203, {"__complex__": [105126.4765625, 6.538087400035503e-14]}, 3116], [0.022668178723274406, {"__complex__": [105269.5546875, -5.679904365173431e-15]}, 5124], [0.02764551362176624, {"__complex__": [99541.53125, -1.4932699580983907e-14]}, 7796], [0.03263971074655602, {"__complex__": [103467.796875, -1.622287136712145e-14]}, 10764], [0.0376273384467969, {"__complex__": [99461.21875, -8.093389646619473e-15]}, 14384], [0.04261676244175532, {"__complex__": [94189.25, 2.6866047025410865e-14]}, 18416], [0.047586900964562084, {"__complex__": [91338.65625, 2.5498361560204186e-14]}, 22828], [0.05257435200472702, {"__complex__": [90063.3671875, 2.0636623682959102e-15]}, 28206], [0.0575706028180323, {"__complex__": [89982.8671875, -2.2532892435603302e-14]}, 33582], [0.06256452680387713, {"__complex__": [86346.4296875, 1.0221604819342107e-14]}, 39862], [0.0675654871329909, {"__complex__": [88003.640625, 6.893672085402742e-15]}, 46440], [0.07256121492983382, {"__complex__": [85621.71875, -2.1764755101671583e-15]}, 53488], [0.07755583115888864, {"__complex__": [84170.0859375, 9.51292115149464e-16]}, 61188], [0.08255336296254999, {"__complex__": [82117.15625, 5.03860640344478e-15]}, 69314], [0.0875520369447954, {"__complex__": [81617.3515625, -8.95387686520796e-15]}, 78010], [0.09254861316397076, {"__complex__": [82077.3828125, 9.358789954214564e-15]}, 87074], [0.09754649820798329, {"__complex__": [79671.0703125, -3.6057523408587235e-15]}, 96858], [0.10254309366655445, {"__complex__": [78920.140625, -2.722681318072305e-15]}, 106894], [0.10753832824623875, {"__complex__": [78702.3828125, 7.671275859552976e-15]}, 117610], [0.11254067924628185, {"__complex__": [78127.921875, 4.057539809649907e-15]}, 129110], [0.1175392681302953, {"__complex__": [78139.65625, 0.0]}, 140346], [0.1225360740552344, {"__complex__": [77140.4375, 4.330077319110188e-15]}, 152910], [0.12753233493280505, {"__complex__": [76528.7421875, 0.0]}, 165246], [0.13253024336001826, {"__complex__": [76432.9296875, 1.951748987172883e-15]}, 178940], [0.13752751005401997, {"__complex__": [76634.5703125, -4.240818681194424e-15]}, 192158], [0.1425257240027868, {"__complex__": [75951.453125, 1.5465653770187497e-15]}, 207002], [0.14752328681539978, {"__complex__": [75738.890625, -3.6861289912895785e-15]}, 221074], [0.15252112208665108, {"__complex__": [74247.578125, 1.964053199522936e-15]}, 237092], [0.15752222663986926, {"__complex__": [73877.9609375, 2.306660768391e-16]}, 252346], [0.16252523751660683, {"__complex__": [74774.0859375, 3.888720214031494e-15]}, 269430], [0.16752776134161146, {"__complex__": [74483.0546875, -8.157474677101075e-16]}, 285420], [0.1725269207619312, {"__complex__": [73964.625, 0.0]}, 303126], [0.17752790455898732, {"__complex__": [73770.7109375, 3.628567120353459e-16]}, 320830], [0.182526308076884, {"__complex__": [74250.625, -2.404664915608046e-15]}, 338886], [0.18752434331140266, {"__complex__": [73710.3046875, -4.878254913837424e-16]}, 357962], [0.19252213914283217, {"__complex__": [74078.8125, 1.544084417516242e-16]}, 376972], [0.1975221410240002, {"__complex__": [73581.6640625, 3.6612274534850536e-17]}, 397460], [0.2025203012590972, {"__complex__": [73242.0, 0.0]}, 416950], [0.20751754165976768, {"__complex__": [72849.4140625, -1.3277477029249613e-16]}, 438394], [0.21251876718324295, {"__complex__": [72746.84375, -1.138959464393706e-15]}, 459954], [0.21751886622235458, {"__complex__": [72900.828125, -1.9342912146134983e-15]}, 481480], [0.22251929519635147, {"__complex__": [72683.3359375, 1.8471440180770028e-15]}, 504196], [0.22751858749318682, {"__complex__": [72981.46875, 1.1051219804585543e-15]}, 526708], [0.2325161088296799, {"__complex__": [72666.4375, 9.525098308902605e-16]}, 549988], [0.2375153087682112, {"__complex__": [72778.6171875, -3.5461833724145255e-16]}, 574496], [0.24251568485457914, {"__complex__": [72026.5546875, -8.751803285475936e-16]}, 598584], [0.24751568240449895, {"__complex__": [71881.03125, 0.0]}, 623736], [0.2525153146035012, {"__complex__": [72197.1171875, 1.2556622874378641e-15]}, 648986], [0.25751470064089294, {"__complex__": [72720.7109375, -1.207463148123779e-15]}, 674892], [0.26251701871602484, {"__complex__": [72059.5859375, 1.823091458748533e-15]}, 702416], [0.2675175572663939, {"__complex__": [72338.53125, 7.198513737405408e-16]}, 727746], [0.27251592235462724, {"__complex__": [71734.9921875, -6.15750442187836e-16]}, 756250], [0.27751585401421136, {"__complex__": [72062.4140625, -1.188256993682143e-15]}, 783772], [0.2825157028939589, {"__complex__": [71728.9375, 0.0]}, 812588], [0.2875154796689086, {"__complex__": [71883.6171875, -5.534494219118285e-16]}, 841380], [0.2925145713835379, {"__complex__": [71812.5703125, 0.0]}, 870858], [0.2975134816379142, {"__complex__": [71534.1875, 5.169247259515126e-16]}, 900830], [0.3025129492909067, {"__complex__": [71572.0859375, -7.497154790596817e-16]}, 931676], [0.3075125254546567, {"__complex__": [71382.5546875, 1.2701885848459202e-15]}, 962346], [0.31251216762610357, {"__complex__": [71677.0390625, -2.34151246840137e-16]}, 994360], [0.31751231881013975, {"__complex__": [71711.4921875, -9.076192022681507e-16]}, 1026116], [0.3225142386693056, {"__complex__": [71615.4453125, 1.0984484196253745e-15]}, 1059816], [0.32751573086544716, {"__complex__": [71691.6328125, -9.330936122777054e-17]}, 1091674], [0.332514129992243, {"__complex__": [71667.5625, -1.4486647795795057e-15]}, 1125046], [0.3375134000419718, {"__complex__": [71705.3828125, 4.0149374934743637e-16]}, 1159822], [0.3425131149377402, {"__complex__": [71719.8984375, -7.556840437829499e-16]}, 1193910], [0.3475117658204471, {"__complex__": [72115.875, -6.63015674738014e-16]}, 1229092], [0.3525108551456038, {"__complex__": [71603.8515625, -4.602181994734422e-16]}, 1264784], [0.3575110172207726, {"__complex__": [71624.8359375, -1.7890315227856086e-16]}, 1301434], [0.3625110816870607, {"__complex__": [71886.46875, 2.176049082017775e-16]}, 1337462], [0.3675103351742548, {"__complex__": [71596.6953125, -1.6935773682562718e-15]}, 1374786], [0.37251031849350585, {"__complex__": [71598.375, 1.0712525210296439e-15]}, 1412738], [0.3775107262066139, {"__complex__": [71392.921875, -1.604767975439908e-16]}, 1450868], [0.38251193148946366, {"__complex__": [71632.6171875, 2.9298176137300684e-16]}, 1490050], [0.3875108857685141, {"__complex__": [71685.234375, -1.5623721764848175e-15]}, 1527494], [0.39250974181853776, {"__complex__": [71716.8984375, 9.647043524736438e-16]}, 1568770], [0.397510279728099, {"__complex__": [71668.40625, 2.1711958479278038e-16]}, 1608542], [0.4025096528833251, 